cik,ticker_current,exchange,sic_current,sic_desc,entity_name,former_names,ann_date,ann_source,n_vote_8ks,vote_8k_date,vote_date,has_425,sic_6770_at_close,name_change_near_close,target_name,old_ticker_edgar,new_ticker_edgar,redeemed_shares,remaining_shares,redemption_pct_stated,trust_per_share,redemption_source,mentions_trust,is_spac,redemption_pct
1478454,EBMT,Nasdaq,6022,State Commercial Banks,"Eagle Bancorp Montana, Inc.",,2017-09-06,425,13,2019-05-20,2019-05-16,True,False,False,Western Holding Company of Wolf Point,EBMT,EBMT,,,,,,False,False,
1412707,,,6022,State Commercial Banks,Level One Bancorp Inc,,,,1,2019-05-17,2019-05-15,False,False,False,"Merger, dated as of August 12, 2019",,,,,,,,False,False,
859070,FCBC,Nasdaq,6022,State Commercial Banks,FIRST COMMUNITY BANKSHARES INC /VA/,FIRST COMMUNITY BANCSHARES INC /NV/; FCFT INC,2019-09-11,425,10,2019-05-28,2019-05-21,True,False,False,"Highlands Bankshares, Inc",FCBC,FCBC,,,,,,False,False,
8868,,,2844,"Perfumes, Cosmetics & Other Toilet Preparations",AVON PRODUCTS INC,,2019-05-22,425,16,2019-11-13,2019-11-13,True,False,False,"Mergers, dated as of May 22, 2019",AVP,AVP,,,,,,False,False,
870385,,,6022,State Commercial Banks,CAROLINA FINANCIAL CORP,,2017-10-24,425,6,2019-04-26,2019-04-24,True,False,False,"Carolina Trust BancShares, Inc",CARO,CARO,,,,,,False,False,
1113481,,,2834,Pharmaceutical Preparations,MEDICINES CO /DE,MEDICINES CO/ MA,,,11,2019-06-05,2019-05-30,False,False,False,,MDCO,MDCO,,,,,,False,False,
764897,BRST,OTC,6500,Real Estate,"Broad Street Realty, Inc.",MedAmerica Properties Inc.; Banyan Rail Services Inc.; BHIT INC; BANYAN HOTEL INVESTMENT FUND,,,2,2019-05-17,2019-05-16,False,False,True,"May 28, 2019",,,4700000.0,,0.25,,near8k,False,True,0.25
1359931,TARA,Nasdaq,2836,"Biological Products, (No Diagnostic Substances)","Protara Therapeutics, Inc.","Protara Therapeutics, Inc.; ArTara Therapeutics, Inc.; PROTEON THERAPEUTICS INC",2019-09-23,425,6,2020-01-10,2020-01-06,True,False,True,"ArTara Subsidiary, Inc",PRTO,TARA,,,,,,False,False,
1413507,,,1311,Crude Petroleum & Natural Gas,SRC Energy Inc.,"SYNERGY RESOURCES CORP; SYNERGY RESOURCES Corp; Brishlin Resources, Inc.; Blue Star Energy Inc",2019-08-26,425,10,2020-01-13,2020-01-13,True,False,False,"PDC Energy, Inc",SRCI,SRCI,,,,,,False,False,
1713952,,,7381,"Services-Detective, Guard & Armored Car Services","Vivint Smart Home, Inc.",Mosaic Acquisition Corp.,2019-09-16,425,4,2020-01-24,2020-01-17,True,True,True,Legacy Vivint Smart Home surviving as the surviving company,MOSC,VVNT,31074592.0,,,10.0,super8k,True,True,
707886,,,6036,"Savings Institutions, Not Federally Chartered",UNITED COMMUNITY FINANCIAL CORP,,2019-09-09,425,12,2019-12-10,2019-12-10,True,False,False,UCFC with and into FDEF,UCFC,UCFC,,,,,,False,False,
946647,,,6022,State Commercial Banks,PREMIER FINANCIAL CORP,FIRST DEFIANCE FINANCIAL CORP,2019-09-09,425,13,2019-12-10,2019-12-10,True,False,True,United Community Financial Corp,FDEF,FDEF,,,,,,False,False,
1642380,IMDX,Nasdaq,2835,In Vitro & In Vivo Diagnostic Substances,Insight Molecular Diagnostics Inc.,OncoCyte Corp; Oncocyte Corp,,,4,2019-07-23,2019-07-17,False,False,False,,OCX,OCX,,,,,,False,False,
1674101,VRT,NYSE,3679,"Electronic Components, NEC",Vertiv Holdings Co,GS Acquisition Holdings Corp,2019-12-10,PREM14A,1,2020-02-06,2020-02-06,False,False,True,"Merger, dated as of December 10, 2019",GSAH,VRT,,,,,,False,True,
1643988,,,7363,Services-Help Supply Services,"Loop Media, Inc.","Interlink Plus, Inc.",,,0,,,False,False,True,"Mesa Energy, Inc",,,,,,,,False,False,
1720592,RPAY,Nasdaq,7389,"Services-Business Services, NEC",Repay Holdings Corp,Thunder Bridge Acquisition Ltd,2019-01-22,425,1,2019-07-10,2019-07-10,True,False,True,,RPAY,RPAY,,,,11.5,,False,False,
1610114,,,6798,Real Estate Investment Trusts,New Senior Investment Group Inc.,,,,5,2019-06-13,2019-06-12,False,False,False,,SNR,SNR,,,,,,False,False,
1358633,SNBH,OTC,5734,Retail-Computer & Computer Software Stores,SENTIENT BRANDS HOLDINGS INC.,"Intelligent Buying, Inc.",,,0,,,False,False,True,,,,,,,,,False,False,
1751143,,,8742,Services-Management Consulting Services,"ATLAS TECHNICAL CONSULTANTS, INC.",Boxwood Merger Corp.,2019-08-20,PREM14A,5,2020-02-10,2020-02-10,False,True,True,,BWMC,ATCX,,,3.0,10.26,super8k,False,True,3.0
1720821,,,8700,"Services-Engineering, Accounting, Research, Management",PAE Inc,"Gores Holdings III, Inc.",2019-11-22,PREM14A,1,2020-02-13,2020-02-07,False,False,True,Shay continuing as the surviving corporation,GRSH,PAE,,,,,,True,True,
1451512,,,5900,Retail-Miscellaneous Retail,"Unrivaled Brands, Inc.","Terra Tech Corp.; PRIVATE SECRETARY, INC.",,,4,2019-09-24,2019-09-23,False,False,False,OneQor as the surviving company in the proposed merger,,,,,,,,False,False,
789570,MGM,NYSE,7011,Hotels & Motels,MGM Resorts International,MGM MIRAGE; MGM GRAND INC,1999-01-21,S-4,10,2019-05-03,2019-05-01,False,False,False,,MGM,MGM,,,,,,False,False,
1029730,,,6211,"Security Brokers, Dealers & Flotation Companies",LADENBURG THALMANN FINANCIAL SERVICES INC.,LADENBURG THALMANN FINANCIAL SERVICES INC; THALMANN FINANCIAL SERVICES INC; GBI CAPITAL MANAGEMENT CORP; FROST HANNA CAPITAL GROUP INC,1999-07-02,PREM14A,12,2020-01-31,2020-01-31,False,False,False,,LTS,LTS,,,10.75,25.0,super8k,False,False,10.75
1656936,,,6798,Real Estate Investment Trusts,MGM Growth Properties LLC,,2018-01-16,425,3,2019-05-03,2019-05-01,True,False,False,,MGP,MGP,,,3.0,,near8k,False,True,3.0
1738758,CHR,Nasdaq,7374,Services-Computer Processing & Data Preparation,"Cheer Holding, Inc.",GLORY STAR NEW MEDIA GROUP HOLDINGS Ltd; TKK SYMPHONY ACQUISITION Corp,,,1,2019-12-26,2019-12-23,False,True,True,,TKKS,GSMG,,,,,,False,True,
1108645,,,8711,Services-Engineering Services,Correlate Energy Corp.,"Correlate Infrastructure Partners, Inc.; TRICCAR INC.; FRONTIER OILFIELD SERVICES INC; TBX RESOURCES INC",,,0,,,False,False,False,,,,,,56.0,,super8k,False,False,56.0
1743725,GDYN,Nasdaq,7372,Services-Prepackaged Software,"GRID DYNAMICS HOLDINGS, INC.",ChaSerg Technology Acquisition Corp,2019-11-27,PREM14A,2,2020-03-05,2020-03-04,False,False,True,"Merger, dated as of November 13, 2019",CTAC,GDYN,51715.0,,,10.21,super8k,False,True,
730708,SBCF,Nasdaq,6022,State Commercial Banks,SEACOAST BANKING CORP OF FLORIDA,,2018-06-12,425,12,2019-05-29,2019-05-24,True,False,False,First Bank of the Palm Beaches,SBCF,SBCF,,,,,,False,False,
1561660,,,4911,Electric Services,Pattern Energy Group Inc.,,2019-12-13,PREM14A,7,2020-03-12,2020-03-10,False,False,False,Company Common Stock,,,,,,,,False,False,
18498,GCO,NYSE,5661,Retail-Shoe Stores,GENESCO INC,,2007-07-11,PREM14A,12,2019-07-02,2019-07-02,False,False,False,,GCO,GCO,,,,,,False,False,
1630856,,,6021,National Commercial Banks,Professional Holding Corp.,,2019-08-13,425,1,2020-03-17,2020-03-17,True,False,False,"Marquis Bancorp, Inc",PFHD,PFHD,,,,,,False,False,
1362988,AYR,,7359,"Services-Equipment Rental & Leasing, NEC",Aircastle LTD,,2010-09-14,S-4,12,2020-03-06,2020-03-06,False,False,False,MM Air Merger Sub Limited,AYR,AYR,,,,,,False,False,
1422841,,,4941,Water Supply,AquaVenture Holdings Ltd,AQUAVENTURE HOLDINGS LLC,2020-01-27,PREM14A,4,2020-03-17,2020-03-16,False,False,False,Amberjack Merger Sub Limited,WAAS,WAAS,,,,,,False,False,
1595974,MGNI,Nasdaq,7370,"Services-Computer Programming, Data Processing, Etc.","MAGNITE, INC.","RUBICON PROJECT, INC.",2019-12-19,425,6,2020-04-01,2020-03-30,True,False,True,,RUBI,RUBI,,,,,,False,False,
1740695,,,2860,Industrial Organic Chemicals,"Lux Amber, Corp.",,,,0,,,False,False,False,State,LUX,,,,,,,False,False,
1283699,"TMUS,TMUSI,TMUSL,TMUSZ","Nasdaq,Nasdaq,Nasdaq,Nasdaq",4812,Radiotelephone Communications,"T-Mobile US, Inc.",METROPCS COMMUNICATIONS INC,2018-04-30,425,13,2019-06-14,2019-06-14,True,False,False,"T-Mobile US, Inc",TMUS,,,,10.0,,super8k,False,True,10.0
1375796,,,7311,Services-Advertising Agencies,"Telaria, Inc.",TREMOR VIDEO INC.; TREMOR MEDIA INC,2019-12-19,425,8,2020-04-01,2020-03-30,True,False,False,,,TLRA,,,,,,False,False,
101830,,,4813,Telephone Communications (No Radiotelephone),SPRINT LLC,SPRINT CORP; SPRINT Corp; SPRINT NEXTEL CORP,2018-04-30,425,12,2018-10-31,2018-10-30,True,False,True,"T-Mobile US, Inc",,,,,4.0,,super8k,False,True,4.0
1293818,CFOR,OTC,8071,Services-Medical Laboratories,CapForce Inc.,OPGEN INC,2020-02-20,425,6,2020-03-30,2020-03-30,True,False,False,Curetis N,OPGN,OPGN,,,,,,False,False,
947559,,,6021,National Commercial Banks,FIRST BANCSHARES INC /MS/,,2017-10-24,425,11,2019-05-21,2019-05-16,True,False,False,Southwest Georgia Financial Corporation,FBMS,FBMS,,,,,,False,False,
315849,,,6022,State Commercial Banks,SOUTHWEST GEORGIA FINANCIAL CORP,,2019-12-18,425,11,2020-03-27,2020-03-27,True,False,False,"The First Bancshares, Inc",SGB,SGB,,,,,,False,False,
1118004,,,6022,State Commercial Banks,BANCPLUS CORP,,2020-01-22,S-4,1,2020-03-19,2020-03-17,False,False,False,State Capital Corp,,,,,,,,False,False,
1484769,FUBO,NYSE,7812,Services-Motion Picture & Video Tape Production,FuboTV Inc.,"fuboTV Inc. /FL; FaceBank Group, Inc.; Pulse Evolution Group, Inc.; Recall Studios, Inc.; CAROLCO PICTURES, INC.; Brick Top Productions, Inc.; York Entertainment, Inc.",,,0,,,False,False,True,,,,,,,,,False,False,
101829,RTX,NYSE,3724,Aircraft Engines & Engine Parts,RTX Corp,RAYTHEON TECHNOLOGIES CORP; UNITED TECHNOLOGIES CORP /DE/,2017-10-26,425,12,2019-10-11,2019-10-11,True,False,True,,UTX,RTX,,,,,,False,False,
1609471,,,6798,Real Estate Investment Trusts,"Watermark Lodging Trust, Inc.",Carey Watermark Investors 2 Inc,2019-10-22,425,5,2020-04-10,2020-04-08,True,False,True,Assessments and Taxation,,,,,,,,False,False,
1430259,,,6500,Real Estate,Carey Watermark Investors Inc,,2019-10-22,425,9,2020-04-10,2020-04-08,True,False,False,Assessments and Taxation,,,,,,,,False,False,
1704760,,,7373,Services-Computer Integrated Systems Design,"American Virtual Cloud Technologies, Inc.",PENSARE ACQUISITION Corp,2019-10-08,PREM14A,5,2020-02-28,2020-02-27,False,True,True,,WRLS,AVCT,,,,,,False,True,
1772757,,,7990,Services-Miscellaneous Amusement & Recreation,DraftKings Holdings Inc.,DraftKings Inc.; Diamond Eagle Acquisition Corp. \ DE,2019-12-23,425,1,2020-04-23,2020-04-23,True,False,True,"March 12, 2020, by and among DEAC and DEAC NV",DEAC,DKNG,,,,10.12,,False,True,
794172,,,2835,In Vitro & In Vivo Diagnostic Substances,MERIDIAN BIOSCIENCE INC,MERIDIAN DIAGNOSTICS INC,,,10,2020-01-30,2020-01-29,False,False,False,"Merger dated as of February 19, 2020",VIVO,VIVO,,,,,,False,False,
1560327,RPD,Nasdaq,7372,Services-Prepackaged Software,"Rapid7, Inc.",Rapid7 Inc,,,4,2019-06-14,2019-06-12,False,False,False,,,,,,30.0,,super8k,False,False,30.0
1551986,,,2834,Pharmaceutical Preparations,"9 METERS BIOPHARMA, INC.","INNOVATE BIOPHARMACEUTICALS, INC.; Monster Digital, Inc.; Tandon Digital, Inc.",2017-08-25,PREM14A,4,2020-02-14,2020-02-14,False,False,True,RDD Pharma Ltd,INNT,NMTR,,,,,,False,False,
1694187,,,2836,"Biological Products, (No Diagnostic Substances)","Neon Therapeutics, Inc.",,2020-01-16,425,2,2020-05-05,2020-05-05,True,False,False,BioNTech SE,,,,,,,,False,False,
784011,,,0800,Forestry,POPE RESOURCES LTD PARTNERSHIP,,2020-01-15,425,1,2020-05-06,2020-05-05,True,False,False,Rayonier Inc,POPE,POPE,,,,,,False,False,
1753673,SJ,Nasdaq,7374,Services-Computer Processing & Data Preparation,Scienjoy Holding Corp,Wealthbridge Acquisition Ltd,2019-12-06,PREM14A,1,2020-05-05,2020-05-05,False,False,True,,HHHH,SJ,,,,,,False,True,
52827,RYN,NYSE,6798,Real Estate Investment Trusts,RAYONIER INC,ITT RAYONIER INC,2020-01-15,425,13,2020-05-14,2020-05-14,True,False,False,"January 14, 2020, as amended by Amendment No",RYN,RYN,,,,,,False,False,
1746109,BFC,Nasdaq,6021,National Commercial Banks,Bank First Corp,Bank First National Corp,2019-01-23,425,1,2019-06-12,2019-06-10,True,False,True,"Tomah Bancshares, Inc",,,,,,,,False,False,
886136,SGA,Nasdaq,4832,Radio Broadcasting Stations,SAGA COMMUNICATIONS INC,SAGA COMMUNICATIONS INC /DE/,,,14,2020-05-12,2020-05-11,False,False,False,,,,,,,,,False,False,
1586105,,,2834,Pharmaceutical Preparations,Zyla Life Sciences,Egalet Corp,2020-03-17,425,8,2020-05-20,2020-05-19,True,False,True,,ZCOR,,,,,,,False,False,
1808665,,,2834,Pharmaceutical Preparations,"Assertio Holdings, Inc.","Assertio Therapeutics, Inc; DEPOMED INC; DEPOMED INC",2020-04-08,S-4,0,,,False,False,True,Merger,ASRT,ASRT,,,,,,False,False,
1460702,AIXC,Nasdaq,6199,Finance Services,"AIxCrypto Holdings, Inc.","Qualigen Therapeutics, Inc.; RITTER PHARMACEUTICALS INC",2020-01-21,425,8,2020-05-19,2020-05-18,True,False,True,"Qualigen, Inc",RTTR,QLGN,,,,,,False,False,
1675820,,,6794,Patent Owners & Lessors,TiVo Corp,Titan Technologies Corp,2019-12-19,425,4,2020-05-29,2020-05-29,True,False,False,"December 18, 2019, as amended on January 31, 2020",TIVO,TIVO,,,,,,False,False,
1690666,,,3674,Semiconductors & Related Devices,Xperi Corp,Tessera Holding Corp; Tempe Holdco Corp,2019-12-19,425,5,2020-05-29,2020-05-29,True,False,False,"December 18, 2019, as amended on January 31, 2020",XPER,XPER,,,,,,False,False,
1479681,NUTX,Nasdaq,7389,"Services-Business Services, NEC",Nutex Health Inc.,"Nutex Health, Inc.; Clinigence Holdings, Inc.; iGambit, Inc.",,,2,2019-11-04,2019-11-01,False,False,True,Purchaser equal to twelve,CLNH,CLNH,,,,,,False,False,
1731289,,,3711,Motor Vehicles & Passenger Car Bodies,Nikola Corp,Nikola Corp; VectoIQ Acquisition Corp.,2020-03-03,425,2,2020-06-02,2020-06-02,True,False,True,Legacy Nikola surviving as the surviving company and as,VTIQ,,7000000.0,,5.0,10.0,super8k,False,True,5.0
764038,SSB,NYSE,6022,State Commercial Banks,SouthState Bank Corp,"SouthState Corp; SOUTH STATE Corp; FIRST FINANCIAL HOLDINGS, INC.; SCBT FINANCIAL CORP; FIRST NATIONAL CORP /SC/",2020-01-27,425,15,2020-05-21,2020-05-21,True,False,False,South State Corporation,SSB,SSB,,,,,,False,False,
1102266,,,6021,National Commercial Banks,CenterState Bank Corp,"CenterState Banks, Inc.; CENTERSTATE BANKS OF FLORIDA INC",2017-12-13,425,15,2020-05-21,2020-05-21,True,False,False,CenterState Bank Corporation,CSFL,CSFL,,,,,,False,False,
1322505,,,2834,Pharmaceutical Preparations,"ALBIREO PHARMA, INC.",Biodel Inc,2016-07-13,PREM14A,14,2020-06-15,2020-06-12,False,False,False,,ALBO,ALBO,,,,,,False,False,
1419041,FBRX,Nasdaq,2834,Pharmaceutical Preparations,"Forte Biosciences, Inc.",Tocagen Inc,2020-02-20,425,3,2020-06-12,2020-06-12,True,False,True,"Forte Biosciences, Inc",TOCA,FBRX,,,,,,False,False,
1806201,LPRO,Nasdaq,6141,Personal Credit Institutions,Open Lending Corp,Nebula Parent Corp.,2020-03-18,S-4,0,,,False,False,True,"January 5, 2020",,LPRO,,,,,,True,True,
887730,,,3670,Electronic Components & Accessories,KEMET CORP,KEMET CORPORATION,2010-10-26,S-4,11,2020-02-20,2020-02-20,False,False,False,"Merger, dated as of November 11, 2019",KEM,KEM,,,,,,False,False,
1521036,LNTH,Nasdaq,2835,In Vitro & In Vivo Diagnostic Substances,"Lantheus Holdings, Inc.","Lantheus MI Holdings, Inc.",2019-10-02,425,6,2020-06-16,2020-06-16,True,False,False,Progenics surviving such merger as,LNTH,LNTH,,,,,,False,False,
835887,,,2834,Pharmaceutical Preparations,PROGENICS PHARMACEUTICALS INC,,2019-10-02,425,15,2020-06-17,2020-06-16,True,False,False,,PGNX,PGNX,,,,,,False,False,
1647088,WSC,Nasdaq,7350,Services-Miscellaneous Equipment Rental & Leasing,WillScot Holdings Corp,WillScot Mobile Mini Holdings Corp.; WillScot Corp; Double Eagle Acquisition Corp.; Double Eagle Acquisitions Corp.,2020-03-02,425,7,2020-06-24,2020-06-24,True,False,True,,WSC,WSC,,,5.875,,super8k,False,True,5.875
933141,,,6022,State Commercial Banks,IBERIABANK CORP,ISB FINANCIAL CORP/LA,2019-11-04,425,13,2020-04-27,2020-04-24,True,False,False,IBKC,IBKC,IBKC,,,,,,False,False,
891103,MTCH,Nasdaq,7370,"Services-Computer Programming, Data Processing, Etc.","Match Group, Inc.",IAC/INTERACTIVECORP; INTERACTIVECORP; USA INTERACTIVE; USA NETWORKS INC; HSN INC; SILVER KING COMMUNICATIONS INC,2019-12-19,425,11,2020-06-29,2020-06-25,True,False,True,New Match,IAC,MTCH,,,,,,False,False,
36966,"FHN,FHN-PE,FHN-PF,FHN-PH","NYSE,NYSE,NYSE,NYSE",6021,National Commercial Banks,FIRST HORIZON CORP,FIRST HORIZON NATIONAL CORP; FIRST TENNESSEE NATIONAL CORP,2019-11-04,425,13,2020-04-29,2020-04-28,True,False,True,IBERIABANK Corporation,FHN,FHN,,,,,,False,False,
1347652,,,6798,Real Estate Investment Trusts,"CorEnergy Infrastructure Trust, Inc.",TORTOISE CAPITAL RESOURCES CORP,,,10,2020-05-20,2020-05-20,False,False,False,,CORR,CORR,,,,,,False,False,
1708176,,,7990,Services-Miscellaneous Amusement & Recreation,Hall of Fame Resort & Entertainment Co,Gordon Pointe Acquisition Corp.; Gordon Pointe Acqusition Corp.,2019-11-13,PREM14A,5,2020-07-02,2020-06-30,False,True,True,"HOF Village, LLC",GPAQ,HOFV,,,,,,True,True,
1533615,"XRN,XRN-PA,XRN-PB","NYSE,NYSE,NYSE",6798,Real Estate Investment Trusts,Chiron Real Estate Inc.,"Global Medical REIT Inc.; SCOOP MEDIA, INC.",,,4,2019-06-03,2019-05-29,False,False,False,,GMRE,GMRE,,,,,,False,False,
1290677,TPB,NYSE,2100,Tobacco Products,"Turning Point Brands, Inc.","North Atlantic Holding Company, Inc.",2020-04-08,425,4,2020-04-30,2020-04-28,True,False,False,Standard Diversified Inc,TPB,TPB,,,,,,False,False,
1590895,CZR,Nasdaq,7011,Hotels & Motels,"Caesars Entertainment, Inc.","Eldorado Resorts, Inc.; Eclair Holdings Co",2019-06-24,425,8,2020-07-02,2020-06-29,True,False,True,,ERI,CZR,,,7.0,,super8k,True,True,7.0
1705696,VICI,NYSE,6798,Real Estate Investment Trusts,VICI PROPERTIES INC.,,,,3,2020-05-04,2020-04-30,False,False,False,ERI with and into Caesars Entertainment Corporation,VICI,VICI,,,,,,False,False,
1704235,,,1389,"Oil & Gas Field Services, NEC",Quintana Energy Services Inc.,,2020-05-04,425,2,2020-05-12,2020-05-12,True,False,False,"Merger, dated as of May 3, 2020",QES,,,,,,,False,False,
1738827,KLXE,Nasdaq,1389,"Oil & Gas Field Services, NEC","KLX Energy Services Holdings, Inc.",,2020-05-04,425,2,2020-07-29,2020-07-24,True,False,False,QES surviving the merger as,KLXE,KLXE,,,,,,False,False,
704051,,,6282,Investment Advice,"LEGG MASON, INC.",LEGG MASON INC,2009-07-15,S-4,11,2020-05-15,2020-05-15,False,False,False,,LM,LM,,,,,,False,False,
817720,SYNA,Nasdaq,3674,Semiconductors & Related Devices,SYNAPTICS Inc,,2004-05-07,S-4,10,2019-10-31,2019-10-29,False,False,False,"Falcon Merger Sub, Inc",SYNA,SYNA,,,,,,False,False,
1739104,ELAN,NYSE,2834,Pharmaceutical Preparations,Elanco Animal Health Inc,,2019-02-07,425,2,2020-05-22,2020-05-21,True,False,False,,ELAN,ELAN,,,,,,False,False,
1649749,FBK,NYSE,6022,State Commercial Banks,FB Financial Corp,"First South Bancorp, Inc.",2019-09-18,425,6,2020-06-16,2020-06-15,True,False,False,"Merger, dated as of January 21, 2020",FBK,FBK,,,,,,False,False,
1498382,HURA,Nasdaq,2834,Pharmaceutical Preparations,"TuHURA Biosciences, Inc./NV","Kintara Therapeutics, Inc.; DelMar Pharmaceuticals, Inc.; Berry Only Inc.",2020-06-10,425,5,2020-08-17,2020-08-14,True,False,True,DelMar,DMPI,KTRA,,,,,,False,False,
1792849,HPK,Nasdaq,1381,Drilling Oil & Gas Wells,"HighPeak Energy, Inc.",,2019-11-27,425,0,,,True,False,False,"May 4, 2020, as amended, by and among",,HPK,4020000.0,,,,super8k,False,True,
850261,,,2836,"Biological Products, (No Diagnostic Substances)","Sorrento Therapeutics, Inc.",QUIKBYTE SOFTWARE INC,,,8,2019-09-23,2019-09-20,False,False,False,"SP Merger Sub, Inc",SRNE,SRNE,,,,,,False,False,
1739566,UTZ,NYSE,2090,Miscellaneous Food Preparations & Kindred Products,"Utz Brands, Inc.",Collier Creek Holdings,2020-06-05,425,1,2020-08-27,2020-08-27,True,False,True,,CCH,UTZ,,,,,,True,True,
1658880,,,3564,Industrial & Commercial Fans & Blowers & Air Purifing Equip,BARE METAL STANDARD INC.,,2020-08-11,PREM14A,0,,,False,False,False,,,,,,,,,False,False,
1559172,,,8200,Services-Educational Services,"DIEGO PELLICER WORLDWIDE, INC",Type 1 Media Inc.,,,0,,,False,False,False,,,,,,,,,False,False,
892222,,,2082,Malt Beverages,"CRAFT BREW ALLIANCE, INC.","CRAFT BREWERS ALLIANCE, INC.; REDHOOK ALE BREWERY INC",2008-03-26,S-4,12,2020-06-04,2020-05-29,False,False,False,,BREW,BREW,,,,,,False,False,
1452936,,,6798,Real Estate Investment Trusts,"Pacific Oak Strategic Opportunity REIT, Inc.","KBS Strategic Opportunity REIT, Inc.",2020-01-29,425,9,2020-02-20,2020-02-16,True,False,True,,,,,,,,,False,False,
1580673,,,6798,Real Estate Investment Trusts,"Pacific Oak Strategic Opportunity REIT II, Inc.","KBS Strategic Opportunity REIT II, Inc.",2020-01-29,425,5,2020-10-05,2020-10-01,True,False,True,,,,,,,,,False,False,
72207,,,1311,Crude Petroleum & Natural Gas,NOBLE ENERGY INC,NOBLE AFFILIATES INC,2020-07-20,425,12,2020-10-02,2020-10-02,True,False,False,,NBL,NBL,,,,,,False,False,
1745317,,,3569,"General Industrial Machinery & Equipment, NEC","Velodyne Lidar, Inc.",Graf Industrial Corp.,2020-07-15,PREM14A,3,2020-09-29,2020-09-29,False,False,True,,GRAF,VLDR,,,,,,False,False,
1759631,HYLN,NYSE,3713,Truck & Bus Bodies,Hyliion Holdings Corp.,Tortoise Acquisition Corp.,2020-07-10,PREM14A,1,2020-10-01,2020-09-28,False,False,True,"Reorganization, dated June 18, 2020",,,,,,,,True,True,
1793229,CTEV,NYSE,7389,"Services-Business Services, NEC",Claritev Corp,MultiPlan Corp; Churchill Capital Corp III; Butler Acquisition Corp,2020-07-31,PREM14A,1,2020-10-09,2020-10-08,False,False,True,Churchill,CCXX,MPLN,8693855.0,,,10.03,super8k,True,True,
1572694,GSBD,NYSE,,,"Goldman Sachs BDC, Inc.","Goldman Sachs Liberty Harbor Capital, LLC",2019-12-09,425,7,2020-10-02,2020-10-02,True,False,False,Goldman Sachs Middle Market Lending Corp,GSBD,GSBD,,,,,,False,False,
1683074,,,,,Goldman Sachs Middle Market Lending Corp.,Goldman Sachs Middle Market Lending LLC,2019-12-09,425,4,2020-10-02,2020-10-02,True,False,False,Merger,,,,,,,,False,False,
1776909,CURI,Nasdaq,7812,Services-Motion Picture & Video Tape Production,CuriosityStream Inc.,Software Acquisition Group Inc.,2020-08-11,425,1,2020-10-15,2020-10-14,True,False,True,Merger,SAQN,CURI,,,,,,False,False,
1741231,,,2090,Miscellaneous Food Preparations & Kindred Products,"Tattooed Chef, Inc.",Forum Merger II Corp,2020-08-11,PREM14A,4,2020-10-15,2020-10-15,False,False,True,Ittella Parent continuing as the surviving corporation,FMCI,TTCF,19995411.0,,,10.37,vote8k,True,True,
1819881,,,7389,"Services-Business Services, NEC",Paya Holdings Inc.,FINTECH ACQUISITION CORP III PARENT CORP,2020-08-03,425,0,,,True,False,True,FinTech common stock converting into one share of Parent,,PAYA,,,,,,True,True,
1759546,NRDE,OTC,3711,Motor Vehicles & Passenger Car Bodies,NU RIDE INC.,Lordstown Motors Corp.; DiamondPeak Holdings Corp.,2020-08-24,PREM14A,1,2020-10-22,2020-10-22,False,False,True,,DPHC,RIDE,,,,,,True,True,
1639225,,,7370,"Services-Computer Programming, Data Processing, Etc.","Livongo Health, Inc.",,2020-08-05,425,2,2020-10-30,2020-10-29,True,False,False,"Livongo Health, Inc",LVGO,LVGO,,,,,,False,False,
1477449,TDOC,NYSE,8011,Services-Offices & Clinics of  Doctors of  Medicine,"Teladoc Health, Inc.","Teladoc, Inc.",2020-08-05,425,6,2020-10-30,2020-10-29,True,False,False,"Livongo Health, Inc",TDOC,TDOC,,,,,,False,False,
1805387,,,2834,Pharmaceutical Preparations,"Cerevel Therapeutics Holdings, Inc.",ARYA Sciences Acquisition Corp II,2020-07-30,425,1,2020-10-26,2020-10-26,True,False,True,"July 29, 2020",ARYB,CERE,245050.0,,,10.005,super8k,False,True,
1776661,ADV,Nasdaq,7389,"Services-Business Services, NEC",Advantage Solutions Inc.,Advantage Solutions Inc.; Conyers Park II Acquisition Corp.,2020-09-10,PREM14A,1,2020-10-28,2020-10-27,False,False,True,,CPAA,ADV,32114818.0,,40.0,10.06,super8k,True,True,40.0
1720990,,,3711,Motor Vehicles & Passenger Car Bodies,Fisker Inc./DE,Spartan Energy Acquisition Corp.,2020-08-07,PREM14A,2,2020-10-28,2020-10-28,False,False,True,,,FSR,2004297.0,,,10.4,super8k,True,True,
1791091,,,8090,"Services-Misc Health & Allied Services, NEC","SOC Telemed, Inc.",Healthcare Merger Corp.,2020-07-29,425,1,2020-10-30,2020-10-30,True,False,True,,HCCO,TLMD,18606033.0,,,10.06,super8k,True,True,
1228627,IRD,Nasdaq,2834,Pharmaceutical Preparations,"Opus Genetics, Inc.","Ocuphire Pharma, Inc.; REXAHN PHARMACEUTICALS, INC.; CORPORATE ROAD SHOW DOT COM INC; FERRARO FRANK",2020-06-18,425,14,2020-11-03,2020-11-02,True,False,True,,REXN,OCUP,,,,,,False,False,
1753886,,,7200,Services-Personal Services,Stonemor Inc.,Stonemor GP LLC,2018-09-28,425,1,2020-11-09,2020-11-03,True,False,True,,STON,STON,,,,,,False,False,
1025835,"EFSC,EFSCP","Nasdaq,Nasdaq",6022,State Commercial Banks,ENTERPRISE FINANCIAL SERVICES CORP,ENTERBANK HOLDINGS INC,2018-11-02,425,12,2020-05-11,2020-05-06,True,False,False,Seacoast Commerce Banc Holdings,EFSC,EFSC,,,,,,False,False,
1690080,FRMM,Nasdaq,6199,Finance Services,FORUM MARKETS Inc,ETHZilla Corp; 180 Life Sciences Corp.; KBL MERGER CORP. IV,2019-07-26,425,7,2020-11-06,2020-11-05,True,True,True,,KBLM,ATNF,,,,,,True,True,
1801368,MP,NYSE,1000,Metal Mining,MP Materials Corp. / DE,Fortress Value Acquisition Corp.,2020-07-15,425,2,2020-11-16,2020-11-16,True,False,True,"MPMO HoldCo and SNR HoldCo, respectively",FVAC,MP,,,,11.5,,False,True,
1402479,,,5912,Retail-Drug Stores and Proprietary Stores,"MedAvail Holdings, Inc.","MYOS RENS TECHNOLOGY INC.; MYOS Corp; Atlas Therapeutics Corp; Rough Tide Marine Operations, Inc.; Marvin's Place, Inc.",2020-06-30,425,10,2020-11-18,2020-11-18,True,False,True,"Merger and Reorganization, dated as of June 30, 2020",MYOS,MDVL,,,,,,False,False,
1463913,,,6311,Life Insurance,US Alliance Corp,U. S. Alliance Corp,2017-06-01,S-4,4,2020-06-04,2020-06-01,False,False,False,,,,,,,,,False,False,
1819796,GCMG,Nasdaq,6282,Investment Advice,GCM Grosvenor Inc.,,2020-08-03,425,0,,,True,False,False,,,GCMG,,,,,,True,True,
1566373,,,2834,Pharmaceutical Preparations,"F-star Therapeutics, Inc.","Spring Bank Pharmaceuticals, Inc.",2020-07-30,425,6,2020-11-20,2020-11-19,True,False,True,F-star Therapeutics Limited,SBPH,,,,,,,False,False,
1805077,"EOSE,EOSER","Nasdaq,Nasdaq",3690,"Miscellaneous Electrical Machinery, Equipment & Supplies","Eos Energy Enterprises, Inc.",B. Riley Principal Merger Corp. II,2020-09-11,PREM14A,1,2020-11-12,2020-11-12,False,False,True,Merger Sub I with and into Eos HoldCo,BMRG,EOSE,6442195.0,,,11.5,super8k,True,True,
1698113,,,7311,Services-Advertising Agencies,"ID Auto, Inc.","PARTS iD, Inc.; Legacy Acquisition Corp.",2019-12-02,PREM14A,10,2020-11-20,2020-11-19,False,False,True,,LGC,ID,,,,,,False,True,
1811414,QS,Nasdaq,3690,"Miscellaneous Electrical Machinery, Equipment & Supplies",QuantumScape Corp,Kensington Capital Acquisition Corp.,2020-09-03,425,1,2020-11-27,2020-11-25,True,False,True,Legacy QuantumScape surviving as the surviving company and as,KCAC,QS,,,,,,True,True,
1815903,PTPI,OTC,2834,Pharmaceutical Preparations,"Petros Pharmaceuticals, Inc.",,2020-07-24,S-4,0,,,False,False,False,,,PTPI,,,,,,False,False,
1513856,,,2834,Pharmaceutical Preparations,"Neurotrope, Inc.","BlueFlash Communications, Inc.",2020-05-18,425,9,2020-11-25,2020-11-25,True,False,False,,NTRP,,,,,,,False,False,
1758057,LAZR,,3714,Motor Vehicle Parts & Accessories,"Luminar Technologies, Inc./DE","Gores Metropoulos, Inc.",2020-08-24,425,1,2020-12-03,2020-12-01,True,False,True,"Merger, dated August 24, 2020",GMHI,LAZR,18651.0,,,10.16,super8k,True,True,
1754820,,,3559,"Special Industry Machinery, NEC","Desktop Metal, Inc.",Trine Acquisition Corp.,2020-08-26,425,1,2020-12-08,2020-12-08,True,False,True,,TRNE,DM,26049.0,,,10.17,super8k,True,True,
1742927,RVPH,OTC,2834,Pharmaceutical Preparations,"REVIVA PHARMACEUTICALS HOLDINGS, INC.",Tenzing Acquisition Corp.,2020-07-21,425,4,2020-12-09,2020-12-08,True,False,True,Merger Sub with and into Reviva,TZAC,RVPH,2221128.0,,,,super8k,True,True,
1801169,"OPEN,OPENL,OPENW,OPENZ","Nasdaq,Nasdaq,Nasdaq,Nasdaq",6531,Real Estate Agents & Managers (For Others),Opendoor Technologies Inc.,Social Capital Hedosophia Holdings Corp. II,2020-09-15,425,1,2020-12-17,2020-12-17,True,False,True,,IPOB,OPEN,,,,,,False,False,
1801661,"FIRY,SKLZ",NYSE,7374,Services-Computer Processing & Data Preparation,Firy Inc.,Skillz Inc.; Flying Eagle Acquisition Corp.,2020-09-02,425,1,2020-12-16,2020-12-16,True,False,True,"September 1, 2020",FEAC,SKLZ,,,,10.0,,False,True,
1614976,,,6798,Real Estate Investment Trusts,"Cole Office & Industrial REIT (CCIT III), Inc.",,2020-08-31,425,4,2020-12-22,2020-12-17,True,False,False,CMFT,,,,,,,,False,False,
1580988,,,6798,Real Estate Investment Trusts,"Cole Credit Property Trust V, Inc.",,2020-08-31,425,6,2020-12-22,2020-12-17,True,False,False,CMFT,,,,,,,,False,False,
1750153,,,3714,Motor Vehicle Parts & Accessories,Canoo Inc.,Hennessy Capital Acquisition Corp IV,2020-08-18,425,2,2020-12-21,2020-12-21,True,False,True,"Reorganization, dated August 17, 2020",HCAC,,,,,10.28,,False,False,
1379785,BBDC,NYSE,,,"Barings BDC, Inc.",Triangle Capital CORP,2020-08-11,425,14,2020-12-23,2020-12-23,True,False,False,,,BBDC,,,,,,False,False,
1772720,SPRU,NYSE,4911,Electric Services,SPRUCE POWER HOLDING CORP,XL Fleet Corp.; Pivotal Investment Corp II,2020-09-18,425,1,2020-12-23,2020-12-21,True,False,True,,PIC,XL,100000000.0,,,,super8k,False,True,
1723580,,,5812,Retail-Eating  Places,"BurgerFi International, Inc.",Opes Acquisition Corp.,2020-09-25,PREM14A,9,2020-12-15,2020-12-15,False,False,True,"BurgerFi International, LLC",OPES,BFI,,,,,,False,False,
1819615,,,2834,Pharmaceutical Preparations,Clever Leaves Holdings Inc.,,2020-08-11,425,0,,,True,False,False,"November 9, 2020",,CLVR,,,,10.21,,True,True,
1710366,CNR,NYSE,1220,Silver Ores,"Core Natural Resources, Inc.",CONSOL Energy Inc.; CONSOL Mining Corp,2020-10-23,425,4,2020-12-30,2020-12-29,True,False,False,,,,,,,,,False,False,
1445283,,,2834,Pharmaceutical Preparations,"KINETA, INC./DE","YUMANITY THERAPEUTICS, INC.; PROTEOSTASIS THERAPEUTICS, INC.; PROTEOSTASIS THERAPEUTICS INC",2020-08-24,425,5,2020-07-01,2020-06-29,True,False,True,Yumanity surviving such merger as,PTI,YMTX,,,,,,False,False,
1796129,,,2834,Pharmaceutical Preparations,"Vincerx Pharma, Inc.","Vincera Pharma, Inc.; LifeSci Acquisition Corp.",2020-10-08,PREM14A,1,2020-12-22,2020-12-22,False,False,True,Legacy Vincera Pharma surviving the Merger,LSAC,,,,,,,False,False,
1637558,,,1220,Silver Ores,CONSOL Coal Resources LP,CNX Coal Resources LP,2020-10-23,425,1,2020-12-30,2020-12-29,True,False,False,,,,,,,,,False,False,
1823794,ARKO,Nasdaq,5412,Retail-Convenience Stores,ARKO Corp.,,2020-09-10,S-4,0,,,False,False,False,"September 8, 2020",,ARKO,,,15.0,,super8k,False,False,15.0
839470,WWR,NYSE,1000,Metal Mining,"WESTWATER RESOURCES, INC.",URANIUM RESOURCES INC /DE/,2012-05-14,S-4,18,2020-04-28,2020-04-28,False,False,False,,WWR,WWR,,,,,,False,False,
1784535,PRCH,Nasdaq,7372,Services-Prepackaged Software,"Porch Group, Inc.",PropTech Acquisition Corp,2020-07-31,425,1,2020-12-21,2020-12-21,True,False,True,"Merger, dated July 30, 2020",PTAC,PRCH,,,,10.04,,False,True,
1316835,BLDR,NYSE,5211,Retail-Lumber & Other Building Materials Dealers,"Builders FirstSource, Inc.",,2020-08-27,425,13,2020-12-22,2020-12-22,True,False,False,"BMC Stock Holdings, Inc",BLDR,BLDR,,,5.5,,super8k,False,True,5.5
1578735,,,6331,"Fire, Marine & Casualty Insurance",National General Holdings Corp.,,2016-03-03,S-4,8,2020-09-30,2020-09-30,False,False,False,Bluebird Acquisition Corp,NGHC,NGHC,,,7.5,,super8k,False,False,7.5
1779020,,,2821,"Plastic Materials, Synth Resins & Nonvulcan Elastomers","Danimer Scientific, Inc.",Live Oak Acquisition Corp,2020-10-05,425,1,2020-12-28,2020-12-28,True,False,True,"Merger, dated as of October 3, 2020",LOAK,,,,,,,False,False,
1793659,RSI,NYSE,7990,Services-Miscellaneous Amusement & Recreation,"Rush Street Interactive, Inc.","dMY Technology Group, Inc.",2020-10-09,PREM14A,1,2020-12-29,2020-12-29,False,False,True,,DMYT,RSI,,,,10.0,,True,True,
1768012,,,7372,Services-Prepackaged Software,"Golden Nugget Online Gaming, Inc.","Landcadia Holdings II, Inc.",2020-08-12,PREM14A,1,2020-12-29,2020-12-29,False,False,True,,LCA,GNOG,,,,,,False,True,
1822791,CLNN,Nasdaq,2834,Pharmaceutical Preparations,Clene Inc.,Chelsea Worldwide Inc.,2020-09-10,S-4,1,2021-01-05,2020-12-30,False,False,True,"September 1, 2020",,CLNN,1229027.0,,,,super8k,False,True,
1757932,,,3714,Motor Vehicle Parts & Accessories,"Romeo Power, Inc.",RMG Acquisition Corp.,2020-10-05,425,1,2020-12-28,2020-12-28,True,False,True,"Merger, dated as of October 5, 2020",RMG,RMO,,,,,,False,True,
1518832,,,1311,Crude Petroleum & Natural Gas,"WPX ENERGY, INC.",,2020-09-28,425,11,2020-12-31,2020-12-30,True,False,False,,WPX,WPX,,,,,,False,False,
1090012,DVN,NYSE,1311,Crude Petroleum & Natural Gas,DEVON ENERGY CORP/DE,DEVON ENERGY CORP; DEVON DELAWARE CORP,2020-09-28,425,12,2020-12-31,2020-12-30,True,False,False,,DVN,DVN,,,,,,False,False,
1725872,,,6022,State Commercial Banks,"BM Technologies, Inc.",Megalith Financial Acquisition Corp,2020-11-03,425,3,2020-12-22,2020-12-21,True,False,True,Merger Sub continuing as the surviving corporation,MFAC,BMTX,,,,10.42,,True,True,
1488813,"CUBI,CUBB","NYSE,NYSE",6022,State Commercial Banks,"Customers Bancorp, Inc.","Customers 1st Bancorp, Inc.",,,9,2020-05-28,2020-05-27,False,False,False,BankMobile with and into Merger Sub,CUBI,CUBI,,,,,,True,False,
832428,SSP,Nasdaq,4833,Television Broadcasting Stations,E.W. SCRIPPS Co,SCRIPPS E W CO /DE,1994-07-15,S-4,8,2018-06-05,2018-06-05,False,False,False,ION Media,SSP,SSP,,,5.0,,super8k,False,False,5.0
1555039,,,6500,Real Estate,Front Yard Residential Corp,Altisource Residential Corp,2020-03-11,PREM14A,12,2021-01-08,2021-01-06,False,False,False,Midway AcquisitionCo REIT,RESI,RESI,,,,,,False,False,
1801170,CLOV,Nasdaq,6324,Hospital & Medical Service Plans,"CLOVER HEALTH INVESTMENTS, CORP. /DE",Social Capital Hedosophia Holdings Corp. III,2020-10-06,425,1,2021-01-06,2021-01-06,True,False,True,,IPOC,CLOV,24895.0,,,,super8k,True,True,
1721386,,,1531,Operative Builders,Landsea Homes Corp,LF Capital Acquisition Corp.,2020-09-25,PREM14A,5,2020-12-23,2020-12-23,False,False,True,"Merger dated August 31, 2020",LFAC,LSEA,1826891.0,,,,vote8k,True,True,
1774155,,,7371,Services-Computer Programming Services,BTRS Holdings Inc.,South Mountain Merger Corp.,2020-10-19,425,1,2021-01-12,2021-01-12,True,False,True,Legacy Billtrust surviving as,SMMC,,,,,,,False,False,
1783398,UWMC,NYSE,6162,Mortgage Bankers & Loan Correspondents,UWM Holdings Corp,"Gores Holdings IV, Inc.",2020-10-02,PREM14A,1,2021-01-21,2021-01-21,False,False,True,,GHIV,UWMC,20795.0,,,10.01,super8k,True,True,
1773751,HIMS,NYSE,8011,Services-Offices & Clinics of  Doctors of  Medicine,"Hims & Hers Health, Inc.",Oaktree Acquisition Corp.,2020-10-01,425,1,2021-01-19,2021-01-19,True,False,True,New Hims Class A Common Stock,OAC,HIMS,,,,,,False,True,
1759008,,,5500,Retail-Auto Dealers & Gasoline Stations,"CarLotz, Inc.",Acamar Partners Acquisition Corp.,2020-10-22,425,1,2021-01-20,2021-01-20,True,False,True,Merger Sub with and into CarLotz,ACAM,LOTZ,,,,10.174,,True,True,
846617,"DCOM,DCBG,DCOM-P","NYSE,NYSE,NYSE",6021,National Commercial Banks,"Dime Commercial Bancshares, Inc. /NY/","Dime Community Bancshares, Inc. /NY/; BRIDGE BANCORP, INC.; BRIDGE BANCORP INC",2020-07-02,425,14,2020-12-03,2020-12-03,True,False,True,"Dime Community Bancshares, Inc",BDGE,DCOM,,,,,,False,False,
1725255,AHCO,Nasdaq,8082,Services-Home Health Care Services,AdaptHealth Corp.,DFB Healthcare Acquisitions Corp.,2019-08-19,PREM14A,2,2020-08-28,2020-08-27,False,False,False,,AHCO,AHCO,,,40.0,,near8k,False,False,40.0
1807707,,,0100,Agricultural Production-Crops,"AppHarvest, Inc.",Novus Capital Corp,2020-09-29,425,1,2021-02-01,2021-01-29,True,False,True,Legacy AppHarvest surviving as,NOVS,APPH,31510.0,,,10.0,super8k,False,True,
1606698,,,3669,"Communications Equipment, NEC","ALPINE 4 HOLDINGS, INC.",Alpine 4 Technologies Ltd.; Alpine 4 Automotive Technologies Ltd.; ALPINE 4 Inc.,2014-11-04,S-4,8,2021-02-12,2021-02-05,False,False,True,,,,,,,,,False,False,
1744494,ADNH,OTC,3690,"Miscellaneous Electrical Machinery, Equipment & Supplies","ADVENT TECHNOLOGIES HOLDINGS, INC.",AMCI Acquisition Corp.,2020-10-13,425,4,2021-02-03,2021-02-02,True,False,True,"Merger dated as of October 12, 2020",AMCI,ADN,,,,10.3,,False,False,
1237746,,,7372,Services-Prepackaged Software,"Endurance International Group Holdings, Inc.",ENDURANCE INTERNATIONAL GROUP INC; BIZLAND INC,2016-11-17,S-4,8,2021-01-14,2021-01-14,False,False,False,"Merger, dated as of November 1, 2020",EIGI,EIGI,,,2.719,,near8k,False,False,2.719
1800347,,,7374,Services-Computer Processing & Data Preparation,"E2open Parent Holdings, Inc.",CC Neuberger Principal Holdings I,2020-10-14,425,1,2021-02-02,2021-02-02,True,False,True,"October 14, 2020",PCPL,ETWO,,,,,,False,False,
1816736,IRON,Nasdaq,2834,Pharmaceutical Preparations,"Disc Medicine, Inc.","Gemini Therapeutics, Inc. /DE; FS Development Corp.",2020-10-15,425,1,2021-02-03,2021-02-03,True,False,True,"Merger, dated as of October 15, 2020",FSDC,GMTX,,,,,,False,True,
1819035,,,6331,"Fire, Marine & Casualty Insurance","Metromile, LLC","Metromile, Inc.; INSU Acquisition Corp. II",2020-11-24,425,1,2021-02-09,2021-02-09,True,False,True,Legacy Metromile surviving as the surviving company and as,INAQ,,,,,,,False,False,
1811063,NUVB,NYSE,2834,Pharmaceutical Preparations,Nuvation Bio Inc.,Panacea Acquisition Corp,2020-10-21,425,1,2021-02-09,2021-02-09,True,False,True,Legacy Nuvation Bio surviving as,PANA,NUVB,,,,10.0,,False,True,
1803914,PLBY,Nasdaq,5900,Retail-Miscellaneous Retail,"Playboy, Inc.","PLBY Group, Inc.; Mountain Crest Acquisition Corp.",2020-11-09,PREM14A,1,2021-02-09,2021-02-09,False,False,True,State of the State of Delaware,MCAC,PLBY,,,,,,False,False,
1804176,BFLY,NYSE,3844,X-Ray Apparatus & Tubes & Related Irradiation Apparatus,"Butterfly Network, Inc.",Longview Acquisition Corp.,2020-11-20,425,1,2021-02-16,2021-02-12,True,False,True,"November 19, 2020",LGVW,BFLY,21189.0,,,10.0,vote8k,True,True,
1681459,FTI,NYSE,3533,Oil & Gas Field Machinery & Equipment,TechnipFMC plc,TechnipFMC Ltd,2016-08-10,S-4,3,2020-04-24,2020-04-24,False,False,False,,FTI,FTI,,,40.0,,near8k,False,False,40.0
1817760,SMTK,Nasdaq,3674,Semiconductors & Related Devices,"SmartKem, Inc.",Parasol Investments Corp,,,0,,,False,True,True,,,,,,,,,False,True,
1425203,,,3728,"Aircraft Parts & Auxiliary Equipment, NEC",Astro Aerospace Ltd.,"CPSM, Inc.; LUX ENERGY CORP; Lux Energy Corp.; Onyx China, Inc.",,,0,,,False,False,False,,,,,,,,,False,False,
1576018,SPNT,NYSE,6331,"Fire, Marine & Casualty Insurance",SiriusPoint Ltd,Third Point Reinsurance Ltd.,2020-08-07,425,9,2020-11-24,2020-11-23,True,False,True,,,,,,,,,False,False,
1600626,PKST,NYSE,6798,Real Estate Investment Trusts,Peakstone Realty Trust,"Griffin Realty Trust; Griffin Realty Trust, Inc.; Griffin Capital Essential Asset REIT, Inc.; Griffin Capital Essential Asset REIT II, Inc.",2019-03-29,425,7,2020-06-17,2020-06-15,True,False,True,Cole Office & Industrial REIT,,,,,,,,False,False,
1777393,CHPT,NYSE,3690,"Miscellaneous Electrical Machinery, Equipment & Supplies","ChargePoint Holdings, Inc.",Switchback Energy Acquisition Corp,2020-09-24,425,1,2021-02-25,2021-02-25,True,False,True,Reorganization,SBE,CHPT,33009.0,,,10.09,super8k,True,True,
1236997,,,7372,Services-Prepackaged Software,COUNTERPATH CORP,"COUNTERPATH SOLUTIONS, INC.; XTEN NETWORKS, INC; BROAD SCOPE ENTERPRISES INC",2020-12-29,PREM14A,12,2021-02-23,2021-02-22,False,False,False,"December 6, 2020",CPAH,CPAH,,,,,,False,False,
1075607,,,4922,Natural Gas Transmission,TC PIPELINES LP,,2020-10-05,425,1,2021-02-26,2021-02-26,True,False,False,,TCP,TCP,,,,,,False,False,
837465,CALY,NYSE,3949,"Sporting & Athletic Goods, NEC",Callaway Golf Co,Topgolf Callaway Brands Corp.; CALLAWAY GOLF; CALLAWAY GOLF CO /CA; CALLAWAY GOLF COMPANY,2020-10-27,425,12,2021-03-03,2021-03-03,True,False,False,"Topgolf International, Inc",ELY,ELY,,,,,,False,False,
1803498,,,,,Blackstone Private Credit Fund,,,,0,,,False,False,False,,,,,,,,,False,False,
1811856,,,3211,Flat Glass,"View, Inc.",CF Finance Acquisition Corp II,2020-11-30,425,1,2021-03-08,2021-03-05,True,False,True,"Merger, dated November 30, 2020",CFII,VIEW,12587893.0,,,10.0,super8k,True,True,
1816581,OUST,Nasdaq,3569,"General Industrial Machinery & Equipment, NEC","Ouster, Inc.","Ouster, Inc.; Colonnade Acquisition Corp.",2020-12-22,425,1,2021-03-09,2021-03-09,True,False,True,,CLA,OUST,52343.0,,,,super8k,True,True,
1539838,FANG,Nasdaq,1311,Crude Petroleum & Natural Gas,"Diamondback Energy, Inc.","Diamondback Energy, Inc.",2018-11-07,425,10,2020-06-09,2020-06-03,True,False,False,"QEP Resources, Inc",FANG,FANG,,,,,,False,False,
1534248,CMMB,Nasdaq,2834,Pharmaceutical Preparations,Chemomab Therapeutics Ltd.,Anchiano Therapeutics Ltd.; BioCancell Ltd.,2021-01-05,425,2,2021-03-17,2021-03-15,True,False,True,Chemomab surviving such merger as,ANCN,CMMB,,,,,,False,False,
1585389,SMA,NYSE,6798,Real Estate Investment Trusts,"SmartStop Self Storage REIT, Inc.","Strategic Storage Trust II, Inc.",2020-11-12,425,6,2020-06-26,2020-06-26,True,False,False,Merger Sub being the surviving entity,,,,,,,,False,False,
1680232,,,6798,Real Estate Investment Trusts,"Strategic Storage Trust IV, Inc.",,2020-11-10,425,4,2021-03-11,2021-03-10,True,False,False,Merger Sub being the surviving entity,,,,,,,,False,False,
1108827,,,1311,Crude Petroleum & Natural Gas,"QEP RESOURCES, INC.",QUESTAR MARKET RESOURCES INC,2020-12-21,425,11,2021-03-16,2021-03-16,True,False,False,"QEP Resources, Inc",,,,,,,,False,False,
1789029,AEVA,Nasdaq,3714,Motor Vehicle Parts & Accessories,"Aeva Technologies, Inc.",InterPrivate Acquisition Corp.,2020-11-02,425,1,2021-03-11,2021-03-11,True,False,True,InterPrivate,IPV,AEVA,30874.0,,,10.07,super8k,True,True,
1047884,,,6798,Real Estate Investment Trusts,ANWORTH MORTGAGE ASSET CORP,,2020-12-07,425,13,2021-03-17,2021-03-17,True,False,False,,ANH,ANH,,,,,,False,False,
1577791,,,,,Oaktree Strategic Income Corp,Fifth Street Senior Floating Rate Corp.,2020-10-29,425,12,2021-03-15,2021-03-15,True,False,False,,OCSI,OCSI,,,,,,False,False,
1414932,OCSL,Nasdaq,,,Oaktree Specialty Lending Corp,Fifth Street Finance Corp.; Fifth Street Finance Corp,2020-10-29,425,15,2021-03-15,2021-03-15,True,False,False,,OCSL,OCSL,,,,,,False,False,
1527590,"RC,RCD,RC-PC,RC-PE","NYSE,NYSE,NYSE,NYSE",6798,Real Estate Investment Trusts,Ready Capital Corp,Sutherland Asset Management Corp; ZAIS Financial Corp.,2018-11-08,425,10,2021-03-17,2021-03-17,True,False,False,,RC,RC,,,,,,False,False,
1467652,,,2834,Pharmaceutical Preparations,"Neos Therapeutics, Inc.",,2020-12-10,425,6,2021-03-22,2021-03-18,True,False,False,"Aytu BioScience, Inc",NEOS,,,,,,,False,False,
1830033,"PCT,PCTBP,PCTTU,PCTTW","Nasdaq,OTC,Nasdaq,Nasdaq",2821,"Plastic Materials, Synth Resins & Nonvulcan Elastomers","PureCycle Technologies, Inc.",Roth CH Acquisition I Co. Parent Corp.,2020-11-20,S-4,0,,,False,False,True,PureCycle Technologies LLC,,PCT,,,,,,True,True,
1836875,NVVE,Nasdaq,3690,"Miscellaneous Electrical Machinery, Equipment & Supplies",Nuvve Holding Corp.,NB Merger Corp.,2020-12-21,S-4,0,,,False,False,True,"February 20, 2021, by and among Newborn Acquisition Corp",,,,,12.5,10.0688,super8k,True,True,12.5
1740547,,,2834,Pharmaceutical Preparations,Urovant Sciences Ltd.,,2020-12-29,PREM14A,3,2021-03-24,2021-03-23,False,False,False,,UROV,UROV,,,,,,False,False,
1789760,,,6770,Blank Checks,"Arrival Vault US, Inc.",CIIG Merger Corp.,2020-11-18,425,2,2021-03-19,2021-03-19,True,True,True,"Arrival Vault US, Inc",CIIC,,21483.0,,,,vote8k,False,True,
1818355,,,6770,Blank Checks,Foley Trasimene Acquisition II,,2020-12-07,425,1,2021-03-25,2021-03-25,True,True,False,FTAC,BFT,BFT,98846.0,,,10.0,vote8k,True,True,
1704720,CNNE,NYSE,5810,Retail-Eating & Drinking Places,"Cannae Holdings, Inc.",,2017-05-11,S-4,3,2020-06-17,2020-06-17,False,False,False,,CNNE,CNNE,,,,,,False,False,
1772695,,,4931,Electric & Other Services Combined,Sunnova Energy International Inc.,,,,1,2020-05-20,2020-05-20,False,False,False,Merger,NOVA,NOVA,,,,,,False,False,
1083643,,,6022,State Commercial Banks,"FAUQUIER BANKSHARES, INC.",FAUQUIER BANKSHARES INC,2020-10-01,425,12,2021-03-29,2021-03-25,True,False,False,Virginia National Bankshares Corporation,FBSS,FBSS,,,,,,False,False,
1709682,CTOS,NYSE,7359,"Services-Equipment Rental & Leasing, NEC","Custom Truck One Source, Inc.","NESCO HOLDINGS, INC.; Capitol Investment Corp. IV",2019-04-08,425,3,2021-02-22,2021-02-16,True,False,True,,NSCO,CTOS,,,40.0,,super8k,False,True,40.0
1001171,BYFC,Nasdaq,6035,"Savings Institution, Federally Chartered",BROADWAY FINANCIAL CORP \DE\,,2020-08-26,425,10,2021-03-19,2021-03-17,True,False,False,CFBanc Corporation,BYFC,BYFC,,,,,,False,False,
1684682,,,6282,Investment Advice,"CNL Strategic Capital, LLC",,,,2,2020-06-15,2020-06-11,False,False,False,,NOTE,,,,,,,False,False,
1641398,GDC,Nasdaq,5050,Wholesale-Metals & Minerals (No Petroleum),GD Culture Group Ltd,Code Chain New Continent Ltd; TMSR HOLDING Co Ltd; JM Global Holding Co,2017-10-11,PREM14A,9,2021-01-29,2020-12-15,False,False,True,,CCNC,CCNC,,,,,,False,False,
1799611,,,6770,Blank Checks,Collective Growth Corp,,2020-12-11,425,1,2021-04-01,2021-03-31,True,True,False,,CGRO,CGRO,891046.0,,65.0,10.01,super8k,True,True,65.0
1763731,,,6770,Blank Checks,Replay Acquisition LLC,Replay Acquisition Corp.,2020-10-13,425,1,2021-03-25,2021-03-25,True,True,True,Replay with Finance of America Equity Capital LLC,RPLA,,19753406.0,,,10.2,super8k,True,True,
1780312,ASTS,Nasdaq,4899,"Communications Services, NEC","AST SpaceMobile, Inc.","AST SpaceMobile, Inc.; New Providence Acquisition Corp.",2020-12-23,PREM14A,2,2021-04-01,2021-04-01,False,False,True,"December 15, 2020",NPA,ASTS,11836.0,,,10.09,super8k,True,True,
1458891,,,1381,Drilling Oil & Gas Wells,Noble Corp,Noble Holding Corp plc; Noble Corp plc; Noble Corp / Switzerland,2013-09-05,DEFM14A,14,2020-05-26,2020-05-21,False,False,True,"Pacific Drilling Company, LLC",,,,,,,,False,False,
1357459,PALI,Nasdaq,2836,"Biological Products, (No Diagnostic Substances)","PALISADE BIO, INC.","PALISADE BIO, INC.; Seneca Biopharma, Inc.; Neuralstem, Inc.",2020-12-17,425,18,2021-04-23,2021-04-09,True,False,True,LBS surviving such merger as,SNCA,PALI,,,,,,False,False,
1461119,,,8000,Services-Health Services,CRH Medical Corp,,2021-03-05,PREM14A,3,2021-04-20,2021-04-16,False,False,False,,CRHM,CRHM,,,,,,False,False,
1731348,TLRY,Nasdaq,2833,Medicinal Chemicals & Botanical Products,"Tilray Brands, Inc.","Tilray, Inc.",2019-06-11,425,4,2021-05-04,2021-04-28,True,False,True,,TLRY,TLRY,,,,,,False,False,
1758766,STEM,NYSE,7373,Services-Computer Integrated Systems Design,"STEM, INC.",Star Peak Energy Transition Corp.; Star Peak Energy Acquisition Corp.,2020-12-04,425,1,2021-04-27,2021-04-27,True,False,True,"Merger, dated December 3, 2020",STPK,STEM,19804.0,,,10.13,super8k,False,True,
1815495,,,6770,Blank Checks,Northern Genesis Acquisition Corp.,,2020-11-30,425,1,2021-04-26,2021-04-23,True,True,False,NGA being the surviving corporation and,,,,,,,,True,True,
1818093,SKIN,Nasdaq,3841,Surgical & Medical Instruments & Apparatus,SkinHealth Systems Inc.,Beauty Health Co; Vesper Healthcare Acquisition Corp.,2020-12-31,PREM14A,1,2021-04-30,2021-04-29,False,False,True,HydraFacial continuing as the surviving corporation,VSPR,SKIN,,,,,,True,True,
1802749,,,3711,Motor Vehicles & Passenger Car Bodies,"Lightning eMotors, Inc.","GigCapital3, Inc.",2020-12-11,425,1,2021-04-22,2021-04-21,True,False,True,"Lightning Systems, Inc",GIK,ZEV,5816664.0,,29.0,10.1019,super8k,True,True,29.0
1779128,SRTA,Nasdaq,8000,Services-Health Services,"Strata Critical Medical, Inc.","Blade Air Mobility, Inc.; Experience Investment Corp.",2020-12-15,425,1,2021-05-06,2021-05-05,True,False,True,Merger Sub with and into Blade,EXPC,BLDE,3596979.0,,,,super8k,False,True,
1502557,"KPEA,KPEAD","OTC,OTC",8200,Services-Educational Services,Kun Peng International Ltd.,"CX Network Group, Inc.; mLight Tech, Inc.",,,0,,,False,False,True,,,,,,,,,False,False,
1823945,OWL,NYSE,6282,Investment Advice,BLUE OWL CAPITAL INC.,ALTIMAR ACQUISITION CORP.,2020-12-23,425,1,2021-05-18,2021-05-18,True,False,True,,ATAC,OWL,,,,,,True,True,
26076,,,3829,"Measuring & Controlling Devices, NEC",CUBIC CORP /DE/,,2021-03-08,PREM14A,13,2021-04-28,2021-04-27,False,False,False,Atlas Merger Sub Inc,CUB,CUB,,,,,,False,False,
1021096,,,4841,Cable & Other Pay Television Services,"Troika Media Group, Inc.","M2 nGage Group, Inc.; ROOMLINX INC; ARC COMMUNICATIONS INC",2003-12-31,PREM14A,5,2015-03-27,2015-03-19,False,False,False,,,TRKA,,,,,,False,False,
1679063,,,7819,Services-Allied To Motion Picture Production,"Chicken Soup for the Soul Entertainment, Inc.",,,,3,2020-06-12,2020-06-10,False,False,False,,,,,,,,,False,False,
1719406,NRXP,Nasdaq,2834,Pharmaceutical Preparations,"NRX Pharmaceuticals, Inc.",Big Rock Partners Acquisition Corp.,2020-12-14,425,8,2021-05-26,2021-05-24,True,False,True,,BRPA,NRXP,,,,,,True,True,
1492915,,,6022,State Commercial Banks,Standard AVB Financial Corp.,Standard Financial Corp.,2016-12-13,S-4,9,2021-01-20,2021-01-19,False,False,False,Dollar Mutual Bancorp,STND,STND,,,,,,False,False,
27996,DLX,NYSE,2780,"Blankbooks, Looseleaf Binders & Bookbindg & Relatd Work",DELUXE CORP,,2004-11-12,S-4,3,2021-04-28,2021-04-28,False,False,False,"State on June 1, 2021",DLX,DLX,,,40.0,,super8k,False,False,40.0
1075736,CXDO,Nasdaq,4813,Telephone Communications (No Radiotelephone),"Crexendo, Inc.",IMERGENT INC; NETGATEWAY INC,2000-05-05,S-4,10,2021-05-18,2021-05-17,False,False,False,"Merger and Reorganization dated March 5, 2021",,CXDO,,,,,,False,False,
1333986,"EQH,EQH-PA,EQH-PC","NYSE,NYSE,NYSE",6411,"Insurance Agents, Brokers & Service","Equitable Holdings, Inc.","AXA Equitable Holdings, Inc.; AXA AMERICA HOLDINGS, INC.",2018-12-06,S-4,6,2021-05-21,2021-05-20,False,False,False,,EQH,EQH,,,,,,True,False,
1419951,"DTST,DTSTW","Nasdaq,Nasdaq",7374,Services-Computer Processing & Data Preparation,Data Storage Corp,Euro Trend Inc.,,,0,,,False,False,False,Merger,DTST,,,,,,,False,False,
1818874,SOFI,Nasdaq,6199,Finance Services,"SoFi Technologies, Inc.",Social Capital Hedosophia Holdings Corp. V,2021-01-07,425,1,2021-05-28,2021-05-27,True,False,True,,IPOE,SOFI,,,,,,True,True,
1719489,,,7374,Services-Computer Processing & Data Preparation,"Kaleyra, Inc.","GigCapital, Inc.",2019-12-17,425,5,2021-05-28,2021-05-27,True,False,False,,KLR,KLR,,,,,,False,False,
1819574,BARK,NYSE,5990,"Retail-Retail Stores, NEC","Bark, Inc.",Original Bark Co; Northern Star Acquisition Corp.,2020-12-17,425,1,2021-05-28,2021-05-28,True,False,True,Reorganization,STIC,BARK,2728989.0,,,10.0,super8k,True,True,
1451448,"GMBL,GMBLP,GMBLZ","OTC,OTC,OTC",7900,Services-Amusement & Recreation Services,"ESPORTS ENTERTAINMENT GROUP, INC.","VGambling Inc.; VGambling, Inc.; DK Sinopharma, Inc.; VIRTUAL CLOSET, INC.",,,3,2020-08-17,2020-08-13,False,False,False,,GMBL,GMBL,,,15.0,,near8k,False,False,15.0
1800682,,,8011,Services-Offices & Clinics of  Doctors of  Medicine,"Cano Health, Inc.",Jaws Acquisition Corp.,2020-11-12,425,1,2021-06-02,2021-06-02,True,False,True,"November 11, 2020",JWS,CANO,,690309000.0,,10.0,,True,True,
1372807,BCIC,Nasdaq,,,BCP Investment Corp,"Portman Ridge Finance Corp; KCAP Financial, Inc.; Kohlberg Capital CORP; Kohlberg Capital, LLC",2019-08-01,425,19,2021-06-08,2021-06-07,True,False,False,,PTMN,,,,,,,False,False,
1559909,,,,,Harvest Capital Credit Corp,,2020-12-28,425,8,2021-06-10,2021-06-07,True,False,False,Portman Ridge Finance Corporation,HCAP,HCAP,,,,,,False,False,
1826000,LTCH,OTC,5072,Wholesale-Hardware,"Latch, Inc.",TS Innovation Acquisitions Corp.,2021-01-25,425,1,2021-06-04,2021-06-03,True,False,True,,TSIA,LTCH,,,,10.0,,True,True,
1808805,NAUT,Nasdaq,3826,Laboratory Analytical Instruments,"Nautilus Biotechnology, Inc.",ARYA Sciences Acquisition Corp III,2021-02-08,425,1,2021-06-08,2021-06-08,True,True,True,"February 7, 2021",ARYA,NAUT,465363.0,,,10.0,super8k,False,True,
1834045,,,2080,Beverages,"Vintage Wine Estates, Inc.",Bespoke Capital Acquisition Corp,2021-02-04,425,0,,,True,False,True,VWE surviving the merger as,,VWE,18366645.0,,,,super8k,True,True,
1839839,JBI,NYSE,3442,"Metal Doors, Sash, Frames, Moldings & Trim","Janus International Group, Inc.","Janus Parent, Inc.",2021-06-03,425,0,,,True,False,True,Parent,,JBI,11150.0,,,,super8k,True,True,
1813914,,,8050,Services-Nursing & Personal Care Facilities,"CareMax, Inc.",Deerfield Healthcare Technology Acquisitions Corp.,2021-05-27,425,1,2021-06-09,2021-06-04,True,False,True,,DFHT,CMAX,,,,,,False,False,
1427570,HIND,Nasdaq,2834,Pharmaceutical Preparations,"Vyome Holdings, Inc",ReShape Lifesciences Inc.; OBALON THERAPEUTICS INC,2021-01-20,425,5,2021-05-26,2021-05-25,True,False,True,"Merger, dated as of January 19, 2021",OBLN,OBLN,,,,,,False,False,
1371217,,,3845,Electromedical & Electrotherapeutic Apparatus,ReShape Weightloss Inc.,ReShape Lifesciences Inc.; EnteroMedics Inc,2021-01-20,425,19,2021-05-19,2021-05-13,True,False,True,"Merger, dated as of January 19, 2021",RSLS,RSLS,,,,,,False,False,
1785424,KPLT,Nasdaq,7359,"Services-Equipment Rental & Leasing, NEC","Katapult Holdings, Inc.",FinServ Acquisition Corp.,2020-12-18,425,2,2021-06-08,2021-06-07,True,False,True,"Merger, dated December 18, 2020",FSRV,KPLT,,,,10.05,,True,True,
1770141,,,8000,Services-Health Services,"UpHealth, Inc.","GigCapital2, Inc.",2020-10-27,425,3,2021-06-04,2021-06-04,True,True,True,"November 20, 2020, as amended, with Cloudbreak Health, LLC",GIX,UPH,9373567.0,,,,super8k,True,True,
1816431,"QSI,QSIAW","Nasdaq,Nasdaq",3829,"Measuring & Controlling Devices, NEC",Quantum-Si Inc,HighCape Capital Acquisition Corp.,2021-02-18,425,1,2021-06-09,2021-06-09,True,False,True,"February 18, 2021",CAPA,QSI,571128.0,,,10.0,near8k,False,True,
1525759,,,,,FS KKR Capital Corp. II,FS Investment Corp II,2019-06-04,425,15,2021-05-24,2021-05-21,True,False,False,FS KKR Capital Corp,FS,FSKR,,,,,,False,False,
1422183,FSK,NYSE,,,FS KKR Capital Corp,FS Investment CORP; Franklin Square Investment CORP,2020-11-24,425,23,2021-05-24,2021-05-21,True,False,False,"FSKR, pursuant to that certain Agreement and Plan of Merger",FSK,FSK,,,,,,False,False,
1841925,INDI,Nasdaq,3674,Semiconductors & Related Devices,"indie Semiconductor, Inc.","Thunder Bridge II Surviving Pubco, Inc.",2021-02-24,425,0,,,True,False,True,,,INDI,9877106.0,,,10.13,super8k,True,True,
1774675,SKIL,NYSE,7372,Services-Prepackaged Software,Skillsoft Corp.,Churchill Capital Corp II,2020-10-13,425,1,2021-06-16,2021-06-10,True,False,True,,CCX,SKIL,34690979.0,,,10.1,super8k,True,True,
1820630,,,3711,Motor Vehicles & Passenger Car Bodies,Proterra Inc,ArcLight Clean Transition Corp.,2021-01-12,425,1,2021-06-11,2021-06-11,True,False,True,New Proterra,ACTC,PTRA,15172.0,,,18.0,super8k,True,True,
1804591,,,2834,Pharmaceutical Preparations,Chrome Holding Co.,23andMe Holding Co.; VG Acquisition Corp.; Bleecker Street Acquisition Corp.,2021-02-04,425,1,2021-06-11,2021-06-10,True,False,True,,VGAC,ME,16667061.0,,,,super8k,False,True,
1779474,MAPS,OTC,7372,Services-Prepackaged Software,"WM TECHNOLOGY, INC.",Silver Spike Acquisition Corp.,2020-12-10,425,2,2021-06-11,2021-06-10,True,False,True,"Merger, dated December 10, 2020",SSPK,,11437.0,,,10.17,super8k,False,True,
1803901,"TALK,TALKW","Nasdaq,Nasdaq",8000,Services-Health Services,"Talkspace, Inc.",Hudson Executive Investment Corp.,2021-01-13,425,1,2021-06-17,2021-06-17,True,False,True,HEC,HEC,TALK,25968043.0,,,,super8k,True,True,
1815849,,,8050,Services-Nursing & Personal Care Facilities,"ATI Physical Therapy, Inc.",Fortress Value Acquisition Corp. II,2021-03-12,PREM14A,1,2021-06-16,2021-06-15,False,False,True,"Merger, dated as of February 21, 2021",FAII,ATIP,8990000.0,,26.0,11.5,vote8k,False,True,26.0
1723648,,,7374,Services-Computer Processing & Data Preparation,"LiveVox Holdings, Inc.",Crescent Acquisition Corp; Crescent Funding Inc.,2020-07-16,PREM14A,3,2021-06-17,2021-06-16,False,False,True,"Merger, dated January 13, 2021",CRSA,LVOX,15321467.0,,,10.14,super8k,True,True,
1832459,,,6770,Blank Checks,Thoma Bravo Advantage,,2021-03-22,425,1,2021-06-22,2021-06-22,True,True,False,,TBA,TBA,18254045.0,,,,vote8k,True,True,
1431959,,,3674,Semiconductors & Related Devices,META MATERIALS INC.,"TORCHLIGHT ENERGY RESOURCES INC; Pole Perfect Studios, Inc.",2020-11-02,425,10,2021-06-16,2021-06-11,True,False,True,,TRCH,MMAT,,,,,,False,False,
1784168,,,3711,Motor Vehicles & Passenger Car Bodies,"Electric Last Mile Solutions, Inc.",Forum Merger III Corp,2021-02-16,PREM14A,1,2021-06-25,2021-06-24,False,False,True,,FIII,ELMS,11077058.0,,,10.0,super8k,True,True,
1777835,PWP,Nasdaq,6199,Finance Services,Perella Weinberg Partners,FinTech Acquisition Corp. IV,2021-02-05,PREM14A,1,2021-06-23,2021-06-22,False,False,True,,FTIV,PWP,,,,10.0,,True,True,
1826889,"BODI,BODYW","Nasdaq,OTC",5960,Retail-Nonstore Retailers,"Beachbody Company, Inc.",Forest Road Acquisition Corp.,2021-02-10,425,1,2021-06-25,2021-06-24,True,False,True,"The Beachbody Company Group, LLC",FRX,BODY,8383485.0,,,10.0,super8k,True,True,
1802457,ORGN,Nasdaq,2860,Industrial Organic Chemicals,"Origin Materials, Inc.","Origin Materials, Inc.; Artius Acquisition Inc.",2021-02-17,425,1,2021-06-23,2021-06-23,True,False,True,,AACQ,ORGN,43880780.0,,,10.004,super8k,True,True,
1811764,,,2834,Pharmaceutical Preparations,POINT Biopharma Global Inc.,Therapeutics Acquisition Corp.,2021-03-15,425,1,2021-06-30,2021-06-29,True,False,True,"March 15, 2021",RACA,PNT,1394131.0,,,,super8k,False,True,
719402,FXNC,Nasdaq,6022,State Commercial Banks,FIRST NATIONAL CORP /VA/,,2021-02-18,425,14,2021-06-22,2021-06-16,True,False,False,The Bank of Fincastle,FXNC,FXNC,,,,,,False,False,
1845815,PAYO,Nasdaq,7389,"Services-Business Services, NEC",Payoneer Global Inc.,"New Starship Parent, Inc.",2021-02-18,425,0,,,True,False,True,,,PAYO,18033066.0,,,10.0,super8k,True,True,
1814329,,,4700,Transportation Services,"Astra Space, Inc.",Holicity Inc.,2021-02-02,425,1,2021-06-30,2021-06-30,True,False,True,"Merger dated as of February 2, 2021",HOL,ASTR,10981.0,,,10.0,super8k,False,True,
1601669,,,6331,"Fire, Marine & Casualty Insurance",Watford Holdings Ltd.,,2021-01-04,PREM14A,3,2021-04-01,2021-03-30,False,False,False,Greysbridge Ltd,WTRE,WTRE,,,,,,False,False,
1821160,,,6162,Mortgage Bankers & Loan Correspondents,Guild Holdings Co,,,,1,2021-05-10,2021-05-06,False,False,False,,GHLD,GHLD,,,,,,False,False,
1777921,AVPT,Nasdaq,7372,Services-Prepackaged Software,"AvePoint, Inc.",Apex Technology Acquisition Corp,2020-11-23,425,2,2021-07-01,2021-06-30,True,False,True,Merger Sub 1 with and into Legacy AvePoint,APXT,AVPT,17458.0,,,,super8k,False,True,
1716947,"ENSC,ENSCW","Nasdaq,OTC",2834,Pharmaceutical Preparations,"Ensysce Biosciences, Inc.",Leisure Acquisition Corp.,2019-12-30,425,7,2021-06-30,2021-06-29,True,False,True,,ENSC,ENSC,5748902.0,,,,vote8k,True,True,
1821159,"EVGO,EVGOW","Nasdaq,Nasdaq",7500,"Services-Automotive Repair, Services & Parking",EVgo Inc.,EVgo Inc; Climate Change Crisis Real Impact I Acquisition Corp,2021-02-12,PREM14A,1,2021-06-29,2021-06-29,False,False,True,,CLII,EVGO,13230.0,,,10.0,super8k,True,True,
1816233,,,8000,Services-Health Services,"Sharecare, Inc.",Falcon Capital Acquisition Corp.,2021-02-12,425,1,2021-06-29,2021-06-29,True,False,True,"Merger, dated February 12, 2021",FCAC,SHCR,19864030.0,,,10.0,super8k,False,True,
1809104,ALIT,NYSE,7389,"Services-Business Services, NEC","Alight, Inc. / Delaware","Alight Group, Inc.; Foley Trasimene Acquisition Corp.",2021-01-25,425,1,2021-06-30,2021-06-30,True,True,True,Alight,WPF,WPF,,,,,,False,True,
1844224,,,3690,"Miscellaneous Electrical Machinery, Equipment & Supplies",FREYR Battery,,2021-03-26,S-4,0,,,False,False,False,,,FREY,18439168.0,,,10.08,super8k,False,False,
1821850,,,6199,Finance Services,Sunlight Financial Holdings Inc.,Spartan Acquisition Corp. II,2021-01-25,425,1,2021-07-09,2021-07-09,True,False,True,,SPRQ,SUNL,19227063.0,,25.0,10.0,super8k,True,True,25.0
1679049,INSW,NYSE,4400,Water Transportation,"International Seaways, Inc.","OSG International, INC",2021-03-31,425,7,2021-07-13,2021-07-13,True,False,False,,INSW,INSW,,,,,,False,False,
1828318,ENVX,Nasdaq,3690,"Miscellaneous Electrical Machinery, Equipment & Supplies",Enovix Corp,Rodgers Silicon Valley Acquisition Corp,2021-02-22,425,1,2021-07-16,2021-07-12,True,False,True,Legacy Enovix surviving as,RSVA,ENVX,,,,,,False,True,
1819516,"UP,WSUPW","NYSE,OTC",4522,"Air Transportation, Nonscheduled",Wheels Up Experience Inc.,Aspirational Consumer Lifestyle Corp.,2021-02-01,425,1,2021-07-12,2021-07-12,True,False,True,Aspirational,ASPL,UP,13366429.0,,2.0,,vote8k,True,True,2.0
1822492,HLMN,Nasdaq,3420,"Cutlery, Handtools & General Hardware",Hillman Solutions Corp.,"Landcadia Holdings III, Inc.",2021-01-25,425,1,2021-07-13,2021-07-13,True,False,True,"Merger, dated as of January 24, 2021",LCY,HLMN,,,11.6,,super8k,False,True,11.6
1816613,,,3577,"Computer Peripheral Equipment, NEC",Markforged Holding Corp,one,2021-02-24,425,1,2021-07-15,2021-07-13,True,False,True,,AONE,MKFG,6418667.0,,,10.005,super8k,True,True,
1816708,OWLT,NYSE,3829,"Measuring & Controlling Devices, NEC","Owlet, Inc.",Sandbridge Acquisition Corp,2021-02-16,425,1,2021-07-14,2021-07-14,True,False,True,"Project Olympus Merger Sub, Inc",SBG,OWLT,19758773.0,,,10.0,super8k,True,True,
1822928,"HLLY,HLLY-WT","NYSE,NYSE",3714,Motor Vehicle Parts & Accessories,Holley Inc.,Empower Ltd.,2021-03-12,425,1,2021-07-16,2021-07-14,True,False,True,"Merger dated March 11, 2021",EMPW,HLLY,,,50.0,18.0,super8k,False,True,50.0
1716583,,,3620,Electrical Industrial Apparatus,Hyzon Motors Inc.,Decarbonization Plus Acquisition Corp; Decarbonization Plus Acquistion Corp,2021-03-17,PREM14A,1,2021-07-15,2021-07-15,False,False,True,"Reorganization, dated as of February 8, 2021",DCRB,HYZN,2089323.0,,,10.0,super8k,True,True,
1805385,"EVLV,EVLVW","Nasdaq,Nasdaq",3577,"Computer Peripheral Equipment, NEC","Evolv Technologies Holdings, Inc.",NewHold Investment Corp.,2021-03-08,425,1,2021-07-21,2021-07-15,True,False,True,NHIC,NHIC,EVLV,8755987.0,85033803.0,,10.0,super8k,True,True,9.3
1805521,"FFAI,FFAIW","Nasdaq,Nasdaq",3711,Motor Vehicles & Passenger Car Bodies,FARADAY FUTURE INTELLIGENT ELECTRIC INC.,Property Solutions Acquisition Corp.,2021-01-28,425,1,2021-07-20,2021-07-20,True,False,True,"Merger, dated as of January 27, 2021",PSAC,FFIE,20600.0,,,10.0,super8k,True,True,
1752828,"CELU,CELUW","Nasdaq,Nasdaq",2834,Pharmaceutical Preparations,Celularity Inc,GX Acquisition Corp.,2021-01-08,425,3,2021-07-15,2021-07-14,True,False,True,"Reorganization, dated January 8, 2021",GXGX,,,,,10.2,,True,True,
1818502,"OPFI,OPFI-WT","NYSE,NYSE",6199,Finance Services,OppFi Inc.,FG New America Acquisition Corp.,2021-03-18,PREM14A,1,2021-07-21,2021-07-16,False,False,True,,FGNA,OPFI,14822435.0,91646050.0,5.0,,super8k,True,True,5.0
1691936,,,2000,Food and Kindred Products,"STRYVE FOODS, INC.",Andina Acquisition Corp. III,2021-02-03,425,4,2021-07-20,2021-07-19,True,False,True,,ANDA,SNAX,756896.0,,,10.24,super8k,False,True,
1705012,"FATAQ,FABTQ,FATPQ","OTC,OTC,OTC",5812,Retail-Eating  Places,"Fat Brands, Inc",,,,3,2020-12-14,2020-12-10,False,False,False,,FAT,FAT,,,,,,False,False,
1811210,LCID,Nasdaq,3711,Motor Vehicles & Passenger Car Bodies,"Lucid Group, Inc.",Churchill Capital Corp IV; Annetta Acquisition Corp,2021-02-23,425,1,2021-07-26,2021-07-22,True,False,True,,CCIV,LCID,21644.0,,,10.0,super8k,True,True,
1824734,,,3569,"General Industrial Machinery & Equipment, NEC","Berkshire Grey, Inc.",Revolution Acceleration Acquisition Corp; Acceleration Acquisition Corp,2021-02-24,425,1,2021-07-20,2021-07-20,True,False,True,Merger,RAAC,,23251823.0,54989588.0,,10.0,super8k,True,True,29.7
1819394,,,7372,Services-Prepackaged Software,"Matterport, Inc./DE","Gores Holdings VI, Inc.",2021-02-08,425,1,2021-07-23,2021-07-20,True,False,True,"Merger, dated February 7, 2021",GHVI,MTTR,93917.0,,,10.0009,super8k,True,True,
1818331,"WGS,WGSWW","Nasdaq,Nasdaq",8000,Services-Health Services,GeneDx Holdings Corp.,"Sema4 Holdings Corp.; CM Life Sciences, Inc.",2021-05-05,425,1,2021-07-22,2021-07-21,True,False,True,,CMLF,SMFR,10188.0,442686205.0,,10.0,super8k,True,True,0.0
1760689,"MVST,MVSTW","Nasdaq,Nasdaq",3690,"Miscellaneous Electrical Machinery, Equipment & Supplies","Microvast Holdings, Inc.",Tuscan Holdings Corp.,2021-02-16,PREM14A,4,2021-07-21,2021-07-21,False,False,True,,THCB,MVST,80234.0,,,11.5,super8k,True,True,
1805651,MKTW,Nasdaq,7372,Services-Prepackaged Software,"MARKETWISE, INC.",Ascendant Digital Acquisition Corp.,2021-03-02,425,1,2021-07-21,2021-07-20,True,False,True,,ACND,MKTW,,,,,,True,True,
1318641,,,2834,Pharmaceutical Preparations,"Statera Biopharma, Inc.","Cytocom, Inc.; CLEVELAND BIOLABS INC",2020-10-19,425,13,2021-07-06,2021-07-05,True,False,True,Merger,CBLI,CBLI,,,,,,False,False,
1824403,"RSVR,RSVRW","Nasdaq,Nasdaq",7900,Services-Amusement & Recreation Services,"Reservoir Media, Inc.",Roth CH Acquisition II Co,2021-05-14,PREM14A,1,2021-07-27,2021-07-27,False,False,True,"April 14, 2021",ROCC,RSVR,10295452.0,,,,vote8k,False,True,
876883,STGW,Nasdaq,7311,Services-Advertising Agencies,Stagwell Inc,MDC Stagwell Holdings Inc; MDC PARTNERS INC; MDC CORP INC; MDC COMMUNICATIONS CORP,2020-08-31,425,14,2021-07-27,2021-07-26,True,False,True,MDC Partners Inc,,,,,7.5,,vote8k,False,True,7.5
1695295,HYFM,Nasdaq,5190,Wholesale-Miscellaneous Nondurable Goods,"HYDROFARM HOLDINGS GROUP, INC.",Innovation Acquisition One Corp,,,1,2021-06-09,2021-06-08,False,False,False,,,,,,,,,False,False,
1722438,,,6361,Title Insurance,"Doma Holdings, Inc.",Capitol Investment Corp. V,2021-03-03,425,1,2021-07-28,2021-07-27,True,False,True,"March 2, 2021 and amended on March 18, 2021",CAP,DOMA,29484128.0,,,10.0,super8k,True,True,
828916,,,6798,Real Estate Investment Trusts,WEINGARTEN REALTY INVESTORS /TX/,,2021-04-15,425,14,2021-08-04,2021-08-03,True,False,False,Kimco Realty Corporation,WRI,WRI,,,,,,False,False,
1794905,,,7370,"Services-Computer Programming, Data Processing, Etc.","Cyxtera Technologies, Inc.",STARBOARD VALUE ACQUISITION CORP.,2021-05-13,PREM14A,1,2021-07-29,2021-07-28,False,False,True,Merger Sub 2 surviving such merger as,SVAC,CYXT,26176891.0,,,10.0,super8k,True,True,
879101,"KIM,KIM-PL,KIM-PM,KIM-PN","NYSE,NYSE,NYSE,NYSE",6798,Real Estate Investment Trusts,KIMCO REALTY CORP,,2021-04-15,425,13,2021-08-04,2021-08-03,True,False,False,,KIM,KIM,,,,,,False,False,
1634038,,,6331,"Fire, Marine & Casualty Insurance","ProSight Global, Inc.",,,,2,2021-01-19,2021-01-14,False,False,False,"Pedal Merger Sub, Inc",PROS,PROS,,,,,,False,False,
857737,,,3140,"Footwear, (No Rubber)","ICONIX BRAND GROUP, INC.",CANDIES INC,1998-05-14,S-4,13,2020-06-19,2020-06-16,False,False,False,Iconix Merger Sub Inc,ICON,ICON,,,5.75,,super8k,False,False,5.75
1826018,,,7200,Services-Personal Services,"ROVER GROUP, INC.",Nebula Caravel Acquisition Corp.,2021-02-11,425,1,2021-07-29,2021-07-28,True,False,True,Legacy Rover surviving as the surviving company and as,NEBC,ROVR,14677808.0,,,10.0,super8k,False,True,
1818201,CCC,Nasdaq,7372,Services-Prepackaged Software,CCC Intelligent Solutions Holdings Inc.,Dragoneer Growth Opportunities Corp.,2021-02-03,425,1,2021-07-29,2021-07-29,True,False,True,"February 2, 2021",DGNR,CCCS,21009998.0,,,10.0,super8k,False,True,
1828105,HIPO,NYSE,6331,"Fire, Marine & Casualty Insurance",Hippo Holdings Inc.,Reinvent Technology Partners Z; Reinvent Technology Partners B,2021-03-04,425,1,2021-07-30,2021-07-29,True,False,True,Hippo surviving as,RTPZ,HIPO,19261380.0,,89.5,,super8k,False,True,89.5
1857044,INDP,Nasdaq,2834,Pharmaceutical Preparations,"Indaptus Therapeutics, Inc.",Intec Parent Inc.,2021-06-22,425,0,,,True,False,True,"Decoy Biosystems, Inc",NTEC,INDP,,,,,,False,False,
1102432,,,1311,Crude Petroleum & Natural Gas,"VIKING ENERGY GROUP, INC.","VIKING INVESTMENTS GROUP, INC.; SinoCubate, Inc; Synthenol Inc; LegalPlay Entertainment Inc; POKER COM INC",2020-01-24,425,0,,,True,False,False,,,,,,,,,False,False,
1144546,,,4813,Telephone Communications (No Radiotelephone),"HFactor, Inc.","FICAAR, INC; OWNERTEL INC",,,0,,,False,False,True,Target Stock,FCAA,FCAA,,,,,,False,False,
1003201,,,6500,Real Estate,"MMA Capital Holdings, LLC","MMA Capital Holdings, Inc.; MMA CAPITAL MANAGEMENT, LLC; MUNICIPAL MORTGAGE & EQUITY LLC",2021-07-02,PREM14A,12,2021-08-10,2021-08-10,False,False,True,State of the State of Delaware,MMAC,MMAC,,,,,,False,False,
1816048,,,6770,Blank Checks,Otonomo Merger US Inc.,Software Acquisition Group Inc. II,2021-02-01,425,1,2021-08-12,2021-08-12,True,True,True,Otonomo Technologies Ltd,SAII,SAII,5986205.0,,73.9,,super8k,True,True,73.9
1819133,TNGX,Nasdaq,2834,Pharmaceutical Preparations,"Tango Therapeutics, Inc.",BCTG Acquisition Corp.,2021-04-14,425,1,2021-08-13,2021-08-10,True,False,True,"Merger, dated as of April 13, 2021",BCTG,TNGX,1106814.0,,,10.0,super8k,False,True,
1788841,"MCOM,MCOMW","OTC,OTC",7389,"Services-Business Services, NEC",micromobility.com Inc.,"Helbiz, Inc.; GreenVision Acquisition Corp.",2020-09-02,PREM14A,2,2021-08-13,2021-08-11,False,False,True,State of the State of Delaware,GRNV,HLBZ,1615502.0,,,,super8k,False,True,
1819848,"JOBY,JOBY-WT","NYSE,NYSE",3721,Aircraft,"Joby Aviation, Inc.",Reinvent Technology Partners,2021-02-24,425,1,2021-08-06,2021-08-05,True,False,True,,RTP,JOBY,42416710.0,,,,super8k,False,True,
1852117,,,3674,Semiconductors & Related Devices,Rockley Photonics Holdings Ltd,,2021-03-19,425,0,,,True,False,False,"Merger, dated March 19, 2021",,RKLY,7517365.0,,,10.12,super8k,True,True,
1824893,"SRZN,SRZNW","Nasdaq,Nasdaq",2836,"Biological Products, (No Diagnostic Substances)","Surrozen, Inc./DE",Consonance-HFW Acquisition Corp.,2021-04-15,425,1,2021-08-10,2021-08-10,True,False,True,,CHFW,SRZN,6754242.0,,,10.0,super8k,True,True,
1781162,"MNTS,MNTSW","Nasdaq,Nasdaq",3760,Guided Missiles & Space Vehicles & Parts,Momentus Inc.,Stable Road Acquisition Corp.,2020-10-07,425,3,2021-08-11,2021-08-11,True,False,True,"Merger, dated October 7, 2020",SRAC,MNTS,3535081.0,,,10.02,super8k,True,True,
1515139,WAST,OTC,7389,"Services-Business Services, NEC",WASTE ENERGY CORP.,"METAWORKS PLATFORMS, INC.; CurrencyWorks Inc.; ICOX INNOVATIONS INC.; AppCoin Innovations Inc.; RedStone Literary Agents, Inc.",,,3,2021-06-03,2021-05-27,False,False,True,,,,,,,,,False,False,
1823882,,,3663,Radio & Tv Broadcasting & Communications Equipment,Airspan Networks Holdings Inc.,New Beginnings Acquisition Corp.,2021-03-08,425,1,2021-08-11,2021-08-11,True,False,True,New Beginnings,NBA,MIMO,9997049.0,,,10.1,super8k,True,True,
1816017,SPIR,NYSE,4899,"Communications Services, NEC","Spire Global, Inc.","NavSight Holdings, Inc.",2021-03-01,425,1,2021-08-13,2021-08-13,True,False,True,"February 28, 2021",NSH,SPIR,21020485.0,,,10.0,super8k,False,True,
1820143,,,6770,Blank Checks,RMG Acquisition Corp. II,,2021-02-24,425,2,2021-08-16,2021-08-16,True,True,False,,RMGB,RMGB,23613034.0,,,,vote8k,True,True,
1818644,"LIDR,LIDRW","Nasdaq,Nasdaq",3714,Motor Vehicle Parts & Accessories,"AEye, Inc.",CF Finance Acquisition Corp. III,2021-02-17,425,1,2021-08-16,2021-08-12,True,False,True,"February 17, 2021",CFAC,LIDR,19355365.0,,15.2,10.1,super8k,True,True,15.2
1819493,"XOS,XOSWW","Nasdaq,Nasdaq",3714,Motor Vehicle Parts & Accessories,"Xos, Inc.",NextGen Acquisition Corp,2021-02-22,425,1,2021-08-18,2021-08-18,True,False,True,,NGAC,,,,,,,True,True,
1790625,,,8742,Services-Management Consulting Services,"AgileThought, Inc.",LIV Capital Acquisition Corp.,2021-05-10,425,1,2021-08-18,2021-08-18,True,False,True,"Merger, dated May 9, 2021",LIVK,,7479065.0,,,10.07,super8k,False,True,
1422142,WHWK,Nasdaq,2834,Pharmaceutical Preparations,"Whitehawk Therapeutics, Inc.","Aadi Bioscience, Inc.; Aerpio Pharmaceuticals, Inc.; ZETA ACQUISITION CORP II",2021-06-21,PREM14A,6,2021-08-18,2021-08-17,False,False,True,"Aadi Subsidiary, Inc",ARPO,AADI,,,,,,False,False,
1444192,GRCE,Nasdaq,2834,Pharmaceutical Preparations,"Grace Therapeutics, Inc.",Acasti Pharma Inc.,2021-05-07,425,2,2021-08-27,2021-08-26,True,False,False,Grace Therapeutics Inc,ACST,ACST,,,,,,False,False,
1818382,"HUMA,HUMAW","Nasdaq,Nasdaq",2836,"Biological Products, (No Diagnostic Substances)","Humacyte, Inc.",Alpha Healthcare Acquisition Corp.,2021-02-17,425,1,2021-08-25,2021-08-24,True,False,True,"February 17, 2021",AHAC,HUMA,,,,,,False,True,
1837014,SMRT,NYSE,7373,Services-Computer Integrated Systems Design,"SmartRent, Inc.",Fifth Wall Acquisition Corp. I,2021-04-22,425,1,2021-08-24,2021-08-23,True,False,True,,FWAA,SMRT,,,,10.0,,True,True,
1819989,CIFR,Nasdaq,6199,Finance Services,Cipher Digital Inc.,Cipher Mining Inc.; GOOD WORKS ACQUISITION CORP.,2021-03-05,425,1,2021-08-25,2021-08-25,True,False,True,,GWAC,CIFR,12654381.0,,,10.0,super8k,False,True,
1819994,RKLB,Nasdaq,3760,Guided Missiles & Space Vehicles & Parts,Rocket Lab Corp,"Rocket Lab USA, Inc.; Vector Acquisition Corp",2021-03-01,425,2,2021-08-31,2021-08-25,True,False,True,"Rocket Lab, and in connection therewith",VACQ,RKLB,968617.0,,,,super8k,False,True,
1828522,,,2834,Pharmaceutical Preparations,"eFFECTOR Therapeutics, Inc.",Locust Walk Acquisition Corp.,2021-05-27,425,1,2021-08-24,2021-08-24,True,False,True,,LWAC,EFTR,16978642.0,,,10.0,super8k,True,True,
1777946,,,7372,Services-Prepackaged Software,"IronNet, Inc.",LGL Systems Acquisition Corp.; MTRON Systems Acquisition Corp.,2021-03-15,425,1,2021-08-27,2021-08-26,True,False,True,Merger Sub with and into Legacy IronNet,DFNS,IRNT,15976396.0,,,,super8k,False,True,
1819584,,,3790,Miscellaneous Transportation Equipment,Volta Inc.,Tortoise Acquisition Corp. II,2021-02-08,425,1,2021-08-25,2021-08-25,True,True,True,Class A Common Stock,,WS,24222287.0,,9.8,10.0,super8k,True,True,9.8
1825024,"OPAD,OPADW","NYSE,OTC",6531,Real Estate Agents & Managers (For Others),Offerpad Solutions Inc.,"Supernova Partners Acquisition Company, Inc.",2021-03-18,425,1,2021-08-31,2021-08-31,True,False,True,"Orchids Merger Sub, Inc",SPNV,OPAD,36862087.0,,,10.0,super8k,True,True,
1596961,RDNW,Nasdaq,7371,Services-Computer Programming Services,"RideNow Group, Inc.","RumbleON, Inc.; RumbleOn, Inc.; Smart Server, Inc",2021-06-21,PREM14A,5,2021-07-30,2021-07-30,False,False,False,,RMBL,RMBL,,,,,,False,False,
1837412,,,8731,Services-Commercial Physical & Biological Research,"SomaLogic, Inc.",CM Life Sciences II Inc.,2021-03-29,425,1,2021-09-01,2021-08-31,True,False,True,,CMII,SLGC,809850.0,,,10.0,super8k,True,True,
1799850,,,2836,"Biological Products, (No Diagnostic Substances)","Renovacor, Inc.",Chardan Healthcare Acquisition 2 Corp.; Chardan Healthcare Acquisition III Corp.,2021-08-03,425,1,2021-09-02,2021-09-01,True,False,True,"Merger, dated March 22, 2021",CHAQ,RCOR,2112100.0,,,10.0,vote8k,False,True,
1342958,KUST,Nasdaq,3663,Radio & Tv Broadcasting & Communications Equipment,"KUSTOM ENTERTAINMENT, INC.","DIGITAL ALLY, INC.; DIGITAL ALLY INC",,,17,2021-07-09,2021-07-09,False,False,False,,DGLY,DGLY,,,,,,False,False,
895665,,,8050,Services-Nursing & Personal Care Facilities,"Clearday, Inc.",SUPERCONDUCTOR TECHNOLOGIES INC,2020-03-03,425,18,2021-08-13,2021-08-12,True,False,True,"Allied Integral United, Inc",SCON,OTCQB,,,,,,False,False,
1819810,RDW,NYSE,3760,Guided Missiles & Space Vehicles & Parts,Redwire Corp,Genesis Park Acquisition Corp.,2021-03-25,425,1,2021-09-01,2021-09-01,True,False,True,,GNPK,RDW,,,,,,True,True,
1817944,,,2836,"Biological Products, (No Diagnostic Substances)","Clarus Therapeutics Holdings, Inc.",Blue Water Acquisition Corp.,2021-04-27,425,1,2021-08-27,2021-08-27,True,False,True,"Merger, dated April 27, 2021",BLUW,CRXT,,,,,,True,True,
1753539,"BKSY,BKSY-WT","NYSE,NYSE",3663,Radio & Tv Broadcasting & Communications Equipment,BlackSky Technology Inc.,Osprey Technology Acquisition Corp.; Osprey Energy Acquisition Corp. II,2021-02-18,425,1,2021-09-08,2021-09-08,True,False,True,"Merger, dated February 17, 2021",SFTW,BKSY,21375376.0,,,10.05,super8k,True,True,
1798562,"TMC,TMCWW","Nasdaq,Nasdaq",1000,Metal Mining,TMC the metals Co Inc.,Sustainable Opportunities Acquisition Corp.,2021-03-04,425,1,2021-09-07,2021-09-03,True,False,True,"March 4, 2021",SOAC,TMC,27278657.0,,,11.5,near8k,False,True,
1844971,"GREE,GREEL","Nasdaq,Nasdaq",6199,Finance Services,Greenidge Generation Holdings Inc.,,2021-03-22,425,0,,,True,False,False,,,GREE,,,,,,False,False,
887919,,,6022,State Commercial Banks,PREMIER FINANCIAL BANCORP INC,,1997-08-04,S-4,14,2021-07-01,2021-07-01,False,False,False,"Premier Financial Bancorp, Inc",PFBI,PFBI,,,,,,False,False,
1830214,"DNA,DNABW","NYSE,OTC",2836,"Biological Products, (No Diagnostic Substances)","Ginkgo Bioworks Holdings, Inc.",Soaring Eagle Acquisition Corp.; Spinning Eagle Acquisition Corp.,2021-05-11,425,1,2021-09-14,2021-09-14,True,False,True,"May 11, 2021, and amended on May 14, 2021",SRNG,DNA,,,,,,False,True,
1823766,,,4932,Gas & Other Services Combined,Archaea Energy Inc.,Rice Acquisition Corp.,2021-05-14,PREM14A,1,2021-09-09,2021-09-09,False,False,True,,RICE,LFG,46972.0,,,11.5,vote8k,False,True,
1824502,"ACHR,ACHR-WT","NYSE,NYSE",3721,Aircraft,Archer Aviation Inc.,Atlas Crest Investment Corp.,2021-02-10,425,1,2021-09-15,2021-09-14,True,False,True,Legacy Archer surviving the merger,ACIC,ACHR,24240000.0,,,10.0,super8k,False,True,
1812173,"RBOT,RBOTW","OTC,OTC",3842,"Orthopedic, Prosthetic & Surgical Appliances & Supplies",Vicarious Surgical Inc.,D8 Holdings Corp.,2021-04-15,425,1,2021-09-15,2021-09-15,True,False,True,"Merger, dated as of April 15, 2021",DEH,RBOT,26767486.0,,,10.0,near8k,True,True,
1819404,NRDY,NYSE,8200,Services-Educational Services,Nerdy Inc.,TPG Pace Tech Opportunities Corp.,2021-01-29,425,1,2021-09-16,2021-09-13,True,False,True,"January 28, 2021",PACE,NRDY,,,36.0,,vote8k,True,True,36.0
1807846,,,6199,Finance Services,MONEYLION INC.,Fusion Acquisition Corp.,2021-02-12,425,1,2021-09-21,2021-09-21,True,False,True,Fusion,FUSE,ML,25887987.0,25000000.0,,10.0,super8k,True,True,50.9
1788028,"JSPR,JSPRW","Nasdaq,Nasdaq",2836,"Biological Products, (No Diagnostic Substances)","Jasper Therapeutics, Inc.",Amplitude Healthcare Acquisition Corp,2021-05-06,425,2,2021-09-23,2021-09-22,True,False,True,"May 5, 2021",AMHC,JSPR,9262099.0,,,,super8k,True,True,
1826681,"PDYN,PDYNW","Nasdaq,Nasdaq",7372,Services-Prepackaged Software,Palladyne AI Corp.,Sarcos Technology & Robotics Corp; Sarcos Technology & Robotics Corporation.; Rotor Acquisition Corp.,2021-04-06,425,1,2021-09-16,2021-09-15,True,False,True,"Merger, dated as of April 5, 2021",ROT,STRC,23479970.0,,,18.0,super8k,True,True,
858470,,,1311,Crude Petroleum & Natural Gas,Coterra Energy Inc.,CABOT OIL & GAS CORP,2021-05-24,425,14,2021-09-29,2021-09-29,True,False,True,Cimarex,COG,COG,,,,,,False,False,
1168054,,,1311,Crude Petroleum & Natural Gas,CIMAREX ENERGY CO,HELMERICH & PAYNE EXPLORATION & PRODUCTION CO,2021-05-24,425,14,2021-09-29,2021-09-29,True,False,False,"Merger, dated as of May 23, 2021, as amended on June 29, 2021",XEC,XEC,,,,,,False,False,
1636286,,,6022,State Commercial Banks,Altabancorp,People's Utah Bancorp,2021-05-19,425,7,2021-09-01,2021-08-31,True,False,False,Altabancorp,ALTA,ALTA,,,,,,False,False,
1575828,XPRO,NYSE,1389,"Oil & Gas Field Services, NEC",EXPRO GROUP HOLDINGS N.V.,Frank's International N.V.; FRANK'S INTERNATIONAL N.V.,2021-03-11,425,11,2021-09-15,2021-09-10,True,False,True,Expro Group Holdings International Limited,FI,,,,,,,False,False,
702513,,,6022,State Commercial Banks,Bank of Commerce Holdings,REDDING BANCORP,2021-06-24,425,14,2021-09-23,2021-09-21,True,False,False,,BOCH,BOCH,,,,,,False,False,
1832352,,,6770,Blank Checks,CA Healthcare Acquisition Corp.,,2021-04-07,425,1,2021-09-29,2021-09-28,True,True,False,,CAHC,CAHC,7675569.0,,,10.0,vote8k,True,True,
1824920,"IONQ,IONQ-WT","NYSE,NYSE",7373,Services-Computer Integrated Systems Design,"IonQ, Inc.","dMY Technology Group, Inc. III",2021-03-08,425,1,2021-10-04,2021-09-28,True,False,True,Legacy IonQ surviving the Merger,DMYI,IONQ,950000.0,,,10.0,super8k,False,True,
1784851,,,3990,Miscellaneous Manufacturing Industries,"Shapeways Holdings, Inc.",Galileo Acquisition Corp.,2021-04-28,425,1,2021-09-29,2021-09-28,True,False,True,Shapeways surviving as,WS,SHPW,11018352.0,,,10.09,super8k,True,True,
1825079,"VELO,VLDXW","Nasdaq,OTC",3559,"Special Industry Machinery, NEC","Velo3D, Inc.",JAWS Spitfire Acquisition Corp,2021-03-23,425,1,2021-09-28,2021-09-28,True,False,True,,WS,VLD,18215868.0,,,10.0,super8k,True,True,
1766146,,,6770,Blank Checks,Union Acquisition Corp. II,,2021-03-31,425,2,2021-09-23,2021-09-23,True,True,False,Holdco,LATN,,,,,,,True,True,
1830210,,,2000,Food and Kindred Products,"Benson Hill, Inc.",Star Peak Corp II,2021-05-10,425,1,2021-09-29,2021-09-28,True,False,True,"Merger, dated May 8, 2021",STPC,BHIL,30781843.0,,,10.0,vote8k,False,True,
1855457,KORE,NYSE,4899,"Communications Services, NEC","KORE Group Holdings, Inc.","King Pubco, Inc.",2021-09-22,425,0,,,True,False,True,,,KORE,,,,16.25,,False,True,
1662382,,,3841,Surgical & Medical Instruments & Apparatus,BRAIN SCIENTIFIC INC.,All Soft Gels Inc,,,2,2021-07-22,2021-07-16,False,False,False,,,,,,,,,False,False,
1866633,CCSI,Nasdaq,7372,Services-Prepackaged Software,"Consensus Cloud Solutions, Inc.",,,,0,,,False,False,False,,CCSI,CCSI,,,,,,False,False,
1816696,,,3674,Semiconductors & Related Devices,"Industrial Tech Acquisitions, Inc.",,2021-03-19,425,1,2021-10-07,2021-10-01,True,False,False,"March 18, 2021",ITAC,ITAC,,,,,,False,True,
1819113,,,8731,Services-Commercial Physical & Biological Research,"Science 37 Holdings, Inc.",Lifesci Acquisition II Corp.,2021-05-07,425,1,2021-10-06,2021-10-04,True,False,True,LSAQ,LSAQ,SNCE,2299493.0,,,10.0,super8k,True,True,
1819438,"GWH,GWH-WT","NYSE,NYSE",3690,"Miscellaneous Electrical Machinery, Equipment & Supplies","ESS Tech, Inc.",ACON S2 Acquisition Corp.,2021-05-07,425,1,2021-10-05,2021-10-05,True,False,True,"Merger, dated May 6, 2021",STWO,GWH,20754719.0,,,10.0,super8k,False,True,
766701,,,6798,Real Estate Investment Trusts,CAPSTEAD MORTGAGE CORP,,2021-07-26,425,13,2021-10-15,2021-10-15,True,False,False,,CMO,CMO,,,,,,False,False,
1820272,,,3312,"Steel Works, Blast Furnaces & Rolling Mills (Coke Ovens)",Legato Merger Corp.,,2021-05-25,425,1,2021-10-18,2021-10-14,True,False,False,,LEGO,LEGO,,,,,,True,True,
1562528,"FBRT,FBRT-PE","NYSE,NYSE",6798,Real Estate Investment Trusts,"Franklin BSP Realty Trust, Inc.","Benefit Street Partners Realty Trust, Inc.; Realty Finance Trust, Inc.; ARC Realty Finance Trust, Inc.",2021-07-26,425,10,2021-06-04,2021-06-03,True,False,True,,,FBRT,,,,,,False,False,
1820302,"BKKT,BKKT-WT","NYSE,NYSE",6199,Finance Services,"Bakkt, Inc.","Bakkt Holdings, Inc.; VPC Impact Acquisition Holdings",2021-01-11,425,1,2021-10-14,2021-10-14,True,False,True,"Merger, dated as of January 11, 2021",VIH,BKKT,,,,,,True,True,
1830180,,,7389,"Services-Business Services, NEC","Legacy EJY, Inc.","ENJOY TECHNOLOGY, INC./DE; ENJOY TECHNOLOGY OPERATING CORP. /DE; Marquee Raine Acquisition Corp.",2021-04-28,425,1,2021-10-13,2021-10-13,True,False,True,,MRAC,ENJY,,,,,,False,True,
1286043,KRG,NYSE,6798,Real Estate Investment Trusts,KITE REALTY GROUP TRUST,,2021-07-19,425,15,2021-10-19,2021-10-13,True,False,False,Merger Sub continuing as the surviving entity and,KRG,KRG,,,,,,False,False,
1856031,"SEAT,SEATW","Nasdaq,Nasdaq",7990,Services-Miscellaneous Amusement & Recreation,Vivid Seats Inc.,,2021-04-22,425,0,,,True,False,False,,,SEAT,,,,,,False,False,
1836967,,,8000,Services-Health Services,ALKURI GLOBAL ACQUISITION CORP.,ARK GLOBAL ACQUISITION CORP.,2021-06-04,425,1,2021-10-20,2021-10-20,True,False,True,Merger Sub and Alkuri,KURI,KURI,,,,,,True,True,
1222840,,,6798,Real Estate Investment Trusts,"RETAIL PROPERTIES OF AMERICA, INC.",INLAND WESTERN RETAIL REAL ESTATE TRUST INC,2021-07-19,425,14,2021-10-19,2021-10-19,True,False,False,Merger Sub continuing as the surviving entity and,RPAI,RPAI,,,,,,False,False,
1719435,,,8082,Services-Home Health Care Services,"ASSISTED 4 LIVING, INC.",,,,1,2021-08-30,2021-08-30,False,False,False,,,,,,,,,True,False,
1809987,MIR,NYSE,3829,"Measuring & Controlling Devices, NEC","Mirion Technologies, Inc.",GS Acquisition Holdings Corp II,2021-06-17,425,1,2021-10-25,2021-10-19,True,False,True,"June 17, 2021",GSAH,MIR,14628610.0,,19.5,,super8k,False,True,19.5
1821769,NVTS,Nasdaq,3674,Semiconductors & Related Devices,Navitas Semiconductor Corp,Live Oak Acquisition Corp II,2021-05-07,425,1,2021-10-13,2021-10-12,True,False,True,"May 6, 2021, by and among LOKB, Live Oak Merger Sub Inc",LOKB,NVTS,10135544.0,,,10.0,super8k,True,True,
1813756,,,6512,Opeators of  Nonresidential Buildings,WeWork Inc.,BowX Acquisition Corp.,2021-03-26,425,1,2021-10-20,2021-10-19,True,True,True,Prior WeWork,BOWX,WE,,,,10.0,,True,True,
1833214,"SABS,SABSW","Nasdaq,Nasdaq",2836,"Biological Products, (No Diagnostic Substances)","SAB Biotherapeutics, Inc.",Big Cypress Acquisition Corp.,2021-06-22,425,1,2021-10-21,2021-10-20,True,False,True,,BCYP,SABS,8030289.0,,,10.1,super8k,False,True,
1820201,,,7841,Services-Video Tape Rental,Redbox Entertainment Inc.,Seaport Global Acquisition Corp,2021-07-08,PREM14A,1,2021-10-21,2021-10-20,False,False,True,"May 16, 2021",SGAM,RDBX,12346223.0,,,10.1,super8k,True,True,
1865631,"NN,NNAVW,NXNVW","Nasdaq,Nasdaq,OTC",3812,"Search, Detection, Navigation, Guidance, Aeronautical Sys",NEXTNAV INC.,Spartacus Acquisition Shelf Corp.,2021-06-10,425,0,,,True,False,True,,,NN,17444293.0,,,10.15,super8k,True,True,
1614184,,,6021,National Commercial Banks,Cadence Bancorporation,,2018-06-13,S-4,6,2021-08-10,2021-08-09,False,False,False,BancorpSouth Bank,CADE,CADE,,,,,,False,False,
726728,O,NYSE,6798,Real Estate Investment Trusts,REALTY INCOME CORP,,2021-04-29,425,17,2021-08-12,2021-08-12,True,False,False,,,,,,,,,False,False,
709337,FMNB,Nasdaq,6022,State Commercial Banks,FARMERS NATIONAL BANC CORP /OH/,,2019-09-05,425,16,2021-04-16,2021-04-15,True,False,False,Cortland Bancorp,FMNB,FMNB,,,,,,False,False,
1507385,,,6798,Real Estate Investment Trusts,"VEREIT, Inc.","American Realty Capital Properties, Inc.",2021-04-29,425,14,2021-08-12,2021-08-12,True,False,False,,,VER,,,,,,False,False,
1655020,,,1311,Crude Petroleum & Natural Gas,"Extraction Oil & Gas, Inc.","Extraction Oil & Gas, LLC",2021-05-10,425,5,2021-10-29,2021-10-29,True,False,False,"Extraction Oil & Gas, Inc",XOG,XOG,,,,,,False,False,
1509589,,,1311,Crude Petroleum & Natural Gas,"CIVITAS RESOURCES, INC.","Bonanza Creek Energy, Inc.",2020-11-09,425,11,2021-10-29,2021-10-29,True,False,True,"Extraction Oil & Gas, Inc",BCEI,CIVI,,,,,,False,False,
1832415,,,8000,Services-Health Services,"Better Therapeutics, Inc.",Mountain Crest Acquisition Corp II,2021-04-07,425,1,2021-10-27,2021-10-27,True,False,True,,MCAD,BTTX,4826260.0,,,,super8k,False,True,
1828108,"AUR,AUROW","Nasdaq,Nasdaq",7373,Services-Computer Integrated Systems Design,"Aurora Innovation, Inc.",Reinvent Technology Partners Y,2021-07-15,425,1,2021-11-03,2021-11-02,True,False,True,,RTPY,AUR,75458911.0,,,10.0,super8k,False,True,
1673481,"SEGG,LTRYW","Nasdaq,Nasdaq",7372,Services-Prepackaged Software,Sports Entertainment Gaming Global Corp,Lottery.com Inc.; Trident Acquisitions Corp.,2021-02-23,425,6,2021-10-28,2021-10-28,True,False,True,"February 21, 2021",TDAC,LTRY,20955.0,,,,vote8k,False,True,
1861449,,,3751,"Motorcycles, Bicycles & Parts","Bird Global, Inc.",,2021-05-12,425,0,,,True,False,False,,,BRDS,1.0,,,,super8k,False,True,
1880319,PRM,NYSE,2800,Chemicals & Allied Products,"Perimeter Solutions, Inc.","Perimeter Solutions, SA",2021-11-03,425,0,,,True,False,False,EverArc Holdings Limited,,PRM,,,,10.0,,False,False,
1846069,NXDR,NYSE,7370,"Services-Computer Programming, Data Processing, Etc.","Nextdoor Holdings, Inc.",Khosla Ventures Acquisition Co. II,2021-07-06,425,1,2021-11-03,2021-11-02,True,False,True,Nextdoor surviving the merger as,KVSB,KIND,1220000.0,,,,super8k,False,True,
1810546,EBC,Nasdaq,6035,"Savings Institution, Federally Chartered","Eastern Bankshares, Inc.",,,,1,2021-05-21,2021-05-21,False,False,False,"Century Bancorp, Inc",EBC,EBC,,,,,,False,False,
1822359,DCGO,Nasdaq,8000,Services-Health Services,DocGo Inc.,Motion Acquisition Corp.,2021-03-09,425,1,2021-11-05,2021-11-02,True,False,True,"Merger dated March 8, 2021",MOTN,DCGO,,,,18.0,,True,True,
1827980,,,7373,Services-Computer Integrated Systems Design,"Embark Technology, Inc.",Northern Genesis Acquisition Corp. II,2021-06-23,425,1,2021-11-10,2021-11-09,True,False,True,"June 22, 2021",,EMBK,,,,,,True,True,
1799191,"TOI,TOIIW","Nasdaq,Nasdaq",8011,Services-Offices & Clinics of  Doctors of  Medicine,"Oncology Institute, Inc.",DFP HEALTHCARE ACQUISITIONS CORP.,2021-06-28,425,0,,,True,False,True,,DFPH,TOI,17120363.0,,,10.0,super8k,False,True,
1426945,,,4731,Arrangement of  Transportation of  Freight & Cargo,"Echo Global Logistics, Inc.",,2021-10-05,PREM14A,14,2021-11-19,2021-11-19,False,False,False,"The Jordan Company, L",ECHO,ECHO,,,,,,False,False,
1840780,"LOCL,LOCLW","NYSE,OTC",0100,Agricultural Production-Crops,Local Bounti Corporation/DE,Leo Holdings III Corp.,2021-06-21,425,1,2021-11-17,2021-11-16,True,False,True,Common Stock,LIII,LOCL,25798719.0,,,10.0,super8k,True,True,
1864448,,,7374,Services-Computer Processing & Data Preparation,Wejo Group Ltd,,2021-05-28,425,0,,,True,False,False,"Merger, dated as of May 28, 2021",,WEJO,13275691.0,,,10.0,super8k,True,True,
1381531,,,2621,Paper Mills,Domtar CORP,,2007-02-02,S-4,14,2021-07-29,2021-07-29,False,False,False,Karta Halten B,,,,,40.0,,super8k,False,False,40.0
225648,,,4991,Cogeneration Services & Small Power Producers,COVANTA HOLDING CORP,DANIELSON HOLDING CORP,1996-07-05,S-4,15,2021-10-13,2021-10-12,False,False,False,"Covert Mergeco, Inc",CVA,CVA,,,4.875,,super8k,False,False,4.875
1823340,,,6770,Blank Checks,Altimeter Growth Corp.,,2021-04-13,425,1,2021-11-30,2021-11-30,True,True,False,,AGC,AGC,,,,10.0,,False,True,
1518720,,,5990,"Retail-Retail Stores, NEC","BIGtoken, Inc.","Force Protection Video Equipment Corp.; Enhance-Your-Reputation.com, Inc.; M Street Gallery Inc.",,,0,,,False,False,True,BritePool surviving such merger as,,,,,,,,False,False,
357173,OSBC,Nasdaq,6022,State Commercial Banks,OLD SECOND BANCORP INC,,2021-07-26,425,14,2021-11-30,2021-11-30,True,False,False,"West Suburban Bancorp, Inc",OSBC,OSBC,,,,,,False,False,
1402057,CDW,Nasdaq,5961,Retail-Catalog & Mail-Order Houses,CDW Corp,"VH Holdings, Inc.",2010-09-07,S-4,9,2021-05-21,2021-05-19,False,False,False,,CDW,,,,,,,False,False,
1828957,,,6770,Blank Checks,Codere Online U.S. Corp.,DD3 Acquisition Corp. II,2021-06-22,425,1,2021-11-19,2021-11-18,True,True,True,DD3 Acquisition Corp,DDMX,DDMX,,,,,,False,True,
1276187,"ET,ET-PI","NYSE,NYSE",4922,Natural Gas Transmission,Energy Transfer LP,"Energy Transfer Equity, L.P.; LAGRANGE ENERGY LP",2019-09-16,425,0,,,True,False,False,LP Merger Sub with and into Enable,,,,,7.625,,super8k,False,True,7.625
1591763,,,4922,Natural Gas Transmission,"Enable Midstream Partners, LP",,2021-02-17,425,1,2021-05-12,2021-05-07,True,False,False,LP Merger Sub with and into the Partnership,,ENBL,,,,,,False,False,
1790665,,,5990,"Retail-Retail Stores, NEC",Greenrose Holding Co Inc.,Greenrose Acquisition Corp.; Greenrose Acquisition Corp,2021-06-04,PREM14A,1,2021-10-27,2021-10-27,False,False,True,"Theraplant, LLC",,,,,,,,True,True,
1835378,,,7372,Services-Prepackaged Software,Innovid Corp.,ION Acquisition Corp 2 Ltd.,2021-06-24,425,1,2021-11-30,2021-11-30,True,False,True,,WS,CTV,,,,11.5,,False,True,
1130310,CNP,NYSE,4911,Electric Services,CENTERPOINT ENERGY INC,CENTERPOINT ENERGY INC; RELIANT ENERGY REGCO INC,2021-02-17,425,12,2021-04-26,2021-04-23,True,False,False,Elk Merger Sub LLC,CNP,CNP,,,,,,False,False,
1866175,CRGY,NYSE,1311,Crude Petroleum & Natural Gas,Crescent Energy Co,IE PubCo Inc.,2021-06-08,425,0,,,True,False,True,,,,,,,,,False,True,
1835567,,,8000,Services-Health Services,"Pear Therapeutics, Inc.",Thimble Point Acquisition Corp.,2021-06-22,425,2,2021-11-30,2021-11-30,True,False,True,"Oz Merger Sub, Inc",THMA,PEAR,26767101.0,,30.6,10.0,super8k,True,True,30.6
1840776,HGTY,NYSE,6411,"Insurance Agents, Brokers & Service","Hagerty, Inc.",Aldel Financial Inc.,2021-08-18,425,1,2021-12-03,2021-12-01,True,False,True,"August 17, 2021",ADF,HGTY,3005034.0,,,,super8k,False,True,
1832511,"PIII,PIIIW","Nasdaq,Nasdaq",8000,Services-Health Services,P3 Health Partners Inc.,Foresight Acquisition Corp.,2021-05-25,425,3,2021-12-03,2021-12-03,True,False,True,"May 25, 2021",FORE,PIII,27887684.0,,,,vote8k,False,True,
1828972,"BZFD,BZFDW","Nasdaq,Nasdaq",4899,"Communications Services, NEC","BuzzFeed, Inc.","890 5th Avenue Partners, Inc.",2021-06-24,425,1,2021-12-02,2021-12-02,True,False,True,"Merger, dated June 24, 2021",ENFA,BZFD,27133519.0,,,10.0,super8k,True,True,
1874944,,,7340,Services-To Dwellings & Other Buildings,"Vacasa, Inc.","Vacasa, Inc.",2021-07-29,425,0,,,True,False,False,"July 28, 2021",,VCSA,,,50.3,,super8k,False,True,50.3
1844862,"SLDP,SLDPW","Nasdaq,Nasdaq",3690,"Miscellaneous Electrical Machinery, Equipment & Supplies","Solid Power, Inc.",Decarbonization Plus Acquisition Corp III,2021-06-15,425,1,2021-12-07,2021-12-07,True,False,True,"Reorganization, dated June 15, 2021",DCRC,SLDP,,,,11.5,,True,True,
1836981,"BBAI,BBAI-WT","NYSE,NYSE",7372,Services-Prepackaged Software,"BigBear.ai Holdings, Inc.","GigCapital4, Inc.",2021-08-09,PREM14A,1,2021-12-03,2021-12-03,False,False,True,BigBear,GIG,BBAI,24878693.0,,,11.5,super8k,True,True,
1836833,PL,NYSE,3663,Radio & Tv Broadcasting & Communications Equipment,Planet Labs PBC,"dMY Technology Group, Inc. IV",2021-07-07,425,1,2021-12-06,2021-12-03,True,False,True,Photon Merger Sub Inc,DMYQ,PL,689670.0,,,10.0,super8k,True,True,
1828723,,,4911,Electric Services,"Altus Power, Inc.","CBRE Acquisition Holdings, Inc.",2021-07-13,425,1,2021-12-07,2021-12-06,True,False,True,"July 12, 2021",CBAH,AMPS,19101146.0,,,10.0,super8k,False,True,
1828672,,,5961,Retail-Catalog & Mail-Order Houses,"Boxed, Inc.",Seven Oaks Acquisition Corp.,2021-06-14,425,1,2021-12-07,2021-12-07,True,False,True,"Blossom Merger Sub, Inc",SVOK,BOXD,18098335.0,,,10.0,super8k,True,True,
1827075,,,7372,Services-Prepackaged Software,CVENT HOLDING CORP.,Dragoneer Growth Opportunities Corp. II; Dragoneer Growth Opportunities Beta Corp.,2021-07-23,425,1,2021-12-07,2021-12-07,True,False,True,,DGNS,,23313333.0,,,10.0,super8k,True,True,
890394,PRSO,Nasdaq,3674,Semiconductors & Related Devices,Peraso Inc.,"MoSys, Inc.; MONOLITHIC SYSTEM TECHNOLOGY INC",2021-09-30,PREM14A,13,2021-12-02,2021-12-01,False,False,True,,MOSY,PRSO,,,,,,False,False,
1843762,,,2834,Pharmaceutical Preparations,"EQRx, Inc.",CM Life Sciences III Inc.,2021-08-06,425,1,2021-12-17,2021-12-16,True,False,True,,CMLT,EQRX,39587066.0,,,10.0,super8k,False,True,
1840572,LUCK,NYSE,7900,Services-Amusement & Recreation Services,Lucky Strike Entertainment Corp,Bowlero Corp.; Isos Acquisition Corp.,2021-07-01,425,1,2021-12-15,2021-12-14,True,False,True,"July 1, 2021, as amended",ISOS,BOWL,,,,,,True,True,
1833769,HYPR,Nasdaq,3845,Electromedical & Electrotherapeutic Apparatus,"Hyperfine, Inc.",HealthCor Catalio Acquisition Corp.,2021-07-08,425,1,2021-12-22,2021-12-21,True,False,True,"July 7, 2021",HCAQ,HYPR,17142244.0,,,10.0,super8k,False,True,
34067,BOOM,Nasdaq,3390,Miscellaneous Primary Metal Products,DMC Global Inc.,DYNAMIC MATERIALS CORP,,,13,2021-05-14,2021-05-12,False,False,False,,BOOM,BOOM,,,,,,False,False,
1838672,,,7370,"Services-Computer Programming, Data Processing, Etc.","AdTheorent Holding Company, Inc.",MCAP Acquisition Corp,2021-07-27,425,1,2021-12-21,2021-12-21,True,False,True,MCAP,MACQ,ADTH,25220904.0,,,10.0008,super8k,True,True,
1823144,GPGI,NYSE,6199,Finance Services,"GPGI, Inc.","CompoSecure, Inc.; Roman DBDR Tech Acquisition Corp.",2021-04-19,425,1,2021-12-23,2021-12-23,True,False,True,Merger,DBDR,CMPO,,,,11.5,,True,True,
1822711,,,2834,Pharmaceutical Preparations,"PARDES BIOSCIENCES, INC.",FS Development Corp. II,2021-06-29,425,1,2021-12-23,2021-12-23,True,False,True,"Merger, dated as of June 29, 2021",FSII,PRDS,243989.0,,,,super8k,True,True,
1836176,,,3440,Fabricated Structural Metal Products,Fathom Digital Manufacturing Corp,Fathom Digital Manufacturing; Altimar Acquisition Corp. II,2021-07-16,425,1,2021-12-21,2021-12-21,True,False,True,"July 15, 2021, as amended by Amendment No",ATMR,FATH,,,,11.5,,True,True,
1822523,AFCG,Nasdaq,,,Advanced Flower Capital Inc.,"AFC Gamma, Inc.",,,1,2021-10-01,2021-09-30,False,False,False,,AFCG,AFCG,,,,,,False,False,
802681,,,6022,State Commercial Banks,BRYN MAWR BANK CORP,,2021-03-10,425,14,2021-06-11,2021-06-10,True,False,False,,BMTC,BMTC,,,,,,False,False,
857855,UCB,NYSE,6022,State Commercial Banks,UNITED COMMUNITY BANKS INC,,2021-05-27,425,12,2021-05-13,2021-05-12,True,False,False,"Reliant Bancorp, Inc",UCBI,UCBI,,,,,,False,False,
828944,WSFS,Nasdaq,6021,National Commercial Banks,WSFS FINANCIAL CORP,,2021-03-10,425,14,2021-06-11,2021-06-10,True,False,False,,WSFS,WSFS,,,,,,False,False,
1411494,,,6282,Investment Advice,"Apollo Asset Management, Inc.","Apollo Global Management, Inc.; Apollo Global Management LLC",2021-03-08,425,3,2021-12-17,2021-12-17,True,False,True,"Merger, dated as of March 8, 2021",APO,,,,,,,False,False,
798941,"FCNCA,FCNCB,FCNCN,FCNCO,FCNCP","Nasdaq,OTC,Nasdaq,Nasdaq,Nasdaq",6022,State Commercial Banks,FIRST CITIZENS BANCSHARES INC /DE/,,2020-10-16,425,16,2021-04-30,2021-04-30,True,False,False,CIT Group Inc,FCNCA,FCNCA,,,,,,False,False,
1843388,,,3812,"Search, Detection, Navigation, Guidance, Aeronautical Sys","Virgin Orbit Holdings, Inc.",NextGen Acquisition Corp. II,2021-08-23,425,1,2021-12-29,2021-12-28,True,False,True,"Pulsar Merger Sub, Inc",NGCA,VORB,31480291.0,,,,super8k,True,True,
874238,STRL,Nasdaq,1600,Heavy Construction Other Than Bldg Const - Contractors,"STERLING INFRASTRUCTURE, INC.",STERLING CONSTRUCTION CO INC; OAKHURST CO INC; OAKHURST CAPITAL INC,,,13,2021-05-05,2021-05-05,False,False,True,,,,,,,,,False,False,
1141807,,,6035,"Savings Institution, Federally Chartered",1ST CONSTITUTION BANCORP,,2019-08-30,425,12,2021-12-07,2021-12-03,True,False,False,,FCCY,FCCY,,,,,,True,True,
1840292,,,4911,Electric Services,"Heliogen, Inc.",Athena Technology Acquisition Corp.,2021-07-07,425,1,2021-12-29,2021-12-28,True,False,True,Legacy Heliogen surviving the Merger,ATHN,HLGN,22730356.0,,,11.5,super8k,False,True,
1841408,"DAVE,DAVEW","Nasdaq,Nasdaq",6199,Finance Services,Dave Inc./DE,"VPC Impact Acquisition Holdings III, Inc.",2021-06-07,425,1,2022-01-04,2022-01-04,True,False,True,,VPCC,DAVE,22417767.0,,,10.0,super8k,True,True,
1810560,"REVB,REVBW","Nasdaq,Nasdaq",2834,Pharmaceutical Preparations,"REVELATION BIOSCIENCES, INC.",Petra Acquisition Inc.,2021-09-02,425,2,2022-01-12,2022-01-06,True,False,True,"August 29, 2021",PAIC,REVB,3480362.0,,,10.2,super8k,False,True,
1260968,,,6022,State Commercial Banks,MARLIN BUSINESS SERVICES CORP,MARLIN BUSINESS SERVICES INC,2021-06-16,PREM14A,13,2021-08-05,2021-08-04,False,False,False,"Madeira Merger Subsidiary, Inc",MRLN,MRLN,,,,,,False,False,
1805087,,,2834,Pharmaceutical Preparations,"GELESIS HOLDINGS, INC.",CAPSTAR SPECIAL PURPOSE ACQUISITION CORP.,2021-07-19,425,1,2022-01-12,2022-01-11,True,False,True,"July 19, 2021",CPSR,GLS,26844777.0,,,,super8k,True,True,
1819395,,,7000,"Hotels, Rooming Houses, Camps & Other Lodging Places",Sonder Holdings Inc.,"Sonder Holdings, Inc.; Gores Metropoulos II, Inc.",2021-04-30,425,1,2022-01-21,2022-01-14,True,False,True,,GMII,SOND,43343665.0,,,10.0,super8k,True,True,
1390162,,,6022,State Commercial Banks,Howard Bancorp Inc,,2021-07-13,425,13,2021-11-09,2021-11-09,True,False,False,F.N,HBMD,HBMD,,,,,,False,False,
1839341,"CORZ,CORZR,CORZW,CORZZ","Nasdaq,OTC,Nasdaq,Nasdaq",6199,Finance Services,"Core Scientific, Inc./tx",Power & Digital Infrastructure Acquisition Corp.,2021-07-21,425,1,2022-01-20,2022-01-19,True,False,True,Merger Sub with and into Core Scientific,XPDI,CORZ,12347077.0,,,10.0,super8k,False,True,
1828049,,,6770,Blank Checks,CF Acquisition Corp. V,,2021-07-06,425,4,2022-01-25,2022-01-24,True,True,False,,CFV,CFV,23143646.0,,,,super8k,False,True,
1823587,"SKYH,SKYH-WT","NYSE,NYSE",6500,Real Estate,Sky Harbour Group Corp,Yellowstone Acquisition Co,2021-10-22,PREM14A,2,2022-01-26,2022-01-25,False,True,True,"August 1, 2021",YSAC,SKYH,12061041.0,,,10.2,super8k,True,True,
1070154,,,6021,National Commercial Banks,STERLING BANCORP,PROVIDENT NEW YORK BANCORP; PROVIDENT BANCORP INC/NY/,2021-04-19,425,15,2021-08-18,2021-08-17,True,False,False,Webster Financial Corporation,STL,STL,,,,,,False,False,
860413,FIBK,Nasdaq,6022,State Commercial Banks,FIRST INTERSTATE BANCSYSTEM INC,FIRST INTERSTATE BANCSYSTEM OF MONTANA INC,2021-09-16,425,16,2022-01-20,2022-01-19,True,False,False,"First Interstate BancSystem, Inc",FIBK,FIBK,,,,,,False,False,
1613665,,,6022,State Commercial Banks,"Great Western Bancorp, Inc.",,2021-09-16,425,8,2022-01-20,2022-01-19,True,False,False,"Great Western Bancorp, Inc",GWB,GWB,,,,,,False,False,
801337,"WBS,WBS-PF,WBS-PG","NYSE,NYSE,NYSE",6021,National Commercial Banks,WEBSTER FINANCIAL CORP,,2021-04-19,425,14,2021-08-18,2021-08-18,True,False,False,Sterling Bancorp,WBS,WBS,,,,,,False,False,
1805833,"SST,SSTPW","NYSE,OTC",7370,"Services-Computer Programming, Data Processing, Etc.","System1, Inc.",Trebia Acquisition Corp.,2021-06-29,425,1,2022-01-21,2022-01-20,True,False,True,,TREB,SST,51046892.0,,,10.0,super8k,False,True,
1136352,,,4923,Natural Gas Transmisison & Distribution,Crestwood Equity Partners LP,INERGY L P,2021-10-26,425,1,2021-06-10,2021-06-07,True,False,False,,CEQP,,,,40.0,,super8k,False,True,40.0
1810491,,,4832,Radio Broadcasting Stations,"Anghami (DE), Inc.",Vistas Media Acquisition Co Inc.,2021-03-04,425,1,2022-01-20,2022-01-19,True,False,True,,VMAC,VMAC,,,,,,True,True,
1652133,,,1381,Drilling Oil & Gas Wells,Oasis Midstream Partners LP,,2021-10-26,425,1,2022-01-31,2022-01-29,True,False,False,,OMP,,,,40.0,,super8k,False,True,40.0
1486159,CHRD,Nasdaq,1311,Crude Petroleum & Natural Gas,Chord Energy Corp,Oasis Petroleum Inc.,2021-10-26,425,13,2021-05-04,2021-04-28,True,False,True,,OAS,OAS,,,,,,False,False,
1822691,,,2836,"Biological Products, (No Diagnostic Substances)","GreenLight Biosciences Holdings, PBC",Environmental Impact Acquisition Corp,2021-08-10,425,1,2022-02-02,2022-02-01,True,False,True,"GreenLight Biosciences, Inc",ENVI,GRNA,19490000.0,,85.0,10.0,super8k,True,True,85.0
1637207,PLNT,NYSE,7997,Services-Membership Sports & Recreation Clubs,"Planet Fitness, Inc.",,,,6,2021-05-06,2021-05-03,False,False,False,,PLNT,PLNT,,,,,,False,False,
1891101,BRCC,NYSE,2080,Beverages,BRC Inc.,,2022-01-24,425,0,,,True,False,False,"PubCo Class A Common Stock, or",,BRCC,,,,,,False,True,
1832351,,,3440,Fabricated Structural Metal Products,"Fast Radius, Inc.",ECP Environmental Growth Opportunities Corp.,2021-07-19,425,1,2022-02-07,2022-02-02,True,False,True,Legacy Fast Radius surviving the Merger as,ENNV,FSRD,31512573.0,,,11.5,super8k,False,True,
1785592,,,7372,Services-Prepackaged Software,"Leafly Holdings, Inc. /DE",Merida Merger Corp. I,2021-08-09,425,3,2022-02-01,2022-02-01,True,False,True,First Merger Sub with and into Legacy Leafly,MCMJ,LFLY,8869483.0,,,11.5,super8k,False,True,
1498233,,,3714,Motor Vehicle Parts & Accessories,"Cepton, Inc.","Growth Capital Acquisition Corp.; PinstripesNYS, Inc.",2021-08-05,425,1,2022-02-09,2022-02-03,True,False,True,,GCAC,CPTN,15589540.0,,,10.0,super8k,True,True,
1836707,,,6770,Blank Checks,SBEA Merger Sub LLC,SILVERBOX ENGAGED MERGER CORP I,2021-11-02,425,1,2022-02-04,2022-02-03,True,True,True,"PubCo Class A Common Stock, or",SBEA,,,,,11.5,,False,True,
1794621,,,3714,Motor Vehicle Parts & Accessories,"Quanergy Systems, Inc.",CITIC Capital Acquisition Corp.,2021-06-22,425,1,2022-01-31,2022-01-31,True,False,True,"Merger, dated June 21, 2021",CCAC,,15027987.0,,,18.0,super8k,True,True,
1828536,NRGV,NYSE,3690,"Miscellaneous Electrical Machinery, Equipment & Supplies","Energy Vault Holdings, Inc.","Energy Vault Holdings, Inc.; Novus Capital Corp II",2021-09-09,425,1,2022-02-10,2022-02-10,True,False,True,Reorganization,NXU,WS,24670922.0,,45.0,10.0,super8k,True,True,45.0
1820566,,,6770,Blank Checks,Inspirato Inc,Thayer Ventures Acquisition Corp,2021-06-30,425,1,2022-02-14,2022-02-08,True,True,True,,TVAC,TVAC,16993592.0,,5.0,10.2,super8k,True,True,5.0
1622879,,,8742,Services-Management Consulting Services,"Medicine Man Technologies, Inc.",,,,6,2021-12-14,2021-12-09,False,False,False,,,,,,,,,False,False,
707179,"ONB,ONBPO,ONBPP","Nasdaq,Nasdaq,Nasdaq",6021,National Commercial Banks,OLD NATIONAL BANCORP /IN/,OLD NATIONAL TRUST CO; OLD NATIONAL BANCORP,2021-06-01,425,15,2021-09-16,2021-09-15,True,False,False,Old National Bancorp,ONB,ONB,,,,,,False,False,
702325,,,6021,National Commercial Banks,FIRST MIDWEST BANCORP INC,,2019-08-28,425,14,2021-09-16,2021-09-15,True,False,False,"First Midwest Bancorp, Inc",FMBI,FMBI,,,,,,False,False,
1839412,,,1623,"Water, Sewer, Pipeline, Comm & Power Line Construction",QualTek Services Inc.,Roth CH Acquisition III Co,2021-08-11,PREM14A,1,2022-02-16,2022-02-14,False,False,True,"QualTek HoldCo, LLC",ROCR,QTEK,,,,,,False,False,
1692787,KNTK,NYSE,4922,Natural Gas Transmission,Kinetik Holdings Inc.,Altus Midstream Co; Kayne Anderson Acquisition Corp,2018-08-27,PREM14A,5,2022-02-14,2022-02-10,False,False,True,"October 21, 2021",ALTM,KNTK,2650000.0,,11.5,,super8k,False,True,11.5
64040,SPGI,NYSE,7320,"Services-Consumer Credit Reporting, Collection Agencies",S&P Global Inc.,MCGRAW HILL FINANCIAL INC; MCGRAW-HILL COMPANIES INC; MCGRAW HILL INC,2020-11-30,425,13,2021-05-11,2021-05-05,True,False,False,IHS Markit Ltd,SPGI,SPGI,,,4.125,,near8k,False,True,4.125
1598014,,,7370,"Services-Computer Programming, Data Processing, Etc.",IHS Markit Ltd.,Markit Ltd.,2020-11-30,425,6,2021-05-05,2021-05-05,True,False,False,S&P Global Inc,INFO,INFO,,,,,,False,False,
1461755,,,6022,State Commercial Banks,"Atlantic Capital Bancshares, Inc.",,2021-07-23,425,8,2021-11-17,2021-11-16,True,False,False,"Atlantic Capital Bancshares, Inc",ACBI,ACBI,,,,,,False,False,
1126115,,,7372,Services-Prepackaged Software,"LZG INTERNATIONAL, INC.",LAZYGROCER COM,,,0,,,False,False,False,,,,,,,,,False,False,
1838359,"RGTI,RGTIW","Nasdaq,Nasdaq",7371,Services-Computer Programming Services,"Rigetti Computing, Inc.","Supernova Partners Acquisition Co II, Ltd.",2021-10-06,425,1,2022-02-28,2022-02-28,True,True,True,,SNII,,,,,,,False,True,
1529463,,,1389,"Oil & Gas Field Services, NEC","FTS International, Inc.","FTS International, LLC; Frac Tech International, LLC",2021-11-19,PREM14A,3,2022-03-03,2022-03-03,False,False,False,,FTSI,FTSI,,,,,,False,False,
1822935,,,6770,Blank Checks,Healthcare Capital Corp/DE,,2021-07-08,425,3,2022-02-22,2022-02-18,True,True,False,,HCCC,HCCC,,,,,,True,True,
711477,,,6795,Mineral Royalty Traders,KIEWIT ROYALTY TRUST,,,,0,,,False,False,False,,,,,,,,,False,False,
1831236,,,6770,Blank Checks,Bridgetown 2 Holdings Ltd,Bridgetown 2 Holdings Limited,2021-07-23,425,1,2022-03-16,2022-03-15,True,True,False,,BTNB,BTNB,17733926.0,,,10.0,vote8k,True,True,
1838527,,,6770,Blank Checks,Spartan Acquisition Corp. III,,2021-07-28,425,1,2022-03-09,2022-03-08,True,True,False,,SPAQ,SPAQ,,,,,,True,True,
1827821,,,6200,"Security & Commodity Brokers, Dealers, Exchanges & Services","Forge Global Holdings, Inc.",Motive Capital Corp; MCF2 Acquisition Corp.,2021-09-13,425,1,2022-03-15,2022-03-15,True,False,True,New Forge,MOTV,FRGE,40638953.0,,,10.0,super8k,True,True,
1835512,,,3760,Guided Missiles & Space Vehicles & Parts,Terran Orbital Corp,Tailwind Two Acquisition Corp.,2021-10-28,425,1,2022-03-22,2022-03-22,True,False,True,,TWNT,LLAP,,,85.0,10.0,super8k,True,True,85.0
356171,TCBK,Nasdaq,6022,State Commercial Banks,TRICO BANCSHARES /,TRICO BANCSHARES,2021-07-28,425,16,2021-06-03,2021-05-27,True,False,False,,TCBK,TCBK,,,,,,False,False,
22701,SUNE,Nasdaq,1700,Construction - Special Trade Contractors,"SUNation Energy, Inc.","Pineapple Energy Inc.; Pineapple Holdings, Inc.; COMMUNICATIONS SYSTEMS INC; COMMUNICATIONS SYSTEMS INC/MN",2021-03-03,425,18,2022-03-25,2022-03-25,True,False,True,Pineapple Energy LLC,JCS,JCS,,,,,,False,False,
1836190,,,6770,Blank Checks,Queen's Gambit Growth Capital,,2021-07-28,425,1,2022-03-30,2022-03-30,True,True,False,,GMBT,GMBT,,,,10.0,,True,True,
1508171,,,,,SLR Senior Investment Corp.,Solar Senior Capital Ltd.,2021-12-01,425,11,2022-03-21,2022-03-21,True,False,False,,SUNS,SUNS,,,,,,False,False,
1418076,SLRC,Nasdaq,,,SLR Investment Corp.,Solar Capital Ltd.,2021-12-01,425,13,2022-03-21,2022-03-21,True,False,False,,SLRC,SLRC,,,,,,False,False,
1709442,FSUN,Nasdaq,6021,National Commercial Banks,FIRSTSUN CAPITAL BANCORP,,2021-05-11,425,1,2021-12-21,2021-10-18,True,False,False,"Pioneer Bancshares, Inc",,,,,,,,False,False,
1884697,,,4813,Telephone Communications (No Radiotelephone),"Starry Group Holdings, Inc.","Starry Holdings, Inc.",2021-10-07,425,0,,,True,False,True,,STRY,STRY,,,2.9,,super8k,True,True,2.9
1826333,,,6770,Blank Checks,Poema Global Holdings Corp.,,2021-09-16,425,1,2022-04-01,2022-03-31,True,True,False,Poema Global if,PPGH,PPGH,29506265.0,,,10.006,super8k,True,True,
1641991,,,3540,Metalworkg Machinery & Equipment,"SPX FLOW, Inc.",,2022-01-11,PREM14A,9,2022-03-03,2022-03-03,False,False,False,"Lone Star, as well as proceeds from debt financing",FLOW,FLOW,,,,,,False,False,
714256,SMTI,Nasdaq,3842,"Orthopedic, Prosthetic & Surgical Appliances & Supplies",Sanara MedTech Inc.,"WOUND MANAGEMENT TECHNOLOGIES, INC.; MB SOFTWARE CORP; INAV TRAVEL CORPORATION",,,6,2021-09-30,2021-09-30,False,False,False,Precision Healing being the surviving entity and becoming,SMTI,SMTI,,,,,,False,False,
1821586,MLTX,Nasdaq,2834,Pharmaceutical Preparations,MoonLake Immunotherapeutics,Helix Acquisition Corp,2022-03-24,425,1,2022-03-31,2022-03-31,True,False,True,,HLXA,MLTX,8080845.0,,,,vote8k,False,True,
1529274,ALKT,Nasdaq,7372,Services-Prepackaged Software,"ALKAMI TECHNOLOGY, INC.","ALKAMI TECHNOLOGY, INC,",,,0,,,False,False,False,Segmint Inc,ALKT,ALKT,,,,,,False,False,
1840856,"SOUN,SOUNW","Nasdaq,Nasdaq",7372,Services-Prepackaged Software,"SOUNDHOUND AI, INC.",Archimedes Tech Spac Partners Co,2021-11-16,425,0,,,True,False,True,"November 15, 2021",ATSPU,SOUN,12767950.0,5356628.0,,10.0,super8k,True,True,70.4
1822966,SMR,NYSE,3443,Fabricated Plate Work (Boiler Shops),NUSCALE POWER Corp,SPRING VALLEY ACQUISITION CORP.,2021-03-26,425,2,2022-04-29,2022-04-28,True,False,True,,SV,SMR,8599631.0,,,,vote8k,False,True,
1823652,"EVEX,EVEX-WT","NYSE,NYSE",3721,Aircraft,"Eve Holding, Inc.",Zanite Acquisition Corp.,2021-12-30,PREM14A,1,2022-05-06,2022-05-06,False,False,True,,ZNTE,EVEX,,,,,,True,True,
1821318,,,2834,Pharmaceutical Preparations,OTR Acquisition Corp.,,2022-01-31,425,2,2022-05-13,2022-05-10,True,False,False,Holdco,OTRA,OTRA,10279363.0,,,10.25,vote8k,False,True,
1907685,,,2834,Pharmaceutical Preparations,"Comera Life Sciences Holdings, Inc.",,2022-02-04,425,0,,,True,False,False,Holdco,,CMRA,,,,,,True,True,
1802450,MSPR,OTC,7374,Services-Computer Processing & Data Preparation,"MSP Recovery, Inc.",Lionheart Acquisition Corp. II; Lionheart Acquisition Corp.,2021-07-12,425,2,2022-05-19,2022-05-18,True,False,True,"July 11, 2021",LCAP,MSPR,9741374.0,,,10.11,super8k,True,True,
42682,GRC,NYSE,3561,Pumps & Pumping Equipment,GORMAN RUPP CO,,,,14,2022-04-29,2022-04-28,False,False,False,,GRC,GRC,,,,,,False,False,
1819253,BTMD,Nasdaq,2833,Medicinal Chemicals & Botanical Products,biote Corp.,Haymaker Acquisition Corp. III,2022-02-11,PREM14A,1,2022-05-25,2022-05-24,False,False,True,,HYAC,BTMD,13730000.0,,5.0,,super8k,True,True,5.0
1820872,GBTG,NYSE,4700,Transportation Services,"Global Business Travel Group, Inc.",Apollo Strategic Growth Capital,2021-12-03,425,1,2022-05-25,2022-05-25,True,False,True,,APSG,,77514764.0,,,,super8k,True,True,
1823383,,,6770,Blank Checks,Globis Acquisition Corp.,,2021-12-20,425,2,2022-06-10,2022-06-09,True,True,False,Forafric Agro Holdings Limited,GLAQ,GLAQ,9612536.0,,,11.5,super8k,False,True,
1703785,,,1311,Crude Petroleum & Natural Gas,STR Sub Inc.,Sitio Royalties Corp.; Falcon Minerals Corp; Osprey Energy Acquisition Corp,2018-06-14,PREM14A,6,2022-06-06,2022-06-03,False,False,True,"Merger, dated as of January 11, 2022",FLMN,STR,,,,,,False,True,
1837240,SYM,Nasdaq,3569,"General Industrial Machinery & Equipment, NEC",Symbotic Inc.,SVF Investment Corp. 3; SVF Investment III Corp.,2021-12-13,425,1,2022-06-03,2022-06-03,True,False,True,Symbotic,SVFC,SYM,27459854.0,,0.9,10.01,super8k,True,True,0.9
1854270,SNTI,Nasdaq,2836,"Biological Products, (No Diagnostic Substances)","Senti Biosciences Holdings, Inc.","Senti Biosciences, Inc.; Senti Biosciences, Inc.\; Dynamics Special Purpose Corp.",2021-12-20,425,1,2022-06-07,2022-06-07,True,False,True,DYNS,DYNS,SNTI,14549537.0,,42.6,10.0,super8k,True,True,42.6
1903870,"AFRI,AFRIW","Nasdaq,Nasdaq",2040,Grain Mill Products,Forafric Global PLC,Globis NV Merger Corp.,2022-01-24,425,0,,,True,False,True,,GLAQ,AFRI,9612536.0,,,11.5,super8k,True,True,
1801602,"SBIG,SBIGW","OTC,OTC",7371,Services-Computer Programming Services,"SpringBig Holdings, Inc.",Tuatara Capital Acquisition Corp,2021-11-09,425,1,2022-06-10,2022-06-09,True,False,True,,TCAC,SBIG,19123806.0,8771092.0,,10.01,super8k,True,True,68.6
1429764,BLNK,Nasdaq,3690,"Miscellaneous Electrical Machinery, Equipment & Supplies",Blink Charging Co.,"Car Charging Group, Inc.; NEW IMAGE CONCEPTS, INC",,,5,2021-09-03,2021-09-02,False,False,False,,BLNK,BLNK,,,,,,False,False,
1758009,QUBT,Nasdaq,7372,Services-Prepackaged Software,Quantum Computing Inc.,,,,1,2021-11-17,2021-11-12,False,False,False,Merger Sub II surviving the merger as,QUBT,QUBT,,,,,,False,False,
1841761,"GROV,GROVW","NYSE,OTC",5961,Retail-Catalog & Mail-Order Houses,"Grove Collaborative Holdings, Inc.",Virgin Group Acquisition Corp. II,2021-12-08,425,1,2022-06-15,2022-06-14,True,False,True,,VGII,GROV,39672045.0,,,11.5,super8k,False,True,
1847127,,,6770,Blank Checks,"Gores Guggenheim, Inc.",,2021-09-27,425,1,2022-06-22,2022-06-22,True,True,False,GGI surviving the merger as,GGPI,GGPI,,,,,,False,True,
1839434,,,6770,Blank Checks,EJF Acquisition Corp.,,2021-09-15,425,1,2022-06-21,2022-06-15,True,True,False,,EJFA,EJFA,,,,,,True,True,
866829,HLX,NYSE,1389,"Oil & Gas Field Services, NEC",HELIX ENERGY SOLUTIONS GROUP INC,CAL DIVE INTERNATIONAL INC,2006-04-03,S-4,13,2022-05-20,2022-05-20,False,False,False,,HLX,HLX,,,,,,False,False,
1601548,VVX,NYSE,8744,Services-Facilities Support Management Services,"V2X, Inc.","Vectrus, Inc.; Exelis MSCO Inc.",2022-04-27,PREM14A,8,2022-06-15,2022-06-15,False,False,True,"Merger, dated as of March 7, 2022",,,,,,,,False,False,
1062128,,,2840,"Soap, Detergents, Cleang Preparations, Perfumes, Cosmetics","Manuka, Inc.","Artemis Therapeutics, Inc.; NEW YORK GLOBAL INNOVATIONS INC.; INKSURE TECHNOLOGIES INC.; INKSURE TECHNOLOGIES INC; LIL MARC INC",2013-11-25,PREM14A,4,2014-02-14,2014-02-14,False,False,True,,ATMS,ATMS,,,,,,False,False,
1909152,,,0100,Agricultural Production-Crops,Kalera Public Ltd Co,,2022-04-22,425,0,,,True,False,False,,,KAL,14347974.0,,,,super8k,False,True,
1582244,,,4923,Natural Gas Transmisison & Distribution,Corning Natural Gas Holding Corp,,2013-08-01,S-4,7,2021-06-01,2021-05-27,False,False,False,,,,,,,,,False,False,
1255474,,,1311,Crude Petroleum & Natural Gas,Whiting Holdings LLC,WHITING PETROLEUM CORP; WHITING PETROLEUM HOLDINGS INC,2022-03-07,425,14,2022-06-28,2022-06-28,True,False,True,Whiting Holdings LLC,WLL,WLL,,,,,,False,False,
1682325,,,7374,Services-Computer Processing & Data Preparation,GTY Technology Holdings Inc.,,2019-01-11,S-4,9,2022-06-30,2022-06-30,False,False,False,Merger,GTYH,GTYH,,,,18.0,,False,False,
926282,ADTN,Nasdaq,3661,Telephone & Telegraph Apparatus,"ADTRAN Holdings, Inc.",ADTRAN INC,2021-08-30,425,14,2022-05-13,2022-05-11,True,False,True,,ADTN,ADTN,,,,,,False,False,
1441693,,,2870,Agricultural Chemicals,"Pro Farm Group, Inc.",MARRONE BIO INNOVATIONS INC; MARRONE ORGANICS INNOVATIONS INC,2022-03-16,425,9,2022-07-11,2022-07-08,True,False,True,"Pro Farm Group, Inc",MBII,MBII,,,,,,False,False,
1711291,,,6199,Finance Services,CURO Group Holdings Corp.,,,,4,2022-06-17,2022-06-15,False,False,False,,,,,,,,,False,False,
1850270,PROK,Nasdaq,2836,"Biological Products, (No Diagnostic Substances)",PROKIDNEY CORP.,Social Capital Suvretta Holdings Corp. III,2022-02-14,PREM14A,2,2022-07-12,2022-07-08,False,False,True,,DNAC,PROK,22829769.0,,,10.0,super8k,True,True,
1821169,,,7372,Services-Prepackaged Software,"Global SPAC Partners Co,",,2021-12-22,425,3,2022-07-20,2022-07-13,True,False,False,Companies,GLSPU,GLSPU,,,,10.21,,True,True,
1828852,,,4700,Transportation Services,"Mondee Holdings, Inc.",ITHAX Acquisition Corp.,2021-12-20,425,1,2022-07-15,2022-07-15,True,False,True,New Mondee,ITHX,MOND,23311532.0,,5.0,10.0,super8k,True,True,5.0
1272830,,,4813,Telephone Communications (No Radiotelephone),VONAGE HOLDINGS CORP,,2021-12-20,PREM14A,13,2022-02-10,2022-02-09,False,False,False,Telefonaktiebolaget LM Ericsson,VG,VG,,,,,,False,False,
866368,,,6798,Real Estate Investment Trusts,"PS BUSINESS PARKS, INC./MD",PS BUSINESS PARKS INC/CA; PUBLIC STORAGE PROPERTIES XI INC,1998-02-02,S-4,16,2022-07-15,2022-07-15,False,False,True,,PSB,PSB,,,,,,False,False,
1839360,,,7990,Services-Miscellaneous Amusement & Recreation,FaZe Holdings Inc.,B. Riley Principal 150 Merger Corp.,2021-10-25,425,1,2022-07-15,2022-07-15,True,False,True,,BRPM,FAZE,,,,10.0,,False,True,
1842279,OPAL,Nasdaq,4932,Gas & Other Services Combined,OPAL Fuels Inc.,ArcLight Clean Transition Corp. II,2021-12-02,425,1,2022-07-18,2022-07-15,True,False,True,,ACTD,OPAL,27364124.0,37596579.0,,10.0,super8k,True,True,42.1
1898496,GETY,NYSE,7389,"Services-Business Services, NEC","Getty Images Holdings, Inc.","VECTOR HOLDING, LLC",2022-02-23,425,0,,,True,False,True,New CCNB,,GETY,82291689.0,,,10.03,super8k,True,True,
1823466,"NOTE,NOTEW","OTC,OTC",7389,"Services-Business Services, NEC","FiscalNote Holdings, Inc.",Duddell Street Acquisition Corp.,2021-11-08,425,1,2022-07-28,2022-07-28,True,False,True,"November 7, 2021",DSAC,NOTE,11408314.0,,,10.0,super8k,True,True,
1814140,,,2834,Pharmaceutical Preparations,"Apexigen, Inc.",Brookline Capital Acquisition Corp.,2022-03-18,425,3,2022-08-04,2022-07-29,True,False,True,,BCAC,APGN,4618607.0,,5.0,10.22,super8k,True,True,5.0
1823575,,,7389,"Services-Business Services, NEC","ZeroFox Holdings, Inc.",L&F Acquisition Corp.,2021-12-20,425,2,2022-08-02,2022-08-02,True,False,True,,LNFA,ZFOX,2419687.0,,,10.177,vote8k,False,True,
1907982,QBTS,NYSE,7374,Services-Computer Processing & Data Preparation,D-Wave Quantum Inc.,,2022-02-08,425,1,2022-08-05,2022-08-02,True,False,False,"D-Wave Quantum, with the stockholders of DPCM receiving",,QBTS,29140000.0,,,,super8k,True,True,
1842356,,,7200,Services-Personal Services,Wag! Group Co.,CHW Acquisition Corp,2022-02-03,425,1,2022-08-02,2022-07-28,True,False,True,CHW,CHWA,PET,9593970.0,,15.0,,super8k,True,True,15.0
1862068,,,7372,Services-Prepackaged Software,"Rubicon Technologies, Inc.",Founder SPAC,2021-12-16,425,1,2022-08-03,2022-08-02,True,False,True,"Merger, dated as of December 15, 2021",FOUN,WS,,,50.0,18.0,near8k,True,True,50.0
1850266,,,3841,Surgical & Medical Instruments & Apparatus,"Akili, Inc.",Social Capital Suvretta Holdings Corp. I,2022-01-26,425,1,2022-08-19,2022-08-18,True,False,True,,DNAA,AKLI,,,,,,False,False,
1748773,,,4922,Natural Gas Transmission,RATTLER MIDSTREAM LP,RATTLER MIDSTREAM PARTNERS LP,2022-05-16,425,1,2022-05-16,2022-05-16,True,False,False,,RTLR,RTLR,,,,,,False,False,
1806347,WEST,Nasdaq,2080,Beverages,Westrock Coffee Co,"Westrock Coffee Holdings, LLC",2022-04-04,425,0,,,True,False,True,Riverview Acquisition Corp,,WEST,,,,,,False,False,
711377,NEOG,Nasdaq,2835,In Vitro & In Vivo Diagnostic Substances,NEOGEN CORP,,2021-12-14,425,13,2022-08-18,2022-08-17,True,False,False,Neogen and 3M’s food safety business,NEOG,NEOG,,,,,,False,False,
1841800,,,7389,"Services-Business Services, NEC","Nogin, Inc.",Software Acquisition Group Inc. III,2022-02-14,425,1,2022-08-23,2022-08-22,True,False,True,,SWAG,NOGN,9611111.0,,7.0,18.0,super8k,True,True,7.0
1508381,,,3842,"Orthopedic, Prosthetic & Surgical Appliances & Supplies",Bionik Laboratories Corp.,"Drywave Technologies, Inc.; Strategic Dental Management Corp.",,,11,2021-12-20,2021-12-17,False,False,False,,,,,,,,,False,False,
1658566,PR,NYSE,1311,Crude Petroleum & Natural Gas,Permian Resources Corp,"Centennial Resource Development, Inc.; Silver Run Acquisition Corp",2022-08-19,425,9,2022-08-30,2022-08-29,True,False,True,"May 19, 2022",,,,,,,,False,True,
1338749,,,6798,Real Estate Investment Trusts,POTLATCHDELTIC CORP,"POTLATCH CORP; Potlatch Holdings, Inc.",2022-05-31,425,15,2022-05-04,2022-05-02,True,False,False,,PCH,PCH,,,,,,False,False,
1849820,"KITT,KITTW","Nasdaq,Nasdaq",3569,"General Industrial Machinery & Equipment, NEC","Nauticus Robotics, Inc.",cleantech Acquisition Corp.,2021-12-17,425,0,,,True,False,True,Merger,CLAQ,KITT,,,65.0,9.2,super8k,True,True,65.0
1899287,"AMPX,AMPX-WT","NYSE,NYSE",3690,"Miscellaneous Electrical Machinery, Equipment & Supplies","Amprius Technologies, Inc.",Kensington Capital Acquisition Corp. IV,2022-05-12,425,1,2022-09-14,2022-09-13,True,False,True,Legacy Amprius surviving as,KCAC,AMPX,16517276.0,,,10.04,super8k,False,True,
1812360,"FOXO,FOXOW","OTC,OTC",8731,Services-Commercial Physical & Biological Research,FOXO TECHNOLOGIES INC.,Delwinds Insurance Acquisition Corp.,2022-02-25,425,3,2022-09-15,2022-09-14,True,False,True,,DWIN,WS,7967679.0,,10.0,10.14,super8k,True,True,10.0
1830081,"RUM,RUMBW","Nasdaq,Nasdaq",7370,"Services-Computer Programming, Data Processing, Etc.",RUM Group Inc.,Rumble Inc.; CF Acquisition Corp. VI,2021-12-02,425,1,2022-09-16,2022-09-15,True,False,True,,CFVI,RUM,,,0.1,,vote8k,False,True,0.1
1841209,"HOLO,HOLOW","Nasdaq,Nasdaq",7370,"Services-Computer Programming, Data Processing, Etc.",MicroCloud Hologram Inc.,Golden Path Acquisition Corp,2021-09-30,S-4,1,2022-09-09,2022-09-08,False,False,True,Golden Path and continue its business operations,GPCO,HOLO,2178172.0,,,,vote8k,False,True,
1822145,,,7372,Services-Prepackaged Software,Presto Automation Inc.,Ventoux CCM Acquisition Corp.,2021-11-12,425,2,2022-09-14,2022-09-14,True,False,True,,VTAQ,PRST,,,,10.2,,False,False,
1826553,,,6770,Blank Checks,Silver Crest Acquisition Corp,,2021-08-16,425,1,2022-08-19,2022-08-18,True,True,False,,SLCR,SLCR,34143739.0,,,10.037,vote8k,False,True,
1898795,"LVWR,LVWR-WT","NYSE,NYSE",3751,"Motorcycles, Bicycles & Parts","LiveWire Group, Inc.","LW EV Holdings, Inc.",2021-12-13,425,0,,,True,False,True,"December 12, 2021, with LiveWire",,LVWR,36597112.0,,,10.06,super8k,True,True,
1895262,"NE,NE-WT,NE-WTA","NYSE,NYSE,NYSE",1381,Drilling Oil & Gas Wells,Noble Corp plc,Noble Finco Ltd,2022-04-13,425,0,,,True,False,True,,NE,NE,,,90.0,,super8k,False,True,90.0
1674356,"TPTA,TPTS","NYSE,NYSE",6798,Real Estate Investment Trusts,"Terra Property Trust, Inc.",,2022-05-02,425,0,,,True,False,False,,TPTA,TPTA,,,,,,False,False,
877890,,,7372,Services-Prepackaged Software,CITRIX SYSTEMS INC,,2022-03-03,PREM14A,13,2022-04-22,2022-04-21,False,False,False,,CTXS,CTXS,,,40.0,,super8k,False,False,40.0
1473844,STEL,NYSE,6021,National Commercial Banks,"Stellar Bancorp, Inc.","Stellar Bancorp. Inc.; CBTX, Inc.; CBFH, Inc.",2021-11-08,425,6,2022-06-30,2022-06-29,True,False,True,"Allegiance Bancshares, Inc",CBTX,CBTX,,,,,,False,False,
1854963,"SHFS,SHFSW","Nasdaq,Nasdaq",6199,Finance Services,"SHF Holdings, Inc.",Northern Lights Acquisition Corp.,2022-02-14,425,3,2022-06-29,2022-06-28,True,False,True,,NLIT,SHFS,7573402.0,,,10.33,super8k,True,True,
1629137,,,2834,Pharmaceutical Preparations,"Global Blood Therapeutics, Inc.",,2022-08-19,PREM14A,8,2022-09-30,2022-09-30,False,False,False,Ribeye Acquisition Corp,GBT,GBT,,,,,,False,False,
1690334,SMHI,NYSE,4412,Deep Sea Foreign Transportation of  Freight,SEACOR Marine Holdings Inc.,,,,5,2022-06-10,2022-06-07,False,False,False,,SMHI,SMHI,,,1.0,,super8k,False,False,1.0
1667161,,,6022,State Commercial Banks,"Randolph Bancorp, Inc.",,2022-05-02,PREM14A,6,2022-06-30,2022-06-29,False,False,False,"Hometown Financial Group, Inc",RNDB,RNDB,,,,,,False,False,
1847986,"DFLI,DFLIW","Nasdaq,Nasdaq",3690,"Miscellaneous Electrical Machinery, Equipment & Supplies",Dragonfly Energy Holdings Corp.,Chardan NexTech Acquisition 2 Corp.,2022-05-16,425,2,2022-10-07,2022-10-06,True,False,True,,CNTQ,DFLI,2071910.0,,,10.24,super8k,True,True,
894627,EGY,NYSE,1311,Crude Petroleum & Natural Gas,VAALCO ENERGY INC /DE/,,2022-08-19,PREM14A,14,2022-09-30,2022-09-29,False,False,False,TransGlobe Energy Corporation,EGY,EGY,,,,,,False,False,
1679826,,,7372,Services-Prepackaged Software,Ping Identity Holding Corp.,"Roaring Fork Holding, Inc.",2022-09-06,PREM14A,4,2022-10-17,2022-10-17,False,False,False,,PING,PING,,,,,,False,False,
1825452,"ONFO,ONFOW","Nasdaq,Nasdaq",7374,Services-Computer Processing & Data Preparation,"Onfolio Holdings, Inc","Onfolio Holdings Inc; Onfolio Holdings, Inc.",,,0,,,False,False,False,,ONFO,ONFO,,,,,,False,False,
1348036,,,7372,Services-Prepackaged Software,"AVALARA, INC.",AVALARA INC,2022-08-23,PREM14A,6,2022-10-14,2022-10-14,False,False,False,,AVLR,AVLR,,,,,,False,False,
1838544,,,6770,Blank Checks,BOA Acquisition Corp.,,2021-12-02,425,1,2022-10-27,2022-10-27,True,True,False,Selina Hospitality PLC,BOAS,BOAS,,,,,,False,True,
1864891,,,6770,Blank Checks,Endurance Acquisition Corp.,,2022-03-08,425,1,2022-10-26,2022-10-25,True,True,False,SatixFy Communications Ltd,EDNC,EDNC,,,,,,True,True,
1830531,,,7372,Services-Prepackaged Software,Provident Acquisition Corp.,,2022-03-03,425,1,2022-10-25,2022-10-25,True,False,False,,PAQC,PAQC,21651203.0,,,10.07,super8k,True,True,
1928446,GRNT,NYSE,1311,Crude Petroleum & Natural Gas,"Granite Ridge Resources, Inc.",,2022-06-03,425,0,,,True,False,False,"May 16, 2022",,WS,39343496.0,,,10.07,super8k,True,True,
1870144,"CDIO,CDIOW","Nasdaq,Nasdaq",2835,In Vitro & In Vivo Diagnostic Substances,"Cardio Diagnostics Holdings, Inc.",Mana Capital Acquisition Corp.,2022-05-31,425,1,2022-10-31,2022-10-25,True,False,True,,MAAQ,CDIO,6465452.0,,,10.1,super8k,True,True,
1881487,ACDC,Nasdaq,1389,"Oil & Gas Field Services, NEC",ProFrac Holding Corp.,,2022-06-22,425,0,,,True,False,False,ProFrac,PFHC,PFHC,,,,,,False,False,
1759186,ZSQR,Nasdaq,6199,Finance Services,Z Squared Inc.,"Coeptis Therapeutics Holdings, Inc.; Bull Horn Holdings Corp.",2022-04-19,425,3,2022-10-26,2022-10-26,True,False,True,,BHSE,COEP,,,88.5,10.29,vote8k,True,True,88.5
1831868,"ICU,ICUCW","Nasdaq,Nasdaq",3841,Surgical & Medical Instruments & Apparatus,SeaStar Medical Holding Corp,LMF Acquisition Opportunities Inc,2022-04-22,425,1,2022-10-19,2022-10-18,True,False,True,"LMF Merger Sub, Inc",,ICU,8878960.0,,,,super8k,True,True,
1834645,,,2836,"Biological Products, (No Diagnostic Substances)","Peak Bio, Inc.",Ignyte Acquisition Corp.,2022-06-17,PREM14A,2,2022-10-28,2022-10-25,False,False,True,"April 28, 2022",IGNY,PKBO,,,,,,True,True,
1846253,"OABIW,OABI","Nasdaq,Nasdaq",8731,Services-Commercial Physical & Biological Research,"OmniAb, Inc.",Avista Public Acquisition Corp. II,2022-03-23,425,1,2022-10-24,2022-10-24,True,False,True,,AHPA,OABI,21713864.0,,,10.32,super8k,True,True,
1671858,SPRY,Nasdaq,2834,Pharmaceutical Preparations,"ARS Pharmaceuticals, Inc.","Silverback Therapeutics, Inc.",2022-08-11,PREM14A,3,2022-11-08,2022-11-04,False,False,True,Silverback,SBTX,SPRY,,,,,,False,False,
1760683,,,3711,Motor Vehicles & Passenger Car Bodies,East Stone Acquisition Corp,,2020-09-23,425,4,2022-11-15,2022-11-10,True,False,False,Companies,ESSC,ESSC,,,,10.39,,True,True,
1820190,"SCLX,SCLXW","Nasdaq,Nasdaq",2836,"Biological Products, (No Diagnostic Substances)",Scilex Holding Co,Scilex Holding Company/DE; Vickers Vantage Corp. I,2022-02-18,425,2,2022-11-09,2022-11-09,True,False,True,"March 17, 2022",VCKA,SCLX,3104000.0,,90.0,,super8k,False,True,90.0
1769624,"ILLR,ILLRW","Nasdaq,Nasdaq",6282,Investment Advice,Triller Group Inc.,AGBA Group Holding Ltd.; AGBA Acquisition Ltd,2022-01-18,PREM14A,5,2022-11-10,2022-11-10,False,False,True,"November 3, 2021",AGBA,AGBA,2025719.0,,,11.617,super8k,False,True,
732834,,,1311,Crude Petroleum & Natural Gas,"CONTINENTAL RESOURCES, INC",CONTINENTAL RESOURCES INC,1998-08-14,S-4,14,2022-05-20,2022-05-19,False,False,False,,CLR,CLR,,,,,,False,False,
1847846,"EUDA,EUDAW","Nasdaq,Nasdaq",8000,Services-Health Services,EUDA Health Holdings Ltd,8i Acquisition 2 Corp.,2022-04-12,425,1,2022-11-10,2022-11-10,True,False,True,EUDA from the Seller,LAX,EUDA,8195770.0,,,10.0837,vote8k,True,True,
1820144,GRND,NYSE,7370,"Services-Computer Programming, Data Processing, Etc.",Grindr Inc.,Tiga Acquisition Corp.,2022-05-09,425,1,2022-11-16,2022-11-15,True,False,True,,TINV,GRND,,,,10.5,,True,True,
1828326,,,6770,Blank Checks,Frazier Lifesciences Acquisition Corp,,2022-07-25,425,1,2022-11-15,2022-11-15,True,True,False,Holdco,FLAC,FLAC,4565862.0,,,10.09,super8k,True,True,
836147,,,6022,State Commercial Banks,MIDDLEFIELD BANC CORP,,2022-05-26,425,16,2022-11-08,2022-11-08,True,False,False,"Liberty Bancshares, Inc",MBCN,MBCN,,,,,,False,False,
1648365,,,7310,Services-Advertising,"AGRI-FINTECH HOLDINGS, INC.","TINGO, INC.; IWEB, Inc.",,,3,2022-06-06,2022-06-02,False,False,True,Tingo BVI Sub with and into MICT BVI Sub,,,,,27.0,,near8k,False,True,27.0
1821075,,,6531,Real Estate Agents & Managers (For Others),"Appreciate Holdings, Inc.",PROPTECH INVESTMENT CORP. II,2022-05-17,425,2,2022-12-05,2022-11-29,True,False,True,"Appreciate Intermediate Holdings, LLC",PTIC,SFR,13060906.0,,,10.08,super8k,True,True,
854800,,,2000,Food and Kindred Products,"Tingo Group, Inc.","MICT, Inc.; MICRONET ENERTEC TECHNOLOGIES, INC.; LAPIS TECHNOLOGIES INC",2020-06-16,425,9,2021-12-30,2021-12-23,True,False,True,"Tingo, Inc",MICT,MICT,,,,,,False,False,
1710583,,,7370,"Services-Computer Programming, Data Processing, Etc.","Switch, Inc.",,2022-05-11,425,6,2022-08-08,2022-08-04,True,False,False,Sunshine Bidco Inc,SWCH,SWCH,,,3.75,,super8k,False,True,3.75
1813658,,,3672,Printed Circuit Boards,"Tempo Automation Holdings, Inc.",ACE Convergence Acquisition Corp.,2021-01-07,425,4,2022-11-23,2022-11-17,True,False,True,Legacy Tempo surviving the merger as,ACEV,TMPO,490000.0,,17.3,,super8k,True,True,17.3
1934064,,,3841,Surgical & Medical Instruments & Apparatus,"ProSomnus, Inc.",LAAA Merger Corp.,2022-06-29,S-4,0,,,False,False,True,"Lakeshore with ProSomnus Holdings, Inc",,OSA,2380246.0,,,10.238,super8k,True,True,
1859007,ZVSA,OTC,2834,Pharmaceutical Preparations,"ZyVersa Therapeutics, Inc.",Larkspur Health Acquisition Corp.,2022-07-22,425,1,2022-12-09,2022-12-08,True,False,True,,LSPR,ZVSA,7667029.0,,,10.17,super8k,True,True,
1839608,,,7510,Services-Auto Rental & Leasing (No Drivers),"Getaround, Inc",InterPrivate II Acquisition Corp.,2022-05-11,425,1,2022-12-08,2022-12-07,True,False,True,,IPVA,GETR,24325000.0,,,10.11,super8k,True,True,
1800392,"MLGO,VENAF","Nasdaq,OTC",7371,Services-Computer Programming Services,MicroAlgo Inc.,Venus Acquisition Corp,2022-01-24,425,2,2022-11-18,2022-11-18,True,False,True,Venus and continue its business operations,VENA,MLGO,,,74.76,,vote8k,False,True,74.76
1818787,,,6770,Blank Checks,Primavera Capital Acquisition Corp.,,2022-03-23,425,1,2022-12-12,2022-12-09,True,True,False,"March 23, 2022",PV,PV,,,,,,True,True,
1837160,,,6770,Blank Checks,COVA Acquisition Corp.,Crescent Cove Acquisition Corp.,2022-05-26,425,1,2022-12-15,2022-12-14,True,True,False,"Merger, dated May 26, 2022",COVA,,29379643.0,,,,vote8k,False,True,
1929589,,,7372,Services-Prepackaged Software,MariaDB plc,Mangomill plc,2022-06-22,S-4,0,,,False,False,True,,,MRDB,26630000.0,,,,super8k,True,True,
1745797,,,1311,Crude Petroleum & Natural Gas,MNRL Sub Inc.,"Brigham Minerals, Inc.",2022-09-06,425,4,2022-12-29,2022-12-28,True,False,True,Brigham Merger Sub with and into the Company,MNRL,MNRL,,,,,,False,False,
1678848,,,2833,Medicinal Chemicals & Botanical Products,CAMBELL INTERNATIONAL HOLDING CORP.,CAMPBELL INTERNATIONAL HOLDING CORP.; BITMIS CORP.,,,0,,,False,False,True,,,,,,,,,False,False,
1538495,ETST,OTC,2834,Pharmaceutical Preparations,"Earth Science Tech, Inc.",Ultimate Novelty Sports Inc.,,,0,,,False,False,False,,,,,,,,,False,False,
884624,OFIX,Nasdaq,3841,Surgical & Medical Instruments & Apparatus,Orthofix Medical Inc.,ORTHOFIX INTERNATIONAL N V,2022-10-11,425,15,2023-01-04,2023-01-04,True,False,False,Merger Sub continuing as the surviving entity and,OFIX,OFIX,,,,,,False,False,
1637761,,,3841,Surgical & Medical Instruments & Apparatus,SeaSpine Holdings Corp,,2022-10-11,425,9,2023-01-04,2023-01-04,True,False,False,,SPNE,SPNE,,,,,,False,False,
1825437,,,6770,Blank Checks,LIGHTJUMP ACQUISITION CORP,,2022-06-24,425,2,2022-12-28,2022-12-27,True,True,False,,LJAQ,,,,,,,True,True,
1838615,ALTI,Nasdaq,6282,Investment Advice,"AlTi Global, Inc.","Alvarium Tiedemann Holdings, Inc.; Cartesian Growth Corp",2021-09-20,425,1,2022-11-17,2022-11-17,True,False,True,"October 25, 2022",GLBU,ALTI,,,,,,True,True,
1715611,,,2834,Pharmaceutical Preparations,BODY & MIND INC.,DEPLOY TECHNOLOGIES INC,,,3,2022-04-01,2022-03-31,False,False,False,,,,,,,,,True,False,
1586495,,,7372,Services-Prepackaged Software,Leet Technology Inc.,Blow & Drive Interlock Corp; Jam Run Acquisition Corp,,,1,2022-12-15,2022-12-15,False,False,False,Leet Inc,,,,,,,,False,False,
1744179,,,,,"Oaktree Strategic Income II, Inc.",,2022-09-15,425,4,2023-01-20,2023-01-20,True,False,False,,,,,,,,,False,False,
1853314,,,6770,Blank Checks,Gesher I Acquisition Corp.,,2022-06-01,425,1,2023-01-25,2023-01-25,True,True,False,Companies,GIAC,GIAC,,,,10.26,,True,True,
1483510,,,5600,Retail-Apparel & Accessory Stores,"EXP OldCo Winddown, Inc.","EXPRESS, INC.; EXPRESS PARENT LLC",2010-08-05,S-4,13,2022-06-09,2022-06-08,False,False,False,,EXPR,EXPR,,,,,,False,False,
1941536,"BAER,BAERW","Nasdaq,Nasdaq",7389,"Services-Business Services, NEC","Bridger Aerospace Group Holdings, Inc.","Wildfire New PubCo, Inc.",2022-08-08,425,0,,,True,False,True,,,BAER,,,,10.0,,True,True,
1814114,OBIO,Nasdaq,3841,Surgical & Medical Instruments & Apparatus,"Orchestra BioMed Holdings, Inc.",Health Sciences Acquisitions Corp 2,2022-07-05,425,2,2023-01-25,2023-01-24,True,False,True,"July 4, 2022",HSAQ,OBIO,,,,,,True,True,
1113313,AVNI,OTC,6770,Blank Checks,ARVANA INC,TURINCO INC,,,0,,,False,True,False,,,NOTE,,,,,,False,True,
1538990,,,6798,Real Estate Investment Trusts,STORE CAPITAL LLC,STORE CAPITAL Corp,2022-10-24,PREM14A,9,2022-12-09,2022-12-09,False,False,True,Parent,STOR,STOR,,,,,,False,False,
1814215,BURU,NYSE,3690,"Miscellaneous Electrical Machinery, Equipment & Supplies","Nuburu, Inc.",Tailwind Acquisition Corp.,2021-03-02,425,4,2022-12-27,2022-12-27,True,False,True,Nuburu,BURU,BURU,2916653.0,,,10.24,near8k,True,True,
1664998,,,7370,"Services-Computer Programming, Data Processing, Etc.","KnowBe4, Inc.",,2022-11-14,PREM14A,2,2023-02-06,2023-02-06,False,False,False,,KNBE,KNBE,,,,,,False,False,
1463208,TLSS,OTC,4700,Transportation Services,"Transportation & Logistics Systems, Inc.",PETROTERRA CORP.; LORAN CONNECTION CORP,,,0,,,False,False,False,,,,,,,,,False,False,
1855631,,,3721,Aircraft,AERWINS Technologies Inc.,PONO Capital Corp; Pono Capital Corp,2022-03-18,425,1,2023-01-30,2023-01-27,True,False,True,"September 7, 2022",PONO,AWIN,11328988.0,,,10.5,super8k,True,True,
1630212,ALBT,Nasdaq,7371,Services-Computer Programming Services,Avalon GloboCare Corp.,GLOBAL TECHNOLOGIES CORP,2021-07-15,PREM14A,4,2022-12-30,2022-12-29,False,False,False,,ALBT,ALBT,,,,,,False,False,
1538263,HTB,NYSE,6035,"Savings Institution, Federally Chartered","HomeTrust Bancshares, Inc.",,2014-03-21,S-4,11,2022-11-15,2022-11-14,False,False,False,Quantum Capital Corp,HTBI,HTBI,,,,,,False,False,
1823584,"AENT,AENTW","Nasdaq,Nasdaq",5099,"Wholesale-Durable Goods, NEC",ALLIANCE ENTERTAINMENT HOLDING CORP,Adara Acquisition Corp.,2022-06-23,425,1,2023-01-19,2023-01-18,True,False,True,Merger Sub with and into Alliance,ADRA,ADRA,11658170.0,167170.0,,,super8k,True,True,98.6
1843724,"LNZA,LNZAW","Nasdaq,Nasdaq",2860,Industrial Organic Chemicals,"LanzaTech Global, Inc.",AMCI Acquisition Corp. II,2022-03-08,425,3,2023-02-07,2023-02-06,True,False,True,Merger,AMCI,LNZA,,,,,,True,True,
1839132,,,7372,Services-Prepackaged Software,Movella Holdings Inc.,Pathfinder Acquisition Corp,2021-07-15,425,1,2023-02-09,2023-02-08,True,False,True,,PFDR,MVLA,28961090.0,,,10.16,super8k,True,True,
1883814,"SLND,SLND-WT","NYSE,NYSE",1600,Heavy Construction Other Than Bldg Const - Contractors,"Southland Holdings, Inc.",LEGATO MERGER CORP. II,2022-05-25,425,1,2023-02-14,2023-02-14,True,False,True,,LGTO,SLND,25296280.0,,77.8,18.0,super8k,True,True,77.8
1844452,LUNR,Nasdaq,3812,"Search, Detection, Navigation, Guidance, Aeronautical Sys","Intuitive Machines, Inc.",Inflection Point Acquisition Corp.,2022-09-16,425,1,2023-02-08,2023-02-08,True,False,True,,IPAX,LUNR,27481939.0,,,10.1843,super8k,True,True,
1869974,OCEA,OTC,2834,Pharmaceutical Preparations,"Ocean Biomedical, Inc.","Ocean Biomedical, Inc./DE; Aesther Healthcare Acquisition Corp.",2022-08-31,425,1,2023-02-07,2023-02-03,True,False,True,,AEHA,OCEA,10389093.0,,,10.56,super8k,True,True,
1841425,"VGAS,VGASW","Nasdaq,Nasdaq",2860,Industrial Organic Chemicals,"Verde Clean Fuels, Inc.",CENAQ Energy Corp.,2022-08-12,PREM14A,1,2023-01-04,2023-01-04,False,False,True,,CENQ,VGAS,15403880.0,,,10.31,super8k,True,True,
1848959,,,6770,Blank Checks,Decarbonization Plus Acquisition Corp IV,,2022-09-26,425,1,2023-01-25,2023-01-23,True,True,False,,DCRD,DCRD,,,,10.3,,True,True,
1672619,ELVN,Nasdaq,2834,Pharmaceutical Preparations,"Enliven Therapeutics, Inc.",IMARA Inc.,2022-10-13,425,4,2023-02-22,2023-02-22,True,False,True,"Merger, dated as of October 13, 2022",IMRA,ELVN,,,,,,False,False,
1077771,,,6035,"Savings Institution, Federally Chartered",UMPQUA HOLDINGS CORP,,2021-10-12,425,14,2022-01-28,2022-01-26,True,False,False,Columbia,,,,,,,,False,False,
887343,COLB,Nasdaq,6022,State Commercial Banks,"COLUMBIA BANKING SYSTEM, INC.",COLUMBIA BANKING SYSTEM INC,2021-06-24,425,16,2022-04-29,2022-04-27,True,False,False,Umpqua,,,,,,,,False,False,
1011060,NORD,OTC,8742,Services-Management Consulting Services,Nordicus Partners Corp,EKIMAS Corp; AdvanSource Biomaterials Corp; CARDIOTECH INTERNATIONAL INC,2002-12-23,S-4,3,2020-01-24,2020-01-21,False,False,True,,,TABLE,,,,,,False,False,
1466538,,,6211,"Security Brokers, Dealers & Flotation Companies",COWEN INC.,"COWEN GROUP, INC.; LexingtonPark Parent Corp",2009-07-10,S-4,15,2022-11-15,2022-11-15,False,False,False,Crimson Holdings Acquisition Co,COWN,COWN,,,,,,True,False,
896493,"GPUS,GPUS-PD","NYSE,NYSE",3533,Oil & Gas Field Machinery & Equipment,"Hyperscale Data, Inc.","Ault Alliance, Inc.; BitNile Holdings, Inc.; Ault Global Holdings, Inc.; DPW Holdings, Inc.; DIGITAL POWER CORP",,,19,2022-11-23,2022-11-23,False,False,True,,AULT,PRD,,,,,,False,False,
1485003,CARM,OTC,2834,Pharmaceutical Preparations,Carisma Therapeutics Inc.,"Sesen Bio, Inc.; Eleven Biotherapeutics, Inc.",2022-09-27,425,10,2023-03-02,2023-03-02,True,False,True,,SESN,CARM,,,,,,False,False,
1746278,,,7370,"Services-Computer Programming, Data Processing, Etc.","GoLogiq, Inc.",LOVARRA,,,1,2023-03-09,2023-03-06,False,False,True,"GammaRey, Inc",,,,,,,,False,False,
1633336,CCAP,Nasdaq,,,"Crescent Capital BDC, Inc.",,2022-10-04,425,11,2022-05-17,2022-05-13,True,False,False,,CCAP,,,,,,,False,False,
1740742,,,7372,Services-Prepackaged Software,"TransparentBusiness, Inc.",Unicoin Inc.,,,0,,,False,False,False,,,,,,,,,False,False,
1845991,,,6770,Blank Checks,Lionheart III Corp,,2022-07-26,425,1,2023-01-31,2023-01-30,True,True,False,Merger Sub with and into Lionheart,LION,,,,,,,True,True,
1820875,"CXAI,CXAIW","Nasdaq,Nasdaq",7372,Services-Prepackaged Software,CXApp Inc.,"KINS Technology Group, Inc.",2022-09-26,425,3,2023-03-10,2023-03-10,True,False,True,Legacy CXApp surviving as the surviving company and as,KINZ,CXAI,230328.0,,,10.18,near8k,True,True,
1839185,,,6770,Blank Checks,Summit Healthcare Acquisition Corp.,,2022-09-29,425,1,2023-03-14,2023-03-14,True,True,False,YishengBio Co,SMIH,SMIH,19388769.0,,96.9,10.1,super8k,False,True,96.9
1512228,"NB,NIOBW","Nasdaq,Nasdaq",1000,Metal Mining,NIOCORP DEVELOPMENTS LTD,QUANTUM RARE EARTH DEVELOPMENTS CORP.,2022-09-26,425,8,2023-03-10,2023-03-10,True,False,False,Intermediate Holdco,,NB,28506605.0,,,,super8k,True,True,
1529113,XTIA,Nasdaq,7371,Services-Computer Programming Services,"XTI Aerospace, Inc.",INPIXON; Sysorex Global; Sysorex Global Holdings Corp.; Sysorex Global Holding Corp.,2022-09-26,425,14,2022-12-02,2022-11-28,True,False,True,Legacy CXApp and New CXApp,INPX,INPX,,,,,,True,True,
1826669,,,6770,Blank Checks,ELK CREEK RESOURCES CORP.,GX Acquisition Corp. II,2022-09-26,425,2,2023-03-15,2023-03-15,True,True,True,Incorporation prior to the First Merger,GXII,GXII,28506605.0,,,10.159,super8k,True,True,
1534133,CALC,Nasdaq,2834,Pharmaceutical Preparations,"CalciMedica, Inc.","CalciMedica, Inc. /DE/; GRAYBUG VISION, INC.; GRAYBUG, Inc.; GRAYBUG LLC",2022-12-14,PREM14A,3,2023-03-15,2023-03-15,False,False,True,Graybug,GRAY,CALC,,,,,,False,False,
1855644,ZURA,Nasdaq,2836,"Biological Products, (No Diagnostic Substances)",Zura Bio Ltd,JATT Acquisition Corp,2022-06-17,425,2,2023-03-16,2023-03-16,True,False,True,,JATT,ZURA,13617502.0,,90.0,10.26,super8k,False,True,90.0
1826671,,,7374,Services-Computer Processing & Data Preparation,"Near Intelligence, Inc.",KLUDEIN I ACQUISITION CORP,2022-05-19,425,3,2023-03-21,2023-03-20,True,False,True,KludeIn,INKA,NIR,,,,,,True,True,
1874259,,,6770,Blank Checks,Maxpro Capital Acquisition Corp.,Jade Mountain Acquisition Corp.,2022-09-14,425,1,2023-03-21,2023-03-20,True,True,False,,JMAC,JMAC,10270060.0,,95.0,,super8k,True,True,95.0
1953366,STHO,Nasdaq,6519,"Lessors of  Real Property, NEC",Star Holdings,,,,0,,,False,False,False,Safehold Inc,STHO,STHO,,,,,,False,False,
1688852,,,6519,"Lessors of  Real Property, NEC",Safehold Inc. /MD,"Safehold Inc.; Safety, Income & Growth, Inc.; Safety Income & Growth REIT, Inc.",2022-08-11,425,6,2023-03-09,2023-03-09,True,False,True,,SAFE,SAFE,,,,,,False,False,
1592016,,,2870,Agricultural Chemicals,"AgroFresh Solutions, Inc.",Boulevard Acquisition Corp.,2015-05-14,PREM14A,8,2023-03-30,2023-03-30,False,False,False,,,,,,,,,False,False,
1095651,SAFE,NYSE,6798,Real Estate Investment Trusts,Safehold Inc.,ISTAR INC.; ISTAR FINANCIAL INC; STARWOOD FINANCIAL INC,2022-08-11,425,16,2023-03-09,2023-03-09,True,False,True,Safehold OP GenPar LLC into New SAFE,STAR,SAFE,,,4.75,,super8k,False,True,4.75
1830188,"UHG,UHGWW","Nasdaq,Nasdaq",1531,Operative Builders,"United Homes Group, Inc.",DiamondHead Holdings Corp.,2022-09-12,425,2,2023-03-24,2023-03-23,True,False,True,"September 10, 2022",DHHC,UHG,,,9.0,10.0,super8k,True,True,9.0
1853084,,,7374,Services-Computer Processing & Data Preparation,Blue Safari Group Acquisition Corp,,2021-11-18,425,2,2023-04-11,2023-04-11,True,False,False,"Merger, dated as of December 15, 2021",BSGA,BSGA,,,,,,True,True,
1824293,GRI,Nasdaq,2834,Pharmaceutical Preparations,"GRI Bio, Inc.","Vallon Pharmaceuticals, Inc.",2023-01-11,425,4,2023-04-21,2023-04-20,True,False,True,,VLON,GRI,,,,,,False,False,
1841338,,,6770,Blank Checks,"CIIG Capital Partners II, Inc.",CIIG Merger Corp. II,2022-11-22,425,1,2023-04-14,2023-04-14,True,True,False,"Merger, dated as of November 22, 2022",CIIG,,22058216.0,,,,super8k,True,True,
318300,PEBO,Nasdaq,6022,State Commercial Banks,PEOPLES BANCORP INC,,2022-10-25,425,17,2023-05-02,2023-05-02,True,False,False,"Limestone Bancorp, Inc",PEBO,PEBO,,,,,,False,False,
1162896,PROP,Nasdaq,1311,Crude Petroleum & Natural Gas,Prairie Operating Co.,"Creek Road Miners, Inc.; WIZARD BRANDS, INC.; WIZARD ENTERTAINMENT, INC.; Wizard World, Inc.; GOENERGY INC",,,5,2022-11-30,2022-11-30,False,False,True,Prairie Operating Co,,,,,66.0,,super8k,False,True,66.0
1857855,,,6770,Blank Checks,Finnovate Acquisition Corp.,Finnovate Acquisition Corp,,,1,2023-05-12,2023-05-08,False,True,False,,FNVT,FNVT,,,,,,True,True,
1643269,,,7372,Services-Prepackaged Software,"Sumo Logic, Inc.",,2023-03-24,PREM14A,3,2023-05-10,2023-05-10,False,False,False,,SUMO,SUMO,,,,,,False,False,
1855447,TYGO,Nasdaq,3674,Semiconductors & Related Devices,"TIGO ENERGY, INC.",Roth CH Acquisition IV Co.,2022-12-06,425,3,2023-05-22,2023-05-18,True,False,True,,ROCG,TYGO,,,,10.4,,False,False,
1784797,,,6798,Real Estate Investment Trusts,Broadmark Realty Capital Inc.,Trinity Sub Inc.,2023-02-27,425,4,2023-05-31,2023-05-30,True,False,False,"RCC Merger Sub, LLC",BRMK,BRMK,,,,,,False,False,
1705843,CBUS,Nasdaq,2870,Agricultural Chemicals,"Cibus, Inc.","Calyxt, Inc.",2023-01-17,425,8,2023-05-19,2023-05-02,True,False,True,,CLXT,CBUS,,,,,,False,True,
55772,,,2510,Household Furniture,KIMBALL INTERNATIONAL INC,,2023-03-08,425,14,2023-06-01,2023-05-31,True,False,False,"Ozark Merger Sub, Inc",KBAL,KBAL,,,,,,False,False,
1601485,ELTX,Nasdaq,2834,Pharmaceutical Preparations,"Elicio Therapeutics, Inc.",Angion Biomedica Corp.,2023-01-17,425,2,2023-06-02,2023-05-31,True,False,True,"Merger and Reorganization, dated as of January 17, 2023",ANGN,ELTX,,,,,,False,False,
1739936,,,7370,"Services-Computer Programming, Data Processing, Etc.",MOMENTIVE GLOBAL INC.,SVMK Inc.,2021-10-28,425,7,2023-06-02,2023-05-31,True,False,False,,MNTV,MNTV,,,,,,False,False,
1845437,"NPWR,NPWR-WT","NYSE,NYSE",3620,Electrical Industrial Apparatus,NET Power Inc.,Rice Acquisition Corp. II,2022-12-14,425,1,2023-06-07,2023-06-06,True,False,True,,WS,NPWR,21195224.0,,9.9,10.33,super8k,True,True,9.9
1718852,,,2834,Pharmaceutical Preparations,"Prometheus Biosciences, Inc.","Precision IBD, Inc.",2023-04-28,PREM14A,2,2023-06-15,2023-06-15,False,False,False,"Splash Merger Sub, Inc",RXDX,RXDX,,,,,,False,False,
77159,,,1311,Crude Petroleum & Natural Gas,"BAYTEX ENERGY USA, INC.",Ranger Oil Corp; PENN VIRGINIA CORP,2021-07-12,425,15,2023-06-20,2023-06-20,True,False,True,Ranger Oil Corporation,ROCC,ROCC,,,9.25,,super8k,False,True,9.25
1884516,DTI,Nasdaq,3533,Oil & Gas Field Machinery & Equipment,Drilling Tools International Corp,ROC Energy Acquisition Corp.,2023-02-14,425,1,2023-06-07,2023-06-01,True,False,True,ROC,ROC,DTI,20541379.0,,,10.53,super8k,True,True,
1037390,,,6500,Real Estate,"INDUS REALTY TRUST, INC.","GRIFFIN INDUSTRIAL REALTY, INC.; GRIFFIN LAND & NURSERIES INC",2023-03-31,PREM14A,16,2023-05-17,2023-05-17,False,False,False,"GIC Real Estate, Inc",INDT,INDT,,,,,,False,False,
1035092,SHBI,Nasdaq,6021,National Commercial Banks,SHORE BANCSHARES INC,,2021-03-03,425,17,2023-06-20,2023-06-20,True,False,False,The Community Financial Corporation,SHBI,SHBI,,,,,,False,False,
855874,,,6022,State Commercial Banks,COMMUNITY FINANCIAL CORP /MD/,TRI COUNTY FINANCIAL CORP /MD/,2022-12-14,425,14,2023-06-20,2023-06-20,True,False,False,SHBI pursuant to the terms of the Merger Agreement,TCFC,TCFC,,,,,,False,False,
1814287,"ABX,ABXL","NYSE,NYSE",6282,Investment Advice,"Abacus Global Management, Inc.","Abacus Life, Inc.; East Resources Acquisition Co",2022-10-14,PREM14A,3,2023-07-03,2023-06-29,False,False,True,Legacy Abacus surviving such merger,ERES,ABL,1357950.0,,,,super8k,True,True,
1930087,,,,,Golub Capital Private Credit Fund,,,,0,,,False,False,False,,,,,,,,,False,False,
1852940,,,6770,Blank Checks,GoGreen Investments Corp,,2022-12-13,425,1,2023-06-30,2023-06-29,True,True,False,"December 13, 2022",GOGN,GOGN,,,,10.76,,True,True,
1901799,BTMCQ,OTC,6199,Finance Services,Bitcoin Depot Inc.,GSR II Meteora Acquisition Corp.; GLA II Meteora Acquisition Corp.,2022-08-25,425,2,2023-06-30,2023-06-28,True,False,True,BT HoldCo LLC,GSRM,BTM,3686863.0,,,10.47,super8k,True,True,
1876945,,,0100,Agricultural Production-Crops,Gold Flora Corp.,TPCO Holding Corp.,2023-05-02,PREM14A,1,2022-06-24,2022-06-22,False,False,True,,,,,,,,,False,False,
927355,,,5065,"Wholesale-Electronic Parts & Equipment, NEC",TESSCO TECHNOLOGIES INC,,2023-05-23,PREM14A,15,2023-07-14,2023-07-13,False,False,False,Tessco surviving the merger and becoming,TESS,TESS,,,,,,False,False,
1958140,"BATRA,BATRK,BATRB","Nasdaq,Nasdaq,OTC",7900,Services-Amusement & Recreation Services,"Atlanta Braves Holdings, Inc.",,2023-03-13,425,0,,,True,False,False,Liberty Broadband in December 2020,,BATRA,,,,,,False,False,
944314,,,6798,Real Estate Investment Trusts,"LIFE STORAGE, INC.",SOVRAN SELF STORAGE INC,2023-02-06,425,15,2023-07-18,2023-07-14,True,False,False,,LSI,LSI,,,,,,False,False,
1289490,EXR,NYSE,6798,Real Estate Investment Trusts,Extra Space Storage Inc.,,2023-04-04,425,15,2023-07-18,2023-07-18,True,False,False,,,,,,,,,False,False,
1842939,"XAGE,XAGEW","OTC,OTC",2840,"Soap, Detergents, Cleang Preparations, Perfumes, Cosmetics","Longevity Health Holdings, Inc.",Carmell Corp; ALPHA HEALTHCARE ACQUISITION CORP III,2023-01-04,425,1,2023-07-12,2023-07-11,True,False,True,"January 4, 2023",ALPA,CTCX,12586223.0,,,10.0,super8k,True,True,
1838987,"SPWR,SPWRW","Nasdaq,Nasdaq",1700,Construction - Special Trade Contractors,SunPower Inc.,"Complete Solaria, Inc.; Freedom Acquisition I Corp.",2022-10-03,425,2,2023-07-12,2023-07-11,True,False,True,,FACT,CSLR,7784739.0,,,10.56,super8k,True,True,
1847064,"PSQH,PSQH-WT","NYSE,NYSE",7310,Services-Advertising,"PSQ Holdings, Inc.",Colombier Acquisition Corp.,2023-02-27,425,1,2023-07-25,2023-07-19,True,False,True,PSQ continuing as the surviving corporation and as,CLBR,PSQH,,,,,,True,True,
1837607,AEON,NYSE,2834,Pharmaceutical Preparations,"AEON Biopharma, Inc.",Priveterra Acquisition Corp.,2022-12-13,425,2,2023-07-05,2023-07-05,True,False,True,"Priveterra Merger Sub, Inc",PMGM,WS,1445112.0,,,10.63,super8k,True,True,
1309082,CEIN,OTC,1311,Crude Petroleum & Natural Gas,"CAMBER ENERGY, INC.","LUCAS ENERGY, INC.; Panorama Investments Corp",2023-06-14,425,20,2023-07-21,2023-07-20,True,False,False,Camber is,CEI,CEI,,,,,,False,False,
1827871,,,3690,"Miscellaneous Electrical Machinery, Equipment & Supplies","Electriq Power Holdings, Inc.",TLG Acquisition One Corp.,2022-11-14,425,2,2023-07-26,2023-07-25,True,False,True,Electriq continuing as the surviving corporation and as,,ELIQ,,,97.3,10.63,vote8k,True,True,97.3
77877,,,1311,Crude Petroleum & Natural Gas,"PDC ENERGY, INC.",PETROLEUM DEVELOPMENT CORP,2023-05-22,425,17,2023-08-04,2023-08-04,True,False,False,,PDCE,PDCE,,,6.125,,super8k,False,True,6.125
1964979,ALUR,OTC,3841,Surgical & Medical Instruments & Apparatus,"ALLURION TECHNOLOGIES, INC.","ALLURION TECHNOLOGIES HOLDINGS, INC.",2023-02-09,425,0,,,True,False,True,,,ALUR,700000.0,,10.92,,super8k,False,True,10.92
1381507,,,7372,Services-Prepackaged Software,"LIMEADE, INC",LIMEADE INC; Jet City Jet Inc,2023-06-23,PREM14A,2,2023-08-08,2023-08-08,False,False,False,,LME,LME,,,,,,False,False,
46619,"HEI,HEI-A","NYSE,NYSE",3724,Aircraft Engines & Engine Parts,HEICO CORP,,,,15,2023-03-20,2023-03-17,False,False,False,,HEI,HEI,,,1.0,,near8k,False,False,1.0
1861622,JTAI,Nasdaq,4522,"Air Transportation, Nonscheduled",Jet.AI Inc.,Oxbridge Acquisition Corp.,2023-07-31,425,2,2023-08-08,2023-08-07,True,False,True,,OXAC,JTAI,1144215.0,,15.0,11.06,super8k,True,True,15.0
1851908,,,6770,Blank Checks,Black Spade Acquisition Co,,2023-05-12,425,2,2023-08-11,2023-08-10,True,True,False,"May 12, 2023, by and among Black Spade, VinFast Auto Ltd",BSAQ,BSAQ,1440385.0,,,10.41,vote8k,True,True,
889900,PTEN,Nasdaq,1381,Drilling Oil & Gas Wells,PATTERSON UTI ENERGY INC,PATTERSON ENERGY INC,2021-07-06,425,15,2023-06-08,2023-06-08,True,False,False,Patterson-UTI and NexTier,PTEN,PTEN,,,,,,False,False,
1826667,"TLSI,TLSIW","Nasdaq,Nasdaq",3841,Surgical & Medical Instruments & Apparatus,"TriSalus Life Sciences, Inc.",MedTech Acquisition Corp; MedTech Acquisition Corporation,2021-08-13,425,6,2023-08-09,2023-08-08,True,False,True,,MTAC,,940000.0,,,,super8k,True,True,
1053691,CRVO,Nasdaq,2834,Pharmaceutical Preparations,CervoMed Inc.,"Diffusion Pharmaceuticals Inc.; RestorGenex Corp; Stratus Media Group, Inc; FERIS INTERNATIONAL, INC.; TITAN MOTORCYCLE CO OF AMERICA INC",2023-03-30,425,12,2023-08-17,2023-08-15,True,False,True,"Merger, dated as of March 30, 2023",DFFN,CRVO,,,,,,False,False,
1543916,,,7372,Services-Prepackaged Software,"ForgeRock, Inc.",,2022-11-28,PREM14A,3,2023-05-26,2023-05-24,False,False,False,,FORG,FORG,,,,,,False,False,
1835856,"BETR,BETRW","Nasdaq,Nasdaq",6163,Loan Brokers,Better Home & Finance Holding Co,Aurora Acquisition Corp.,2021-05-11,425,2,2023-08-11,2023-08-11,True,False,True,,AURC,BETR,,,15.0,,super8k,True,True,15.0
1847874,BEEP,Nasdaq,6500,Real Estate,Mobile Infrastructure Corp,Fifth Wall Acquisition Corp. III,2022-12-14,425,2,2023-08-10,2023-08-10,True,False,True,,FWAC,BEEP,,,,,,False,False,
1906133,,,7372,Services-Prepackaged Software,iCoreConnect Inc.,FG Merger Corp.,2023-01-06,425,1,2023-08-23,2023-08-18,True,False,True,,FGMC,ICCT,64600598.0,,,10.69,super8k,True,True,
1237831,GMED,NYSE,3841,Surgical & Medical Instruments & Apparatus,GLOBUS MEDICAL INC,,2023-02-09,425,12,2023-06-08,2023-06-07,True,False,False,,GMED,GMED,,,,,,False,False,
1688476,,,1389,"Oil & Gas Field Services, NEC",NEXTIER OILFIELD SOLUTIONS INC.,"Keane Group, Inc.",2023-06-15,425,9,2023-08-30,2023-08-30,True,False,False,"Patterson-UTI Energy, Inc",NEX,NEX,,,,,,False,False,
1115128,,,7310,Services-Advertising,Quotient Technology Inc.,COUPONS.com Inc; COUPONS INC,2023-07-14,PREM14A,10,2023-09-05,2023-09-01,False,False,False,,QUOT,QUOT,,,,,,False,False,
1568162,,,6798,Real Estate Investment Trusts,"Necessity Retail REIT, Inc.","American Finance Trust, Inc; American Realty Capital Trust V, Inc.",2023-05-24,425,13,2023-09-08,2023-09-08,True,False,False,,RTL,RTL,,,,,,False,False,
1690585,DNTH,Nasdaq,2834,Pharmaceutical Preparations,"Dianthus Therapeutics, Inc. /DE/","Magenta Therapeutics, Inc.",2023-05-03,425,5,2023-09-08,2023-09-08,True,False,True,"Merger, dated as of May 2, 2023",MGTA,DNTH,,,,,,False,False,
1526113,"GNL,GNL-PA,GNL-PB,GNL-PD,GNL-PE","NYSE,NYSE,NYSE,NYSE,NYSE",6798,Real Estate Investment Trusts,"Global Net Lease, Inc.","American Realty Capital Global Trust, Inc.; American Realty Capital Global Daily Net Asset Value Trust, Inc.",2023-05-24,425,13,2023-09-08,2023-09-08,True,False,False,,GNL,GNL,,,1.0,,super8k,False,True,1.0
1833498,"MDAI,MDAIW","Nasdaq,Nasdaq",3841,Surgical & Medical Instruments & Apparatus,"Spectral AI, Inc.",Rosecliff Acquisition Corp I,2021-11-10,425,2,2023-09-07,2023-09-06,True,False,True,,RCLF,MDAI,,,46.02,10.38,vote8k,True,True,46.02
1855485,"CLDI,CLDWW","NYSE,OTC",2836,"Biological Products, (No Diagnostic Substances)","Calidi Biotherapeutics, Inc.","Calidi Biotherapeutics, Inc.; First Light Acquisition Group, Inc.",2023-01-09,425,2,2023-08-29,2023-08-28,True,False,True,FLAG Merger Sub Inc,FLAG,CLDI,2687351.0,,,,super8k,True,True,
1856589,,,6770,Blank Checks,M3-Brigade Acquisition III Corp.,,2022-12-15,425,1,2023-09-12,2023-09-11,True,True,False,,MBSC,MBSC,,,,,,False,True,
1358762,,,2834,Pharmaceutical Preparations,REATA PHARMACEUTICALS INC,,2023-08-11,PREM14A,9,2023-09-21,2023-09-21,False,False,False,"River Acquisition, Inc",RETA,,,,,,,False,False,
1839998,,,8000,Services-Health Services,"American Oncology Network, Inc.",Digital Transformation Opportunities Corp.,2023-04-28,425,3,2023-09-20,2023-09-19,True,False,True,New AON Class B Common Stock,DTOC,AONC,1699558.0,,4.99,10.5,super8k,True,True,4.99
1868640,"RDZN,RDZNW","Nasdaq,Nasdaq",6411,"Insurance Agents, Brokers & Service",Roadzen Inc.,Vahanna Tech Edge Acquisition I Corp.,2023-02-15,425,2,2023-08-25,2023-08-24,True,False,True,Vahanna,VHNA,RDZN,7524747.0,,,10.76,super8k,True,True,
1896212,"CDT,CDTTW","Nasdaq,Nasdaq",2834,Pharmaceutical Preparations,CDT Equity Inc.,CONDUIT PHARMACEUTICALS INC.; Murphy Canyon Acquisition Corp.,2022-11-08,425,2,2023-09-21,2023-09-20,True,False,True,"MURF, and",MURF,CDT,2129662.0,,,10.84,super8k,True,True,
1860742,BLCO,NYSE,3851,Ophthalmic Goods,Bausch & Lomb Corp,,,,1,2023-04-26,2023-04-24,False,False,False,,BLCO,BLCO,,,40.0,,super8k,False,False,40.0
885590,BHC,NYSE,2834,Pharmaceutical Preparations,Bausch Health Companies Inc.,"Valeant Pharmaceuticals International, Inc.; BIOVAIL Corp; BIOVAIL CORP INTERNATIONAL; BIOVAIL CORPORATION INTERNATIONAL",2010-07-21,S-4,15,2023-05-17,2023-05-17,False,False,False,,BHC,BHC,,,40.0,,super8k,False,False,40.0
1472012,IMNM,Nasdaq,2834,Pharmaceutical Preparations,Immunome Inc.,,2023-06-29,425,4,2023-10-04,2023-09-29,True,False,False,"Merger and Reorganization, dated as of June 29, 2023",IMNM,IMNM,,,,,,False,False,
1844417,"ESLA,ESLAW","Nasdaq,Nasdaq",2836,"Biological Products, (No Diagnostic Substances)","Estrella Immunopharma, Inc.",TradeUP Acquisition Corp.,2023-01-24,425,3,2023-08-01,2023-07-31,True,False,True,"Merger, dated as of September 30, 2022",UPTD,ESLA,467122.0,,92.3,10.86,super8k,True,True,92.3
1845459,,,2836,"Biological Products, (No Diagnostic Substances)","NKGen Biotech, Inc.",Graf Acquisition Corp. IV,2023-03-24,425,3,2023-09-29,2023-09-25,True,False,True,,GFOR,,,,0.5,,super8k,True,True,0.5
1840877,"COCH,COCHW","Nasdaq,Nasdaq",3842,"Orthopedic, Prosthetic & Surgical Appliances & Supplies","Envoy Medical, Inc.",Anzu Special Acquisition Corp I,2023-02-06,425,2,2023-09-27,2023-09-27,True,False,True,Anzu and Envoy Medical Corporation,ANZU,COCH,2386294.0,,55.0,10.46,super8k,True,True,55.0
1815086,,,6770,Blank Checks,Bridgetown Holdings Ltd,,2023-05-25,425,2,2023-10-11,2023-10-10,True,True,False,,BTWN,BTWN,5452739.0,,,10.36,vote8k,True,True,
1937987,"FBYD,FBYDP,FBYDW","Nasdaq,Nasdaq,Nasdaq",7990,Services-Miscellaneous Amusement & Recreation,"Falcon's Beyond Global, Inc.","Falcons Beyond Global, Inc.",2022-07-14,425,0,,,True,False,False,,,FBYD,6772844.0,,,10.63,super8k,True,True,
70866,"VYX,NCRRP","NYSE,OTC",3578,Calculating & Accounting Machines (No Electronic Computers),NCR Voyix Corp,NCR CORP,2002-09-03,S-4,20,2023-05-22,2023-05-02,False,False,True,,NCR,VYX,,,6.125,,super8k,False,True,6.125
1869141,,,6770,Blank Checks,Athena Consumer Acquisition Corp.,,2022-07-28,425,3,2023-09-29,2023-09-29,True,True,False,,ACAQ,ACAQ,784880.0,,,,super8k,True,True,
1827506,,,2836,"Biological Products, (No Diagnostic Substances)","Tourmaline Bio, Inc.","Talaris Therapeutics, Inc.",2023-06-22,425,3,2023-10-18,2023-10-17,True,False,True,"Merger, dated as of June 22, 2023",,TRML,,,,,,False,False,
1844149,,,3829,"Measuring & Controlling Devices, NEC",Spectaire Holdings Inc.,Perception Capital Corp. II,2023-01-17,425,3,2023-10-13,2023-10-13,True,False,True,New Spectaire,PCCT,SPEC,952924.0,,,11.19,super8k,True,True,
1124105,GYRE,Nasdaq,2834,Pharmaceutical Preparations,"GYRE THERAPEUTICS, INC.","CATALYST BIOSCIENCES, INC.; TARGACEPT INC",2022-12-27,425,16,2023-08-31,2023-08-29,True,False,True,,CBIO,GYRE,,,,,,False,False,
1980845,"ENGN,ENGNW","Nasdaq,Nasdaq",2836,"Biological Products, (No Diagnostic Substances)",enGene Therapeutics Inc.,enGene Holdings Inc.,2023-09-15,425,0,,,True,False,False,"May 16, 2023",,ENGN,10379144.0,,,11.5,super8k,True,True,
866291,ALGM,Nasdaq,3674,Semiconductors & Related Devices,"ALLEGRO MICROSYSTEMS, INC.","ALLEGRO MICROSYSTEMS, INC.; ALLEGRO MICROSYSTEMS INC",,,3,2023-08-04,2023-08-03,False,False,False,,ALGM,ALGM,,,,,,False,False,
1074902,LCNB,Nasdaq,6021,National Commercial Banks,LCNB CORP,,1999-01-21,S-4,15,2023-04-27,2023-04-27,False,False,False,"Cincinnati Bancorp, Inc",LCNB,LCNB,,,,,,False,False,
1874495,,,6770,Blank Checks,Forbion European Acquisition Corp.,,2023-05-17,425,1,2023-10-24,2023-10-24,True,True,False,"May 16, 2023",FRBN,FRBN,10379144.0,,,11.5,super8k,True,True,
1880661,"TPG,TPGXL","Nasdaq,Nasdaq",6282,Investment Advice,TPG Inc.,"TPG Partners, LLC",,,3,2023-06-12,2023-06-08,False,False,False,,TPG,TPG,,,,,,False,False,
1131554,,,7371,Services-Computer Programming Services,SYNCHRONOSS TECHNOLOGIES INC,,,,17,2023-07-03,2023-06-14,False,False,False,,SNCR,SNCR,,,,,,False,False,
1164727,"NEM,NEMCL","NYSE,OTC",1040,Gold and Silver Ores,NEWMONT Corp /DE/,NEWMONT GOLDCORP CORP /DE/; NEWMONT MINING CORP /DE/; DELTA HOLDCO CORP,2002-01-10,S-4,18,2023-10-12,2023-10-11,False,False,False,Newcrest Mining Limited,NEM,NEM,,,,,,False,False,
1703647,KRRO,Nasdaq,2834,Pharmaceutical Preparations,"Korro Bio, Inc.","Frequency Therapeutics, Inc.",2023-07-14,425,4,2023-11-06,2023-11-03,True,False,True,,FREQ,KRRO,,,,,,False,False,
1843656,"RMCO,RMCOW","Nasdaq,Nasdaq",6794,Patent Owners & Lessors,Royalty Management Holding Corp,American Acquisition Opportunity Inc.,2022-06-28,425,7,2023-10-30,2023-10-30,True,False,True,AMAO and Royalty Management Corporation,AMAO,RMCO,253807.0,,,10.47,super8k,True,True,
896841,,,7372,Services-Prepackaged Software,"AVID TECHNOLOGY, INC.",AVID TECHNOLOGY INC,2005-04-29,S-4,13,2023-11-02,2023-11-02,False,False,False,,AVID,AVID,,,,,,False,False,
1854583,,,8742,Services-Management Consulting Services,"Collective Audience, Inc.","Abri SPAC I, Inc.",2022-02-02,425,3,2023-10-25,2023-10-23,True,False,True,DLQ continuing as the surviving corporation and as,ASPA,CAUD,639963.0,,,,vote8k,True,True,
708818,,,7373,Services-Computer Integrated Systems Design,"NEXTGEN HEALTHCARE, INC.","QUALITY SYSTEMS, INC; QUALITY SYSTEMS INC",2023-09-26,PREM14A,16,2023-11-07,2023-11-07,False,False,False,"Next Merger Sub, Inc",NXGN,NXGN,,,,,,False,False,
1849380,"ONMD,ONMDW","Nasdaq,Nasdaq",8731,Services-Commercial Physical & Biological Research,OneMedNet Corp,Data Knights Acquisition Corp.,2022-04-25,425,3,2023-10-18,2023-10-17,True,False,True,"April 25, 2022",DKDCU,ONMD,1600741.0,,,11.5,super8k,True,True,
1853044,"AERT,AERTW","Nasdaq,Nasdaq",8742,Services-Management Consulting Services,"Aeries Technology, Inc.",Worldwide Webb Acquisition Corp.,2023-03-13,425,3,2023-11-03,2023-11-02,True,False,True,,WWAC,AERT,3699291.0,,,,vote8k,True,True,
1866816,"OPTX,OPTXW","Nasdaq,Nasdaq",3827,Optical Instruments & Lenses,"SYNTEC OPTICS HOLDINGS, INC.",OmniLit Acquisition Corp.,2023-05-10,425,3,2023-11-02,2023-11-02,True,False,True,,OPTX,OPTX,1051450.0,,,10.68,super8k,True,True,
731122,CCFN,OTC,6022,State Commercial Banks,MUNCY COLUMBIA FINANCIAL Corp,CCFNB BANCORP INC,2023-04-18,425,6,2023-10-03,2023-10-03,True,False,True,"Muncy Bank Financial, Inc",,,,,,,,False,False,
1091748,,,6361,Title Insurance,"Argo Group International Holdings, Inc.","Argo Group International Holdings, Ltd.; PXRE GROUP LTD",1999-08-18,S-4,8,2023-04-19,2023-04-19,False,False,True,BNRE Bermuda Merger Sub Ltd,ARGO,ARGO,,,,,,False,False,
1842556,"EONR,EONR-WT","NYSE,NYSE",1311,Crude Petroleum & Natural Gas,EON Resources Inc.,HNR Acquisition Corp.,2023-02-14,PREM14A,4,2023-11-20,2023-11-14,False,False,True,,,,3323707.0,,9.99,18.0,super8k,True,True,9.99
1068875,,,6199,Finance Services,"AVANTAX, INC.","BLUCORA, INC.; INFOSPACE INC; INFOSPACE COM INC",2000-08-17,S-4,16,2023-11-21,2023-11-21,False,False,True,,AVTA,AVTA,,,,,,False,False,
1964789,HUT,Nasdaq,6199,Finance Services,Hut 8 Corp.,,2023-02-07,425,0,,,True,False,False,"February 6, 2023",,,,,,,,False,False,
1839530,"XBP,XBPEW","Nasdaq,Nasdaq",7389,"Services-Business Services, NEC","XBP Global Holdings, Inc.","XBP Europe Holdings, Inc.; CF Acquisition Corp. VIII",2022-10-11,425,5,2023-09-19,2023-09-14,True,False,True,"Merger, dated October 9, 2022",CFFE,XBP,669661.0,,,11.11,super8k,True,True,
1853070,"SOAR,SOARW","NYSE,OTC",4522,"Air Transportation, Nonscheduled","Volato Group, Inc.",PROOF Acquisition Corp I,2023-08-02,425,2,2023-11-29,2023-11-24,True,False,True,Volato surviving the merger as,PACI,SOAR,4675708.0,,,11.5,super8k,True,True,
1848898,,,0100,Agricultural Production-Crops,African Agriculture Holdings Inc.,10X Capital Venture Acquisition Corp. II,2022-04-01,425,3,2023-12-05,2023-12-05,True,False,True,,VCXA,AAGR,1857033.0,,98.7,10.62,super8k,True,True,98.7
1411342,"EFC,EFC-PB,EFC-PC,EFC-PD","NYSE,NYSE,NYSE,NYSE",6500,Real Estate,Ellington Financial Inc.,Ellington Financial LLC,2023-05-31,425,14,2023-08-17,2023-08-17,True,False,False,,EFC,EFC,,,8.625,,super8k,False,True,8.625
1922858,ECDA,OTC,3711,Motor Vehicles & Passenger Car Bodies,"ECD Automotive Design, Inc.",EF Hutton Acquisition Corp I,2023-03-06,425,2,2023-12-08,2023-12-07,True,False,True,"March 3, 2023",EFHT,ECDA,,,,,,True,True,
1404644,NGNE,Nasdaq,2834,Pharmaceutical Preparations,Neurogene Inc.,"Neoleukin Therapeutics, Inc.; AQUINOX PHARMACEUTICALS, INC; AQUINOX PHARMACEUTICALS (USA) INC",2023-07-18,425,10,2023-12-19,2023-12-13,True,False,True,"Merger, dated as of July 17, 2023",NLTX,NGNE,,,,,,False,False,
1826011,"BNZI,BNZIW","Nasdaq,Nasdaq",7372,Services-Prepackaged Software,"Banzai International, Inc.",7GC & Co. Holdings Inc.,2022-12-08,425,4,2023-12-15,2023-12-13,True,False,True,Legacy Banzai,VII,BNZI,3452406.0,,10.0,,super8k,False,True,10.0
1863990,"MSAI,MSAIW","Nasdaq,Nasdaq",3827,Optical Instruments & Lenses,"MultiSensor AI Holdings, Inc.","Infrared Cameras Holdings, Inc.; Sportsmap Tech Acquisition Corp.",2023-05-10,PREM14A,2,2023-12-11,2023-12-08,False,False,True,SMAP,SMAP,MSAI,1521011.0,,,,vote8k,True,True,
1883984,,,4931,Electric & Other Services Combined,"Alternus Clean Energy, Inc.",Clean Earth Acquisitions Corp.,2023-12-06,425,3,2023-12-06,2023-12-04,True,False,True,,CLIN,,2647190.0,,,10.68,vote8k,False,True,
1842566,"AISP,AISPW","Nasdaq,Nasdaq",7372,Services-Prepackaged Software,"Airship AI Holdings, Inc.",BYTE Acquisition Corp.,2023-03-10,425,3,2023-12-21,2023-12-19,True,False,True,"June 27, 2023",BYTS,AISP,1068187.0,,,,super8k,True,True,
1855467,"MOBX,MOBXW","Nasdaq,Nasdaq",3674,Semiconductors & Related Devices,"MOBIX LABS, INC",Chavant Capital Acquisition Corp.,2022-11-16,425,5,2023-12-18,2023-12-18,True,False,True,Chavant,CLAY,MOBX,73706.0,,80.0,9.2,super8k,True,True,80.0
1817232,"HGAS,HGASW","OTC,OTC",2810,Industrial Inorganic Chemicals,Global Gas Corp,Dune Acquisition Corp,2022-01-26,PREM14A,4,2023-12-04,2023-12-04,False,False,True,,DUNE,HGAS,747518.0,,,10.04,super8k,True,True,
1825473,,,6770,Blank Checks,Prospector Capital Corp.,,2023-06-13,425,2,2023-12-19,2023-12-13,True,True,False,,PRSR,PRSR,,,69.5,10.91,super8k,True,True,69.5
1365916,,,2860,Industrial Organic Chemicals,"AMYRIS, INC.",AMYRIS BIOTECHNOLOGIES INC,,,20,2023-05-26,2023-05-25,False,False,False,,AMRSQ,AMRSQ,,,,,,False,False,
1592782,,,8742,Services-Management Consulting Services,Nukkleus Inc.,Compliance & Risk Management Solutions Inc.,2022-02-23,425,1,2023-12-07,2023-12-01,True,False,False,,,NUKK,330345.0,,38.6,11.57,super8k,False,True,38.6
1980088,MNR,NYSE,1311,Crude Petroleum & Natural Gas,MACH NATURAL RESOURCES LP,,,,0,,,False,False,False,,MNR,MNR,,,,,,False,False,
1830029,,,6199,Finance Services,GRIID Infrastructure Inc.,Adit EdTech Acquisition Corp.,2021-11-30,425,5,2023-12-01,2023-11-30,True,False,True,"Merger, dated as of November 29, 2021",ADEX,ADEX,,,,,,False,False,
1787518,"DFNS,DFNSW","Nasdaq,Nasdaq",8742,Services-Management Consulting Services,T3 Defense Inc.,Nukkleus Inc.; Brilliant Acquisition Corp,2022-02-23,425,8,2023-12-19,2023-12-13,True,False,True,,BRLI,NUKK,330345.0,,38.6,11.57,super8k,True,True,38.6
1843973,"FLYX,FLYX-WT","NYSE,NYSE",4522,"Air Transportation, Nonscheduled",FLYEXCLUSIVE INC.,EG Acquisition Corp.,2023-05-05,PREM14A,2,2023-12-20,2023-12-18,False,False,True,"October 17, 2022",EGGF,FLYX,2924907.0,,,10.91,super8k,True,True,
1854275,"ZCAR,ZCARW","OTC,OTC",7510,Services-Auto Rental & Leasing (No Drivers),"Zoomcar Holdings, Inc.",Innovative International Acquisition Corp.,2022-10-14,425,5,2023-12-21,2023-12-19,True,False,True,"Zoomcar, Inc",IOAC,ZCAR,2261698.0,,98.7,11.51,super8k,True,True,98.7
700764,,,1311,Crude Petroleum & Natural Gas,"VICTORY CLEAN ENERGY, INC.","VICTORY OILFIELD TECH, INC.; VICTORY ENERGY CORP; VICTORY CAPITAL HOLDINGS CORP; NEW ENVIRONMENTAL TECHNOLOGIES CORP",2017-09-18,PREM14A,3,2018-04-23,2018-04-23,False,False,True,,,,,,,,,False,False,
1162194,LAB,Nasdaq,3826,Laboratory Analytical Instruments,STANDARD BIOTOOLS INC.,FLUIDIGM CORP,2023-10-04,425,16,2024-01-05,2024-01-04,True,False,False,"Merger, dated as of October 4, 2023",LAB,LAB,,,,,,False,False,
1852633,,,5810,Retail-Eating & Drinking Places,"Pinstripes Holdings, Inc.",Banyan Acquisition Corp,2023-06-23,425,4,2023-12-28,2023-12-27,True,False,True,"June 22, 2023",BYN,PNST,2652419.0,,5.0,10.76,super8k,True,True,5.0
1897245,HWH,Nasdaq,5122,"Wholesale-Drugs, Proprietaries & Druggists' Sundries",HWH International Inc.,Alset Capital Acquisition Corp.,2022-10-12,S-4,3,2023-11-03,2023-11-02,False,False,True,HWH surviving as the Surviving Corporation,ACAX,HWH,8591072.0,,,,super8k,True,True,
1930021,"HOVR,HOVRW","Nasdaq,Nasdaq",3721,Aircraft,New Horizon Aircraft Ltd.,"Pono Capital Three, Inc.",2023-08-15,425,1,2024-01-05,2024-01-04,True,False,True,"Pono with Robinson Aircraft, Ltd",PTHR,HOVR,9852558.0,,,10.62,super8k,True,True,
1490927,,,,,Franklin BSP Lending Corp,Business Development Corp of America,2023-10-06,425,23,2024-01-10,2024-01-05,True,False,False,,,,,,,,,False,False,
1825248,FRBP,OTC,,,Franklin BSP Capital Corp,Franklin BSP Capital L.L.C.,2023-10-06,425,4,2023-12-20,2023-12-19,True,False,False,,,,,,,,,False,False,
1849475,,,6770,Blank Checks,Newcourt Acquisition Corp,,2023-01-10,425,4,2024-01-24,2024-01-22,True,True,False,Newcourt Acquisition Corp,NCAC,,,,,11.56,,True,True,
1857086,TRUG,Nasdaq,3949,"Sporting & Athletic Goods, NEC","TruGolf Holdings, Inc.",Deep Medicine Acquisition Corp.,2022-07-13,425,4,2024-02-01,2024-01-31,True,False,True,Deep Medicine,TRUG,TRUG,378744.0,,25.0,11.5,super8k,True,True,25.0
1881551,STI,Nasdaq,3690,"Miscellaneous Electrical Machinery, Equipment & Supplies",Solidion Technology Inc.,Nubia Brand International Corp.,2023-03-20,PREM14A,3,2023-12-19,2023-12-14,False,False,True,,NUBI,STI,1625876.0,,,,super8k,True,True,
1527702,IQST,Nasdaq,4813,Telephone Communications (No Radiotelephone),iQSTEL Inc,"PURESNAX INTERNATIONAL, INC.; PURE SNAX INTERNATIONAL, INC.; B-MAVEN, INC.",,,1,2023-02-06,2023-01-31,False,False,False,,,,,,,,,True,False,
69488,MYE,NYSE,3089,"Plastics Products, NEC",MYERS INDUSTRIES INC,,2007-06-05,PREM14A,16,2023-04-28,2023-04-26,False,False,False,"Signature CR Intermediate Holdco, Inc",MYE,MYE,,,,,,False,False,
1830795,,,6770,Blank Checks,Quantum FinTech Acquisition Corp,,2021-11-04,425,4,2024-02-13,2024-02-08,True,True,False,,OTC,OTC,0.0,,,,super8k,True,True,
1852973,"BRLS,BRLSW","Nasdaq,Nasdaq",2000,Food and Kindred Products,Borealis Foods Inc.,Oxus Acquisition Corp.,2023-02-24,425,3,2024-02-02,2024-02-02,True,False,True,,OXUS,BRLS,,,,,,True,True,
1860871,"TVGN,TVGNW","Nasdaq,Nasdaq",2836,"Biological Products, (No Diagnostic Substances)",Tevogen Bio Holdings Inc.,Semper Paratus Acquisition Corp,2023-06-29,425,4,2024-02-01,2024-01-31,True,False,True,,LGST,LGST,,,5.0,11.07,near8k,True,True,5.0
1831481,SOC,NYSE,1311,Crude Petroleum & Natural Gas,Sable Offshore Corp.,Flame Acquisition Corp.,2022-11-10,PREM14A,3,2024-02-12,2024-02-12,False,False,True,Flame surviving such merger,FLME,SOC,160000.0,,6.7,,super8k,True,True,6.7
1856948,,,6770,Blank Checks,Chenghe Acquisition Co.,,2023-07-21,425,2,2024-02-02,2024-02-02,True,True,False,"July 21, 2023",CHEA,CHEA,4044701.0,,,11.08,super8k,True,True,
1963088,"ATCH,ATCHW","NYSE,OTC",6199,Finance Services,"AtlasClear Holdings, Inc.","Calculator New Pubco, Inc.",2023-02-15,425,0,,,True,False,True,,,ATCH,4940885.0,,1.0,10.92,super8k,True,True,1.0
1870404,CERO,OTC,2836,"Biological Products, (No Diagnostic Substances)","CERO THERAPEUTICS HOLDINGS, INC.","CERO THERAPEUTICS HOLDINGS, INC.; PHOENIX BIOTECH ACQUISITION CORP.",2022-10-31,425,4,2024-02-12,2024-02-08,True,False,True,"June 4, 2023, as amended by Amendment No",CERO,CERO,671285.0,,,,vote8k,False,True,
1883788,,,3841,Surgical & Medical Instruments & Apparatus,"DIH HOLDING US, INC.",Aurora Technology Acquisition Corp.,2023-02-28,425,3,2023-12-20,2023-12-18,True,False,True,,ATAK,DHAI,4815153.0,,,11.03,vote8k,False,True,
1841024,,,6770,Blank Checks,L Catterton Asia Acquisition Corp,,2023-01-31,425,3,2024-02-02,2024-02-02,True,True,False,"Merger, dated as of October 11, 2023",,,20818519.0,,,,vote8k,True,True,
946454,,,3861,Photographic Equipment & Supplies,FG Group Holdings Inc.,"BALLANTYNE STRONG, INC.; BALLANTYNE OF OMAHA INC",2024-01-29,DEFM14A,16,2024-02-29,2024-02-29,False,False,False,"Merger, dated as of January 3, 2024",FGH,FGH,,,,,,False,False,
1591890,"FGNX,FGNXP","Nasdaq,Nasdaq",6199,Finance Services,FG Nexus Inc.,"Fundamental Global Inc.; FG Financial Group, Inc.; 1347 Property Insurance Holdings, Inc.",2019-03-15,PREM14A,11,2023-12-08,2023-12-06,False,False,True,"Merger, dated as of January 3, 2024",FGF,,,,,,,False,False,
936528,"WAFD,WAFDP","Nasdaq,Nasdaq",6021,National Commercial Banks,WAFD INC,WASHINGTON FEDERAL INC,2022-11-14,425,15,2024-02-14,2024-02-13,True,False,True,,WAFD,WAFD,,,,,,False,False,
765880,DOC,NYSE,6798,Real Estate Investment Trusts,"HEALTHPEAK PROPERTIES, INC.","HCP, INC.; HEALTH CARE PROPERTY INVESTORS INC",2023-10-30,425,15,2024-02-21,2024-02-21,True,False,False,,PEAK,PEAK,,,4.1,,super8k,False,True,4.1
1475348,,,6022,State Commercial Banks,Luther Burbank Corp,,2022-11-14,425,7,2023-10-25,2023-10-24,True,False,False,WaFd pursuant to the Merger Agreement,LBC,LBC,,,,,,False,False,
1829322,,,6770,Blank Checks,Sizzle Acquisition Corp.,,2022-10-25,425,5,2024-02-27,2024-02-22,True,True,False,"Merger, dated as of October 25, 2022",SZZL,SZZL,1414537.0,,,,super8k,False,True,
1724965,TALO,NYSE,1311,Crude Petroleum & Natural Gas,TALOS ENERGY INC.,SAILFISH ENERGY HOLDINGS Corp,2022-09-22,425,8,2023-05-17,2023-05-09,True,False,False,,TALO,TALO,,,40.0,,near8k,False,True,40.0
1844505,"QTI,QTIWW","Nasdaq,OTC",3845,Electromedical & Electrotherapeutic Apparatus,"QT IMAGING HOLDINGS, INC.","GigCapital5, Inc.",2022-10-03,425,5,2024-02-22,2024-02-15,True,False,True,"QT Imaging, Inc",QTI,QTI,848003.0,,7.0,,super8k,True,True,7.0
1714562,GAME,Nasdaq,7900,Services-Amusement & Recreation Services,"GameSquare Holdings, Inc.","Engine Gaming & Media, Inc.; Engine Media Holdings, Inc.; Torque Esports Corp.; Millennial Esports Corp.",,,1,2024-02-29,2024-02-14,False,False,True,FaZe Holdings Inc,GAME,GAME,,,,,,False,False,
1947861,"NMHI,NMHIW","OTC,OTC",3523,Farm Machinery & Equipment,Nature's Miracle Holding Inc.,LBBB Merger Corp.,2022-11-14,S-4,0,,,False,True,True,,,,,,,11.5,,False,True,
1326003,,,,,BlackRock Capital Investment Corp,BlackRock Kelso Capital CORP,2023-09-06,425,22,2024-03-07,2024-03-07,True,False,False,,,,,,,,,False,False,
1370755,TCPC,Nasdaq,,,BlackRock TCP Capital Corp.,"TCP Capital Corp.; Special Value Continuation Fund, LLC",2023-09-06,425,14,2024-03-07,2024-03-07,True,False,False,,TCPC,,,,,,,False,False,
1886799,,,2833,Medicinal Chemicals & Botanical Products,Bright Green Corp,,,,2,2023-12-07,2023-12-06,False,False,False,,,,,,,,,False,False,
1689923,,,7372,Services-Prepackaged Software,"Alteryx, Inc.",,2024-01-30,PREM14A,7,2024-03-14,2024-03-13,False,False,False,,AYX,AYX,,,,,,False,False,
1838163,"BNAI,BNAIW","Nasdaq,Nasdaq",7373,Services-Computer Integrated Systems Design,Brand Engagement Network Inc.,DHC Acquisition Corp.,2022-07-25,425,3,2024-03-07,2024-03-05,True,False,True,,DHCA,BNAI,1920051.0,,,10.8,super8k,True,True,
1879373,GTIJF,OTC,3620,Electrical Industrial Apparatus,GRAPHJET TECHNOLOGY,Energem Corp,2022-09-13,425,4,2024-03-04,2024-02-28,True,False,True,,ENCP,GTI,13487570.0,,,11.52,super8k,True,True,
1855474,"AIRJ,AIRJW","Nasdaq,Nasdaq",3585,Air-Cond & Warm Air Heatg Equip & Comm & Indl Refrig Equip,AirJoule Technologies Corp.,Montana Technologies Corp.; Power & Digital Infrastructure Acquisition II Corp.,2023-06-05,425,2,2024-03-14,2024-03-08,True,False,True,XPDB,XPDB,AIRJ,10381983.0,,,10.85,super8k,True,True,
1865506,"ZEO,ZEOWW","Nasdaq,Nasdaq",1700,Construction - Special Trade Contractors,Zeo Energy Corp.,ESGEN Acquisition Corp,2023-01-18,425,4,2024-03-08,2024-03-06,True,False,True,"April 19, 2023",ESAC,ZEO,1159976.0,,,11.5,super8k,True,True,
1953984,"BCG,BCGWW","Nasdaq,Nasdaq",6199,Finance Services,"Binah Capital Group, Inc.",,2023-01-04,425,0,,,True,False,False,,,,403066.0,,,13.15,super8k,True,True,
1668340,BCTF,OTC,6035,"Savings Institution, Federally Chartered","Bancorp 34, Inc.",,2023-04-28,425,6,2024-03-21,2024-03-18,True,False,False,"CBOA Financial, Inc",BCTF,,,,,,,False,False,
1815776,LENZ,Nasdaq,2836,"Biological Products, (No Diagnostic Substances)","LENZ Therapeutics, Inc.","Graphite Bio, Inc.",2023-11-15,425,3,2024-03-14,2024-03-14,True,False,True,"Merger, dated as of November 14, 2023",GRPH,LENZ,,,,,,False,False,
1845368,,,6770,Blank Checks,HCM Acquisition Corp,,2024-02-26,DEFM14A,3,2024-03-05,2024-03-05,False,True,False,"Murano PV, S",HCMA,HCMA,1538989.0,,,,vote8k,True,True,
1661998,QTTB,Nasdaq,2834,Pharmaceutical Preparations,Q32 Bio Inc.,"Q32 Bio Inc.; Homology Medicines, Inc.",2023-11-16,425,6,2024-03-15,2024-03-15,True,False,True,,FIXX,QTTB,,,,,,False,False,
1824884,,,2070,Fats & Oils,Edoc Acquisition Corp.,,2022-02-02,425,6,2024-03-11,2024-03-05,True,False,False,"December 5, 2022",ADOC,,650039.0,,,11.76,super8k,True,True,
1708599,SER,NYSE,2834,Pharmaceutical Preparations,"Serina Therapeutics, Inc.","AgeX Therapeutics, Inc.",2023-08-30,425,6,2024-03-14,2024-03-14,True,False,True,"Merger and Reorganization, dated as of August 29, 2023",AGE,SER,,,,,,False,False,
883948,"AUB,AUB-PA","NYSE,NYSE",6022,State Commercial Banks,Atlantic Union Bankshares Corp,UNION BANKSHARES CORP; Union Bankshares Corp; UNION FIRST MARKET BANKSHARES CORP,2023-07-25,425,18,2023-05-04,2023-05-02,True,False,False,American National Bankshares Inc,AUB,AUB,,,,,,False,False,
1851961,"GCTS,GCTS-WT","NYSE,NYSE",3674,Semiconductors & Related Devices,"GCT Semiconductor Holding, Inc.",Concord Acquisition Corp III,2023-11-03,425,3,2024-02-29,2024-02-27,True,False,True,Gibraltar Merger Sub Inc,CNDB,GCTS,3766839.0,,80.0,9.2,super8k,False,True,80.0
1849635,"DJT,DJTWW","Nasdaq,Nasdaq",7370,"Services-Computer Programming, Data Processing, Etc.",Trump Media & Technology Group Corp.,Digital World Acquisition Corp.,2021-10-21,425,4,2024-03-22,2024-03-22,True,False,True,,DWAC,DJT,,,30.0,10.92,super8k,False,True,30.0
741516,,,6021,National Commercial Banks,AMERICAN NATIONAL BANKSHARES INC.,AMERICAN NATIONAL BANKSHARES INC,2023-07-25,425,18,2023-11-15,2023-11-14,True,False,False,Atlantic Union Bankshares Corporation,AMNB,AMNB,,,,,,False,False,
1774170,AIOT,Nasdaq,3669,"Communications Equipment, NEC","Powerfleet, Inc.",,2023-10-10,425,5,2024-02-28,2024-02-28,True,False,False,,PWFL,PWFL,,,,,,False,False,
1843714,ZPTA,OTC,7372,Services-Prepackaged Software,"Zapata Quantum, Inc.",Zapata Computing Holdings Inc.; Andretti Acquisition Corp.,2023-09-06,425,3,2024-02-13,2024-02-13,True,False,True,,WNNR,ZPTA,6048595.0,,49.1,10.99,super8k,True,True,49.1
1127371,CWBC,Nasdaq,6022,State Commercial Banks,Community West Bancshares,CENTRAL VALLEY COMMUNITY BANCORP; CENTRAL VALEY COMMUNITY BANCORP,2023-10-11,425,14,2024-02-09,2024-02-08,True,False,True,Community West Banchares,,CWBC,,,,,,False,False,
1130598,TRAW,Nasdaq,2834,Pharmaceutical Preparations,"Traws Pharma, Inc.","Onconova Therapeutics, Inc.; ONCONOVA THERAPEUTICS INC",,,16,2023-08-15,2023-08-10,False,False,True,Trawsfynydd,ONTX,TRAW,,,,,,False,False,
1835972,,,7372,Services-Prepackaged Software,"iLearningEngines, Inc.",Arrowroot Acquisition Corp.,2023-05-02,425,3,2024-04-01,2024-04-01,True,False,True,,ARRW,,,,,,,True,True,
1066764,"BESS,BESS-WT","NYSE,NYSE",4911,Electric Services,Bimergen Energy Corp,"Bitech Technologies Corp; Spine Injury Solutions, Inc; Spine Pain Management, Inc; VERSA CARD, INC.; Intrepid Global Imaging 3D, INC.; MANGAPETS, INC.; NEWMARK VENTURES INC; DELTA CAPITAL TECHNOLOGIES INC; DELTA CAPITAL TECHNOLOGIES INC/NY",,,12,2021-01-21,2021-01-19,False,False,True,,,,,,,,,False,False,
790051,CSL,NYSE,3060,"Fabricated Rubber Products, NEC",CARLISLE COMPANIES INC,,,,17,2024-05-01,2024-05-01,False,False,False,,CSL,CSL,,,,,,False,False,
1964333,BHRB,Nasdaq,6021,National Commercial Banks,Burke & Herbert Financial Services Corp.,,2023-08-24,425,1,2023-12-07,2023-12-06,True,False,False,"Summit Financial Group, Inc",BHRB,BHRB,,,,,,False,False,
811808,,,6022,State Commercial Banks,"SUMMIT FINANCIAL GROUP, INC.",SUMMIT FINANCIAL GROUP INC; SOUTH BRANCH VALLEY BANCORP INC,2022-12-12,425,15,2023-12-07,2023-12-06,True,False,False,"Summit Financial Group, Inc",SMMF,,,,,,,False,False,
1823000,,,6510,Real Estate Operators (No Developers) & Lessors,CONX Corp.,,2022-10-13,425,3,2023-11-08,2023-11-02,True,True,False,,CONX,,,,,11.5,,True,True,
1879297,,,6770,Blank Checks,LAMF Global Ventures Corp. I,,2023-08-18,425,2,2024-04-02,2024-04-01,True,True,False,LAMF’s liquidation,LGVC,LGVC,,,,11.03,,True,True,
1749704,,,7350,Services-Miscellaneous Equipment Rental & Leasing,"AGILITI, INC. \DE",,2018-08-23,S-4,3,2023-05-05,2023-05-04,False,False,False,"Apex Merger Sub, Inc",AGTI,AGTI,,,,,,False,False,
1039828,ANG-PD,NYSE,6311,Life Insurance,American National Group Inc.,AMERICAN EQUITY INVESTMENT LIFE HOLDING CO,2023-07-05,425,14,2023-11-13,2023-11-10,True,False,True,"American National Group, LLC",AEL,AEL,,,,,,False,False,
1849056,OKLO,NYSE,4911,Electric Services,Oklo Inc.,AltC Acquisition Corp.,2023-07-11,425,3,2024-05-08,2024-05-07,True,False,True,,ALCC,OKLO,,,,10.5,,True,True,
2006191,,,7812,Services-Motion Picture & Video Tape Production,Lionsgate Studios Holding Corp.,Lionsgate Studios Corp.; SEAC II Corp.,2024-01-08,425,0,,,True,False,True,,,LION,10930000.0,,,,super8k,True,True,
1476765,GBDC,Nasdaq,,,"GOLUB CAPITAL BDC, Inc.",GOLUB CAPITAL INVESTMENT Corp; Golub Capital BDC LLC,2024-01-17,425,16,2024-05-29,2024-05-29,True,False,False,,GBDC,GBDC,,,,,,False,False,
1606268,VIASP,Nasdaq,4931,Electric & Other Services Combined,"Via Renewables, Inc.","Spark Energy, Inc.",2024-02-12,PREM14A,14,2024-06-10,2024-06-07,False,False,False,Merger,VIA,VIA,,,,,,False,False,
1681087,TECX,Nasdaq,2836,"Biological Products, (No Diagnostic Substances)","Tectonic Therapeutic, Inc.","AvroBio, Inc.; AVROBIO, Inc.",2024-01-30,425,6,2024-06-11,2024-06-11,True,False,True,"Merger and Reorganization, dated as of January 30, 2024",AVRO,TECX,,,,,,False,False,
1715768,,,3674,Semiconductors & Related Devices,"Transphorm, Inc.",Peninsula Acquisition Corp,2024-02-23,PREM14A,6,2024-04-10,2024-04-09,False,False,False,,TGAN,TGAN,,,,,,False,False,
1118417,,,7370,"Services-Computer Programming, Data Processing, Etc.","MODEL N, INC.",MODEL N INC,2024-05-03,PREM14A,12,2024-06-27,2024-06-25,False,False,False,,MODN,MODN,,,,,,False,False,
1912582,AIEV,OTC,3711,Motor Vehicles & Passenger Car Bodies,"Thunder Power Holdings, Inc.",Feutune Light Acquisition Corp,2023-10-27,425,3,2024-06-20,2024-06-17,True,False,True,Thunder Power Holdings Limited,FLFV,AIEV,1355132.0,,,11.13,super8k,True,True,
1907223,"GRML,GRMLW","Nasdaq,Nasdaq",2836,"Biological Products, (No Diagnostic Substances)",Greenland Mines Ltd,"Klotho Neurosciences, Inc.; ANEW Medical, Inc.; Redwoods Acquisition Corp.",2022-12-16,425,3,2024-04-18,2024-04-12,True,False,True,,RWOD,WENA,1739776.0,,,10.78,vote8k,True,True,
1575434,,,6311,Life Insurance,"Vericity, Inc.",,,,5,2023-10-03,2023-10-03,False,False,False,Long Grove Acquisition Corp,VERY,VERY,,,,,,False,False,
1864531,"VSEE,VSEEW","Nasdaq,Nasdaq",8000,Services-Health Services,"VSEE HEALTH, INC.",DIGITAL HEALTH ACQUISITION CORP.,2022-11-04,S-4,4,2024-06-12,2024-06-07,False,False,True,,DHAC,VSEE,,,,,,False,False,
826154,ORRF,Nasdaq,6022,State Commercial Banks,ORRSTOWN FINANCIAL SERVICES INC,,2023-12-12,425,18,2024-05-31,2024-05-30,True,False,False,"Codorus Valley Bancorp, Inc",ORRF,ORRF,,,,,,False,False,
1820877,,,6798,Real Estate Investment Trusts,Apartment Income REIT Corp.,"AIMCO-LP, Inc.",2024-05-10,PREM14A,4,2024-06-25,2024-06-25,False,False,False,,AIRC,AIRC,41004128.0,,4.58,,super8k,False,False,4.58
701374,,,7990,Services-Miscellaneous Amusement & Recreation,Six Flags Entertainment Corp/OLD,"Six Flags Entertainment Corp; SIX FLAGS, INC.; SIX FLAGS INC; PREMIER PARKS INC; TIERCO GROUP INC/DE/",2023-11-02,425,14,2024-03-12,2024-03-12,True,False,True,"Merger, dated as of November 2, 2023",SIX,SIX,,,,,,False,False,
811532,,,7990,Services-Miscellaneous Amusement & Recreation,CEDAR FAIR L P,,2023-11-02,425,20,2023-09-29,2023-05-24,True,False,False,"Merger, dated as of November 2, 2023",FUN,FUN,,,,,,False,False,
1035976,,,6021,National Commercial Banks,"FNCB Bancorp, Inc.",FIRST NATIONAL COMMUNITY BANCORP INC,2023-09-28,425,15,2024-03-22,2024-03-22,True,False,False,Peoples Financial Services Corp,,,,,,,,False,False,
1056943,PFIS,Nasdaq,6021,National Commercial Banks,PEOPLES FINANCIAL SERVICES CORP.,PEOPLES FINANCIAL SERVICES CORP/,2023-09-28,425,16,2024-05-14,2024-05-11,True,False,False,"FNCB Bancorp, Inc",PFIS,PFIS,,,,,,False,False,
806279,,,6035,"Savings Institution, Federally Chartered",CODORUS VALLEY BANCORP INC,,2023-12-12,425,17,2024-05-31,2024-05-30,True,False,False,"Orrstown Financial Services, Inc",CVLY,CVLY,,,,,,False,False,
1437352,,,7372,Services-Prepackaged Software,"EVERBRIDGE, INC.",3N GLOBAL INC,2024-03-11,PREM14A,9,2024-04-26,2024-04-25,False,False,False,,EVBG,EVBG,,,,,,False,False,
2005951,SW,NYSE,2650,Paperboard Containers & Boxes,Smurfit Westrock plc,Smurfit WestRock Ltd,2024-05-02,425,0,,,True,False,True,,,SW,,,,,,False,False,
1878074,,,6770,Blank Checks,Blue World Acquisition Corp,,2023-08-10,425,4,2024-05-28,2024-05-28,True,True,False,"Merger, dated as of August 10, 2023",BWAQ,BWAQ,,,,,,True,True,
1831979,"SDST,SDSTW","Nasdaq,Nasdaq",3330,Primary Smelting & Refining of  Nonferrous Metals,Stardust Power Inc.,Stardust Power Inc.; Global Partner Acquisition Corp II,2023-11-21,425,3,2024-06-28,2024-06-27,True,False,True,"November 21, 2023",GPAC,SDST,1660035.0,,,11.5,super8k,True,True,
1895249,CNTM,OTC,1700,Construction - Special Trade Contractors,"ConnectM Technology Solutions, Inc.",Monterey Capital Acquisition Corp,2023-01-03,425,3,2024-07-12,2024-07-10,True,False,True,"Merger, dated December 31, 2022",MCAC,CNTM,3665639.0,,,11.5,vote8k,True,True,
1882963,,,6770,Blank Checks,AIB Acquisition Corp,AIB Acquisition Corporation,2023-12-28,425,3,2024-07-18,2024-07-15,True,True,False,"December 27, 2023",AIB,OTC,954338.0,,,,super8k,False,True,
1847241,,,6770,Blank Checks,Project Energy Reimagined Acquisition Corp.,,2023-10-03,425,3,2024-05-03,2024-04-29,True,True,False,PERAC being the surviving company,PEGR,PEGR,4226571.0,,,10.85,vote8k,True,True,
1524741,,,1400,Mining & Quarrying of  Nonmetallic Minerals (No Fuels),"U.S. SILICA HOLDINGS, INC.",,2024-05-24,PREM14A,14,2024-07-16,2024-07-16,False,False,False,,SLCA,,,,,,,False,False,
1752036,,,6022,State Commercial Banks,California BanCorp,,2024-01-30,425,5,2024-07-18,2024-07-17,True,False,False,SCB,,,,,,,,False,False,
1795815,BCAL,Nasdaq,6021,National Commercial Banks,California BanCorp \ CA,Southern California Bancorp \ CA,2024-01-30,425,3,2024-07-18,2024-07-17,True,False,True,CBC,BCAL,BCAL,,,,,,False,False,
1936702,,,6770,Blank Checks,Cetus Capital Acquisition Corp.,,2023-06-26,425,2,2024-07-10,2024-07-09,True,True,False,MKD BVI is,CETU,CETU,2029934.0,,,10.77,vote8k,True,True,
1053584,,,6022,State Commercial Banks,MACATAWA BANK CORP,,2024-04-15,425,19,2024-07-31,2024-07-31,True,False,False,,MCBC,MCBC,,,,,,False,False,
874501,OSG,NYSE,6351,Surety Insurance,OCTAVE SPECIALTY GROUP INC,AMBAC FINANCIAL GROUP INC; AMBAC INC /DE/,,,13,2024-06-07,2024-06-05,False,False,False,,AMBC,AMBC,,,,,,False,False,
2006986,ADGM,Nasdaq,3841,Surgical & Medical Instruments & Apparatus,"Adagio Medical Holdings, Inc.","Aja Holdco, Inc.",2024-03-25,425,0,,,True,False,True,,,ADGM,2707555.0,123520.0,,11.56,super8k,True,True,95.6
88000,HKHC,OTC,6282,Investment Advice,Horizon Kinetics Holding Corp,Scott's Liquid Gold - Inc.; SCOTTS LIQUID GOLD INC,,,13,2024-06-26,2024-06-20,False,False,True,,,,,,,,,False,False,
1852736,,,6770,Blank Checks,Tristar Acquisition I Corp.,,2024-07-23,425,3,2024-08-05,2024-08-02,True,True,False,,TRIS,,10480699.0,,,11.21,super8k,True,True,
1851484,CTOR,Nasdaq,2834,Pharmaceutical Preparations,"CITIUS ONCOLOGY, INC.",TenX Keane Acquisition,2023-10-24,425,2,2024-08-05,2024-08-02,True,False,True,"Merger and Reorganization, dated as of October 23, 2023",TENK,CTOR,4297828.0,,,11.47,super8k,True,True,
1288750,,,1040,Gold and Silver Ores,Timberline Resources Corp,,2024-04-18,425,14,2024-08-19,2024-08-16,True,False,False,,TBR,,,,,,,False,False,
1841125,"BSLK,BSLKW","OTC,OTC",2860,Industrial Organic Chemicals,"Bolt Projects Holdings, Inc.",Golden Arrow Merger Corp.,2023-10-04,425,3,2024-08-12,2024-08-09,True,False,True,"Beam Merger Sub, Inc",GAMC,BSLK,492278.0,,,10.71,super8k,True,True,
314203,MUX,NYSE,1040,Gold and Silver Ores,McEwen Inc.,McEwen Mining Inc.; U S GOLD CORP,2024-04-18,425,18,2024-07-03,2024-06-27,True,False,True,,MUX,MUX,,,,,,False,False,
2022416,"SLXN,SLXNW","Nasdaq,Nasdaq",2836,"Biological Products, (No Diagnostic Substances)",Silexion Therapeutics Corp,Biomotion Sciences,2024-07-25,425,0,,,True,False,True,,,SLXN,427297.0,,,11.575,super8k,True,True,
1835416,,,6770,Blank Checks,Moringa Acquisition Corp,,2022-06-13,425,3,2024-08-12,2024-08-06,True,True,False,Moringa and Merger Sub 2,MACA,MACA,,,,,,True,True,
1651721,"GIPR,GIPRW","Nasdaq,Nasdaq",6798,Real Estate Investment Trusts,"GENERATION INCOME PROPERTIES, INC.",,2023-09-13,PREM14A,3,2023-11-09,2023-11-09,False,False,False,,GIPR,GIPR,,,,,,False,False,
1657642,SLBK,OTC,6022,State Commercial Banks,"Skyline Bankshares, Inc.",Parkway Acquisition Corp.,2016-01-20,S-4,9,2024-05-23,2024-05-21,False,False,False,Johnson County Bank,,,,,,,,False,False,
907654,ORKA,Nasdaq,2834,Pharmaceutical Preparations,"Oruka Therapeutics, Inc.","ARCA biopharma, Inc.; NUVELO INC; HYSEQ INC",2024-04-03,425,18,2024-08-23,2024-08-22,True,False,True,"Merger and Reorganization, dated as of April 3, 2024",ABIO,ORKA,,,,,,False,False,
1042893,INVX,NYSE,3533,Oil & Gas Field Machinery & Equipment,"Innovex International, Inc.","Innovex International, Inc.; DRIL-QUIP INC",2024-03-18,425,17,2024-09-05,2024-09-05,True,False,True,Merger Sub Inc,,,,,,,,False,False,
1862935,CURR,Nasdaq,7389,"Services-Business Services, NEC",Currenc Group Inc.,InFinT Acquisition Corp,2022-08-09,425,4,2024-08-09,2024-08-06,True,False,True,INFINT with Seamless Group Inc,IFIN,CURR,4652105.0,,,11.79,super8k,True,True,
1502292,"PRHI,PRHIZ","Nasdaq,Nasdaq",6331,"Fire, Marine & Casualty Insurance","Presurance Holdings, Inc.","Conifer Holdings, Inc.",2023-07-26,425,10,2024-05-29,2024-05-22,True,False,True,,CNFR,CNFR,,,,,,False,False,
1930313,"SBC,SBCWW","Nasdaq,Nasdaq",8011,Services-Offices & Clinics of  Doctors of  Medicine,SBC Medical Group Holdings Inc,"Pono Capital Two, Inc.",2023-11-09,PREM14A,3,2024-08-29,2024-08-23,False,False,True,,PTWO,SBC,135471.0,,,11.05,super8k,True,True,
1840317,"VEEA,VEEAW","Nasdaq,Nasdaq",7373,Services-Computer Integrated Systems Design,VEEA INC.,Plum Acquisition Corp. I,2023-03-03,425,5,2024-06-21,2024-06-14,True,False,True,Veea Inc,PLMI,VEEA,,,,11.5,,True,True,
1835681,,,7372,Services-Prepackaged Software,"POWERSCHOOL HOLDINGS, INC.",,,,4,2024-06-10,2024-06-06,False,False,False,"BCPE Polymath Merger Sub, Inc",PWSC,PWSC,,,,,,False,False,
7332,,,1311,Crude Petroleum & Natural Gas,SOUTHWESTERN ENERGY CO,,2024-01-11,425,16,2024-06-18,2024-06-18,True,False,False,Chesapeake Energy Corporation,SWN,SWN,,,,,,False,False,
895126,EXE,Nasdaq,1311,Crude Petroleum & Natural Gas,EXPAND ENERGY Corp,CHESAPEAKE ENERGY CORP,2022-08-18,425,16,2024-06-18,2024-06-18,True,False,True,Southwestern Energy Company,CHK,EXE,,,,,,False,False,
1419536,CBNK,Nasdaq,6021,National Commercial Banks,Capital Bancorp Inc,,2024-03-28,425,7,2024-08-16,2024-08-15,True,False,False,"Integrated Financial Holdings, Inc",CBNK,CBNK,,,,,,False,False,
1308208,ULH,Nasdaq,4213,Trucking (No Local),"UNIVERSAL LOGISTICS HOLDINGS, INC.","Universal Truckload Services, Inc.",,,15,2024-04-25,2024-04-24,False,False,False,,ULH,ULH,,,,,,False,False,
1085869,,,7371,Services-Computer Programming Services,PERFICIENT INC,,2000-03-16,PREM14A,17,2024-07-30,2024-07-30,False,False,False,,PRFT,PRFT,,,,,,False,False,
2013807,"FOXX,FOXXW","Nasdaq,Nasdaq",3576,Computer Communications Equipment,Foxx Development Holdings Inc.,Acri Capital Merger Sub I Inc.,2024-06-28,S-4,0,,,False,False,True,,,FOXX,1744663.0,,68.8,11.75,super8k,True,True,68.8
1637715,OKUR,Nasdaq,2834,Pharmaceutical Preparations,"OnKure Therapeutics, Inc.","Reneo Pharmaceuticals, Inc.",2024-05-13,425,3,2024-10-02,2024-09-26,True,False,True,"Merger, dated as of May 10, 2024",RPHM,OKUR,,,,,,False,False,
2001557,"INV,INVLW","Nasdaq,OTC",6770,Blank Checks,"Innventure, Inc.","Learn SPAC HoldCo, Inc.",2024-01-29,425,0,,,True,True,True,Learn CW as the surviving company of the LCW Merger,,INV,8310747.0,,,11.04,super8k,True,True,
61398,,,1311,Crude Petroleum & Natural Gas,TELLURIAN INC. /DE/,MAGELLAN PETROLEUM CORP /DE/,2005-10-31,S-4,30,2024-10-04,2024-10-03,False,False,False,Merger,,,,,,,,False,False,
766421,ALK,NYSE,4512,"Air Transportation, Scheduled","ALASKA AIR GROUP, INC.",ALASKA AIR GROUP INC,,,14,2024-05-13,2024-05-09,False,False,False,,,,,,5.75,,near8k,False,False,5.75
1668673,,,5122,"Wholesale-Drugs, Proprietaries & Druggists' Sundries","PetIQ, Inc.",,2024-09-06,PREM14A,8,2024-10-22,2024-10-22,False,False,False,,PETQ,PETQ,,,,,,False,False,
41719,MAGN,NYSE,2621,Paper Mills,Magnera Corp,Glatfelter Corp; GLATFELTER P H CO,2024-02-07,425,19,2024-10-23,2024-10-23,True,False,True,,GLT,GLT,,,40.0,,super8k,False,True,40.0
1854480,DEVSF,OTC,6799,"Investors, NEC",DevvStream Corp.,Focus Impact Acquisition Corp.,2023-09-13,425,5,2024-11-01,2024-10-28,True,False,True,DevvStream Holdings Inc,FIAC,DEVS,1569414.0,,,11.5,super8k,False,True,
1866550,,,7371,Services-Computer Programming Services,"Thoughtworks Holding, Inc.",Turing Holding Corp.,,,5,2024-08-05,2024-08-02,False,False,False,"Tasmania Merger Sub, Inc",TWKS,TWKS,,,,,,False,False,
2000640,DMNIF,OTC,3751,"Motorcycles, Bicycles & Parts",Damon Inc.,Grafiti Holding Inc.,,,0,,,False,False,True,,,DMN,,,,,,False,False,
1910851,,,8741,Services-Management Services,R1 RCM Inc. /DE,PROJECT ROADRUNNER PARENT INC.,2022-04-07,S-4,3,2024-11-14,2024-11-14,False,False,False,"Project Raven Merger Sub, Inc",RCM,RCM,,,,,,False,False,
858655,,,3310,"Steel Works, Blast Furnaces & Rolling & Finishing Mills",HAYNES INTERNATIONAL INC,,2024-03-05,PREM14A,19,2024-04-16,2024-04-16,False,False,False,"Merger, dated as of February 4, 2024",HAYN,HAYN,,,,,,False,False,
1337619,,,7389,"Services-Business Services, NEC","ENVESTNET, INC.",ENVESTNET ASSET MANAGEMENT GROUP INC,2015-09-10,S-4,16,2024-09-24,2024-09-24,False,False,False,"BCPE Pequod Merger Sub, Inc",ENV,ENV,,,,,,False,False,
1893219,"ABPO,ABPWW","OTC,OTC",2836,"Biological Products, (No Diagnostic Substances)","Abpro Holdings, Inc.",Atlantic Coastal Acquisition Corp. II,2023-09-21,425,4,2024-11-08,2024-11-07,True,False,True,ACAB with Abpro Corporation,ACAB,ABP,330276.0,,80.55,11.5,super8k,True,True,80.55
1835591,,,3651,Household Audio & Video Equipment,Vizio Holding Corp.,,,,4,2024-06-14,2024-06-12,False,False,False,,VZIO,VZIO,,,,,,False,False,
1843993,,,6770,Blank Checks,"Thunder Bridge Capital Partners IV, Inc.",,2022-07-05,425,4,2024-12-06,2024-12-04,True,True,False,,THCP,THCP,,,,10.68,,True,True,
1131903,FCCN,OTC,7374,Services-Computer Processing & Data Preparation,SPECTRAL CAPITAL Corp,SPECTRA CAPITAL Corp; FUSA CAPITAL CORP; GALAXY CHAMPIONSHIP WRESTLING INC,,,0,,,False,False,False,,,,,,,,,False,False,
2028336,"NUAI,NUAIW","Nasdaq,Nasdaq",1311,Crude Petroleum & Natural Gas,"New ERA Energy & Digital, Inc.","NEW ERA HELIUM INC.; Roth CH V Holdings, Inc.",2024-06-28,S-4,0,,,False,False,True,"Organization dated January 3, 2024",,NEHC,8989488.0,,10.0,,super8k,True,True,10.0
1583648,PVLA,Nasdaq,2834,Pharmaceutical Preparations,"PALVELLA THERAPEUTICS, INC.","PIERIS PHARMACEUTICALS, INC.; Marika Inc.",2024-07-24,425,12,2024-12-12,2024-12-11,True,False,True,"Merger, dated as of July 23, 2024",PIRS,PIRS,,,,,,False,False,
1781870,,,,,"New Mountain Guardian III BDC, L.L.C.",,2024-10-16,425,5,2024-11-06,2024-10-31,True,False,False,NEWCRED continuing as the surviving company in the Merger,,,,,,,,False,False,
1862463,"AMOD,AMODW","Nasdaq,Nasdaq",6794,Patent Owners & Lessors,"ALPHA MODUS HOLDINGS, INC.",Insight Acquisition Corp. /DE,2023-04-04,425,6,2024-12-06,2024-12-06,True,False,True,,INAQ,AMOD,426136.0,,,11.29,super8k,True,True,
1845123,"ANNA,ANNAW","Nasdaq,Nasdaq",1311,Crude Petroleum & Natural Gas,"AleAnna, Inc.",Swiftmerge Acquisition Corp.,2023-08-11,425,4,2024-12-13,2024-12-12,True,False,True,Merger,IVCP,ANNA,1158556.0,,5.0,11.39,super8k,True,True,5.0
65759,,,3674,Semiconductors & Related Devices,MICROPAC INDUSTRIES INC,,,,7,2024-11-04,2024-11-01,False,False,False,,MPAD,,,,,,,False,False,
1564618,,,6022,State Commercial Banks,"Independent Bank Group, Inc.",Independent Bank Group Inc,2024-05-20,425,15,2024-08-14,2024-08-14,True,False,False,"Independent Bank Group, Inc",IBTX,IBTX,,,,,,False,False,
1656634,,,2836,"Biological Products, (No Diagnostic Substances)","Gritstone bio, Inc.","Gritstone Oncology, Inc.",,,6,2024-06-24,2024-06-17,False,False,False,,GRTSQ,GRTSQ,,,,,,False,False,
2028293,"RAIN,RAINW","Nasdaq,Nasdaq",3590,Misc Industrial & Commercial Machinery & Equipment,"Rain Enhancement Technologies Holdco, Inc.",,2024-06-26,425,0,,,True,False,False,"June 25, 2024",,RAIN,207712.0,,,11.41,super8k,True,True,
1994624,STAI,OTC,3825,Instruments For Meas & Testing of  Electricity & Elec Signals,ScanTech AI Systems Inc.,,2024-06-28,S-4,0,,,False,False,False,Pubco Common Stock equal to the quotient obtained by dividing,,STAI,1434626.0,,75.8,11.15,super8k,True,False,75.8
1563190,COMP,NYSE,6531,Real Estate Agents & Managers (For Others),"Compass, Inc.","Urban Compass, Inc.",,,3,2024-06-07,2024-06-05,False,False,False,Merger,COMP,COMP,,,,,,False,False,
1868269,,,6770,Blank Checks,Chenghe Acquisition I Co.,LatAmGrowth SPAC,2023-12-15,425,4,2024-12-23,2024-12-23,True,True,False,"December 22, 2023",LATG,LATG,1754618.0,,,11.81,super8k,True,True,
1037676,,,1221,Bituminous Coal & Lignite Surface Mining,"ARCH RESOURCES, INC.",ARCH COAL INC; ARCH MINERAL CORP,2024-08-21,425,15,2025-01-10,2025-01-09,True,False,False,CONSOL Energy Inc,ARCH,ARCH,,,,,,False,False,
1517006,,,1040,Gold and Silver Ores,"Gatos Silver, Inc.",Sunshine Silver Mining & Refining Corp; SUNSHINE SILVER MINES Corp,2024-09-05,425,5,2025-01-15,2025-01-14,True,False,False,Ocelot Transaction Corporation,GATO,GATO,,,,,,False,False,
1871638,"BZAI,BZAIW","Nasdaq,Nasdaq",3674,Semiconductors & Related Devices,"Blaize Holdings, Inc.","Blaize Holdings, Inc.; BurTech Acquisition Corp.",2023-12-22,425,4,2024-12-30,2024-12-23,True,False,True,BurTech,BRKH,BZAI,937844.0,,,11.58,super8k,True,True,
1366561,,,7372,Services-Prepackaged Software,SMARTSHEET INC,SMARTSHEET.COM INC,2024-10-23,PREM14A,7,2024-12-09,2024-12-09,False,False,False,,SMAR,SMAR,,,,,,False,False,
1454938,TEAD,Nasdaq,7370,"Services-Computer Programming, Data Processing, Etc.",Teads Holding Co.,Outbrain Inc.,2024-10-04,PREM14A,4,2024-12-05,2024-12-05,False,False,True,,OB,OB,,,,,,False,False,
101382,"UMBF,UMBFO","Nasdaq,Nasdaq",6021,National Commercial Banks,UMB FINANCIAL CORP,UNITED MISSOURI BANCSHARES INC,2024-04-29,425,20,2024-08-06,2024-08-06,True,False,False,UMB Financial Corporation,UMBF,UMBF,,,,,,False,False,
704562,,,2834,Pharmaceutical Preparations,"Avid Bioservices, Inc.",PEREGRINE PHARMACEUTICALS INC; TECHNICLONE CORP/DE/; TECHNICLONE INTERNATIONAL CORP,2024-12-03,PREM14A,19,2025-01-30,2025-01-30,False,False,False,,CDMO,CDMO,,,,,,False,False,
1889123,"FLD,FLDDW","Nasdaq,Nasdaq",6199,Finance Services,"Fold Holdings, Inc.",FTAC Emerald Acquisition Corp.; Emerald ESG Acquisition Corp,2024-07-24,425,4,2025-02-13,2025-02-13,True,False,True,,FLDD,FLDD,3304183.0,,,11.07,super8k,True,True,
1847607,,,6770,Blank Checks,RF Acquisition Corp.,,2023-10-18,425,5,2025-01-23,2025-01-21,True,True,False,"PubCo, and",RFAC,RFAC,,,,,,True,True,
1840425,"OSRH,OSRHW","Nasdaq,Nasdaq",3841,Surgical & Medical Instruments & Apparatus,"OSR Health, Inc.","OSR Holdings, Inc.; Bellevue Life Sciences Acquisition Corp.",2023-07-11,425,4,2025-02-13,2025-02-13,True,False,True,OSR Holdings Co,BLAC,OSRH,57821.0,,,,vote8k,False,True,
1847345,"ASBP,ASBPW","Nasdaq,Nasdaq",2834,Pharmaceutical Preparations,"Aspire Biopharma Holdings, Inc.",PowerUp Acquisition Corp.,2023-12-28,425,4,2025-02-10,2025-02-04,True,False,True,,PWUP,ASBP,507631.0,,,,vote8k,True,True,
1458412,,,6022,State Commercial Banks,"CROSSFIRST BANKSHARES, INC.",CROSSFIRST HOLDINGS LLC,2024-08-27,425,5,2024-12-23,2024-12-20,True,False,False,"CrossFirst Bankshares, Inc",CFB,CFB,,,,,,False,False,
314489,"BUSE,BUSEP","Nasdaq,Nasdaq",6022,State Commercial Banks,FIRST BUSEY CORP /NV/,,2023-11-27,425,19,2024-12-23,2024-12-20,True,False,False,"CrossFirst Bankshares, Inc",BUSE,,,,,,,False,False,
203596,"WSBC,WSBCO","Nasdaq,Nasdaq",6021,National Commercial Banks,WESBANCO INC,,2024-07-26,425,19,2024-12-11,2024-12-11,True,False,False,Premier Financial Corp,WSBC,WSBC,,,,,,False,False,
1880343,AMZE,NYSE,5961,Retail-Catalog & Mail-Order Houses,"AMAZE HOLDINGS, INC.","Fresh Vine Wine, Inc.; FRESH GRAPES, LLC",2024-01-29,425,2,2023-12-13,2023-12-13,True,False,True,,VINE,VINE,,,,,,False,False,
1163739,"NBR,NBRWF","NYSE,OTC",1381,Drilling Oil & Gas Wells,NABORS INDUSTRIES LTD,,2023-02-14,425,18,2025-01-17,2025-01-17,True,False,False,Parker Drilling Company,NBR,NBR,,,,,,False,False,
1754068,KLRS,Nasdaq,2836,"Biological Products, (No Diagnostic Substances)","Kalaris Therapeutics, Inc.","Allovir, Inc.; ViraCyte, Inc.",2024-11-08,425,6,2025-03-12,2025-03-12,True,False,True,"Merger, dated as of November 7, 2024",ALVR,KLRS,,,,,,False,False,
1970622,USAR,Nasdaq,1000,Metal Mining,"USA Rare Earth, Inc.",Inflection Point Acquisition Corp. II,2024-08-22,425,2,2025-03-10,2025-03-10,True,False,True,New USARE,IPXX,USAR,128140.0,,,11.0,super8k,True,True,
1713863,RFL,NYSE,2834,Pharmaceutical Preparations,"Rafael Holdings, Inc.",,2024-08-22,425,8,2025-03-25,2025-03-20,True,False,False,"Cyclo Therapeutics, Inc",RFL,RFL,,,,,,False,False,
1851277,,,,,Carlyle Secured Lending III,,2024-08-05,425,0,,,True,False,False,,,,,,,,,False,False,
1544206,CGBD,Nasdaq,,,"Carlyle Secured Lending, Inc.","TCG BDC, INC.; Carlyle GMS Finance, Inc.",2024-08-05,425,17,2025-03-28,2025-03-26,True,False,False,,CGBD,CGBD,,,,,,False,False,
824410,,,6021,National Commercial Banks,SANDY SPRING BANCORP INC,,2024-10-21,425,20,2025-02-05,2025-02-05,True,False,False,Atlantic Union Bankshares Corporation,SASR,SASR,,,,,,False,False,
1290476,,,6022,State Commercial Banks,Village Bank & Trust Financial Corp.,Southern Community Financial Corp.,2008-07-15,S-4,17,2024-12-19,2024-12-19,False,False,False,TowneBank,VBFC,VBFC,,,,,,False,False,
1444380,,,3841,Surgical & Medical Instruments & Apparatus,NEVRO CORP,,2025-02-21,PREM14A,12,2025-04-02,2025-04-02,False,False,False,"Palmer Merger Sub, Inc",NVRO,NVRO,,,,,,False,False,
1481646,,,7389,"Services-Business Services, NEC","Accolade, Inc.",Accolade LLC,2025-02-10,PREM14A,5,2025-03-27,2025-03-27,False,False,False,,ACCD,ACCD,,,,,,False,False,
2022308,"KIDZ,KIDZW","Nasdaq,Nasdaq",8200,Services-Educational Services,KIDZ AI Inc.,"Classover Holdings, Inc.",2024-05-14,425,0,,,True,False,False,,,KIDZ,3514769.0,,,,super8k,True,True,
1965052,"MGTE,MGTEW","OTC,OTC",6199,Finance Services,Marblegate Capital Corp,,2025-03-25,425,0,,,True,False,False,"February 14, 2023",,,322274.0,,,11.05,super8k,True,True,
1912461,,,6770,Blank Checks,SK Growth Opportunities Corp,,2024-02-28,425,4,2025-04-01,2025-03-28,True,True,False,,SKGR,SKGR,,,,10.0,,True,True,
1346830,TVRD,Nasdaq,2834,Pharmaceutical Preparations,"Tvardi Therapeutics, Inc.","Cara Therapeutics, Inc.; Cara Therapeutics Inc",2024-12-18,425,12,2025-04-01,2025-04-01,True,False,True,"Tvardi Therapeutics, Inc",CARA,TVRD,,,,,,False,False,
849399,"GEN,GENVR","Nasdaq,Nasdaq",7372,Services-Prepackaged Software,Gen Digital Inc.,NortonLifeLock Inc.; SYMANTEC CORP,2024-12-10,425,16,2024-09-13,2024-09-10,True,False,False,"Merger, dated as of December 10, 2024",GEN,GEN,,,40.0,,near8k,False,True,40.0
1531978,,,3841,Surgical & Medical Instruments & Apparatus,"Paragon 28, Inc.",,2025-02-27,PREM14A,4,2025-04-17,2025-04-17,False,False,False,"Gazelle Merger Sub I, Inc",,,,,,,,False,False,
1378992,,,3089,"Plastics Products, NEC","BERRY GLOBAL GROUP, INC.",BERRY GLOBAL GROUP INC; BERRY PLASTICS GROUP INC,2024-02-07,425,14,2025-02-26,2025-02-25,True,False,False,Amcor plc,BERY,BERY,,,4.5,,super8k,False,True,4.5
1471727,SRXH,NYSE,2080,Beverages,SRX Global Inc.,"SRx Health Solutions, Inc.; Better Choice Co Inc.; Sport Endurance, Inc.",2025-01-06,PREM14A,7,2025-03-31,2025-03-21,False,False,True,,BTTR,SXRH,,,,,,False,False,
1748790,"AMCR,AMCCF","NYSE,OTC",3990,Miscellaneous Manufacturing Industries,Amcor plc,ARCTIC JERSEY Ltd,2024-11-19,425,7,2025-02-26,2025-02-25,True,False,False,"Berry Global Group, Inc",,,,,,,,False,False,
1798749,JBIO,Nasdaq,2834,Pharmaceutical Preparations,"Jade Biosciences, Inc.","Aerovate Therapeutics, Inc.",2024-10-31,425,4,2025-04-21,2025-04-16,True,False,True,"Merger, dated as of October 30, 2024",AVTE,JBIO,,,,,,False,False,
1389050,AROC,NYSE,4922,Natural Gas Transmission,"Archrock, Inc.","EXTERRAN HOLDINGS INC.; Iliad Holdings, INC",2007-03-30,S-4,15,2025-04-28,2025-04-24,False,False,False,NGCSI continuing as the surviving company and,AROC,AROC,,,,,,False,False,
1971387,"LIMN,LIMNW","Nasdaq,Nasdaq",2836,"Biological Products, (No Diagnostic Substances)","Liminatus Pharma, Inc.",Iris Parent Holding Corp.,2023-11-08,S-4,0,,,False,False,True,"November 30, 2022",,LIMN,59844.0,,,11.5,super8k,True,True,
1956055,,,6770,Blank Checks,Bukit Jalil Global Acquisition 1 Ltd.,,2024-08-09,425,2,2025-04-03,2025-03-31,True,True,False,GIBO HOLDINGS LIMITED,BUJA,BUJA,,,,,,True,True,
1393612,,,6141,Personal Credit Institutions,Discover Financial Services,,2024-02-20,425,17,2025-02-18,2025-02-18,True,False,False,Discover Financial Services,,DFS,,,,,,False,False,
1494650,,,2834,Pharmaceutical Preparations,"OptiNose, Inc.",,2025-04-03,PREM14A,9,2025-05-16,2025-05-16,False,False,False,"Orca Merger Sub, Inc",OPTN,OPTN,,,,,,False,False,
712771,"CNOB,CNOBP","Nasdaq,Nasdaq",6022,State Commercial Banks,"ConnectOne Bancorp, Inc.",CENTER BANCORP INC,2024-09-05,425,19,2025-05-21,2025-05-20,True,False,False,The First of Long Island Corporation,CNOB,CNOB,,,,,,False,False,
1842937,,,6770,Blank Checks,Red Rock Acquisition Corp.,Hennessy Capital Investment Corp. VI,2024-06-18,425,4,2025-05-07,2025-05-06,True,True,True,,OTC,HCVI,3450000.0,,,,super8k,True,True,
2025065,,,6770,Blank Checks,Black Spade Acquisition II Co,,2025-01-27,425,1,2025-05-30,2025-05-30,True,True,False,The Generation Essentials Group,BSII,BSII,13120874.0,,,10.3,vote8k,True,True,
2019793,SAFX,Nasdaq,2860,Industrial Organic Chemicals,"XCF Global, Inc.","Focus Impact BH3 NewCo, Inc.",2025-02-21,425,0,,,True,False,True,XCF in,,SAFX,,,,,,False,False,
1253689,CBIO,Nasdaq,2834,Pharmaceutical Preparations,"CRESCENT BIOPHARMA, INC.",GLYCOMIMETICS INC,2025-02-14,425,11,2025-06-06,2025-06-05,True,False,True,Second Merger Sub being the surviving entity of the merger,GLYC,CBIO,,,,,,False,False,
2033770,"DAIC,DAICW","Nasdaq,Nasdaq",7373,Services-Computer Integrated Systems Design,"CID Holdco, Inc.",,2024-11-14,425,0,,,True,False,False,,,DAIC,,,,11.0,,True,True,
1760903,BNKK,Nasdaq,2844,"Perfumes, Cosmetics & Other Toilet Preparations","BONK, INC.","Safety Shot, Inc.; Jupiter Wellness, Inc.; CBD Brands, Inc.",2025-04-10,PREM14A,6,2025-06-16,2025-06-12,False,False,True,,SHOT,SHOT,,,,,,False,False,
1593548,,,3990,Miscellaneous Manufacturing Industries,"PlayAGS, Inc.","AP Gaming Holdco, Inc.",2024-06-11,PREM14A,9,2024-08-07,2024-08-06,False,False,False,,AGS,AGS,,,,,,False,False,
776901,INDB,Nasdaq,6022,State Commercial Banks,INDEPENDENT BANK CORP,INDEPENDENT BANK CORP /MA/,2024-12-09,425,19,2025-05-15,2025-05-15,True,False,False,"Enterprise Bancorp, Inc",INDB,INDB,,,,,,False,False,
1919246,PTHS,NYSE,2836,"Biological Products, (No Diagnostic Substances)",Pelthos Therapeutics Inc.,Channel Therapeutics Corp; Chromocell Therapeutics Corp,,,2,2025-04-17,2025-04-17,False,False,True,"Merger, dated as of April 16, 2025",CHRO,PTHS,,,,,,False,False,
1996862,BG,NYSE,2070,Fats & Oils,Bunge Global SA,,,,2,2025-05-19,2025-05-15,False,False,False,,BG,BG,,,,,,False,False,
1794669,"FOUR,FOUR-PA","NYSE,NYSE",7389,"Services-Business Services, NEC","Shift4 Payments, Inc.","Shift4 Payments, Inc.",,,6,2025-06-17,2025-06-04,False,False,True,,FOUR,FOUR,,,,,,False,False,
1866001,,,6770,Blank Checks,JVSPAC Acquisition Corp.,,2024-04-08,425,1,2025-06-25,2025-06-24,True,True,False,"April 8, 2024",JVSA,JVSA,5135530.0,,,,vote8k,False,True,
1818605,,,6770,Blank Checks,Distoken Acquisition Corp,,2024-05-20,425,3,2025-06-05,2025-05-30,True,True,False,,DIST,,,,,11.86,,True,True,
2038439,"VWAV,VWAVW","Nasdaq,Nasdaq",7372,Services-Prepackaged Software,"VisionWave Holdings, Inc.",,2025-01-24,S-4,0,,,False,False,False,,,VWAV,,,,,,False,False,
1571329,,,,,Logan Ridge Finance Corp.,Capitala Finance Corp.,2025-01-30,425,13,2025-06-23,2025-06-20,True,False,False,,LRFC,LRFC,,,,,,False,False,
4447,,,2911,Petroleum Refining,HESS CORP,AMERADA HESS CORP,2023-10-23,425,19,2025-05-16,2025-05-14,True,False,False,,HES,HES,,,,,,False,False,
1859807,"PFSA,NVACW","Nasdaq,OTC",3841,Surgical & Medical Instruments & Apparatus,"Profusa, Inc.",NorthView Acquisition Corp,2023-01-26,425,6,2025-06-13,2025-06-09,True,False,True,"Profusa, Inc",NVAC,PFSA,52784.0,,,,vote8k,False,True,
2051380,"PEW,PEW-WT","NYSE,NYSE",5940,Retail-Miscellaneous Shopping Goods Stores,GrabAGun Digital Holdings Inc.,,2025-03-24,425,1,2025-07-18,2025-07-15,True,False,False,Colombier continuing as the surviving corporation and as,,PEW,0.0,,,,super8k,True,True,
1471265,NWBI,Nasdaq,6021,National Commercial Banks,"Northwest Bancshares, Inc.",,2015-03-09,S-4,17,2025-04-18,2025-04-17,False,False,False,"Penns Woods Bancorp, Inc",,,,,,,,False,False,
716605,,,6022,State Commercial Banks,PENNS WOODS BANCORP INC,,1998-10-16,S-4,19,2025-04-23,2025-04-22,False,False,False,"Northwest Bancshares, Inc",PWOD,PWOD,,,,,,False,False,
1835579,IMA,Nasdaq,2836,"Biological Products, (No Diagnostic Substances)","ImageneBio, Inc.","Ikena Oncology, Inc.",2024-12-23,425,5,2025-07-15,2025-07-15,True,False,True,Inmagene Biopharmaceuticals,IKNA,IMA,,,,,,False,False,
1620280,,,6798,Real Estate Investment Trusts,Uniti Group LLC,"Uniti Group Inc.; COMMUNICATIONS SALES & LEASING, INC.",2024-05-03,425,11,2025-05-30,2025-05-29,True,False,True,,UNIT,UNIT,,,10.5,,near8k,False,True,10.5
779227,STLE,OTC,6022,State Commercial Banks,STEELE BANCORP INC,MIFFLINBURG BANCORP INC,2024-09-25,425,1,2025-04-23,2025-04-23,True,False,True,Northumberland Bancorp,,,,,,,,False,False,
1869105,BBOT,Nasdaq,2834,Pharmaceutical Preparations,"BridgeBio Oncology Therapeutics, Inc.",Helix Acquisition Corp. II,2025-02-28,425,1,2025-08-04,2025-08-04,True,False,True,"Helix II Merger Sub, Inc",HLXB,BBOT,7119750.0,,,10.7173,super8k,True,True,
96793,,,8062,"Services-General Medical & Surgical Hospitals, NEC",SUNLINK HEALTH SYSTEMS INC,KRUG INTERNATIONAL CORP,2025-01-08,425,17,2025-08-05,2025-08-04,True,False,False,"Regional Health Properties, Inc",SSY,SSY,,,,,,False,False,
1004724,"RHEP,RHEPA,RHEPB,RHEPZ","OTC,OTC,OTC,OTC",6519,"Lessors of  Real Property, NEC","REGIONAL HEALTH PROPERTIES, INC","ADCARE HEALTH SYSTEMS, INC; ADCARE HEALTH SYSTEMS INC",2023-02-17,425,27,2025-08-05,2025-08-04,True,False,False,"SunLink Health Systems, Inc",,,,,,,,False,False,
1946573,"NAKA,NAKAW","Nasdaq,OTC",6199,Finance Services,Nakamoto Inc.,"Kindly MD, Inc.",,,3,2025-06-20,2025-06-19,False,False,True,"Merger, dated as of May 12, 2025",NAKA,NAKA,,,5.0,,super8k,False,True,5.0
727207,,,3826,Laboratory Analytical Instruments,"Accelerate Diagnostics, Inc",ACCELR8 TECHNOLOGY CORP,,,16,2024-05-13,2024-05-07,False,False,False,,AXDX,AXDXQ,,,,,,False,False,
316253,,,2836,"Biological Products, (No Diagnostic Substances)",ENZO BIOCHEM INC,,2023-04-13,PREM14A,18,2025-08-19,2025-08-19,False,False,False,,OTC,OTC,,,,,,False,False,
1210708,"STRR,STRRP","Nasdaq,Nasdaq",7363,Services-Help Supply Services,"Star Equity Holdings, Inc.","Hudson Global, Inc.; HUDSON HIGHLAND GROUP INC; HUDSON HIGHLAND  INC; TMP WORLDWIDE SEARCH INC",2025-05-22,425,17,2025-08-21,2025-08-21,True,False,True,,HSON,HSON,,,,,,False,False,
707388,,,3845,Electromedical & Electrotherapeutic Apparatus,"STAR OPERATING COMPANIES, INC.","STAR EQUITY HOLDINGS, INC.; DIGIRAD CORP",2025-05-22,425,18,2025-08-21,2025-08-21,True,False,True,,STRR,STRR,,,,,,False,False,
1899883,FIP,Nasdaq,4011,"Railroads, Line-Haul Operating",FTAI Infrastructure Inc.,FTAI Infrastructure LLC,,,3,2025-05-30,2025-05-29,False,False,False,,FIP,FIP,44710000.0,,10.5,,super8k,False,False,10.5
1618921,,,5912,Retail-Drug Stores and Proprietary Stores,"Walgreens Boots Alliance, Inc.",,2014-09-16,S-4,12,2025-07-11,2025-07-11,False,False,False,,WBA,WBA,,,,,,False,False,
1410098,CRMD,Nasdaq,2834,Pharmaceutical Preparations,CorMedix Inc.,,,,20,2025-06-25,2025-06-24,False,False,False,"Melinta Therapeutics, LLC",CRMD,CRMD,,,70.0,,near8k,False,False,70.0
1518715,MCHB,Nasdaq,6022,State Commercial Banks,Mechanics Bancorp,"HomeStreet, Inc.",2024-01-16,425,17,2025-08-22,2025-08-21,True,False,True,"Merger, dated as of March 28, 2025",HMST,MCHB,,,,,,False,False,
1108134,BBT,NYSE,6036,"Savings Institutions, Not Federally Chartered",Beacon Financial Corp,BERKSHIRE HILLS BANCORP INC,2024-12-16,425,18,2025-05-22,2025-05-21,True,False,True,"Brookline Bancorp, Inc",,BBT,,,,,,False,False,
1049782,,,6035,"Savings Institution, Federally Chartered",BROOKLINE BANCORP INC,,2024-12-16,425,17,2025-05-22,2025-05-21,True,False,False,"Beacon Financial Corporation, Inc",BRKL,BRKL,,,,,,False,False,
1755953,ABTC,Nasdaq,6199,Finance Services,American Bitcoin Corp.,"American Bitcoin Corp. /DE/; Gryphon Digital Mining, Inc.; Akerna Corp.; MTech Acquisition Holdings Inc.",2023-03-24,425,16,2025-08-29,2025-08-27,True,False,True,Gryphon,GRYP,ABTC,,,,,,False,False,
1089063,DKS,NYSE,5940,Retail-Miscellaneous Shopping Goods Stores,"DICK'S SPORTING GOODS, INC.",DICKS SPORTING GOODS INC,2025-05-15,425,17,2025-06-13,2025-06-11,True,False,False,Merger,DKS,DKS,,,,,,False,False,
2066659,,,3140,"Footwear, (No Rubber)","Beach Acquisition Co Parent, LLC",,2025-05-05,425,0,,,True,False,False,Fund VI or its affiliates,,,,,,,,False,False,
1920406,"ASST,SATA","Nasdaq,Nasdaq",6199,Finance Services,"Strive, Inc.","Strive, Inc.; Asset Entities Inc.",2025-05-07,425,5,2025-09-09,2025-09-09,True,False,True,Strive,ASST,ASST,,,,,,False,False,
1065837,,,3140,"Footwear, (No Rubber)",SKECHERS USA INC,,2025-05-05,425,18,2025-05-21,2025-05-20,True,False,False,Parent and Fund VI or its affiliates,SKX,SKX,,,,,,False,False,
1865200,ANGX,NYSE,7812,Services-Motion Picture & Video Tape Production,"Angel Studios, Inc.",Southport Acquisition Corp,2024-09-11,425,4,2025-08-25,2025-08-25,True,False,True,"Merger, dated as of September 11, 2024",OTC,,,,,11.54,,False,False,
2051820,"MLCI,MLCIL","Nasdaq,Nasdaq",6282,Investment Advice,Mount Logan Capital Inc.,"Yukon New Parent, Inc.",2025-01-17,425,0,,,True,False,True,,,MCLI,,,,,,False,False,
1913577,"SMNR,SMNRW","OTC,OTC",2834,Pharmaceutical Preparations,"Semnur Pharmaceuticals, Inc.",Denali Capital Acquisition Corp.,2023-04-12,425,5,2025-09-04,2025-09-03,True,False,True,"August 30, 2024",DNQUF,SMNR,,,,,,False,True,
1853138,"KDK,KDKRW","Nasdaq,Nasdaq",7373,Services-Computer Integrated Systems Design,"Kodiak AI, Inc.","Kodiak Al, Inc.; Ares Acquisition Corp II",2025-04-14,425,2,2025-09-23,2025-09-23,True,False,True,Legacy Kodiak surviving as,AACT,KDK,43866808.0,,50.0,12.0,super8k,True,True,50.0
1904286,MIRA,Nasdaq,2834,Pharmaceutical Preparations,"MIRA PHARMACEUTICALS, INC.","Mira1a Therapeutics, Inc.",2025-06-17,PREM14A,2,2025-09-11,2025-09-11,False,False,False,,MIRA,MIRA,,,,,,False,False,
1838406,BKV,NYSE,1311,Crude Petroleum & Natural Gas,BKV Corp,,,,1,2025-06-20,2025-06-19,False,False,False,,BKV,BKV,,,60.0,,super8k,False,False,60.0
910267,,,2836,"Biological Products, (No Diagnostic Substances)",TITAN PHARMACEUTICALS INC,,2024-08-19,425,27,2025-08-26,2025-08-26,True,False,False,"August 19, 2024 by and among",TTNP,TTNP,,,,,,False,False,
810958,CZNC,Nasdaq,6022,State Commercial Banks,CITIZENS & NORTHERN CORP,,2025-04-23,425,19,2025-04-28,2025-04-24,True,False,False,"Susquehanna Community Financial, Inc",CZNC,CZNC,,,,,,False,False,
1671284,,,6324,Hospital & Medical Service Plans,"NeueHealth, Inc.",Bright Health Group Inc.; Bright Health Inc.,2025-02-03,PREM14A,6,2025-05-30,2025-05-29,False,False,False,Parent,NEUE,NEUE,,,,,,False,False,
1901203,"UCFI,UCFIW","Nasdaq,Nasdaq",2000,Food and Kindred Products,CN Healthy Food Tech Group Corp.,Iron Horse Acquisitions Corp.,2024-10-02,425,2,2025-06-26,2025-06-20,True,False,True,,IROH,UCFI,6701349.0,,,10.6,super8k,True,True,
1769759,,,3841,Surgical & Medical Instruments & Apparatus,Monogram Technologies Inc.,MONOGRAM ORTHOPAEDICS INC,2025-09-05,425,3,2025-09-30,2025-09-30,True,False,False,"Honey Badger Merger Sub, Inc",MGRM,MGRM,,,,,,False,False,
2067627,NKLR,Nasdaq,3443,Fabricated Plate Work (Boiler Shops),Terra Innovatum Global N.V.,Terra Innovatum Global S.R.L.,2025-05-14,S-4,1,2025-10-14,2025-10-07,False,False,True,GSR III,,NKLR,,,,,,False,True,
1448597,,,1000,Metal Mining,AUGUSTA GOLD CORP.,Bullfrog Gold Corp.; Kopr Resources Corp.,2025-08-25,PREM14A,8,2025-10-20,2025-10-20,False,False,False,Merger Sub with and into Augusta Gold,,,,,,,,False,False,
2033383,"FUSE,FUSEW","Nasdaq,Nasdaq",7373,Services-Computer Integrated Systems Design,Fusemachines Inc.,CSLM Holdings Inc.,2024-12-05,425,0,,,True,False,True,,,,,,,,,False,False,
1879103,,,6035,"Savings Institution, Federally Chartered","CFSB Bancorp, Inc. /MA/",,2025-07-18,PREM14A,4,2025-09-18,2025-09-16,False,False,False,"Hometown Financial Group, Inc",CFSB,CFSB,,,,,,False,False,
2019804,"IMSR,IMSRW","Nasdaq,Nasdaq",3443,Fabricated Plate Work (Boiler Shops),Terrestrial Energy Inc. /DE/,HCM II Acquisition Corp.,2025-03-26,425,1,2025-10-22,2025-10-22,True,False,True,,HOND,IMSR,,,0.03,10.54,vote8k,True,True,0.03
1005817,TMP,NYSE,6022,State Commercial Banks,TOMPKINS FINANCIAL CORP,TOMPKINS TRUSTCO INC; TOMPKINS COUNTY TRUSTCO INC,1999-11-05,S-4,17,2025-05-14,2025-05-13,False,False,False,,TMP,TMP,,,,,,False,False,
793952,HOG,NYSE,3751,"Motorcycles, Bicycles & Parts","HARLEY-DAVIDSON, INC.",HARLEY DAVIDSON INC,,,17,2025-05-19,2025-05-14,False,False,False,,HOG,HOG,,,,,,False,False,
1567892,,,2834,Pharmaceutical Preparations,Keenova Therapeutics plc,Mallinckrodt plc,2025-03-13,425,14,2025-10-09,2025-10-08,True,False,True,,,,,,,,,False,False,
104894,ELME,NYSE,6798,Real Estate Investment Trusts,Elme Communities,WASHINGTON REAL ESTATE INVESTMENT TRUST,1998-03-20,S-4,19,2025-10-30,2025-10-30,False,False,False,,ELME,ELME,,,,,,False,False,
711669,CBAN,NYSE,6022,State Commercial Banks,COLONY BANKCORP INC,,2025-07-23,425,18,2025-11-17,2025-11-13,True,False,False,"TC Bancshares, Inc",CBAN,CBAN,,,,,,False,False,
887151,CAPS,Nasdaq,5030,Wholesale-Lumber & Other Construction Materials,Capstone Holding Corp.,Capstone Therapeutics Corp.; ORTHOLOGIC CORP; ORTHOLOGIC CORPORATION,2003-10-15,PREM14A,8,2025-11-24,2025-11-18,False,False,False,,CAPS,CAPS,,,,,,False,False,
1106838,,,2834,Pharmaceutical Preparations,"Sonnet BioTherapeutics Holdings, Inc.","Chanticleer Holdings, Inc.; TULVINE SYSTEMS INC",2025-07-14,425,21,2025-12-03,2025-12-02,True,False,False,"July 11, 2025",SONN,SONN,,,,,,False,False,
2078856,PURR,Nasdaq,6199,Finance Services,Hyperliquid Strategies Inc,,2025-11-12,425,0,,,True,False,False,"July 11, 2025",,PURR,,,,,,False,False,
95552,,,3714,Motor Vehicle Parts & Accessories,SUPERIOR INDUSTRIES INTERNATIONAL INC,,2025-07-30,PREM14A,21,2025-09-15,2025-09-15,False,False,False,,,,,,,,,False,False,
2076163,"BRR,BRRWW","Nasdaq,Nasdaq",6199,Finance Services,"ProCap Financial, Inc.",,2025-07-14,425,0,,,True,False,False,,,BRR,23434229.0,,5.0,10.05,super8k,True,True,5.0
2070457,XXI,NYSE,6199,Finance Services,"Twenty One Capital, Inc.",,2025-09-25,425,0,,,True,False,False,,,XXI,,,,10.75,,False,True,
1417892,,,4931,Electric & Other Services Combined,Emeren Group Ltd,ReneSola Ltd,2025-09-02,PREM14A,2,2025-12-10,2025-12-09,False,False,False,,SOL,SOL,,,,,,False,False,
1425287,WKHS,Nasdaq,3711,Motor Vehicles & Passenger Car Bodies,Workhorse Group Inc.,"AMP Holding Inc.; Title Starts Online, Inc.",2025-07-14,425,12,2025-11-25,2025-11-25,True,False,False,Merger,WKHS,WKHS,,,,,,False,False,
1937891,AMCI,Nasdaq,5700,"Retail-Home Furniture, Furnishings & Equipment Stores",AMC Robotics Corp,AlphaVest Acquisition Corp.,2023-08-14,425,4,2025-09-23,2025-09-19,True,False,True,,ATMV,AMCI,1029730.0,,,12.02,super8k,True,True,
353184,"AIRT,AIRTP","Nasdaq,Nasdaq",4513,Air Courier Services,AIR T INC,AIR TRANSPORTATION HOLDING CO INC,,,17,2025-08-18,2025-08-18,False,False,False,,AIRT,AIRT,,,,,,False,False,
2044112,,,6500,Real Estate,INTEGRATED RAIL & RESOURCES INC.,Uinta Infrastructure Group Corp.,2024-11-12,S-4,0,,,False,False,True,,,,,,,,,False,True,
2068385,SHAZ,Nasdaq,7374,Services-Computer Processing & Data Preparation,SharonAI Holdings Inc.,"SharonAI Holdings, Inc.; Roth CH Holdings, Inc.",2025-05-15,S-4,0,,,False,False,True,,,,,,,,,False,False,
67215,DY,NYSE,1623,"Water, Sewer, Pipeline, Comm & Power Line Construction",DYCOM INDUSTRIES INC,,2002-01-23,S-4,16,2025-05-27,2025-05-22,False,False,False,,DY,DY,,,,,,False,False,
708955,FFBC,Nasdaq,6021,National Commercial Banks,FIRST FINANCIAL BANCORP /OH/,,2025-08-11,425,19,2025-05-29,2025-05-27,True,False,False,BankFinancial Corporation,,,,,6.375,,near8k,False,True,6.375
1115055,,,6021,National Commercial Banks,PINNACLE FINANCIAL PARTNERS INC,,2025-07-24,425,19,2025-11-06,2025-11-06,True,False,False,,PNFP,PNFP,,,,,,False,False,
18349,,,6021,National Commercial Banks,SYNOVUS FINANCIAL CORP,,2025-07-24,425,18,2025-11-06,2025-11-06,True,False,False,,SNV,SNV,,,,,,False,False,
1303942,,,6035,"Savings Institution, Federally Chartered",BankFinancial CORP,,2025-08-11,425,14,2025-12-18,2025-12-18,True,False,False,BankFinancial Corporation,BFIN,BFIN,,,,,,False,False,
1477815,SG,NYSE,5812,Retail-Eating  Places,"Sweetgreen, Inc.",,,,4,2025-06-18,2025-06-12,False,False,False,"Merger and Asset Purchase, dated November 5, 2025",SG,SG,,,,,,False,False,
1519449,SKWD,Nasdaq,6331,"Fire, Marine & Casualty Insurance","Skyward Specialty Insurance Group, Inc.",Houston International Insurance Group LTD; Houston International Insurance Group,,,3,2025-05-13,2025-05-13,False,False,False,,SKWD,SKWD,,,,,,False,False,
2025878,ITXP,OTC,8700,"Services-Engineering, Accounting, Research, Management","Independence Power Holdings, Inc.",TriUnity Business Services Ltd,,,0,,,False,False,True,,,,,,,,,False,False,
1866226,EMAT,Nasdaq,3690,"Miscellaneous Electrical Machinery, Equipment & Supplies",Evolution Metals & Technologies Corp.,Welsbach Technology Metals Acquisition Corp.,2024-04-05,425,7,2026-01-05,2025-12-30,True,False,True,WTMA Common Stock shares having,,EMAT,427854.0,,,11.45,super8k,True,True,
1593222,,,6798,Real Estate Investment Trusts,"City Office REIT, Inc.",,2025-08-22,PREM14A,12,2025-10-17,2025-10-16,False,False,False,"MCME Carell Merger Sub, LLC",CIO,CIO,,,6.625,25.0,super8k,False,False,6.625
932781,FCCO,Nasdaq,6022,State Commercial Banks,FIRST COMMUNITY CORP /SC/,,2004-06-07,S-4,20,2025-11-20,2025-11-19,False,False,False,"Merger, dated as of July 13, 2025",FCCO,FCCO,,,,,,False,False,
852772,,,5812,Retail-Eating  Places,DENNY'S Corp,DENNYS CORP; ADVANTICA RESTAURANT GROUP INC; FLAGSTAR COMPANIES INC,1997-03-24,S-4,18,2026-01-13,2026-01-13,False,False,False,,DENN,DENN,,,,,,False,False,
1327318,,,7370,"Services-Computer Programming, Data Processing, Etc.","TrueCar, Inc.",Zag com Inc,2025-11-13,PREM14A,14,2025-12-23,2025-12-22,False,False,False,,TRUE,TRUE,,,,,,False,False,
1046025,HFWA,Nasdaq,6036,"Savings Institutions, Not Federally Chartered",HERITAGE FINANCIAL CORP /WA/,,2025-09-26,425,19,2026-01-22,2026-01-21,True,False,False,,,,,,,,,False,False,
805676,PRK,NYSE,6021,National Commercial Banks,PARK NATIONAL CORP /OH/,,2025-10-27,425,16,2025-04-29,2025-04-28,True,False,False,"First Citizens Bancshares, Inc",PRK,PRK,,,,,,False,False,
1062231,DCH,NYSE,3714,Motor Vehicle Parts & Accessories,Dauch Corp,AMERICAN AXLE & MANUFACTURING HOLDINGS INC,2004-03-22,S-4,18,2025-07-15,2025-07-15,False,False,True,,AXL,AXL,,,,,,False,False,
1481582,RYZ,NYSE,5051,Wholesale-Metals Service Centers & of fices,Ryerson Holding Corp,,2025-10-28,425,12,2026-02-12,2026-02-12,True,False,False,Olympic,RYI,RYI,,,,,,False,False,
2007825,"INFQ,INFQ-WT","NYSE,NYSE",7374,Services-Computer Processing & Data Preparation,"Infleqtion, Inc.",Churchill Capital Corp X/Cayman,2025-09-08,425,1,2026-02-12,2026-02-12,True,False,True,Merger Sub II,CCCX,INFQ,,,0.09,10.27,vote8k,True,True,0.09
1301236,"SOHON,SOHOB","OTC,OTC",6798,Real Estate Investment Trusts,Sotherly Hotels Inc.,MHI Hospitality CORP,2025-12-01,PREM14A,18,2026-01-22,2026-01-22,False,False,False,,SOHO,SOHOB,,,8.25,,super8k,False,False,8.25
1174850,NIC,NYSE,6021,National Commercial Banks,NICOLET BANKSHARES INC,,2025-10-23,425,18,2026-01-26,2026-01-20,True,False,False,"MidWest One Financial Group, Inc",NIC,NIC,,,,,,False,False,
1412665,,,6022,State Commercial Banks,"MidWestOne Financial Group, Inc.",ISB Financial Corp.,2025-10-23,425,19,2026-01-27,2026-01-26,True,False,False,"Nicolet Bankshares, Inc",MOFG,MOFG,,,,,,False,False,
2029118,INR,NYSE,1311,Crude Petroleum & Natural Gas,"INFINITY NATURAL RESOURCES, INC.",,,,0,,,False,False,False,,INR,INR,,,,,,False,False,
1567900,ALOY,Nasdaq,1000,Metal Mining,REALLOYS INC.,BLACKBOXSTOCKS INC.; SMSA BALLINGER ACQUISITION CORP,2024-05-13,S-4,7,2026-02-03,2026-01-30,False,False,True,,BLBX,ALOY,,,,,,False,False,
2064307,LOGC,OTC,5961,Retail-Catalog & Mail-Order Houses,ContextLogic Holdings Inc.,"Easter Parent, Inc.",2025-04-17,S-4,0,,,False,False,True,,,,,,,,,False,False,
2089283,"NUCL,NUCLW","Nasdaq,Nasdaq",1090,Miscellaneous Metal Ores,Eagle Nuclear Energy Corp.,,2025-10-02,425,0,,,True,False,False,,,NUCL,1803227.0,,,12.08,super8k,True,True,
2083125,"FTW,FTW-WT","NYSE,NYSE",1311,Crude Petroleum & Natural Gas,PRESIDIO PRODUCTION Co,PRESIDIO PUBCO INC.; Prometheus PubCo Inc.,2025-09-08,425,0,,,True,False,True,,,FTW,33581540.0,,,10.63,super8k,True,True,
2062583,MMED,Nasdaq,3841,Surgical & Medical Instruments & Apparatus,"MiniMed Group, Inc.","MDT Sub Holdings, Inc.",,,0,,,False,False,True,KH2 set forth under Item 1,,MMED,,,,,,False,False,
1043000,SNDA,NYSE,8050,Services-Nursing & Personal Care Facilities,"SONIDA SENIOR LIVING, INC.",CAPITAL SENIOR LIVING CORP,2025-11-05,425,19,2026-02-26,2026-02-26,True,False,False,,SNDA,SNDA,,,,,,False,False,
2070542,AIB,NYSE,6221,Commodity Contracts Brokers & Dealers,AIB Data Centers Inc.,"BlockchAIn Digital Infrastructure, Inc.",2025-12-01,S-4,0,,,False,False,True,"March 16, 2026",,AIB,,,,,,False,False,
2028707,MRLN,Nasdaq,7373,Services-Computer Integrated Systems Design,"Merlin, Inc.",INFLECTION POINT ACQUISITION CORP. IV; Bleichroeder Acquisition Corp. I,2025-08-14,425,2,2026-03-12,2026-03-12,True,False,True,"Merlin, Inc",BACQ,MRLN,,,,,,False,False,
1915380,,,6770,Blank Checks,"dMY Squared Technology Group, Inc.",,2025-02-26,425,3,2026-03-17,2026-03-17,True,True,False,"September 9, 2025, with Horizon Quantum Computing Pte",DMYY,DMYY,1403777.0,,,11.5,super8k,False,True,
727510,"ENZN,ENZND",OTC,2836,"Biological Products, (No Diagnostic Substances)","Viskase Holdings, Inc.","ENZON PHARMACEUTICALS, INC.; ENZON PHARMACEUTICALS INC; ENZON PHARMACEUTICALS  INC; ENZON PHARMACEUTICAL  INC; ENZON INC",2025-06-23,425,17,2026-02-11,2026-02-11,True,False,True,,,,,,,,,False,False,
1502377,CTGO,NYSE,1040,Gold and Silver Ores,Contango Silver & Gold Inc.,"Contango ORE, Inc.",2026-01-09,PREM14A,14,2026-03-19,2026-03-17,False,False,True,,CTGO,CTGO,,,,,,False,False,
2093507,"GLND,GLNDW","Nasdaq,Nasdaq",1381,Drilling Oil & Gas Wells,Greenland Energy Co,"Pelican Holdco, Inc.",2025-10-30,S-4,0,,,False,False,True,,,GLND,7562123.0,,,,super8k,True,True,
2039497,RHLD,NYSE,6199,Finance Services,"Resolute Holdings Management, Inc.",,,,1,2025-05-30,2025-05-28,False,False,False,Husky Technologies Limited,RHLD,RHLD,,,,,,False,False,
2032341,CYAB,Nasdaq,7372,Services-Prepackaged Software,"CYABRA, INC.","Trailblazer Holdings, Inc.",2024-11-12,S-4,0,,,False,False,True,"July 22, 2024",,,,,,,,True,True,
1413837,,,6022,State Commercial Banks,First Foundation Inc.,KELLER FINANCIAL GROUP,2025-10-27,425,15,2026-02-27,2026-02-27,True,False,False,FirstSun Capital Bancorp,FFWM,FFWM,,,,,,False,False,
1137547,UBFO,Nasdaq,6021,National Commercial Banks,UNITED SECURITY BANCSHARES,UNITED SECURITY BANCSHARES,2025-12-17,425,10,2026-03-31,2026-03-30,True,False,True,,UBFO,UBFO,,,,,,False,False,
1846017,,,6036,"Savings Institutions, Not Federally Chartered",Blue Foundry Bancorp,,2025-11-24,425,5,2026-01-30,2026-01-29,True,False,False,Blue Foundry Bancorp,BLFY,BLFY,,,,,,False,False,
859737,,,3844,X-Ray Apparatus & Tubes & Related Irradiation Apparatus,HOLOGIC INC,HOLOGIC INC,1996-07-26,S-4,17,2026-02-06,2026-02-05,False,False,True,,HOLX,HOLX,,,4.625,,super8k,False,True,4.625
1487712,,,7359,"Services-Equipment Rental & Leasing, NEC",SUMISHO AIR LEASE CORP,AIR LEASE Corp; AIR LEASE CORP,2012-09-04,S-4,15,2025-12-18,2025-12-18,False,False,True,Takeoff Merger Sub Inc,AL,AL,,,,,,False,False,
1792580,OVV,NYSE,1311,Crude Petroleum & Natural Gas,Ovintiv Inc.,1847432 Alberta ULC,2019-11-06,S-4,6,2025-05-05,2025-05-01,False,False,False,,OVV,OVV,,,5.65,,super8k,False,False,5.65
1512931,,,,,MONROE CAPITAL Corp,,2025-08-07,425,17,2026-03-13,2026-03-13,True,False,False,Horizon Technology Finance Corporation,MRCC,MRCC,,,,,,False,False,
1487428,"HRZN,HTFC","Nasdaq,NYSE",,,Horizon Technology Finance Corp,,2025-08-07,425,24,2026-03-13,2026-03-13,True,False,False,,HRZN,HRZN,,,,,,False,False,
2094433,RMIX,Nasdaq,3272,"Concrete Products, Except Block & Brick","Suncrete, Inc.",,2026-03-26,425,0,,,True,False,False,,,RMIX,12628150.0,,,11.57,super8k,True,True,
1970509,,,6770,Blank Checks,Haymaker Acquisition Corp. 4,,2025-10-10,425,2,2026-04-07,2026-04-01,True,True,False,,WS,,12628150.0,,,11.57,super8k,True,True,
1053352,HTBK,Nasdaq,6022,State Commercial Banks,HERITAGE COMMERCE CORP,HERITAGE COMMERCE CORP,2025-12-17,425,20,2026-03-27,2026-03-26,True,False,True,,HTBK,HTBK,,,,,,False,False,
1971532,TELO,Nasdaq,2834,Pharmaceutical Preparations,"Telomir Pharmaceuticals, Inc.",,2025-11-20,PREM14A,1,2026-03-27,2026-03-23,False,False,False,,TELO,TELO,,,,,,False,False,
1646188,ONDS,Nasdaq,3663,Radio & Tv Broadcasting & Communications Equipment,Ondas Inc.,Ondas Holdings Inc.; ZEV VENTURES INC.,2021-06-23,PREM14A,8,2025-11-20,2025-11-20,False,False,True,Project Cyclone Merger Sub Inc,ONDS,ONDS,,,,,,False,False,
1048477,BMRN,Nasdaq,2834,Pharmaceutical Preparations,BIOMARIN PHARMACEUTICAL INC,,2002-04-12,PREM14A,16,2025-05-22,2025-05-20,False,False,False,"Amicus Therapeutics, Inc",BMRN,BMRN,,,,,,False,False,
1590496,,,4899,"Communications Services, NEC",Aerkomm Inc.,"Maple Tree Kids, Inc.",2026-01-16,S-4,4,2018-06-07,2018-05-31,False,False,False,EJECTT INC,,,,,,,,False,False,
1756701,LNKB,Nasdaq,6022,State Commercial Banks,"LINKBANCORP, Inc.",,2025-12-18,425,8,2026-03-25,2026-03-25,True,False,False,Burke & Herbert Financial Services Corp,LNKB,,,,,,,False,False,
1549084,CHRN,Nasdaq,3569,"General Industrial Machinery & Equipment, NEC",ChronoScale Holdings Corp,"ChronoScale Corp; EKSO BIONICS HOLDINGS, INC.; PN Med Group Inc",,,15,2025-05-20,2025-05-16,False,False,True,,EKSO,,,,,,,False,False,
1144879,APLD,Nasdaq,7374,Services-Computer Processing & Data Preparation,Applied Digital Corp.,"Applied Digital Corp.; Applied Blockchain, Inc.; Applied Science Products, Inc.; FLIGHT SAFETY TECHNOLOGIES INC; REEL STAFF INC",,,6,2025-11-06,2025-11-05,False,False,True,,APLD,APLD,,,,,,False,False,
1711141,LEEEF,OTC,2833,Medicinal Chemicals & Botanical Products,Leef Brands Inc.,"Icanic Brands Co Inc.; INTEGRATED CANNABIS COMPANY, INC.; CNRP MINING INC.",,,0,,,False,False,False,,,,,,,,,False,False,
1757499,SHPH,Nasdaq,2834,Pharmaceutical Preparations,"Shuttle Pharmaceuticals Holdings, Inc.","Shuttle Pharmaceuticals Holdings, Inc.",,,4,2025-05-15,2025-05-09,False,False,True,Merger,SHPH,SHPH,,,,,,False,False,
1956439,ENHA,NYSE,7990,Services-Miscellaneous Amusement & Recreation,Enhanced Group Inc.,AParadise Acquisition Corp.; AParadigm Acquisition Corp.; Paradigm Acquisition Corp.,2025-11-26,425,1,2026-05-04,2026-05-01,True,False,True,,APAD,ENHA,19611370.0,,,10.28,super8k,True,True,
1651562,COUR,NYSE,7372,Services-Prepackaged Software,"Coursera, Inc.",,2025-12-17,425,5,2026-04-09,2026-04-09,True,False,False,"Udemy, Inc",COUR,COUR,,,,,,False,False,
2090646,"BRUN,BRUNW","Nasdaq,Nasdaq",7374,Services-Computer Processing & Data Preparation,Boost Run Inc.,,2026-01-13,S-4,0,,,False,False,False,,,BRUN,,,,,,True,False,
794619,AMWD,Nasdaq,2430,"Millwood, Veneer, Plywood, & Structural Wood Members",AMERICAN WOODMARK CORP,,2025-08-06,425,6,2025-10-30,2025-10-30,True,False,False,,AMWD,AMWD,,,,,,False,False,
1941365,MBC,NYSE,2511,"Wood Household Furniture, (No Upholstered)","MasterBrand, Inc.",,2025-08-06,425,6,2026-06-04,2026-06-04,True,False,False,,MBC,MBC,,,,,,False,False,
2023730,"HDRN,HDRNW","Nasdaq,Nasdaq",4911,Electric Services,"Hadron Energy, Inc.",GigCapital7 Corp.,2025-09-29,425,1,2026-05-08,2026-05-07,True,False,True,Hadron Energy Operating Company Inc,GIG,HDRN,16834491.0,,84.0,11.5,super8k,True,True,84.0
1004702,OCFC,Nasdaq,6021,National Commercial Banks,OCEANFIRST FINANCIAL CORP,OCEAN FINANCIAL CORP,2025-12-30,425,21,2026-05-28,2026-05-28,True,False,False,,,OCFC,,,,,,False,False,
3197,CECO,Nasdaq,3564,Industrial & Commercial Fans & Blowers & Air Purifing Equip,CECO ENVIRONMENTAL CORP,,2026-02-24,425,19,2026-05-28,2026-05-27,True,False,False,Thermon in accordance with the terms of the Merger Agreement,CECO,CECO,,,,,,False,False,
1591956,ANY,Nasdaq,6199,Finance Services,Sphere 3D Corp.,Sphere 3D Corp,2018-02-27,PREM14A,11,2026-05-21,2026-05-15,False,False,False,,ANY,ANY,,,,,,False,False,
2049662,"FAC,FACWW","Nasdaq,Nasdaq",3690,"Miscellaneous Electrical Machinery, Equipment & Supplies",Factorial Energy Inc.,Cartesian Growth Corp III,2025-12-18,425,1,2026-05-28,2026-05-27,True,False,True,Factorial surviving the merger as,CGCT,FAC,23051313.0,,,10.4159,super8k,True,True,
2002038,,,6770,Blank Checks,Legato Merger Corp. III,,2025-11-12,425,2,2026-06-05,2026-06-04,True,True,False,Einride,LEGT,LEGT,16596675.0,,,,super8k,True,True,
1643721,"BOTX,LBUYD",OTC,8742,Services-Management Consulting Services,DATZ WORLD HOLDINGS CORP.,"LEAFBUYER TECHNOLOGIES, INC.; AP EVENT INC.",,,0,,,False,False,True,"Merger and Reorganization, dated November 10, 2025",LBUY,LBUY,,,,,,False,False,
2092446,AVAT,Nasdaq,6199,Finance Services,Avalanche Treasury Corp,,2026-04-21,425,0,,,True,False,False,Company Class A units,,AVAT,22846470.0,1634507.0,,10.62,super8k,True,True,93.3
2048951,"TMS,LOKV,TMSWW","Nasdaq,Nasdaq",5900,Retail-Miscellaneous Retail,Teamshares Inc,Live Oak Acquisition Corp. V,2025-11-14,425,1,2026-06-22,2026-06-16,True,False,True,Live Oak,LOKV,TMS,276646.0,,,,super8k,True,True,
2069692,,,6798,Real Estate Investment Trusts,Blue Owl Digital Infrastructure Trust,,,,0,,,False,False,False,,,,,,,,,False,False,
1767837,RMBI,Nasdaq,6022,State Commercial Banks,"Richmond Mutual Bancorporation, Inc.",,2025-11-12,425,8,2026-05-27,2026-05-27,True,False,False,"The Farmers Bancorp, Frankfort, Indiana",RMBI,RMBI,,,,,,False,False,
2080215,"USDE,USDEW","Nasdaq,Nasdaq",6199,Finance Services,StableCoinX Inc.,,2025-10-02,425,0,,,True,False,False,,,USDE,379721.0,,,13.35,super8k,False,True,
1335105,"NMAD,LIXT","Nasdaq,Nasdaq",2834,Pharmaceutical Preparations,"NOMAD POWER SOLUTIONS, INC.","LIXTE BIOTECHNOLOGY HOLDINGS, INC.; SRKP 7 INC",,,6,2025-12-11,2025-12-08,False,False,True,,LIXT,LIXT,,,,,,False,False,
1766267,,,5812,Retail-Eating  Places,Synergy Empire Ltd,,,,0,,,False,False,False,,,,,,,,,False,False,
1922446,DEC,NYSE,1311,Crude Petroleum & Natural Gas,Diversified Energy Co,Diversified Energy Co PLC,,,1,2026-05-12,2026-05-06,False,False,True,,DEC,DEC,,,8.121,,near8k,False,True,8.121
1903595,"HODO,TBH","Nasdaq,Nasdaq",6199,Finance Services,House of Doge Inc.,"Brag House Holdings, Inc.",2025-10-14,425,2,2026-04-13,2026-04-07,True,False,True,,TBH,HODO,,,,,,False,False,
