cik,company_name,tickers,close_date,super8k_date,super8k_adsh,items,sic_at_filing,form
1478454,"Eagle Bancorp Montana, Inc.",EBMT,2020-01-01,2020-01-02,0001171843-20-000007,"2.01,7.01,9.01",6022,8-K
1412707,Level One Bancorp Inc,,2020-01-02,2020-01-02,0001412707-20-000004,"2.01,5.02,7.01,9.01",6022,8-K
859070,FIRST COMMUNITY BANKSHARES INC /VA/,FCBC,2019-12-31,2020-01-02,0001437749-20-000056,"2.01,8.01,9.01",6022,8-K
8868,AVON PRODUCTS INC,,2020-01-03,2020-01-03,0000950157-20-000022,"1.02,2.01,3.01,3.03,5.01,5.02,5.03,9.01",2844,8-K
870385,CAROLINA FINANCIAL CORP,,2019-12-31,2020-01-03,0001552781-20-000048,"2.01,5.02,9.01",6022,8-K
1113481,MEDICINES CO /DE,,2020-01-06,2020-01-06,0001104659-20-001367,"1.01,2.01,2.04,3.03,5.01,5.02,5.03,8.01,9.01",2834,8-K
764897,"Broad Street Realty, Inc.",BRST,2019-12-31,2020-01-06,0001437749-20-000232,"2.01,3.02,9.01",6500,8-K
1359931,"ArTara Therapeutics, Inc.",TARA,2020-01-06,2020-01-10,0001104659-20-003115,"2.01,5.01,5.02,5.03,5.05,5.07,5.08,8.01,9.01",2836,8-K
1413507,SRC Energy Inc.,,2020-01-13,2020-01-14,0001104659-20-003821,"1.02,2.01,3.01,3.03,5.01,5.02,5.03,9.01",1311,8-K
1713952,"Vivint Smart Home, Inc.",,2020-01-17,2020-01-24,0001193125-20-014373,"2.01,3.02,3.03,4.01,5.01,5.02,5.03,5.06,9.01",6770,8-K
707886,UNITED COMMUNITY FINANCIAL CORP,,2020-01-31,2020-02-03,0001193125-20-022208,"2.01,3.01,3.03,5.01,5.02,8.01,9.01",6036,8-K
946647,FIRST DEFIANCE FINANCIAL CORP,PFC,2020-01-31,2020-02-03,0001193125-20-022210,"2.01,3.03,5.03,8.01,9.01",6035,8-K
1642380,OncoCyte Corp,OCX,2020-01-31,2020-02-05,0001493152-20-001618,"2.01,3.02,7.01,9.01",2835,8-K
1674101,Vertiv Holdings Co,VRT,2020-02-07,2020-02-07,0001193125-20-028315,"1.01,2.01,3.02,3.03,5.01,5.02,5.03,5.06,9.01",3679,8-K
1643988,"Interlink Plus, Inc.",LPTV,2020-01-31,2020-02-07,0001393905-20-000041,"1.01,2.01,3.02,5.01,5.02,5.03,7.01,8.01,9.01",7363,8-K
1720592,Repay Holdings Corp,RPAY,2020-02-10,2020-02-10,0001193125-20-029800,"1.01,2.01,2.03,7.01,9.01",7389,8-K
1610114,New Senior Investment Group Inc.,,2020-02-10,2020-02-11,0001193125-20-031374,"1.01,1.02,2.01,2.03,8.01,9.01",6798,8-K
1358633,"Intelligent Buying, Inc.",SNBH,2020-02-12,2020-02-14,0001553350-20-000166,"1.01,1.02,2.01,3.02,4.01,5.01,5.02,5.06,9.01",5734,8-K
1751143,"ATLAS TECHNICAL CONSULTANTS, INC.",,2020-02-14,2020-02-14,0001213900-20-004006,"1.01,2.01,3.02,3.03,5.01,5.02,5.03,5.06,9.01",6770,8-K
1720821,PAE Inc,,2020-02-10,2020-02-14,0001193125-20-038383,"1.01,2.01,2.03,3.02,3.03,4.01,5.02,5.06,9.01",8700,8-K
1451512,Terra Tech Corp.,,2020-02-14,2020-02-18,0001477932-20-000778,"1.01,2.01,3.02,3.03,5.02,8.01,9.01",3510,8-K
789570,MGM Resorts International,MGM,2020-02-14,2020-02-18,0001193125-20-040601,"1.01,2.01,2.03,9.01",7011,8-K
1029730,LADENBURG THALMANN FINANCIAL SERVICES INC.,,2020-02-14,2020-02-18,0001493152-20-002589,"1.01,2.01,2.03,3.01,3.03,5.01,5.02,7.01,9.01",6211,8-K
1656936,MGM Growth Properties LLC,,2020-02-14,2020-02-18,0001193125-20-040600,"1.01,2.01,2.03,3.02,9.01",6798,8-K
1738758,GLORY STAR NEW MEDIA GROUP HOLDINGS Ltd,"CHR, GSMGW",2020-02-14,2020-02-21,0001213900-20-004520,"1.01,2.01,3.02,4.01,5.01,5.02,5.03,5.06,9.01",6770,8-K
1108645,FRONTIER OILFIELD SERVICES INC,CIPI,2020-02-28,2020-03-06,0001387131-20-002634,"1.01,2.01,3.03,5.01,5.03,8.01,9.01",1382,8-K
1743725,"GRID DYNAMICS HOLDINGS, INC.",GDYN,2020-03-05,2020-03-09,0001213900-20-005742,"2.01,3.01,3.03,5.01,5.02,5.06,9.01",7372,8-K
730708,SEACOAST BANKING CORP OF FLORIDA,SBCF,2020-03-13,2020-03-13,0000730708-20-000018,"2.01,8.01,9.01",6022,8-K
1561660,Pattern Energy Group Inc.,,2020-03-16,2020-03-16,0001193125-20-075014,"2.01,3.01,3.03,5.01,5.02,5.03,8.01,9.01",4911,8-K
18498,GENESCO INC,GCO,2020-03-24,2020-03-24,0000018498-20-000012,"1.01,2.01,8.01,9.01",5661,8-K
1630856,Professional Holding Corp.,,2020-03-26,2020-03-27,0001104659-20-039271,"2.01,5.02,8.01,9.01",6021,8-K
1362988,Aircastle LTD,AYR,2020-03-27,2020-03-27,0001140361-20-007240,"2.01,3.01,3.03,5.01,5.02,5.03,8.01,9.01",7359,8-K
1422841,AquaVenture Holdings Ltd,,2020-03-30,2020-03-30,0001104659-20-040378,"1.02,2.01,3.01,3.03,5.01,5.02,5.03,8.01,9.01",4941,8-K
1595974,"RUBICON PROJECT, INC.",MGNI,2020-03-30,2020-04-01,0001387131-20-003516,"2.01,5.02,5.03,5.07,8.01,9.01",7370,8-K
1740695,"Lux Amber, Corp.",,2020-03-26,2020-04-01,0001477932-20-001756,"2.01,5.06,9.01",3960,8-K
1283699,"T-Mobile US, Inc.",TMUS,2020-03-26,2020-04-01,0001193125-20-093622,"1.01,1.02,2.01,2.03,3.03,5.02,5.03,7.01,9.01",4812,8-K
1375796,"Telaria, Inc.",,2020-03-30,2020-04-01,0001104659-20-041467,"2.01,3.01,3.03,5.01,5.02,5.03,5.07,8.01,9.01",7311,8-K
101830,SPRINT Corp,,2020-04-01,2020-04-01,0001193125-20-093630,"1.01,1.02,2.01,2.03,3.01,5.01,5.02,5.03,9.01",4813,8-K
1293818,OPGEN INC,OPGN,2020-04-01,2020-04-02,0001079973-20-000254,"2.01,5.02,8.01,9.01",8071,8-K
947559,FIRST BANCSHARES INC /MS/,FBMS,2020-04-03,2020-04-03,0001157523-20-000464,"2.01,8.01,9.01",6021,8-K
315849,SOUTHWEST GEORGIA FINANCIAL CORP,,2020-04-03,2020-04-03,0001104659-20-042749,"2.01,3.01,3.03,5.01,5.02,5.03,9.01",6022,8-K
1118004,BANCPLUS CORP,,2020-04-01,2020-04-06,0001118004-20-000019,"2.01,5.02,7.01,9.01",6022,8-K
1484769,"FaceBank Group, Inc.",FUBO,2020-04-01,2020-04-07,0001493152-20-006005,"2.01,3.02,4.01,5.02,8.01,9.01",7812,8-K
101829,RAYTHEON TECHNOLOGIES CORP,RTX,2020-04-02,2020-04-08,0001140361-20-008397,"1.01,2.01,5.02,5.03,9.01",3724,8-K
1609471,Carey Watermark Investors 2 Inc,,2020-04-09,2020-04-13,0001104659-20-045999,"1.01,1.02,2.01,3.02,5.02,5.03,9.01",6798,8-K
1430259,Carey Watermark Investors Inc,,2020-04-09,2020-04-13,0001104659-20-045996,"1.02,2.01,3.03,5.01,5.02,5.03,9.01",6500,8-K
1704760,"American Virtual Cloud Technologies, Inc.",,2020-04-07,2020-04-14,0001213900-20-009113,"1.01,2.01,2.03,3.02,3.03,5.01,5.02,5.06,9.01",6770,8-K
1772757,DraftKings Inc.,,2020-04-23,2020-04-29,0001104659-20-052633,"1.01,2.01,3.02,4.01,5.01,5.02,5.06,9.01",7990,8-K
794172,MERIDIAN BIOSCIENCE INC,,2020-04-30,2020-04-30,0001193125-20-128802,"2.01,7.01,9.01",2835,8-K
1560327,"Rapid7, Inc.",RPD,2020-04-28,2020-05-04,0001193125-20-132385,"1.01,2.01,2.03,3.02,7.01,9.01",7372,8-K
1551986,"INNOVATE BIOPHARMACEUTICALS, INC.",NMTRQ,2020-04-29,2020-05-04,0001551986-20-000103,"1.01,2.01,3.02,5.01,5.02,5.03,8.01,9.01",2834,8-K
1694187,"Neon Therapeutics, Inc.",,2020-05-06,2020-05-06,0001694187-20-000050,"2.01,3.01,3.03,5.01,5.02,5.03,8.01,9.01",2836,8-K
784011,POPE RESOURCES LTD PARTNERSHIP,,2020-05-08,2020-05-08,0001193125-20-137386,"2.01,9.01",0800,8-K
1753673,Scienjoy Holding Corp,SJ,2020-05-07,2020-05-13,0001213900-20-011974,"1.01,2.01,3.02,4.01,5.01,5.02,5.03,5.06,9.01",7374,8-K
52827,RAYONIER INC,RYN,2020-05-07,2020-05-13,0000052827-20-000138,"1.01,2.01,2.03,3.03,5.03,9.01",6798,8-K
1746109,Bank First Corp,BFC,2020-05-15,2020-05-18,0001104659-20-063225,"2.01,8.01,9.01",6021,8-K
886136,SAGA COMMUNICATIONS INC,SGA,2020-05-20,2020-05-20,0001104659-20-064224,"2.01,3.03,5.03,9.01",4832,8-K
1586105,Zyla Life Sciences,,2020-05-19,2020-05-20,0001104659-20-064288,"1.02,2.01,3.01,3.03,5.01,5.02,5.03,5.07,9.01",2834,8-K
1808665,"Assertio Holdings, Inc.",ASRT,2020-05-20,2020-05-27,0001104659-20-066365,"1.01,2.01,2.03,5.02,5.05,9.01",2834,8-K
1460702,"Qualigen Therapeutics, Inc.",QLGN,2020-05-22,2020-05-29,0001493152-20-010166,"1.01,2.01,3.02,3.03,5.01,5.02,5.03,8.01,9.01",2834,8-K
1675820,TiVo Corp,,2020-06-01,2020-06-01,0001193125-20-156719,"2.01,3.01,8.01,9.01",6794,8-K
1690666,Xperi Corp,,2020-06-01,2020-06-01,0001193125-20-156671,"2.01,3.01,8.01,9.01",3674,8-K
1479681,"Clinigence Holdings, Inc.",NUTX,2020-06-03,2020-06-03,0001607062-20-000142,"1.01,2.01,7.01,9.01",7389,8-K
1731289,Nikola Corp,NKLA,2020-06-03,2020-06-08,0001104659-20-070923,"1.01,2.01,3.02,3.03,4.01,5.01,5.02,5.06,9.01",3711,8-K
764038,SOUTH STATE Corp,SSB,2020-06-03,2020-06-08,0001104659-20-070646,"1.01,2.01,2.03,5.02,5.03,9.01",6022,8-K
1102266,CenterState Bank Corp,,2020-06-07,2020-06-08,0001564590-20-028550,"1.02,2.01,3.01,3.03,5.01,5.02,9.01",6021,8-K
1322505,"ALBIREO PHARMA, INC.",,2020-06-08,2020-06-09,0001104659-20-071096,"1.01,2.01,2.03,3.02,8.01,9.01",2834,8-K
1419041,Tocagen Inc,FBRX,2020-06-10,2020-06-15,0001193125-20-169584,"1.02,2.01,3.03,5.01,5.02,5.03,8.01,9.01",2834,8-K
1806201,Open Lending Corp,LPRO,2020-06-10,2020-06-16,0001193125-20-169633,"1.01,2.01,3.02,3.03,4.01,5.01,5.02,5.06,9.01",6141,8-K
887730,KEMET CORP,,2020-06-17,2020-06-17,0001206774-20-001878,"2.01,3.01,3.03,5.01,5.02,5.03,8.01,9.01",3670,8-K
1521036,"Lantheus Holdings, Inc.",LNTH,2020-06-19,2020-06-22,0001193125-20-174730,"1.01,2.01,5.02,8.01,9.01",2835,8-K
835887,PROGENICS PHARMACEUTICALS INC,,2020-06-19,2020-06-22,0001193125-20-174778,"2.01,3.01,3.03,5.01,5.02,5.03,8.01,9.01",2834,8-K
1647088,WillScot Mobile Mini Holdings Corp.,WSC,2020-06-30,2020-07-01,0001104659-20-079826,"1.01,1.02,2.01,2.03,3.01,3.02,5.03,9.01",7350,8-K
933141,IBERIABANK CORP,,2020-07-01,2020-07-02,0001193125-20-185818,"2.01,3.01,3.03,5.01,5.02,5.03,7.01,9.01",6022,8-K
891103,"Match Group, Inc.",MTCH,2020-06-30,2020-07-02,0001104659-20-080606,"1.01,1.02,2.01,2.03,3.01,3.03,5.02,5.03,9.01",5990,8-K
36966,FIRST HORIZON NATIONAL CORP,"FHN, FHN-PB, FHN-PC, FHN-PE, FHN-PF",2020-06-29,2020-07-02,0000930413-20-001742,"2.01,3.03,5.02,5.03,7.01,9.01",6021,8-K
1347652,"CorEnergy Infrastructure Trust, Inc.",,2020-06-30,2020-07-07,0001347652-20-000066,"1.02,2.01,2.06,7.01,9.01",6798,8-K
1708176,Hall of Fame Resort & Entertainment Co,"HOFV, HOFVW",2020-07-01,2020-07-08,0001213900-20-016991,"1.01,2.01,3.02,5.01,5.02,5.06,9.01",6770,8-K
1533615,Global Medical REIT Inc.,"GMRE, GMRE-PA",2020-07-09,2020-07-09,0001104659-20-082414,"1.01,2.01,5.02,7.01,9.01",6798,8-K
1290677,"Turning Point Brands, Inc.",TPB,2020-07-16,2020-07-16,0001140361-20-016196,"2.01,5.01,8.01,9.01",2100,8-K
1590895,"Caesars Entertainment, Inc.",CZR,2020-07-17,2020-07-21,0001193125-20-196232,"1.01,1.02,2.01,2.03,3.03,4.01,5.02,5.03,9.01",7011,8-K
1705696,VICI PROPERTIES INC.,VICI,2020-07-20,2020-07-21,0001705696-20-000143,"1.01,1.02,2.01,7.01,9.01",6798,8-K
1704235,Quintana Energy Services Inc.,,2020-07-28,2020-07-28,0001104659-20-087284,"2.01,3.01,3.03,5.01,5.02,5.03,8.01,9.01",1389,8-K
1738827,"KLX Energy Services Holdings, Inc.",KLXE,2020-07-28,2020-07-28,0001104659-20-087311,"2.01,3.03,5.02,5.03,8.01,9.01",1389,8-K
704051,"LEGG MASON, INC.",,2020-07-31,2020-07-31,0001193125-20-206706,"1.02,2.01,3.01,3.03,5.01,5.02,5.03,9.01",6282,8-K
817720,SYNAPTICS Inc,SYNA,2020-07-31,2020-07-31,0001193125-20-205328,"2.01,7.01,9.01",3674,8-K
1739104,Elanco Animal Health Inc,ELAN,2020-07-30,2020-08-03,0001104659-20-089668,"1.01,1.02,2.01,2.03,3.02,7.01,9.01",2834,8-K
1649749,FB Financial Corp,FBK,2020-08-15,2020-08-18,0001193125-20-222966,"1.01,2.01,2.03,5.02,8.01,9.01",6022,8-K
1498382,"Kintara Therapeutics, Inc.",KTRA,2020-08-17,2020-08-21,0001213900-20-023287,"1.01,2.01,3.01,3.02,3.03,5.02,5.03,9.01",2834,8-K
1792849,"HighPeak Energy, Inc.","HPK, HPKEW",2020-08-21,2020-08-27,0001437749-20-018850,"1.01,2.01,3.02,3.03,5.01,5.02,5.03,5.06,9.01",1381,8-K
850261,"Sorrento Therapeutics, Inc.",SRNE,2020-09-01,2020-09-02,0001104659-20-101663,"2.01,3.02,8.01,9.01",2836,8-K
1739566,"Utz Brands, Inc.",UTZ,2020-08-28,2020-09-03,0001104659-20-102266,"1.01,2.01,2.02,3.02,3.03,4.01,5.01,5.02,5.03",2090,8-K
1658880,BARE METAL STANDARD INC.,,2020-09-08,2020-09-10,0001214659-20-007761,"1.01,2.01,5.01,5.02",3564,8-K
1559172,"DIEGO PELLICER WORLDWIDE, INC",,2020-09-09,2020-09-16,0001731122-20-000956,"1.01,2.01",8200,8-K
892222,"CRAFT BREW ALLIANCE, INC.",,2020-09-30,2020-09-30,0001104659-20-110472,"1.02,2.01,3.01,3.03,5.01,5.02,5.03,8.01,9.01",2082,8-K
1452936,"Pacific Oak Strategic Opportunity REIT, Inc.",PCOK,2020-10-05,2020-10-05,0001452936-20-000083,"2.01,7.01,9.01",6798,8-K
1580673,"Pacific Oak Strategic Opportunity REIT II, Inc.",,2020-10-01,2020-10-05,0001580673-20-000035,"1.02,2.01,3.03,5.01,5.02,5.03,5.07,7.01,9.01",6798,8-K
72207,NOBLE ENERGY INC,,2020-10-05,2020-10-05,0001193125-20-263378,"1.02,2.01,3.01,3.03,5.01,5.02,5.03,9.01",1311,8-K
1745317,"Velodyne Lidar, Inc.",,2020-09-29,2020-10-05,0001104659-20-112259,"1.01,2.01,3.02,3.03,4.01,5.01,5.02,5.06,9.01",3569,8-K
1759631,Hyliion Holdings Corp.,HYLN,2020-10-01,2020-10-07,0001213900-20-030492,"1.01,2.01,3.02,3.03,4.01,5.01,5.02,5.06,9.01",3713,8-K
1793229,MultiPlan Corp,"MPLN, MPLNW",2020-10-08,2020-10-09,0001104659-20-113620,"1.01,2.01,3.02,4.01,5.01,5.03,5.06,5.07,9.01",7389,8-K
1572694,"Goldman Sachs BDC, Inc.",GSBD,2020-10-12,2020-10-13,0001193125-20-267861,"2.01,3.03,5.02,5.03,7.01,9.01",,8-K
1683074,Goldman Sachs Middle Market Lending Corp.,,2020-10-12,2020-10-13,0001193125-20-267864,"1.02,2.01,3.03,5.01,5.02,5.03,7.01,9.01",,8-K
1776909,Software Acquisition Group Inc.,"CURI, CURIW",2020-10-14,2020-10-15,0001213900-20-031372,"1.01,2.01,4.01,5.02,5.03,5.05,5.06,5.07,9.01",7812,8-K
1741231,"Tattooed Chef, Inc.",TTCFQ,2020-10-15,2020-10-21,0001213900-20-032445,"1.01,2.01,2.02,3.02,3.03,4.01,5.01,5.02,9.01",2090,8-K
1819881,Paya Holdings Inc.,,2020-10-16,2020-10-22,0001213900-20-032814,"1.01,1.02,2.01,3.02,4.01,5.06,7.01,9.01",7389,8-K
1759546,Lordstown Motors Corp.,NRDE,2020-10-23,2020-10-29,0001104659-20-119279,"1.01,2.01,3.02,4.01,5.01,5.02,5.06,9.01",3711,8-K
1639225,"Livongo Health, Inc.",,2020-10-30,2020-10-30,0001104659-20-119767,"1.01,1.02,2.01,3.01,3.03,5.01,5.02,5.03,9.01",7370,8-K
1477449,"Teladoc Health, Inc.",TDOC,2020-10-29,2020-10-30,0001104659-20-119769,"1.01,2.01,2.03,5.02,5.03,7.01,9.01",8011,8-K
1805387,"Cerevel Therapeutics Holdings, Inc.",,2020-10-27,2020-11-02,0001193125-20-283964,"1.01,2.01,3.02,3.03,5.01,5.02,5.03,5.06,9.01",2834,8-K
1776661,Advantage Solutions Inc.,"ADV, ADVWW",2020-10-28,2020-11-03,0001193125-20-284770,"1.01,2.01,2.03,3.02,5.01,5.02,5.06,8.01,9.01",7389,8-K
1720990,Fisker Inc./DE,FSRNQ,2020-10-29,2020-11-04,0001193125-20-285584,"1.01,2.01,3.02,3.03,4.01,5.01,5.02,5.06,9.01",3711,8-K
1791091,"SOC Telemed, Inc.",,2020-10-30,2020-11-05,0001213900-20-035335,"1.01,2.01,3.02,3.03,4.01,5.01,5.02,5.03,5.06",8090,8-K
1228627,"REXAHN PHARMACEUTICALS, INC.",OCUP,2020-11-06,2020-11-06,0001140361-20-024749,"1.01,2.01,3.03,4.01,5.01,5.02,5.03,5.05,9.01",2834,8-K
1753886,Stonemor Inc.,,2020-11-03,2020-11-09,0001193125-20-289099,"1.01,2.01,5.02,5.07,7.01,9.01",7200,8-K
1025835,ENTERPRISE FINANCIAL SERVICES CORP,"EFSC, EFSCP",2020-11-12,2020-11-12,0001025835-20-000110,"2.01,5.02,7.01,9.01",6022,8-K
1690080,180 Life Sciences Corp.,"ATNF, ATNFW",2020-11-06,2020-11-12,0001213900-20-036383,"1.01,2.01,3.02,3.03,5.01,5.02,5.06,9.01",6770,8-K
1801368,MP Materials Corp. / DE,MP,2020-11-17,2020-11-17,0001193125-20-296150,"1.01,2.01,3.02,3.03,5.01,5.02,5.06,7.01,9.01",1000,8-K
1402479,MYOS RENS TECHNOLOGY INC.,MDVLQ,2020-11-18,2020-11-18,0001628280-20-016545,"1.01,2.01,3.02,3.03,5.01,5.02,5.03,5.07,9.01",2834,8-K
1463913,US Alliance Corp,,2020-11-16,2020-11-20,0001437749-20-024279,"1.01,2.01,9.01",6311,8-K
1819796,GCM Grosvenor Inc.,"GCMG, GCMGW",2020-11-17,2020-11-20,0001213900-20-038527,"1.01,2.01,3.02,5.02,5.03,9.01",6282,8-K
1566373,"F-star Therapeutics, Inc.",,2020-11-19,2020-11-20,0001193125-20-299470,"2.01,3.03,4.01,5.01,5.02,5.03,5.07,7.01,9.01",2834,8-K
1805077,"Eos Energy Enterprises, Inc.","EOSE, EOSEW",2020-11-16,2020-11-20,0001213900-20-038551,"1.01,2.01,2.02,3.02,3.03,4.01,5.01,5.02,9.01",3690,8-K
1698113,"PARTS iD, Inc.",,2020-11-20,2020-11-27,0001213900-20-039479,"1.01,2.01,3.02,3.03,5.01,5.02,5.03,5.06,9.01",7311,8-K
1811414,QuantumScape Corp,QS,2020-11-25,2020-12-02,0001193125-20-308489,"1.01,2.01,3.01,3.02,3.03,5.01,5.02,5.06,9.01",3690,8-K
1815903,"Petros Pharmaceuticals, Inc.",PTPI,2020-12-01,2020-12-02,0001104659-20-131358,"1.01,2.01,3.03,5.01,5.02,5.03,8.01,9.01",2834,8-K
1513856,"Neurotrope, Inc.",,2020-12-01,2020-12-07,0001104659-20-132905,"1.01,2.01,3.01,3.03,5.01,5.02,8.01,9.01",2834,8-K
1758057,"Luminar Technologies, Inc./DE",LAZR,2020-12-02,2020-12-08,0001193125-20-312776,"1.01,2.01,3.02,3.03,4.01,5.01,5.02,5.06,9.01",3714,8-K
1754820,"Desktop Metal, Inc.",DM,2020-12-09,2020-12-14,0001104659-20-135029,"1.01,2.01,3.02,3.03,5.01,5.02,5.03,5.06,9.01",3577,8-K
1742927,"REVIVA PHARMACEUTICALS HOLDINGS, INC.","RVPH, RVPHW",2020-12-14,2020-12-18,0001104659-20-137506,"1.01,2.01,3.02,3.03,4.01,5.01,5.03,5.05,5.06",2834,8-K
1801169,Opendoor Technologies Inc.,OPEN,2020-12-18,2020-12-18,0001104659-20-137517,"1.01,2.01,3.02,3.03,4.01,5.02,5.03,5.06,9.01",6531,8-K
1801661,Skillz Inc.,SKLZ,2020-12-16,2020-12-21,0001104659-20-138151,"1.01,2.01,3.02,4.01,5.01,5.02,5.06,9.01",7374,8-K
1614976,"Cole Office & Industrial REIT (CCIT III), Inc.",,2020-12-17,2020-12-22,0001193125-20-324580,"1.02,2.01,3.03,5.01,5.02,5.03,5.07,9.01",6798,8-K
1580988,"Cole Credit Property Trust V, Inc.",,2020-12-17,2020-12-22,0001193125-20-324563,"1.02,2.01,3.03,5.01,5.02,5.03,5.07,9.01",6798,8-K
1750153,Canoo Inc.,"GOEV, GOEVW",2020-12-21,2020-12-22,0001213900-20-044117,"1.01,2.01,3.02,4.01,5.01,5.02,5.06,9.01",3714,8-K
1379785,"Barings BDC, Inc.",BBDC,2020-12-23,2020-12-23,0001140361-20-029416,"1.01,2.01,5.02,5.07,7.01,9.01",,8-K
1772720,XL Fleet Corp.,SPRU,2020-12-21,2020-12-23,0001193125-20-326022,"1.01,1.02,2.01,3.02,3.03,5.01,5.02,5.06,9.01",3714,8-K
1723580,"BurgerFi International, Inc.","BFI, BFIIW",2020-12-16,2020-12-23,0001213900-20-044181,"1.01,2.01,3.02,4.01,5.02,5.03,5.06,8.01,9.01",5812,8-K
1819615,Clever Leaves Holdings Inc.,CLVR,2020-12-18,2020-12-28,0001213900-20-044866,"1.01,2.01,2.03,3.02,3.03,5.01,5.02,5.06,9.01",2834,8-K
1710366,CONSOL Energy Inc.,CEIX,2020-12-29,2020-12-30,0001193125-20-329285,"1.02,2.01,5.07,7.01,9.01",1220,8-K
1445283,"YUMANITY THERAPEUTICS, INC.",KA,2020-12-22,2020-12-30,0001193125-20-329889,"1.01,2.01,2.03,3.02,3.03,5.01,5.02,5.03,9.01",2834,8-K
1796129,"Vincera Pharma, Inc.",VINC,2020-12-23,2020-12-30,0001193125-20-329821,"1.01,2.01,3.02,3.03,5.01,5.02,5.03,5.06,9.01",2834,8-K
1637558,CONSOL Coal Resources LP,,2020-12-29,2020-12-30,0001193125-20-329289,"1.01,1.02,2.01,3.01,3.02,3.03,5.02,5.07,9.01",1220,8-K
1823794,ARKO Corp.,"ARKO, ARKOW",2020-12-22,2020-12-31,0001193125-20-330008,"1.01,2.01,3.02,3.03,4.01,5.01,5.02,5.03,9.01",5412,8-K
839470,"WESTWATER RESOURCES, INC.",WWR,2020-12-31,2020-12-31,0001052918-20-000386,"1.01,2.01,9.01",1000,8-K
1784535,"Porch Group, Inc.",PRCH,2020-12-23,2020-12-31,0001213900-20-045506,"1.01,2.01,4.01,5.01,5.05,5.06,9.01",7372,8-K
1316835,"Builders FirstSource, Inc.",BLDR,2020-12-31,2021-01-04,0001193125-21-000344,"1.01,1.02,2.01,2.03,2.04,5.02,5.03,9.01",5211,8-K
1578735,National General Holdings Corp.,,2021-01-04,2021-01-04,0001193125-21-001004,"1.01,1.02,2.01,3.01,3.03,5.01,5.02,5.03,9.01",6331,8-K
1779020,"Danimer Scientific, Inc.","DNMR, DNMRW",2020-12-29,2021-01-05,0001213900-21-000468,"2.01,3.02,3.03,4.01,5.01,5.02,5.03,5.06,9.01",2821,8-K
1793659,"Rush Street Interactive, Inc.",RSI,2020-12-29,2021-01-05,0001193125-21-002054,"1.01,2.01,3.02,5.01,5.02,5.05,5.06,8.01,9.01",7990,8-K
1768012,"Golden Nugget Online Gaming, Inc.",,2020-12-29,2021-01-05,0001104659-21-001022,"1.01,2.01,2.03,3.02,3.03,5.01,5.02,5.03,5.06",7372,8-K
1822791,Clene Inc.,"CLNN, CLNNW",2020-12-30,2021-01-05,0001213900-21-000487,"1.01,2.01,3.02,4.01,5.01,5.03,5.06,5.07,9.01",2834,8-K
1757932,"Romeo Power, Inc.",,2020-12-29,2021-01-05,0001104659-21-001031,"1.01,2.01,3.02,3.03,4.01,5.01,5.02,9.01",3690,8-K
1518832,"WPX ENERGY, INC.",,2021-01-07,2021-01-07,0001104659-21-002045,"1.02,2.01,3.01,5.01,5.02,7.01,9.01",1311,8-K
1090012,DEVON ENERGY CORP/DE,DVN,2021-01-07,2021-01-07,0001193125-21-004318,"1.01,2.01,5.02,7.01,9.01",1311,8-K
1725872,"BM Technologies, Inc.","BMTX, BMTX-WT",2021-01-04,2021-01-08,0001213900-21-001260,"1.01,2.01,2.03,3.02,3.03,5.01,5.02,5.06,9.01",6022,8-K
1488813,"Customers Bancorp, Inc.","CUBB, CUBI, CUBI-PE, CUBI-PF",2021-01-04,2021-01-08,0001488813-21-000008,"2.01,9.01",6022,8-K
832428,E.W. SCRIPPS Co,SSP,2021-01-04,2021-01-08,0000832428-21-000004,"1.01,2.01,2.03,3.02,5.02,5.03,9.01",4833,8-K
1555039,Front Yard Residential Corp,,2021-01-11,2021-01-11,0001193125-21-006316,"2.01,3.01,3.03,5.01,5.02,7.01,9.01",6500,8-K
1801170,"CLOVER HEALTH INVESTMENTS, CORP. /DE",CLOV,2021-01-07,2021-01-12,0001193125-21-007348,"1.01,2.01,3.02,3.03,4.01,5.02,5.03,5.06,9.01",6324,8-K
1721386,Landsea Homes Corp,"LSEA, LSEAW",2021-01-07,2021-01-13,0001731122-21-000062,"1.01,2.01,3.02,3.03,5.01,5.02,5.03,5.06,9.01",1531,8-K
1774155,BTRS Holdings Inc.,,2021-01-12,2021-01-14,0001140361-21-001212,"1.01,2.01,3.02,3.03,4.01,5.01,5.02,5.03,9.01",7371,8-K
1783398,UWM Holdings Corp,"UWMC, UWMC-WT",2021-01-21,2021-01-22,0001193125-21-014912,"1.01,2.01,2.03,3.01,3.02,4.01,5.01,5.02,9.01",6162,8-K
1773751,"Hims & Hers Health, Inc.",HIMS,2021-01-20,2021-01-26,0001193125-21-017838,"1.01,2.01,3.02,3.03,4.01,5.01,5.02,5.06,9.01",8011,8-K
1759008,"CarLotz, Inc.",,2021-01-21,2021-01-27,0001104659-21-008177,"1.01,2.01,3.02,3.03,5.01,5.02,5.03,5.06,9.01",5500,8-K
846617,"Dime Community Bancshares, Inc. /NY/","DCOM, DCOMG, DCOMP",2021-02-01,2021-02-01,0001104659-21-009751,"2.01,2.03,3.01,5.02,5.03,8.01,9.01",6021,8-K
1725255,AdaptHealth Corp.,AHCO,2021-01-28,2021-02-02,0001104659-21-010572,"1.01,2.01,3.02,3.03,5.02,5.03,7.01,9.01",8082,8-K
1807707,"AppHarvest, Inc.",,2021-01-29,2021-02-02,0001104659-21-010348,"1.01,2.01,3.02,3.03,4.01,5.02,5.03,5.06,9.01",0100,8-K
1606698,Alpine 4 Technologies Ltd.,ALPP,2021-02-08,2021-02-09,0001096906-21-000295,2.01,3669,8-K
1744494,"ADVENT TECHNOLOGIES HOLDINGS, INC.","ADN, ADNWW",2021-02-04,2021-02-09,0001140361-21-003946,"2.01,3.02,3.03,4.01,5.01,5.02,5.03,5.06,9.01",3690,8-K
1237746,"Endurance International Group Holdings, Inc.",,2021-02-10,2021-02-10,0001193125-21-036258,"2.01,3.01,3.03,5.01,5.02,5.03,9.01",7372,8-K
1800347,"E2open Parent Holdings, Inc.","ETWO, ETWO-WT",2021-02-04,2021-02-10,0001104659-21-019902,"1.01,2.01,3.02,3.03,4.01,5.01,5.02,5.03,9.01",7374,8-K
1816736,"Gemini Therapeutics, Inc. /DE",IRON,2021-02-05,2021-02-11,0001213900-21-008478,"1.01,2.01,3.02,3.03,4.01,5.01,5.02,5.03,9.01",2834,8-K
1819035,"Metromile, Inc.",,2021-02-09,2021-02-11,0001213900-21-008472,"1.01,2.01,2.03,3.02,4.01,5.01,5.02,5.06,9.01",6331,8-K
1811063,Nuvation Bio Inc.,"NUVB, NUVB-WT",2021-02-10,2021-02-12,0001193125-21-041929,"1.01,2.01,3.01,3.03,4.01,5.02,5.03,5.06,9.01",2834,8-K
1803914,"PLBY Group, Inc.",PLBY,2021-02-10,2021-02-16,0001104659-21-024317,"1.01,2.01,3.02,3.03,4.01,5.01,5.02,5.06,9.01",5900,8-K
1804176,"Butterfly Network, Inc.","BFLY, BFLY-WT",2021-02-12,2021-02-16,0001104659-21-023964,"1.01,2.01,3.02,3.03,4.01,5.01,5.02,5.06,9.01",3844,8-K
1681459,TechnipFMC plc,FTI,2021-02-15,2021-02-16,0001140361-21-004982,"1.01,2.01,2.03,5.02,8.01,9.01",3533,8-K
1817760,"SmartKem, Inc.",SMTK,2021-02-23,2021-02-24,0001104659-21-027574,"1.01,2.01,3.02,4.01,5.01,5.02,5.03,5.06,9.01",6770,8-K
1425203,Astro Aerospace Ltd.,,2021-02-10,2021-02-25,0001014897-21-000002,"1.01,2.01,9.01",3728,8-K
1576018,Third Point Reinsurance Ltd.,"SPNT, SSPFF, SPNT-PB",2021-02-25,2021-02-26,0001576018-21-000031,"1.01,2.01,2.03,3.02,3.03,4.01,5.02,5.03,9.01",6331,8-K
1600626,"Griffin Capital Essential Asset REIT, Inc.",PKST,2021-02-25,2021-03-01,0001600626-21-000073,"2.01,2.03,5.02,7.01,9.01",6798,8-K
1777393,"ChargePoint Holdings, Inc.",CHPT,2021-02-26,2021-03-01,0001193125-21-063743,"1.01,2.01,3.02,3.03,4.01,5.01,5.02,5.06,9.01",3790,8-K
1236997,COUNTERPATH CORP,,2021-03-01,2021-03-02,0001062993-21-002128,"2.01,3.01,3.03,5.01,5.02,5.03,8.01,9.01",7372,8-K
1075607,TC PIPELINES LP,,2021-03-03,2021-03-03,0001104659-21-031578,"2.01,3.01,3.03,5.01,5.02,7.01,9.01",4922,8-K
837465,CALLAWAY GOLF CO,MODG,2021-03-08,2021-03-08,0001193125-21-073248,"2.01,5.02,7.01,9.01",3949,8-K
1803498,Blackstone Private Credit Fund,,2021-03-05,2021-03-11,0001193125-21-077914,"1.01,2.01,2.03,9.01",,8-K
1811856,"View, Inc.",,2021-03-08,2021-03-12,0001193125-21-079857,"1.01,2.01,3.01,3.02,4.01,5.01,5.02,5.06,9.01",3211,8-K
1816581,Colonnade Acquisition Corp.,"OUST, OUST-WT, OUST-WTA",2021-03-10,2021-03-15,0001193125-21-080038,"1.01,2.01,3.02,3.03,5.01,5.02,5.06,8.01,9.01",3569,8-K
1539838,"Diamondback Energy, Inc.",FANG,2021-03-17,2021-03-17,0001193125-21-084144,"2.01,2.03,8.01,9.01",1311,8-K
1534248,Anchiano Therapeutics Ltd.,CMMB,2021-03-15,2021-03-17,0001104659-21-037294,"1.01,2.01,3.02,3.03,5.01,5.02,5.03,5.07,9.01",2834,8-K
1585389,"SmartStop Self Storage REIT, Inc.","SSST, STSFF",2021-03-17,2021-03-17,0001193125-21-083929,"1.01,2.01,2.03,7.01,9.01",6798,8-K
1680232,"Strategic Storage Trust IV, Inc.",,2021-03-15,2021-03-17,0001193125-21-083932,"1.02,2.01,3.03,5.01,5.02,5.03,7.01,9.01",6798,8-K
1108827,"QEP RESOURCES, INC.",,2021-03-17,2021-03-17,0001193125-21-084161,"1.02,2.01,3.01,3.03,5.01,5.02,5.03,9.01",1311,8-K
1789029,"Aeva Technologies, Inc.","AEVA, AEVA-WT",2021-03-12,2021-03-18,0001193125-21-085979,"1.01,2.01,3.02,3.03,5.01,5.02,5.03,5.06,9.01",3714,8-K
1047884,ANWORTH MORTGAGE ASSET CORP,,2021-03-19,2021-03-19,0001157523-21-000370,"2.01,3.01,3.03,5.01,5.02,7.01,8.01,9.01",6798,8-K
1577791,Oaktree Strategic Income Corp,,2021-03-19,2021-03-19,0001193125-21-086898,"2.01,3.01,3.03,5.01,5.02,5.03,7.01,9.01",,8-K
1414932,Oaktree Specialty Lending Corp,OCSL,2021-03-19,2021-03-19,0001193125-21-086896,"1.01,1.02,2.01,7.01,9.01",,8-K
1527590,Ready Capital Corp,"RC, RCB, RCC, RC-PC, RC-PE",2021-03-19,2021-03-19,0001104659-21-039200,"2.01,3.03,5.02,5.03,7.01,9.01",6798,8-K
1467652,"Neos Therapeutics, Inc.",,2021-03-18,2021-03-22,0001213900-21-016770,"1.01,2.01,3.01,3.03,5.01,5.02,5.03,5.07,9.01",2834,8-K
1830033,"PureCycle Technologies, Inc.","PCT, PCTTU, PCTTW",2021-03-17,2021-03-22,0001104659-21-039237,"1.01,2.01,3.02,3.03,4.01,5.01,5.02,5.03,5.06",2821,8-K
1836875,Nuvve Holding Corp.,"NVVE, NVVEW",2021-03-19,2021-03-25,0001213900-21-017736,"2.01,3.02,3.03,4.01,5.01,5.02,5.03,5.05,5.06",3612,8-K
1740547,Urovant Sciences Ltd.,,2021-03-29,2021-03-29,0001193125-21-097522,"2.01,3.01,3.03,5.02,5.03,8.01,9.01",2834,8-K
1789760,"Arrival Vault US, Inc.",,2021-03-24,2021-03-29,0001193125-21-097571,"1.01,2.01,3.01,3.03,5.01,5.02,5.03,9.01",6770,8-K
1818355,Foley Trasimene Acquisition II,,2021-03-30,2021-03-30,0001193125-21-100484,"1.01,2.01,3.01,3.02,3.03,5.01,5.02,5.03,9.01",6770,8-K
1704720,"Cannae Holdings, Inc.",CNNE,2021-03-30,2021-03-30,0001193125-21-100588,"2.01,7.01,9.01",5810,8-K
1772695,Sunnova Energy International Inc.,NOVA,2021-04-01,2021-04-01,0001193125-21-103960,"1.01,2.01,3.02,9.01",4931,8-K
1083643,"FAUQUIER BANKSHARES, INC.",,2021-04-01,2021-04-01,0001193125-21-103627,"2.01,3.01,3.03,5.01,5.02,5.03,9.01",6022,8-K
1709682,"Custom Truck One Source, Inc.","CTOS, CTOSW",2021-04-01,2021-04-02,0001213900-21-019985,"1.01,2.01,2.03,3.02,3.03,5.01,5.02,5.03,9.01",7359,8-K
1001171,BROADWAY FINANCIAL CORP \DE\,BYFC,2021-04-01,2021-04-05,0001140361-21-011567,"2.01,5.01,5.02,9.01",6035,8-K
1684682,"CNL Strategic Capital, LLC",,2021-04-01,2021-04-05,0001387131-21-004149,"1.01,2.01,9.01",3990,8-K
1641398,Code Chain New Continent Ltd,GDC,2021-03-31,2021-04-06,0001213900-21-020446,"2.01,9.01",5050,8-K
1799611,Collective Growth Corp,,2021-04-05,2021-04-07,0001193125-21-108884,"1.01,1.02,2.01,3.01,3.03,5.01,5.02,8.01,9.01",6770,8-K
1763731,Replay Acquisition LLC,,2021-04-01,2021-04-07,0001193125-21-108986,"2.01,3.01,3.03,5.01,5.02,5.03,5.06,9.01",6770,8-K
1780312,"AST SpaceMobile, Inc.","ASTS, ASTSW",2021-04-06,2021-04-12,0001493152-21-008574,"1.01,2.01,3.01,3.02,3.03,5.01,5.02,5.06,9.01",4899,8-K
1458891,Noble Corp,,2021-04-15,2021-04-16,0001193125-21-118586,"1.01,2.01,3.02,3.03,7.01,9.01",1381,8-K
1357459,"PALISADE BIO, INC.",PALI,2021-04-27,2021-04-27,0001171843-21-002819,"1.01,2.01,3.03,5.01,5.02,5.03,8.01,9.01",2836,8-K
1461119,CRH Medical Corp,,2021-04-22,2021-04-28,0001193125-21-137100,"1.01,2.01,3.01,3.03,5.01,5.02,5.03,8.01,9.01",8000,8-K
1731348,"Tilray, Inc.",TLRY,2021-04-28,2021-05-04,0001140361-21-015755,"2.01,2.03,2.04,3.01,3.02,3.03,5.07,8.01,9.01",2833,8-K
1758766,"STEM, INC.",STEM,2021-04-28,2021-05-04,0001104659-21-061061,"1.01,2.01,3.02,3.03,5.01,5.02,5.03,5.06,9.01",3690,8-K
1815495,Northern Genesis Acquisition Corp.,,2021-05-06,2021-05-06,0001213900-21-024936,"1.01,2.01,3.01,3.03,5.01,5.03,8.01,9.01",6770,8-K
1818093,Beauty Health Co,SKIN,2021-05-04,2021-05-10,0001193125-21-156433,"1.01,2.01,3.02,3.03,4.02,5.02,5.03,5.06,9.01",3841,8-K
1802749,"Lightning eMotors, Inc.",ZEVY,2021-05-06,2021-05-12,0001193125-21-159335,"1.01,2.01,2.03,3.02,3.03,4.01,5.02,5.06,9.01",3711,8-K
1779128,"Blade Air Mobility, Inc.","BLDE, BLDEW",2021-05-07,2021-05-13,0001104659-21-065292,"1.01,2.01,3.02,3.03,5.01,5.02,5.03,5.06,9.01",7389,8-K
1502557,"CX Network Group, Inc.",KPEA,2021-05-17,2021-05-18,0001213900-21-027681,"1.01,2.01,3.02,5.01,5.02,9.01",8200,8-K
1823945,BLUE OWL CAPITAL INC.,OWL,2021-05-19,2021-05-21,0001193125-21-169371,"1.01,2.01,2.02,3.02,3.03,4.01,5.01,5.02,5.03",6282,8-K
26076,CUBIC CORP /DE/,,2021-05-25,2021-05-25,0001104659-21-071624,"1.02,2.01,3.01,3.03,5.01,5.02,5.03,7.01,9.01",3829,8-K
1021096,"Troika Media Group, Inc.",,2021-05-21,2021-05-25,0001477932-21-003585,"1.01,2.01,3.02,5.02,9.01",4841,8-K
1679063,"Chicken Soup for the Soul Entertainment, Inc.","CSSEQ, CSSLQ, CSSNQ, CSSPQ",2021-05-21,2021-05-27,0001104659-21-072657,"1.01,2.01,2.03,3.02,8.01,9.01",7819,8-K
1719406,"NRX Pharmaceuticals, Inc.","NRXP, NRXPW",2021-05-24,2021-05-28,0001193125-21-177238,"1.01,2.01,3.02,3.03,5.01,5.02,5.03,5.06,9.01",2834,8-K
1492915,Standard AVB Financial Corp.,,2021-05-28,2021-05-28,0001104659-21-074290,"2.01,3.01,3.03,5.01,5.02,5.03,9.01",6022,8-K
27996,DELUXE CORP,DLX,2021-06-01,2021-06-01,0001104659-21-074705,"1.01,1.02,2.01,2.03,7.01,9.01",2780,8-K
1075736,"Crexendo, Inc.",CXDO,2021-06-01,2021-06-01,0001654954-21-006467,"1.01,2.01,3.02,5.02,7.01,8.01,9.01",4813,8-K
1333986,"Equitable Holdings, Inc.","EQH, EQH-PA, EQH-PC",2021-06-01,2021-06-01,0001193125-21-177928,"2.01,7.01,8.01,9.01",6411,8-K
1419951,Data Storage Corp,"DTST, DTSTW",2021-05-31,2021-06-03,0001731122-21-000993,"2.01,3.02,5.02,8.01,9.01",7374,8-K
1818874,"SoFi Technologies, Inc.",SOFI,2021-05-28,2021-06-04,0001628280-21-011688,"1.01,2.01,3.02,3.03,4.01,5.01,5.02,5.03,9.01",6099,8-K
1719489,"Kaleyra, Inc.",,2021-06-01,2021-06-07,0001193125-21-184398,"1.01,2.01,2.03,3.02,8.01,9.01",7374,8-K
1819574,Original Bark Co,"BARK, BARK-WT",2021-06-01,2021-06-07,0001193125-21-184524,"1.01,2.01,3.02,3.03,5.01,5.02,5.03,5.06,9.01",5990,8-K
1451448,"ESPORTS ENTERTAINMENT GROUP, INC.","GMBL, GMBLP, GMBLW, GMBLZ",2021-06-01,2021-06-07,0001493152-21-013745,"2.01,3.02,8.01,9.01",7900,8-K
1800682,"Cano Health, Inc.",,2021-06-03,2021-06-09,0001193125-21-186694,"1.01,2.01,3.02,3.03,4.01,5.01,5.02,5.03,9.01",8011,8-K
1372807,Portman Ridge Finance Corp,PTMN,2021-06-09,2021-06-10,0001193125-21-186945,"1.01,2.01,2.03,7.01,9.01",,8-K
1559909,Harvest Capital Credit Corp,,2021-06-07,2021-06-10,0001193125-21-186946,"1.02,2.01,3.01,3.03,5.01,5.02,5.03,5.07,9.01",,8-K
1826000,"Latch, Inc.",LTCH,2021-06-04,2021-06-10,0001193125-21-187247,"1.01,2.01,3.02,3.03,5.01,5.02,5.03,8.01,9.01",7381,8-K
1808805,"Nautilus Biotechnology, Inc.",NAUT,2021-06-09,2021-06-10,0001628280-21-011892,"2.01,3.02,3.03,4.01,5.01,5.02,5.03,5.06,9.01",6770,8-K
1834045,"Vintage Wine Estates, Inc.","VWESQ, VWEWQ",2021-06-07,2021-06-11,0001193125-21-188995,"1.01,2.01,3.02,3.03,4.01,5.01,5.02,5.03,9.01",2080,8-K
1839839,"Janus International Group, Inc.",JBI,2021-06-07,2021-06-11,0001193125-21-188980,"1.01,2.01,3.02,3.03,4.01,5.01,5.02,5.06,9.01",3442,8-K
1813914,Deerfield Healthcare Technology Acquisitions Corp.,"CMAX, CMAXW",2021-06-08,2021-06-14,0001104659-21-080874,"1.01,2.01,3.03,5.01,5.02,5.05,5.06,7.01,9.01",8050,8-K
1427570,OBALON THERAPEUTICS INC,RSLS,2021-06-15,2021-06-15,0001104659-21-081562,"2.01,3.03,5.02,5.03,9.01",3841,8-K
1371217,ReShape Lifesciences Inc.,,2021-06-15,2021-06-15,0001104659-21-081564,"2.01,3.01,3.03,5.01,5.02,5.03",3845,8-K
1785424,"Katapult Holdings, Inc.","KPLT, KPLTW",2021-06-09,2021-06-15,0001213900-21-032560,"1.01,2.01,3.02,3.03,4.01,5.01,5.02,7.01,9.01",7359,8-K
1770141,"UpHealth, Inc.",UPHL,2021-06-08,2021-06-15,0001193125-21-191296,"1.01,2.01,2.03,3.02,4.01,5.01,5.02,5.06,9.01",6770,8-K/A
1816431,Quantum-Si Inc,"QSI, QSIAW",2021-06-10,2021-06-15,0001104659-21-081560,"1.01,2.01,3.02,3.03,4.01,5.01,5.02,5.06,9.01",3829,8-K
1525759,FS KKR Capital Corp. II,,2021-06-16,2021-06-16,0001193125-21-192225,"2.01,3.03,5.01,5.02,5.03,7.01,9.01",,8-K
1422183,FS KKR Capital Corp,FSK,2021-06-16,2021-06-16,0001193125-21-192219,"1.01,2.01,2.03,7.01,9.01",,8-K
1841925,"indie Semiconductor, Inc.",INDI,2021-06-10,2021-06-16,0001213900-21-032758,"1.01,2.01,3.02,3.03,5.01,5.02,5.03,5.06,9.01",3674,8-K
1774675,Skillsoft Corp.,"SKIL, SKILW",2021-06-11,2021-06-17,0001104659-21-082707,"1.01,2.01,2.03,3.02,3.03,5.01,5.02,5.06,9.01",7372,8-K
1820630,Proterra Inc,,2021-06-11,2021-06-17,0001628280-21-012482,"1.01,2.01,3.02,3.03,4.01,5.01,5.02,5.06,9.01",3711,8-K
1804591,23andMe Holding Co.,ME,2021-06-16,2021-06-21,0001193125-21-194255,"1.01,2.01,3.02,5.01,5.02,5.05,5.06,9.01",3829,8-K
1779474,"WM TECHNOLOGY, INC.","MAPS, MAPSW",2021-06-16,2021-06-22,0001140361-21-021785,"1.01,2.01,3.02,4.01,5.01,5.02,5.06,9.01",7372,8-K
1803901,"Talkspace, Inc.","TALK, TALKW",2021-06-22,2021-06-23,0001193125-21-197353,"1.01,2.01,3.02,3.03,5.01,5.02,5.03,5.06,9.01",8000,8-K
1815849,"ATI Physical Therapy, Inc.","ATIP, ATIPW",2021-06-16,2021-06-23,0001193125-21-197388,"1.01,2.01,2.03,3.02,4.01,5.01,5.02,5.05,9.01",8050,8-K
1723648,"LiveVox Holdings, Inc.",,2021-06-18,2021-06-24,0001193125-21-198809,"1.01,2.01,3.02,4.01,5.01,5.02,5.06,8.01,9.01",7900,8-K
1832459,Thoma Bravo Advantage,,2021-06-28,2021-06-28,0001193125-21-202203,"1.02,2.01,3.01,3.03,5.01,5.02,8.01,9.01",6770,8-K
1431959,META MATERIALS INC.,MMATQ,2021-06-25,2021-06-29,0001193125-21-203407,"2.01,3.02,3.03,4.01,5.01,5.02,5.03,8.01,9.01",1311,8-K
1784168,"Electric Last Mile Solutions, Inc.",ELMSQ,2021-06-24,2021-06-30,0001213900-21-035067,"1.01,2.01,2.03,3.02,3.03,5.01,5.02,5.03,9.01",3711,8-K
1777835,Perella Weinberg Partners,PWP,2021-06-24,2021-06-30,0001193125-21-204696,"1.01,2.01,2.03,3.02,5.01,5.02,5.06,7.01,9.01",6282,8-K
1826889,Forest Road Acquisition Corp.,"BODI, BODYW",2021-06-25,2021-07-01,0001193125-21-206543,"1.01,2.01,3.02,3.03,5.01,5.02,5.03,8.01,9.01",5960,8-K
1802457,"Origin Materials, Inc.","ORGN, ORGNW",2021-06-25,2021-07-01,0001193125-21-206309,"1.01,2.01,3.02,3.03,4.01,5.02,5.03,5.06,9.01",2860,8-K
1811764,POINT Biopharma Global Inc.,,2021-06-30,2021-07-01,0001104659-21-087795,"1.01,2.01,3.02,3.03,4.01,5.02,5.03,5.06,9.01",2834,8-K
719402,FIRST NATIONAL CORP /VA/,FXNC,2021-07-01,2021-07-01,0001437749-21-016156,"2.01,5.02,5.03,8.01,9.01",6022,8-K
1845815,Payoneer Global Inc.,"PAYO, PAYOW",2021-06-25,2021-07-01,0001213900-21-035350,"1.01,2.01,3.02,3.03,5.01,5.02,5.03,5.06,9.01",7389,8-K
1814329,Holicity Inc.,,2021-06-30,2021-07-01,0001193125-21-205288,"2.01,3.02,3.03,4.01,5.01,5.02,5.03,5.06,9.01",4700,8-K
1601669,Watford Holdings Ltd.,,2021-07-01,2021-07-02,0001601669-21-000048,"2.01,3.01,3.03,5.01,8.01,9.01",6331,8-K
1821160,Guild Holdings Co,GHLD,2021-07-01,2021-07-02,0001821160-21-000027,"2.01,9.01",6162,8-K
1777921,Apex Technology Acquisition Corp,"AVPT, AVPTW",2021-07-01,2021-07-07,0001193125-21-209872,"1.01,2.01,3.02,4.01,5.01,5.02,5.03,5.06,9.01",7372,8-K
1716947,"Ensysce Biosciences, Inc.","ENSC, ENSCW",2021-07-07,2021-07-07,0001493152-21-016378,"1.01,2.01,3.03,4.01,5.01,5.02,5.03,5.06,9.01",2834,8-K
1821159,EVgo Inc,"EVGO, EVGOW",2021-07-01,2021-07-08,0001104659-21-090210,"1.01,2.01,3.02,3.03,4.01,5.01,5.02,5.06,9.01",5990,8-K
1816233,"Sharecare, Inc.","SHCR, SHCRW",2021-07-01,2021-07-08,0001213900-21-036180,"1.01,2.01,3.02,4.01,5.01,5.02,5.06,9.01",8000,8-K
1809104,"Alight Group, Inc.",ALIT,2021-07-02,2021-07-09,0001193125-21-211067,"1.01,2.01,3.01,3.02,3.03,5.01,5.02,5.03,9.01",6770,8-K
1844224,FREYR Battery,,2021-07-07,2021-07-13,0001104659-21-091727,"1.01,2.01,3.02,5.01,5.06,7.01,9.01",3690,8-K
1821850,Sunlight Financial Holdings Inc.,,2021-07-09,2021-07-15,0001104659-21-092678,"1.01,2.01,3.02,3.03,5.01,5.02,5.03,5.05,9.01",6199,8-K
1679049,"International Seaways, Inc.",INSW,2021-07-16,2021-07-16,0001104659-21-092871,"1.01,2.01,2.03,5.02,7.01,9.01",4400,8-K
1828318,Enovix Corp,ENVX,2021-07-13,2021-07-19,0001193125-21-218701,"1.01,2.01,3.02,3.03,4.01,5.02,5.03,5.06,9.01",3690,8-K
1819516,Wheels Up Experience Inc.,"UP, WSUPW",2021-07-13,2021-07-19,0001628280-21-014018,"1.01,2.01,3.02,3.03,4.01,5.01,5.02,5.03,9.01",4522,8-K
1822492,Hillman Solutions Corp.,HLMN,2021-07-14,2021-07-20,0001104659-21-094006,"1.01,2.01,3.02,3.03,5.01,5.02,5.03,5.06,9.01",3420,8-K
1816613,Markforged Holding Corp,"MKFG, MKFG-WT",2021-07-14,2021-07-20,0001104659-21-094003,"1.01,2.01,3.02,3.03,4.01,5.01,5.02,5.03,9.01",3577,8-K
1816708,"Owlet, Inc.","OWLT, OWLTW",2021-07-15,2021-07-21,0001140361-21-025216,"1.01,2.01,3.03,5.01,5.02,5.06,7.01,9.01",3829,8-K
1822928,Holley Inc.,"HLLY, HLLY-WT",2021-07-16,2021-07-21,0001193125-21-220722,"1.01,2.01,3.02,3.03,5.01,5.02,5.03,5.06,9.01",3714,8-K
1716583,Hyzon Motors Inc.,"HYZN, HYZNW",2021-07-16,2021-07-22,0001193125-21-221839,"1.01,2.01,3.02,4.01,5.01,5.02,5.03,5.06,9.01",3620,8-K
1805385,"Evolv Technologies Holdings, Inc.","EVLV, EVLVW",2021-07-16,2021-07-22,0001104659-21-094890,"1.01,2.01,3.02,3.03,4.01,5.01,5.03,8.01,9.01",3577,8-K
1805521,FARADAY FUTURE INTELLIGENT ELECTRIC INC.,"FFIE, FFIEW",2021-07-21,2021-07-22,0001213900-21-038096,"1.01,2.01,3.02,4.01,5.01,5.02,9.01",3711,8-K
1752828,Celularity Inc,"CELU, CELUW",2021-07-16,2021-07-22,0001213900-21-038102,"1.01,2.01,3.02,4.01,5.01,5.02,5.06,7.01,9.01",2834,8-K
1818502,OppFi Inc.,"OPFI, OPFI-WT",2021-07-20,2021-07-26,0001193125-21-224403,"1.01,2.01,2.03,3.02,3.03,5.01,5.02,5.06,9.01",6199,8-K
1691936,"STRYVE FOODS, INC.","SNAX, SNAXW",2021-07-20,2021-07-26,0001493152-21-017760,"1.01,2.01,3.01,3.02,3.03,5.01,5.02,5.06,9.01",2000,8-K
1705012,"Fat Brands, Inc","FAT, FATBB, FATBP, FATBW",2021-07-22,2021-07-26,0001493152-21-017781,"1.01,2.01,2.03,7.01,9.01",5812,8-K
1811210,"Lucid Group, Inc.",LCID,2021-07-22,2021-07-26,0001104659-21-095842,"1.01,2.01,3.02,4.01,5.01,5.02,5.07,8.01,9.01",3711,8-K
1824734,"Berkshire Grey, Inc.",,2021-07-21,2021-07-27,0001213900-21-038894,"1.01,2.01,3.02,3.03,5.01,5.02,5.03,5.06,9.01",3569,8-K
1819394,"Matterport, Inc./DE",MTTR,2021-07-22,2021-07-28,0001193125-21-227538,"1.01,2.01,3.02,3.03,4.01,5.01,5.02,5.06,9.01",7372,8-K
1818331,Sema4 Holdings Corp.,"WGS, WGSWW",2021-07-22,2021-07-28,0001628280-21-014760,"1.01,2.01,3.02,4.01,5.01,5.02,5.03,5.06,9.01",8000,8-K
1760689,"Microvast Holdings, Inc.","MVST, MVSTW",2021-07-23,2021-07-28,0001213900-21-039093,"1.01,2.01,3.02,5.01,5.02,5.03,5.06,9.01",3690,8-K
1805651,"MARKETWISE, INC.",MKTW,2021-07-21,2021-07-28,0001628280-21-014543,"1.01,2.01,3.01,3.03,4.01,5.01,5.02,5.06,9.01",7372,8-K
1318641,CLEVELAND BIOLABS INC,STAB,2021-07-27,2021-07-28,0001437749-21-017701,"2.01,5.01,5.02,5.03,8.01,9.01",2834,8-K
1824403,"Reservoir Media, Inc.","RSVR, RSVRW",2021-07-28,2021-07-28,0001104659-21-097058,"1.01,2.01,2.03,3.02,3.03,5.01,5.02,5.06,9.01",7900,8-K
876883,Stagwell Inc,STGW,2021-08-02,2021-08-02,0001104659-21-098992,"1.01,1.02,2.01,3.02,5.02,5.03,8.01,9.01",7311,8-K
1695295,"HYDROFARM HOLDINGS GROUP, INC.",HYFM,2021-07-30,2021-08-03,0001104659-21-099556,"1.01,2.01,7.01,9.01",5190,8-K
1722438,"Doma Holdings, Inc.","DOMA, DOMAW",2021-07-28,2021-08-03,0001628280-21-015371,"1.01,2.01,3.02,3.03,4.01,5.01,5.02,5.03,9.01",6361,8-K
828916,WEINGARTEN REALTY INVESTORS /TX/,,2021-08-03,2021-08-04,0001140361-21-026775,"2.01,3.01,3.03,5.01,5.02,5.07,7.01,9.01",6798,8-K
1794905,"Cyxtera Technologies, Inc.",,2021-07-29,2021-08-04,0001193125-21-236394,"1.01,2.01,3.02,3.03,4.01,5.01,5.02,5.06,9.01",7370,8-K
879101,KIMCO REALTY CORP,"KIM, KIM-PL, KIM-PM, KIM-PN",2021-08-03,2021-08-04,0001140361-21-026809,"2.01,5.07,7.01,9.01",6798,8-K
1634038,"ProSight Global, Inc.",,2021-08-04,2021-08-04,0001104659-21-099896,"1.02,2.01,3.01,3.03,5.01,5.02,5.03,8.01,9.01",6331,8-K
857737,"ICONIX BRAND GROUP, INC.",,2021-08-04,2021-08-04,0001140361-21-026938,"1.02,2.01,2.04,3.01,3.03,5.01,5.02,5.03,9.01",3140,8-K
1826018,"ROVER GROUP, INC.",,2021-07-30,2021-08-05,0001564590-21-041713,"1.01,1.02,2.01,3.02,3.03,4.01,5.02,7.01,9.01",7200,8-K
1818201,CCC Intelligent Solutions Holdings Inc.,CCCS,2021-07-30,2021-08-05,0001193125-21-237930,"1.01,2.01,3.02,3.03,5.01,5.02,5.06,9.01",7372,8-K
1828105,Hippo Holdings Inc.,"HIPO, HIPO-WT",2021-08-02,2021-08-05,0001193125-21-237966,"2.01,3.02,3.03,5.01,5.02,5.03,5.06,8.01,9.01",6331,8-K
1857044,"Indaptus Therapeutics, Inc.",INDP,2021-08-03,2021-08-06,0001493152-21-018937,"2.01,3.01,3.02,4.01,5.02,7.01,8.01,9.01",2834,8-K
1102432,"VIKING ENERGY GROUP, INC.",,2021-08-06,2021-08-09,0001477932-21-005234,"1.01,2.01,9.01",1311,8-K
1144546,"FICAAR, INC",HWTR,2021-08-09,2021-08-11,0001683168-21-003410,"1.01,2.01,3.02,5.02,5.03,5.06,9.01",4813,8-K
1003201,"MMA Capital Holdings, LLC",,2021-08-13,2021-08-13,0001104659-21-104715,"2.01,3.01,3.03,5.01,5.02,8.01,9.01",6500,8-K
1816048,Software Acquisition Group Inc. II,,2021-08-13,2021-08-13,0001193125-21-246267,"1.01,1.02,2.01,3.01,3.03,5.01,5.02,5.03,9.01",6770,8-K
1819133,"Tango Therapeutics, Inc.",TNGX,2021-08-10,2021-08-13,0001193125-21-246234,"2.01,3.03,4.01,5.01,5.02,5.03,5.05,5.06,5.07",2834,8-K
1788841,"Helbiz, Inc.","MCOM, MCOMW",2021-08-11,2021-08-13,0001079973-21-000755,"1.01,2.01,2.03,3.02,3.03,5.02,5.06,5.07,9.01",7389,8-K
1819848,"Joby Aviation, Inc.","JOBY, JOBY-WT",2021-08-10,2021-08-16,0001193125-21-247915,"1.01,2.01,3.02,3.03,5.01,5.02,5.06,7.01,9.01",3721,8-K
1852117,Rockley Photonics Holdings Ltd,,2021-08-11,2021-08-17,0001193125-21-248159,"1.01,2.01,2.03,3.03,4.01,5.01,5.02,5.03,5.06",3674,8-K
1824893,"Surrozen, Inc./DE","SRZN, SRZNW",2021-08-11,2021-08-17,0001193125-21-249342,"1.01,2.01,3.02,3.03,4.01,5.01,5.02,5.05,5.06",2836,8-K
1781162,Momentus Inc.,"MNTS, MNTSW",2021-08-12,2021-08-18,0001213900-21-043676,"1.01,2.01,3.02,3.03,4.01,5.01,5.02,5.06,9.01",3760,8-K
1515139,CurrencyWorks Inc.,MWRK,2021-08-12,2021-08-18,0001493152-21-020513,"1.01,2.01,7.01,9.01",7389,8-K
1823882,Airspan Networks Holdings Inc.,MIMOQ,2021-08-13,2021-08-19,0001829126-21-008369,"1.01,2.01,2.02,2.03,3.03,5.01,5.02,5.03,5.06",3663,8-K
1816017,"Spire Global, Inc.",SPIR,2021-08-16,2021-08-20,0001193125-21-252886,"1.01,2.01,3.01,3.02,3.03,4.01,5.02,5.03,9.01",4899,8-K
1820143,RMG Acquisition Corp. II,,2021-08-20,2021-08-23,0001193125-21-254133,"1.01,2.01,3.01,3.03,5.01,5.02,5.03,8.01,9.01",6770,8-K
1818644,CF Finance Acquisition Corp. III,"LIDR, LIDRW",2021-08-16,2021-08-23,0001193125-21-253301,"2.01,3.02,3.03,5.01,5.02,5.03,5.06,8.01,9.01",3714,8-K
1819493,"Xos, Inc.","XOS, XOSWW",2021-08-20,2021-08-26,0001213900-21-045049,"1.01,2.01,3.02,4.01,5.01,5.02,5.06,9.01",3714,8-K
1790625,"AgileThought, Inc.",AGILQ,2021-08-23,2021-08-26,0001213900-21-045081,"1.01,2.01,3.02,4.01,5.01,5.02,5.06,9.01",8742,8-K
1422142,"Aadi Bioscience, Inc.",AADI,2021-08-26,2021-08-27,0001193125-21-257910,"1.01,2.01,3.02,3.03,5.01,5.02,5.03,5.05,9.01",2834,8-K
1444192,Acasti Pharma Inc.,ACST,2021-08-26,2021-08-27,0001171843-21-006192,"2.01,3.03,5.02,5.03,5.07,7.01,9.01",2834,8-K
1818382,"Humacyte, Inc.","HUMA, HUMAW",2021-08-26,2021-08-30,0001104659-21-110678,"1.01,2.01,3.02,3.03,4.01,5.02,5.03,5.06,9.01",2836,8-K
1837014,"SmartRent, Inc.",SMRT,2021-08-24,2021-08-30,0001193125-21-260632,"1.01,2.01,2.02,3.02,4.01,5.02,5.03,5.06,9.01",7373,8-K
1819989,Cipher Mining Inc.,"CIFR, CIFRW",2021-08-27,2021-08-31,0001193125-21-260900,"1.01,2.01,3.02,3.03,5.01,5.02,5.06,8.01,9.01",7374,8-K
1819994,"Rocket Lab USA, Inc.",RKLB,2021-08-25,2021-08-31,0001193125-21-262190,"1.01,2.01,3.02,4.01,5.01,5.02,5.06,5.07,9.01",3760,8-K
1828522,"eFFECTOR Therapeutics, Inc.","EFTR, EFTRW",2021-08-25,2021-08-31,0001193125-21-262060,"1.01,2.01,3.02,3.03,5.01,5.02,5.06,7.01,9.01",2834,8-K
1777946,"IronNet, Inc.",,2021-08-26,2021-09-01,0001193125-21-263381,"1.01,2.01,3.02,4.01,5.01,5.02,5.03,5.06,9.01",7372,8-K
1819584,Volta Inc.,,2021-08-26,2021-09-01,0001213900-21-046178,"1.01,2.01,3.02,3.03,4.01,5.01,5.02,5.06,9.01",6770,8-K
1825024,Offerpad Solutions Inc.,"OPAD, OPADW",2021-09-01,2021-09-07,0001193125-21-266682,"1.01,2.01,3.02,3.03,5.01,5.02,5.06,7.01,9.01",6531,8-K
1596961,"RumbleOn, Inc.",RMBL,2021-08-31,2021-09-07,0001213900-21-046757,"1.01,2.01,2.03,3.02,5.02,5.03,7.01,8.01,9.01",7371,8-K
1837412,"SomaLogic, Inc.",,2021-09-01,2021-09-08,0001213900-21-047053,"1.01,2.01,3.02,3.03,4.01,5.01,5.02,5.03,5.05",8731,8-K
1799850,"Renovacor, Inc.",,2021-09-02,2021-09-09,0001193125-21-268932,"1.01,2.01,3.02,3.03,4.01,5.01,5.02,5.03,5.06",2836,8-K
1342958,DIGITAL ALLY INC,DGLY,2021-09-09,2021-09-09,0001493152-21-022253,"1.01,2.01,3.02,8.01,9.01",3663,8-K
895665,"Clearday, Inc.",CLRD,2021-09-10,2021-09-10,0001493152-21-022360,"2.01,3.03,5.01,5.02,5.03,8.01,9.01",3663,8-K
1819810,Redwire Corp,"RDW, RDW-WT",2021-09-02,2021-09-10,0001104659-21-114349,"1.01,2.01,3.02,4.01,5.06,8.01,9.01",3760,8-K
1817944,"Clarus Therapeutics Holdings, Inc.",,2021-09-09,2021-09-15,0001213900-21-048214,"1.01,2.01,2.03,3.03,4.01,5.01,5.02,5.03,9.01",2836,8-K
1753539,BlackSky Technology Inc.,"BKSY, BKSY-WT",2021-09-09,2021-09-15,0001193125-21-273369,"1.01,2.01,3.02,3.03,4.01,5.03,5.06,8.01,9.01",3663,8-K
1798562,TMC the metals Co Inc.,"TMC, TMCWW",2021-09-09,2021-09-15,0001213900-21-048261,"1.01,2.01,3.02,3.03,4.01,5.01,5.02,5.06,9.01",1000,8-K
1844971,Greenidge Generation Holdings Inc.,"GREE, GREEL",2021-09-13,2021-09-15,0001193125-21-273493,"2.01,5.03,8.01,9.01",7374,8-K
887919,PREMIER FINANCIAL BANCORP INC,,2021-09-17,2021-09-17,0000887919-21-000045,"2.01,3.01,3.03,5.01,5.02,5.03,9.01",6022,8-K
1830214,"Ginkgo Bioworks Holdings, Inc.","DNA, DNA-WT",2021-09-15,2021-09-20,0001193125-21-277420,"1.01,2.01,3.02,3.03,4.01,5.01,5.02,5.03,9.01",2836,8-K
1823766,Archaea Energy Inc.,,2021-09-15,2021-09-21,0001213900-21-049102,"2.01,3.02,3.03,4.01,5.01,5.02,5.03,5.06,9.01",4932,8-K
1824502,Archer Aviation Inc.,"ACHR, ACHR-WT",2021-09-16,2021-09-22,0001104659-21-118389,"1.01,2.01,3.02,3.03,4.01,5.02,5.03,5.06,9.01",3721,8-K
1812173,Vicarious Surgical Inc.,"RBOT, RBOT-WT",2021-09-17,2021-09-23,0001213900-21-049537,"1.01,2.01,3.02,3.03,4.01,5.01,5.02,5.06,9.01",3842,8-K
1819404,Nerdy Inc.,NRDY,2021-09-20,2021-09-24,0001193125-21-282190,"1.01,1.02,2.01,3.01,3.02,3.03,4.01,5.03,9.01",7372,8-K
1807846,Fusion Acquisition Corp.,"ML, ML-WT",2021-09-22,2021-09-28,0001213900-21-050379,"1.01,2.01,3.02,3.03,4.01,5.01,5.02,5.03,9.01",6199,8-K
1788028,Amplitude Healthcare Acquisition Corp,"JSPR, JSPRW",2021-09-24,2021-09-29,0001213900-21-050592,"1.01,2.01,3.02,4.01,5.01,5.02,5.06,7.01,9.01",2836,8-K
1826681,Sarcos Technology & Robotics Corp,"PDYN, PDYNW",2021-09-24,2021-09-30,0001564590-21-049662,"1.01,2.01,3.02,3.03,4.01,5.02,5.03,7.01,9.01",3569,8-K
858470,Coterra Energy Inc.,CTRA,2021-09-28,2021-10-01,0001104659-21-122041,"2.01,3.03,5.02,5.03,7.01,9.01",1311,8-K
1168054,CIMAREX ENERGY CO,,2021-10-01,2021-10-01,0001104659-21-122062,"1.02,2.01,3.01,3.03,5.01,5.02,5.03,9.01",1311,8-K
1636286,Altabancorp,,2021-10-01,2021-10-01,0001193125-21-288950,"2.01,3.01,3.03,5.01,5.02,5.03,9.01",6022,8-K
1575828,EXPRO GROUP HOLDINGS N.V.,XPRO,2021-10-01,2021-10-01,0001193125-21-289897,"1.01,1.02,2.01,2.03,2.04,5.02,5.03,7.01,9.01",1389,8-K
702513,Bank of Commerce Holdings,,2021-09-30,2021-10-01,0001437749-21-022948,"2.01,3.01,3.03,5.01,5.02,9.01",6022,8-K
1832352,CA Healthcare Acquisition Corp.,,2021-09-28,2021-10-04,0001104659-21-122551,"1.01,1.02,2.01,3.01,3.03,5.01,5.02,9.01",6770,8-K
1824920,"IonQ, Inc.","IONQ, IONQ-WT",2021-09-30,2021-10-04,0001193125-21-290624,"1.01,2.01,3.02,3.03,4.01,5.02,5.03,5.06,9.01",7373,8-K
1784851,"Shapeways Holdings, Inc.",SHPWQ,2021-09-29,2021-10-05,0001104659-21-123193,"1.01,2.01,3.02,3.03,5.01,5.02,5.03,5.06,9.01",3990,8-K
1825079,"Velo3D, Inc.","VLD, VLD-WT",2021-09-29,2021-10-05,0001628280-21-019670,"1.01,2.01,3.02,3.03,4.01,5.01,5.02,8.01,9.01",3559,8-K
1766146,Union Acquisition Corp. II,,2021-09-29,2021-10-05,0001213900-21-051405,"1.01,2.01,3.01,3.03,5.01,5.02,5.03,9.01",6770,8-K
1830210,"Benson Hill, Inc.","BHIL, BHILW",2021-09-29,2021-10-05,0001104659-21-122710,"1.01,2.01,3.02,3.03,5.01,5.02,5.03,7.01,9.01",2000,8-K
1855457,"KORE Group Holdings, Inc.","KORE, KORGW",2021-09-30,2021-10-06,0001193125-21-293152,"1.01,2.01,3.02,3.03,5.01,5.02,5.03,5.06,9.01",4813,8-K
1662382,BRAIN SCIENTIFIC INC.,,2021-10-01,2021-10-07,0001213900-21-051856,"1.01,2.01,3.02,5.01,5.02,9.01",3841,8-K
1866633,"Consensus Cloud Solutions, Inc.",CCSI,2021-10-07,2021-10-08,0001193125-21-294817,"1.01,2.01,2.03,3.03,5.01,5.02,5.03,5.05,9.01",7372,8-K
1816696,"Industrial Tech Acquisitions, Inc.",,2021-10-06,2021-10-13,0001213900-21-052666,"2.01,7.01,9.01",3674,8-K
1819113,"Science 37 Holdings, Inc.",,2021-10-06,2021-10-13,0001104659-21-125878,"1.01,2.01,3.02,4.01,5.01,5.02,5.03,5.06,9.01",8731,8-K
1819438,"ESS Tech, Inc.","GWH, GWH-WT",2021-10-08,2021-10-15,0001193125-21-300138,"1.01,2.01,3.01,3.02,3.03,5.01,5.02,5.03,5.05",3690,8-K
766701,CAPSTEAD MORTGAGE CORP,,2021-10-19,2021-10-19,0001193125-21-301992,"2.01,3.01,3.03,5.01,5.02,5.03,7.01,9.01",6798,8-K
1820272,Legato Merger Corp.,,2021-10-19,2021-10-20,0001213900-21-053600,"1.01,1.02,2.01,3.01,3.03,5.01,5.02,8.01,9.01",3312,8-K
1562528,"Franklin BSP Realty Trust, Inc.","FBRT, FBRT-PE",2021-10-19,2021-10-21,0001104659-21-128156,"2.01,3.03,5.03,7.01,8.01,9.01",6798,8-K
1820302,"Bakkt Holdings, Inc.","BKKT, BKKT-WT",2021-10-15,2021-10-21,0001193125-21-303985,"1.01,2.01,3.01,3.02,3.03,4.01,5.01,5.03,9.01",7372,8-K
1830180,"ENJOY TECHNOLOGY, INC./DE",,2021-10-15,2021-10-22,0001193125-21-304222,"1.01,2.01,3.02,3.03,4.01,5.01,8.01,9.01",7389,8-K
1286043,KITE REALTY GROUP TRUST,KRG,2021-10-22,2021-10-22,0001104659-21-129010,"1.01,1.02,2.01,2.03,5.02,5.03,8.01,9.01",6798,8-K
1856031,Vivid Seats Inc.,"SEAT, SEATW",2021-10-18,2021-10-22,0001193125-21-305506,"1.01,2.01,3.02,5.02,5.03,9.01",7990,8-K
1836967,ALKURI GLOBAL ACQUISITION CORP.,,2021-10-21,2021-10-22,0001104659-21-128695,"1.02,2.01,3.01,3.03,5.01,5.02,9.01",8000,8-K
1222840,"RETAIL PROPERTIES OF AMERICA, INC.",,2021-10-22,2021-10-22,0001104659-21-128999,"2.01,3.01,3.03,5.01,5.02,5.03,8.01,9.01",6798,8-K
1719435,"ASSISTED 4 LIVING, INC.",,2021-10-18,2021-10-22,0001493152-21-026088,"2.01,2.03,9.01",8082,8-K
1809987,"Mirion Technologies, Inc.",MIR,2021-10-19,2021-10-25,0001193125-21-305946,"1.01,2.01,3.02,4.01,5.01,5.02,5.07,8.01,9.01",3829,8-K
1821769,Navitas Semiconductor Corp,NVTS,2021-10-19,2021-10-25,0001193125-21-306726,"1.01,2.01,3.03,4.01,5.01,5.02,5.03,5.06,9.01",3674,8-K
1813756,WeWork Inc.,,2021-10-20,2021-10-26,0001193125-21-308162,"1.01,2.01,3.02,3.03,5.01,5.02,5.06,7.01,9.01",6770,8-K
1833214,"SAB Biotherapeutics, Inc.","SABS, SABSW",2021-10-22,2021-10-28,0001493152-21-026649,"1.01,2.01,3.02,4.01,5.01,5.02,5.03,5.06,9.01",2836,8-K
1820201,Redbox Entertainment Inc.,,2021-10-22,2021-10-28,0001104659-21-131160,"1.01,2.01,3.02,3.03,5.01,5.02,5.03,5.06,7.01,9.01",7841,8-K
1865631,NEXTNAV INC.,"NN, NNAVW, NXNVW",2021-10-28,2021-10-28,0001213900-21-055141,"1.01,2.01,3.02,4.01,5.02,5.06,9.01",3812,8-K
1614184,Cadence Bancorporation,,2021-10-25,2021-10-29,0001140361-21-035867,"2.01,3.01,3.03,5.01,5.02,5.03,8.01,9.01",6021,8-K
726728,REALTY INCOME CORP,"O, O-P",2021-11-01,2021-11-01,0001104659-21-132405,"1.01,2.01,2.03,5.02,7.01,9.01",6798,8-K
709337,FARMERS NATIONAL BANC CORP /OH/,FMNB,2021-11-01,2021-11-01,0001193125-21-315409,"2.01,5.02,7.01,8.01,9.01",6022,8-K
1507385,"VEREIT, Inc.",,2021-11-01,2021-11-01,0001104659-21-132409,"2.01,3.01,3.03,5.01,5.02,5.03,7.01,9.01",6798,8-K
1655020,"Extraction Oil & Gas, Inc.",,2021-11-01,2021-11-02,0001104659-21-132999,"1.01,1.02,2.01,3.01,3.03,5.01,5.02,7.01,9.01",1311,8-K
1509589,"CIVITAS RESOURCES, INC.","CIVI, CIVII, CIVIW",2021-11-01,2021-11-03,0001193125-21-318493,"1.01,1.02,2.01,2.03,3.02,3.03,5.02,5.03,5.05,7.01,9.01",1311,8-K
1832415,"Better Therapeutics, Inc.",,2021-10-28,2021-11-03,0001193125-21-318651,"1.01,2.01,3.02,3.03,5.01,5.02,5.03,5.05,5.06,9.01",8000,8-K
1828108,"Aurora Innovation, Inc.","AUR, AUROW",2021-11-03,2021-11-04,0001193125-21-319524,"1.01,2.01,3.02,3.03,4.01,5.02,5.03,7.01,9.01",7373,8-K
1673481,Lottery.com Inc.,"LTRY, LTRYW",2021-10-29,2021-11-04,0001213900-21-056782,"1.01,2.01,3.03,5.01,5.02,5.03,5.06,9.01",7372,8-K
1861449,"Bird Global, Inc.",BRDSQ,2021-11-03,2021-11-09,0001193125-21-324663,"1.01,2.01,3.02,5.01,5.02,5.03,7.01,9.01",3751,8-K
1880319,"Perimeter Solutions, SA","PRM, PRMFF",2021-11-09,2021-11-10,0001193125-21-326234,"1.01,2.01,3.02,5.01,5.02,5.03,5.06,9.01",2800,8-K
1846069,"Nextdoor Holdings, Inc.",KIND,2021-11-05,2021-11-12,0001628280-21-023197,"1.01,2.01,3.01,3.02,3.03,4.01,5.01,5.02,5.03,5.05,5.06,7.01,9.01",7370,8-K
1810546,"Eastern Bankshares, Inc.",EBC,2021-11-12,2021-11-12,0001628280-21-023175,"2.01,7.01,9.01",6035,8-K
1822359,DocGo Inc.,DCGO,2021-11-05,2021-11-12,0001213900-21-058683,"1.01,2.01,3.02,3.03,4.01,5.01,5.02,5.03,5.06,8.01,9.01",4100,8-K
1827980,"Embark Technology, Inc.",,2021-11-10,2021-11-17,0001104659-21-140635,"1.01,2.01,3.02,3.03,4.01,5.01,5.02,5.03,5.06,8.01,9.01",7373,8-K
1799191,"Oncology Institute, Inc.","TOI, TOIIW",2021-11-12,2021-11-18,0001104659-21-141302,"1.01,2.01,3.02,3.03,4.01,5.01,5.02,5.03,5.05,5.06,8.01,9.01",8011,8-K
1426945,"Echo Global Logistics, Inc.",,2021-11-23,2021-11-23,0001104659-21-142821,"1.01,2.01,2.03,3.01,3.03,5.01,5.02,5.03,8.01,9.01",4731,8-K
1840780,Local Bounti Corporation/DE,"LOCL, LOCLW",2021-11-19,2021-11-24,0001193125-21-340458,"1.01,2.01,3.02,3.03,5.01,5.02,5.06,9.01",0100,8-K
1864448,Wejo Group Ltd,,2021-11-18,2021-11-24,0001104659-21-143665,"1.01,2.01,3.02,3.03,5.01,5.02,5.03,5.06,9.01",7374,8-K
1381531,Domtar CORP,,2021-11-30,2021-11-30,0001193125-21-343066,"1.01,1.02,2.01,2.03,3.01,3.03,5.01,5.02,5.03,9.01",2621,8-K
225648,COVANTA HOLDING CORP,,2021-11-30,2021-11-30,0001193125-21-343811,"1.01,1.02,2.01,2.03,3.01,3.03,5.01,5.02,5.03,7.01,8.01,9.01",4991,8-K
1823340,Altimeter Growth Corp.,,2021-12-01,2021-12-01,0001193125-21-345316,"2.01,3.01,3.03,5.01,5.02,8.01,9.01",6770,8-K
1518720,"BIGtoken, Inc.",,2021-12-01,2021-12-01,0001493152-21-030143,"2.01,3.02,5.02,5.03,8.01,9.01",5990,8-K
357173,OLD SECOND BANCORP INC,OSBC,2021-12-01,2021-12-01,0000357173-21-000092,"2.01,5.02,8.01,9.01",6022,8-K
1402057,CDW Corp,CDW,2021-12-01,2021-12-02,0001193125-21-346094,"1.01,1.02,2.01,2.03,7.01,9.01",5961,8-K
1828957,Codere Online U.S. Corp.,,2021-11-30,2021-12-03,0001829126-21-015613,"1.01,2.01,3.01,3.03,5.01,5.02,5.03,9.01",6770,8-K
1276187,Energy Transfer LP,"ET, ET-PI",2021-12-02,2021-12-03,0001193125-21-347992,"2.01,5.02,7.01,9.01",4922,8-K
1591763,"Enable Midstream Partners, LP",,2021-12-02,2021-12-03,0001193125-21-348000,"1.02,2.01,3.01,3.03,5.01,5.02,7.01,9.01",4922,8-K
1790665,Greenrose Holding Co Inc.,,2021-11-26,2021-12-03,0001213900-21-063191,"1.01,2.01,3.02,3.03,4.01,5.03,5.06,8.01,9.01",5990,8-K
1835378,Innovid Corp.,"CTV, CTV-WT",2021-11-30,2021-12-06,0001628280-21-024586,"1.01,2.01,3.02,3.03,4.01,5.01,5.02,5.03,5.06,8.01,9.01",7372,8-K
1130310,CENTERPOINT ENERGY INC,CNP,2021-12-02,2021-12-07,0001193125-21-350299,2.01,4911,8-K
1866175,Crescent Energy Co,CRGY,2021-12-06,2021-12-08,0001193125-21-350544,"1.01,2.01,3.02,3.03,5.01,5.02,5.03,7.01,9.01",1311,8-K
1835567,"Pear Therapeutics, Inc.",,2021-12-03,2021-12-08,0001193125-21-350485,"1.01,2.01,3.02,3.03,4.01,5.01,5.02,5.03,5.05,5.06,7.01,9.01",8000,8-K
1840776,"Hagerty, Inc.","HGTY, HGTPW",2021-12-02,2021-12-08,0001104659-21-147678,"1.01,2.01,3.03,4.01,5.01,5.02,5.03,5.05,5.06,9.01",6411,8-K
1832511,P3 Health Partners Inc.,"PIII, PIIIW",2021-12-03,2021-12-09,0001104659-21-148233,"1.01,2.01,3.01,3.02,3.03,4.01,5.01,5.02,5.03,5.06,7.01,9.01",8000,8-K
1828972,"BuzzFeed, Inc.","BZFD, BZFDW",2021-12-03,2021-12-09,0001104659-21-148188,"1.01,2.01,2.03,3.02,3.03,4.01,5.01,5.02,5.03,5.06,8.01,9.01",4899,8-K
1874944,"Vacasa, Inc.",VCSA,2021-12-03,2021-12-09,0001104659-21-148190,"1.01,2.01,3.02,5.02,5.03,8.01,9.01",7340,8-K
1844862,"Solid Power, Inc.","SLDP, SLDPW",2021-12-08,2021-12-13,0001104659-21-148821,"1.01,1.02,2.01,3.01,3.02,3.03,4.01,5.01,5.02,5.03,5.05,5.06,9.01",3690,8-K
1836981,"BigBear.ai Holdings, Inc.","BBAI, BBAI-WT",2021-12-07,2021-12-13,0001193125-21-355558,"1.01,2.01,2.03,3.02,3.03,4.01,5.01,5.02,5.03,5.06,8.01,9.01",7372,8-K
1836833,Planet Labs PBC,"PL, PL-WT",2021-12-07,2021-12-13,0001193125-21-355383,"1.01,2.01,3.02,5.01,5.02,5.06,8.01,9.01",3663,8-K
1828723,"Altus Power, Inc.",AMPS,2021-12-09,2021-12-14,0001193125-21-355702,"2.01,3.02,3.03,4.01,5.01,5.02,5.03,5.06,9.01",4911,8-K
1828672,"Boxed, Inc.",,2021-12-08,2021-12-14,0001104659-21-149546,"1.01,2.01,2.03,3.02,3.03,4.01,5.01,5.02,5.03,5.05,5.06,7.01,8.01,9.01",5961,8-K
1827075,CVENT HOLDING CORP.,,2021-12-08,2021-12-14,0001193125-21-356938,"1.01,2.01,3.02,4.01,5.01,5.02,5.06,8.01,9.01",7372,8-K
890394,Peraso Inc.,PRSO,2021-12-15,2021-12-20,0001193125-21-362129,"1.01,2.01,3.02,5.01,5.02,5.03,7.01,9.01",3674,8-K
1843762,"EQRx, Inc.",,2021-12-17,2021-12-20,0001213900-21-066430,"1.01,2.01,3.02,3.03,4.01,5.01,5.02,5.03,5.05,5.06,9.01",2834,8-K
1840572,Bowlero Corp.,BOWL,2021-12-15,2021-12-21,0001213900-21-066733,"1.01,1.02,2.01,2.03,3.02,3.03,4.01,5.01,5.02,5.03,5.06,9.01",7900,8-K
1833769,"Hyperfine, Inc.",HYPR,2021-12-21,2021-12-28,0001104659-21-153941,"1.01,2.01,3.02,3.03,4.01,5.01,5.02,5.03,5.06,7.01,8.01,9.01",3844,8-K
34067,DMC Global Inc.,BOOM,2021-12-23,2021-12-28,0001104659-21-153921,"1.01,2.01,2.03,7.01,9.01",3390,8-K
1838672,"AdTheorent Holding Company, Inc.",,2021-12-22,2021-12-29,0001193125-21-369113,"1.01,1.02,2.01,3.01,3.02,4.01,5.01,5.02,9.01",7370,8-K
1823144,"CompoSecure, Inc.","CMPO, CMPOW",2021-12-27,2021-12-29,0001104659-21-154308,"1.01,2.01,2.03,3.02,5.01,5.02,5.06,9.01",6199,8-K
1822711,"PARDES BIOSCIENCES, INC.",,2021-12-23,2021-12-30,0001193125-21-370677,"1.01,2.01,3.02,3.03,4.01,5.01,5.02,5.03,9.01",2834,8-K
1836176,Fathom Digital Manufacturing,,2021-12-23,2021-12-30,0001193125-21-370706,"1.01,2.01,2.03,3.02,3.03,4.01,5.01,5.02,5.03,5.06,8.01,9.01",3440,8-K
1822523,"AFC Gamma, Inc.",AFCG,2021-12-16,2022-01-03,0001140361-22-000132,"2.01,9.01",6500,8-K/A
802681,BRYN MAWR BANK CORP,,2021-12-27,2022-01-03,0001552781-22-000017,"2.01,3.01,3.03,5.01,5.02,5.03,9.01",6022,8-K
857855,UNITED COMMUNITY BANKS INC,"UCB, UCB-PI",2022-01-01,2022-01-03,0001104659-22-000385,"2.01,8.01,9.01",6022,8-K
828944,WSFS FINANCIAL CORP,WSFS,2021-12-27,2022-01-03,0001552781-22-000016,"2.01,5.02,7.01,9.01",6021,8-K
1411494,"Apollo Asset Management, Inc.",,2022-01-01,2022-01-03,0001193125-22-000271,"1.01,1.02,2.01,2.03,3.01,3.03,5.01,5.02,5.03,5.05,9.01",6282,8-K
798941,FIRST CITIZENS BANCSHARES INC /DE/,"FCNCA, FCNCB, FCNCO, FCNCP",2022-01-03,2022-01-04,0001140361-22-000357,"2.01,2.03,3.03,5.02,8.01,9.01",6022,8-K
1843388,"Virgin Orbit Holdings, Inc.",,2021-12-29,2022-01-05,0001213900-22-000703,"1.01,2.01,3.02,4.01,5.01,5.02,5.05,5.06,8.01,9.01",3812,8-K
874238,STERLING CONSTRUCTION CO INC,STRL,2021-12-29,2022-01-05,0000874238-22-000009,"1.01,2.01,2.03,3.02,9.01",1600,8-K
1141807,1ST CONSTITUTION BANCORP,,2022-01-06,2022-01-06,0001214659-22-000423,"1.01,2.01,3.01,3.03,5.01,5.02,9.01",6035,8-K
1840292,"Heliogen, Inc.","HLGN, HLGNW",2021-12-30,2022-01-06,0001213900-22-000981,"1.01,2.01,3.02,3.03,4.01,5.01,5.02,5.03,5.05,5.06,9.01",4911,8-K
1841408,Dave Inc./DE,"DAVE, DAVEW",2022-01-05,2022-01-11,0001193125-22-006854,"1.01,2.01,3.02,3.03,4.01,5.01,5.02,5.03,5.05,5.06,7.01,9.01",6199,8-K
1810560,"REVELATION BIOSCIENCES, INC.","REVB, REVBW",2022-01-10,2022-01-14,0001213900-22-002152,"2.01,3.02,5.01,5.02,5.03,5.06,9.01",2834,8-K
1260968,MARLIN BUSINESS SERVICES CORP,,2022-01-20,2022-01-20,0001193125-22-013036,"2.01,3.01,3.03,5.01,5.02,5.03,9.01",6022,8-K
1805087,"GELESIS HOLDINGS, INC.",GLSHQ,2022-01-13,2022-01-20,0001104659-22-006034,"1.01,2.01,3.02,3.03,5.01,5.02,5.03,5.05,5.06,7.01,9.01",2834,8-K
1819395,"Sonder Holdings, Inc.","SOND, SONDW",2022-01-18,2022-01-24,0001628280-22-001184,"1.01,2.01,2.03,3.01,3.02,3.03,4.01,5.01,5.02,5.03,5.05,5.06,9.01",7000,8-K
1390162,Howard Bancorp Inc,,2022-01-22,2022-01-24,0001193125-22-015556,"2.01,3.01,3.03,5.01,5.02,5.03,9.01",6022,8-K
1839341,"Core Scientific, Inc./tx","CORZ, CORZR, CORZW, CORZZ",2022-01-19,2022-01-24,0001193125-22-016157,"1.01,2.01,3.02,3.03,4.01,5.01,5.02,5.03,5.05,5.06,9.01",7374,8-K
1828049,CF Acquisition Corp. V,,2022-01-24,2022-01-25,0001193125-22-017157,"2.01,3.01,3.03,5.01,5.02,5.07,7.01,8.01",6770,8-K
1823587,Sky Harbour Group Corp,"SKYH, SKYH-WT",2022-01-25,2022-01-31,0001437749-22-001987,"1.01,2.01,3.01,3.02,3.03,4.01,5.01,5.02,5.06,9.01",6770,8-K
1070154,STERLING BANCORP,,2022-01-31,2022-02-01,0001567619-22-002151,"2.01,3.01,3.03,5.01,5.02,5.03,8.01,9.01",6021,8-K
860413,FIRST INTERSTATE BANCSYSTEM INC,FIBK,2022-02-01,2022-02-01,0000950103-22-001727,"2.01,2.03,5.02,5.03,7.01,8.01,9.01",6022,8-K
1613665,"Great Western Bancorp, Inc.",,2022-02-01,2022-02-01,0000950103-22-001728,"2.01,3.01,3.03,5.01,5.02,5.03,9.01",6022,8-K
801337,WEBSTER FINANCIAL CORP,"WBS, WBS-PF, WBS-PG",2022-01-31,2022-02-01,0001567619-22-002141,"2.01,2.03,3.03,5.02,5.03,8.01,9.01",6021,8-K
1805833,"System1, Inc.","SST, SST-WT",2022-01-27,2022-02-02,0001193125-22-025942,"1.01,2.01,3.02,3.03,5.01,5.02,5.03,5.06,8.01,9.01",7370,8-K
1136352,Crestwood Equity Partners LP,,2022-01-28,2022-02-03,0001193125-22-027150,"1.01,2.01,2.03,3.03,5.02,7.01,9.01",4923,8-K
1810491,Vistas Media Acquisition Co Inc.,,2022-02-03,2022-02-04,0001213900-22-005347,"1.02,2.01,3.01,3.03,5.01,5.02,9.01",4832,8-K
1652133,Oasis Midstream Partners LP,,2022-01-31,2022-02-04,0001193125-22-028468,"1.01,1.02,2.01,2.03,3.01,3.03,5.01,5.02,5.03,7.01,9.01",1381,8-K
1486159,Oasis Petroleum Inc.,"CHRD, OASPW, WLLAW, WLLBW",2022-02-01,2022-02-07,0001486159-22-000006,"1.02,2.01,3.03,8.01,9.01",1311,8-K
1822691,"GreenLight Biosciences Holdings, PBC",,2022-02-02,2022-02-07,0001193125-22-029805,"1.01,2.01,2.03,3.02,3.03,4.01,5.01,5.02,5.03,5.05,5.06,7.01,9.01",2836,8-K
1637207,"Planet Fitness, Inc.",PLNT,2022-02-10,2022-02-10,0001193125-22-034527,"1.01,1.02,2.01,2.03,3.02,8.01,9.01",7997,8-K
1891101,BRC Inc.,BRCC,2022-02-09,2022-02-10,0001104659-22-019525,"1.01,2.01,3.02,3.03,4.01,5.01,5.02,5.03,5.05,5.06,7.01,9.01",2080,8-K
1832351,"Fast Radius, Inc.",,2022-02-04,2022-02-10,0001193125-22-034631,"1.01,2.01,3.03,5.01,5.02,5.03,5.05,5.06,9.01",3440,8-K
1785592,"Leafly Holdings, Inc. /DE","LFLY, LFLYW",2022-02-04,2022-02-10,0001213900-22-006492,"1.01,2.01,2.03,3.01,3.03,5.01,5.02,5.03,5.05,5.06,9.01",7372,8-K
1498233,"Cepton, Inc.","CPTN, CPTNW",2022-02-10,2022-02-11,0001213900-22-006572,"1.01,2.01,3.02,3.03,4.01,5.01,5.02,5.03,5.05,5.06,8.01,9.01",3714,8-K
1836707,SILVERBOX ENGAGED MERGER CORP I,,2022-02-09,2022-02-11,0001104659-22-020668,"1.01,2.01,5.01,5.02,5.06,7.01,9.01",6770,8-K
1794621,"Quanergy Systems, Inc.",,2022-02-08,2022-02-14,0001193125-22-039201,"1.01,2.01,3.02,4.01,5.01,5.02,5.06,9.01",3714,8-K
1828536,"Energy Vault Holdings, Inc.",NRGV,2022-02-11,2022-02-14,0001104659-22-023106,"1.01,2.01,3.02,3.03,4.01,5.01,5.02,5.03,5.06,9.01",3690,8-K
1820566,Thayer Ventures Acquisition Corp,"ISPO, ISPOW",2022-02-08,2022-02-14,0001193125-22-042172,"1.01,2.01,3.02,3.03,4.01,5.01,5.02,5.03,5.05,5.06,5.07,7.01,8.01,9.01",6770,8-K
1622879,"Medicine Man Technologies, Inc.",SHWZ,2022-02-09,2022-02-15,0001683168-22-001040,"2.01,3.02,5.02,7.01,8.01,9.01",8742,8-K
707179,OLD NATIONAL BANCORP /IN/,"ONB, ONBPO, ONBPP",2022-02-15,2022-02-16,0001140361-22-005787,"2.01,2.03,3.03,5.02,5.03,9.01",6021,8-K
702325,FIRST MIDWEST BANCORP INC,,2022-02-15,2022-02-16,0001140361-22-005786,"2.01,3.01,3.03,5.01,5.02,5.03,9.01",6021,8-K
1839412,QualTek Services Inc.,,2022-02-14,2022-02-16,0001104659-22-024331,"1.01,2.01,2.03,3.02,3.03,4.01,5.01,5.02,5.03,5.05,5.06,5.07,7.01,8.01,9.01",1623,8-K
1692787,Kinetik Holdings Inc.,KNTK,2022-02-22,2022-02-28,0001193125-22-058156,"1.01,1.02,2.01,2.02,2.03,3.02,3.03,4.01,5.01,5.02,5.03,5.05,7.01,8.01,9.01",4922,8-K
64040,S&P Global Inc.,SPGI,2022-02-28,2022-02-28,0001193125-22-056007,"2.01,5.02,8.01,9.01",7320,8-K
1598014,IHS Markit Ltd.,,2022-02-28,2022-02-28,0001193125-22-056012,"1.02,2.01,3.01,3.03,5.01,5.02,5.03,5.05,8.01,9.01",7370,8-K
1461755,"Atlantic Capital Bancshares, Inc.",,2022-03-01,2022-03-04,0001104659-22-030511,"1.01,2.01,3.01,3.03,5.01,5.02,5.03,9.01",6022,8-K
1126115,"LZG INTERNATIONAL, INC.",,2022-03-07,2022-03-07,0001554795-22-000081,"1.01,2.01,3.02,9.01",7372,8-K
1838359,"Rigetti Computing, Inc.","RGTI, RGTIW",2022-03-01,2022-03-07,0001193125-22-067932,"1.01,2.01,3.02,3.03,4.01,5.01,5.02,5.03,5.05,5.06,7.01,9.01",6770,8-K
1529463,"FTS International, Inc.",,2022-03-04,2022-03-07,0001104659-22-030767,"1.02,2.01,3.01,3.03,5.01,5.02,5.03,9.01",1389,8-K
1822935,Healthcare Capital Corp/DE,,2022-03-07,2022-03-08,0001213900-22-010971,"1.01,1.02,2.01,3.01,3.03,5.01,5.02,5.03,8.01,9.01",6770,8-K
711477,KIEWIT ROYALTY TRUST,,2022-03-17,2022-03-17,0001104659-22-035013,"2.01,8.01,9.01",6795,8-K
1831236,Bridgetown 2 Holdings Ltd,,2022-03-17,2022-03-17,0001193125-22-078427,"2.01,3.01,3.03,5.01,5.02,8.01,9.01",6770,8-K
1838527,Spartan Acquisition Corp. III,,2022-03-16,2022-03-22,0001193125-22-081611,"1.01,1.02,2.01,3.01,3.03,5.01,5.02,5.03,7.01,9.01",6770,8-K
1827821,"Forge Global Holdings, Inc.",FRGE,2022-03-21,2022-03-25,0001104659-22-038152,"1.01,2.01,3.02,3.03,4.01,5.01,5.02,5.03,5.05,5.06,9.01",6200,8-K
1835512,Tailwind Two Acquisition Corp.,"LLAP, LLAPW",2022-03-25,2022-03-28,0001193125-22-086032,"1.01,2.01,2.03,3.02,3.03,5.01,5.02,5.03,8.01,9.01",3663,8-K
356171,TRICO BANCSHARES /,TCBK,2022-03-28,2022-03-28,0000356171-22-000023,"2.01,5.02,8.01,9.01",6022,8-K
22701,"Pineapple Holdings, Inc.",PEGY,2022-03-25,2022-03-29,0000897101-22-000345,"1.01,2.01,2.03,3.02,3.03,5.01,5.02,5.03,7.01,9.01",3661,8-K
1836190,Queen's Gambit Growth Capital,,2022-03-30,2022-03-31,0001193125-22-091996,"1.01,2.01,3.01,3.03,8.01,9.01",6770,8-K
1508171,SLR Senior Investment Corp.,,2022-04-01,2022-04-01,0001193125-22-092897,"2.01,3.01,3.03,5.01,5.02,7.01,9.01",,8-K
1418076,SLR Investment Corp.,SLRC,2022-04-01,2022-04-01,0001193125-22-092898,"1.01,2.01,2.03,7.01,9.01",,8-K
1709442,FIRSTSUN CAPITAL BANCORP,FSUN,2022-04-01,2022-04-01,0001709442-22-000011,"1.01,2.01,5.02,8.01,9.01",6021,8-K
1884697,"Starry Group Holdings, Inc.",,2022-04-01,2022-04-01,0001193125-22-093852,"1.01,2.01,2.03,3.02,3.03,5.01,5.02,5.03,5.05,5.06,9.01",4813,8-K
1826333,Poema Global Holdings Corp.,,2022-04-04,2022-04-04,0001104659-22-042296,"1.01,1.02,2.01,3.01,3.03,5.01,5.02,9.01",6770,8-K
1641991,"SPX FLOW, Inc.",,2022-04-04,2022-04-05,0001641991-22-000044,"1.02,2.01,2.04,3.01,3.03,5.01,5.02,5.03,8.01,9.01",3540,8-K
714256,Sanara MedTech Inc.,SMTI,2022-04-04,2022-04-08,0001493152-22-009477,"1.01,2.01,3.02,7.01,9.01",3842,8-K
1821586,MoonLake Immunotherapeutics,MLTX,2022-04-05,2022-04-11,0001213900-22-019217,"1.01,2.01,3.02,3.03,5.01,5.02,5.03,5.05,5.06,7.01,9.01",2834,8-K
1529274,"ALKAMI TECHNOLOGY, INC.",ALKT,2022-04-25,2022-04-25,0001529274-22-000067,"2.01,9.01",7372,8-K
1840856,Archimedes Tech Spac Partners Co,"SOUN, SOUNW",2022-04-26,2022-05-02,0001213900-22-023274,"1.01,2.01,3.02,3.03,4.01,5.01,5.02,5.03,5.04,5.06,8.01,9.01",7372,8-K
1822966,NUSCALE POWER Corp,"SMR, SMR-WT",2022-04-29,2022-05-05,0001104659-22-056493,"1.01,2.01,3.02,3.03,4.01,5.01,5.02,5.03,5.05,5.06,7.01,9.01",3433,8-K
1823652,"Eve Holding, Inc.","EVEX, EVEX-WT",2022-05-09,2022-05-13,0001193125-22-150258,"1.01,2.01,3.02,3.03,4.01,5.01,5.02,5.06,7.01,9.01",3721,8-K
1821318,OTR Acquisition Corp.,,2022-05-19,2022-05-24,0001104659-22-064268,"1.01,1.02,2.01,3.01,3.03,5.01,5.02,5.03,7.01,9.01",2834,8-K
1907685,"Comera Life Sciences Holdings, Inc.",CMRA,2022-05-19,2022-05-25,0001193125-22-159833,"1.01,2.01,3.02,3.03,5.02,5.03,9.01",2834,8-K
1802450,"MSP Recovery, Inc.","LIFW, LIFWW, LIFWZ",2022-05-23,2022-05-27,0001193125-22-162422,"1.01,2.01,3.02,4.01,5.01,5.02,5.03,8.01,9.01",7389,8-K
42682,GORMAN RUPP CO,GRC,2022-05-31,2022-06-01,0001193125-22-164599,"1.01,2.01,2.03,8.01,9.01",3561,8-K
1819253,biote Corp.,BTMD,2022-05-26,2022-06-02,0001193125-22-166249,"1.01,2.01,2.03,3.02,3.03,4.01,5.01,5.02,5.03,5.05,5.06,9.01",2833,8-K
1820872,"Global Business Travel Group, Inc.",GBTG,2022-05-27,2022-06-03,0001104659-22-068074,"1.01,2.01,3.02,3.03,5.01,5.02,5.03,5.06,9.01",4700,8-K
1823383,Globis Acquisition Corp.,,2022-06-09,2022-06-10,0001493152-22-016381,"1.01,2.01,3.01,3.03,5.01,5.02,5.03,5.07,7.01,9.01",6770,8-K
1703785,Sitio Royalties Corp.,,2022-06-07,2022-06-10,0001193125-22-171941,"1.01,1.02,2.01,2.03,3.02,4.01,5.01,5.02,7.01,8.01,9.01",1311,8-K
1837240,Symbotic Inc.,SYM,2022-06-07,2022-06-13,0001193125-22-172211,"1.01,2.01,3.02,3.03,4.01,5.01,5.02,5.03,5.05,5.06,8.01,9.01",7372,8-K
1854270,"Senti Biosciences, Inc.\",SNTI,2022-06-08,2022-06-15,0001193125-22-174498,"1.01,2.01,3.02,3.03,4.01,5.01,5.02,5.03,5.05,5.06,9.01",2836,8-K
1903870,Forafric Global PLC,"AFRI, AFRIW",2022-06-09,2022-06-15,0001493152-22-016864,"1.01,1.02,2.01,3.01,3.02,3.03,4.01,5.01,5.02,5.03,5.05,5.06,9.01",2040,8-K
1801602,"SpringBig Holdings, Inc.","SBIG, SBIGW",2022-06-14,2022-06-21,0001140361-22-023538,"1.01,2.01,2.03,3.02,3.03,4.01,5.01,5.02,5.03,5.05,5.06,8.01,9.01",7371,8-K
1429764,Blink Charging Co.,BLNK,2022-06-15,2022-06-21,0001493152-22-017292,"2.01,3.02,7.01,9.01",3790,8-K
1758009,Quantum Computing Inc.,QUBT,2022-06-14,2022-06-21,0001213900-22-034003,"1.01,2.01,3.02,5.02,5.03,8.01,9.01",7372,8-K
1841761,"Grove Collaborative Holdings, Inc.","GROV, GROVW",2022-06-16,2022-06-23,0001193125-22-180310,"1.01,2.01,3.02,3.03,4.01,5.01,5.02,5.03,5.05,5.06,9.01",5961,8-K
1847127,"Gores Guggenheim, Inc.",,2022-06-23,2022-06-27,0001193125-22-182018,"1.01,2.01,3.01,3.03,5.01,5.02,5.03,9.01",6770,8-K
1839434,EJF Acquisition Corp.,,2022-06-22,2022-06-28,0001140361-22-024209,"1.01,1.02,2.01,3.01,3.03,5.01,5.02,5.03,9.01",6770,8-K
866829,HELIX ENERGY SOLUTIONS GROUP INC,HLX,2022-07-01,2022-07-01,0000866829-22-000014,"1.01,2.01,2.03,9.01",1389,8-K
1601548,"V2X, Inc.",VVX,2022-07-05,2022-07-05,0001104659-22-077110,"1.01,1.02,2.01,2.03,3.02,3.03,5.01,5.02,5.03,8.01,9.01",8744,8-K
1062128,"Artemis Therapeutics, Inc.",MNKA,2022-06-30,2022-07-05,0001178913-22-002584,"1.01,2.01,2.02,3.02,5.01,5.02,5.03,5.06,9.01",2890,8-K
1909152,Kalera Public Ltd Co,KALRQ,2022-06-27,2022-07-05,0001628280-22-018407,"1.01,2.01,3.03,5.01,5.02,5.03,5.05,5.06,7.01,9.01",0100,8-K
1582244,Corning Natural Gas Holding Corp,,2022-07-06,2022-07-06,0001174947-22-000776,"2.01,3.03,5.01,5.02,5.03,8.01,9.01",4923,8-K
1255474,Whiting Holdings LLC,,2022-07-01,2022-07-07,0001193125-22-189511,"1.01,1.02,2.01,2.02,3.01,3.03,5.01,5.02,5.03,7.01,9.01",1311,8-K
1682325,GTY Technology Holdings Inc.,,2022-07-07,2022-07-07,0001104659-22-077924,"1.02,2.01,3.01,3.03,5.01,5.02,5.03,8.01,9.01",7374,8-K
926282,ADTRAN INC,ADTN,2022-07-08,2022-07-08,0001193125-22-190213,"2.01,3.01,3.03,5.01,5.02,5.03,7.01,9.01",3661,8-K
1441693,MARRONE BIO INNOVATIONS INC,,2022-07-12,2022-07-13,0001104659-22-079258,"2.01,3.01,3.03,5.01,5.02,5.03,9.01",2870,8-K
1711291,CURO Group Holdings Corp.,,2022-07-08,2022-07-14,0001711291-22-000041,"1.01,2.01,2.03,5.02,7.01,8.01,9.01",6199,8-K
1850270,PROKIDNEY CORP.,PROK,2022-07-11,2022-07-15,0001193125-22-195148,"1.01,2.01,3.02,3.03,4.01,5.01,5.02,5.03,5.06,8.01,9.01",2836,8-K
1821169,"Global SPAC Partners Co,",,2022-07-13,2022-07-18,0001213900-22-039974,"1.01,2.01,3.01,3.02,3.03,4.01,5.01,5.02,5.03,5.07,8.01,9.01",7372,8-K
1828852,"Mondee Holdings, Inc.",MOND,2022-07-18,2022-07-20,0001104659-22-080993,"1.01,2.01,3.02,3.03,4.01,5.01,5.02,5.03,5.05,5.06,7.01,8.01,9.01",4700,8-K
1272830,VONAGE HOLDINGS CORP,,2022-07-21,2022-07-21,0001272830-22-000105,"1.01,1.02,2.01,3.01,3.03,5.01,5.02,5.03,8.01",4813,8-K
866368,"PS BUSINESS PARKS, INC./MD",,2022-07-20,2022-07-22,0001193125-22-200063,"1.01,1.02,2.01,2.03,3.01,3.02,3.03,4.01,5.01,5.02,5.03,8.01,9.01",6798,8-K
1839360,FaZe Holdings Inc.,,2022-07-19,2022-07-22,0001193125-22-200145,"1.01,2.01,3.02,3.03,5.01,5.02,5.03,5.05,5.06,7.01,9.01",7310,8-K
1842279,OPAL Fuels Inc.,OPAL,2022-07-21,2022-07-27,0001213900-22-042020,"1.01,2.01,3.02,3.03,4.01,5.01,5.02,5.03,5.06,9.01",4932,8-K
1898496,"Getty Images Holdings, Inc.",GETY,2022-07-22,2022-07-28,0001104659-22-083743,"1.01,2.01,3.01,3.02,3.03,4.01,5.01,5.02,5.03,5.05,5.06,8.01,9.01",7389,8-K
1823466,"FiscalNote Holdings, Inc.","NOTE, NOTE-WT",2022-07-29,2022-08-02,0001193125-22-210160,"1.01,2.01,3.01,3.02,3.03,5.01,5.02,5.03,5.06,8.01,9.01",7389,8-K
1814140,"Apexigen, Inc.",,2022-07-29,2022-08-04,0001193125-22-212570,"1.01,2.01,3.01,3.02,3.03,5.01,5.02,5.03,5.05,5.06,5.07,9.01",2834,8-K
1823575,"ZeroFox Holdings, Inc.",,2022-08-03,2022-08-09,0001193125-22-216315,"1.01,2.01,2.03,3.02,3.03,4.01,5.01,5.02,5.03,5.05,5.06,7.01,9.01",7389,8-K
1907982,D-Wave Quantum Inc.,"QBTS, QBTS-WT",2022-08-05,2022-08-11,0001193125-22-217611,"1.01,2.01,3.02,4.01,5.01,5.02,5.05,5.06,7.01,9.01",7374,8-K
1842356,Wag! Group Co.,"PET, PETWW",2022-08-09,2022-08-15,0001104659-22-091417,"1.01,2.01,3.02,3.03,4.01,5.01,5.02,5.03,5.05,5.06,7.01,9.01",7200,8-K
1862068,"Rubicon Technologies, Inc.","RBTC, RBTCW",2022-08-15,2022-08-19,0001829126-22-016045,"1.01,2.01,3.01,3.02,3.03,5.01,5.02,5.03,5.05,5.06,7.01,9.01",7372,8-K
1850266,"Akili, Inc.",,2022-08-19,2022-08-23,0001193125-22-227561,"1.01,2.01,3.02,3.03,4.01,5.01,5.02,5.03,5.05,5.06,9.01",3841,8-K
1748773,RATTLER MIDSTREAM LP,,2022-08-24,2022-08-24,0001193125-22-228618,"1.02,2.01,2.03,3.01,3.03,5.02,5.03,7.01,9.01",4922,8-K
1806347,Westrock Coffee Co,"WEST, WESTW",2022-08-26,2022-08-30,0001104659-22-096079,"1.01,2.01,2.03,3.02,3.03,5.02,5.03,5.05,8.01,9.01",2080,8-K/A
711377,NEOGEN CORP,NEOG,2022-09-01,2022-09-01,0001140361-22-032001,"1.01,1.02,2.01,2.03,5.03,8.01,9.01",2835,8-K
1841800,"Nogin, Inc.",,2022-08-26,2022-09-01,0001193125-22-236634,"1.01,2.01,2.03,3.02,3.03,4.01,5.01,5.02,5.03,5.05,5.06,8.01,9.01",7389,8-K
1508381,Bionik Laboratories Corp.,,2022-08-31,2022-09-07,0001104659-22-098261,"1.01,2.01,2.03,9.01",3842,8-K
1658566,Permian Resources Corp,PR,2022-09-01,2022-09-08,0001193125-22-241104,"1.01,2.01,2.03,3.01,3.02,5.02,5.03,7.01,9.01",1311,8-K
1338749,POTLATCHDELTIC CORP,PCH,2022-09-14,2022-09-14,0001193125-22-244731,"1.01,2.01,2.03,5.02,8.01,9.01",6798,8-K
1849820,"Nauticus Robotics, Inc.","KITT, KITTW",2022-06-30,2022-09-15,0001213900-22-056286,"1.01,2.01,3.01,3.02,3.03,4.01,5.01,5.02,5.03,5.05,5.06,7.01,9.01",3569,8-K
1899287,"Amprius Technologies, Inc.","AMPX, AMPX-WT",2022-09-14,2022-09-16,0001193125-22-246477,"1.01,2.01,3.01,3.02,3.03,4.01,5.01,5.02,5.03,5.05,5.06,7.01,9.01",3690,8-K
1812360,FOXO TECHNOLOGIES INC.,"FOXO, FOXOW",2022-09-15,2022-09-21,0001213900-22-057723,"1.01,2.01,2.03,3.02,3.03,4.01,5.01,5.02,5.03,5.05,5.06,9.01",6311,8-K
1830081,Rumble Inc.,"RUM, RUMBW",2022-09-16,2022-09-22,0001213900-22-058065,"1.01,2.01,2.02,3.02,3.03,4.01,5.01,5.02,5.03,5.05,5.06,8.01,9.01",7370,8-K
1841209,MicroCloud Hologram Inc.,"HOLO, HOLOW",2022-09-16,2022-09-22,0001829126-22-017079,"1.01,2.01,3.01,3.02,3.03,5.01,5.02,5.03,5.06,7.01,9.01",7370,8-K
1822145,Presto Automation Inc.,"PRST, PRSTW",2022-09-21,2022-09-27,0001213900-22-059478,"1.01,1.02,2.01,2.03,3.02,3.03,5.01,5.02,5.03,5.05,5.06,7.01,9.01",7372,8-K
1826553,Silver Crest Acquisition Corp,,2022-09-28,2022-09-29,0001104659-22-103782,"2.01,3.01,3.03,5.01,5.02,9.01",6770,8-K
1898795,"LiveWire Group, Inc.","LVWR, LVWR-WT",2022-09-26,2022-09-30,0001193125-22-255710,"1.01,2.01,3.02,3.03,5.01,5.02,5.06,7.01,9.01",3751,8-K
1895262,Noble Corp plc,"NE, NBLWF, NE-WT, NE-WTA",2022-10-03,2022-10-03,0001193125-22-256802,"1.01,2.01,2.03,5.02,7.01,9.01",1381,8-K
1674356,"Terra Property Trust, Inc.",TPTA,2022-09-27,2022-10-03,0001193125-22-256629,"1.01,2.01,2.03,3.03,5.02,5.03,7.01,9.01",6798,8-K
877890,CITRIX SYSTEMS INC,,2022-09-30,2022-10-03,0001193125-22-256805,"1.01,1.02,2.01,2.03,3.01,3.03,5.01,5.02,5.03,8.01,9.01",7372,8-K
1473844,"CBTX, Inc.",STEL,2022-10-01,2022-10-03,0001104659-22-104952,"2.01,2.03,3.03,5.01,5.02,5.03,5.05,9.01",6021,8-K
1854963,"SHF Holdings, Inc.","SHFS, SHFSW",2022-09-28,2022-10-04,0001493152-22-027592,"1.01,2.01,3.02,3.03,5.01,5.02,5.03,5.06,9.01",6199,8-K
1629137,"Global Blood Therapeutics, Inc.",,2022-10-05,2022-10-05,0000950157-22-001085,"1.01,1.02,2.01,2.04,3.01,3.03,5.01,5.02,5.03,9.01",2834,8-K
1690334,SEACOR Marine Holdings Inc.,SMHI,2022-09-29,2022-10-05,0001193125-22-258312,"1.01,1.02,2.01,2.03,3.02,7.01,9.01",4412,8-K
1667161,"Randolph Bancorp, Inc.",,2022-10-07,2022-10-07,0001104659-22-107194,"2.01,3.01,3.03,5.01,5.02,5.03,9.01",6022,8-K
1847986,Dragonfly Energy Holdings Corp.,"DFLI, DFLIW",2022-10-07,2022-10-11,0001104659-22-107212,"1.01,2.01,3.02,3.03,4.01,5.01,5.02,5.03,5.05,5.06,9.01",3690,8-K
894627,VAALCO ENERGY INC /DE/,EGY,2022-10-13,2022-10-14,0001140361-22-037165,"2.01,5.02,5.03,7.01,9.01",1311,8-K
1679826,Ping Identity Holding Corp.,,2022-10-18,2022-10-18,0001104659-22-109533,"1.02,2.01,3.01,3.03,5.01,5.02,5.03,8.01,9.01",7372,8-K
1825452,"Onfolio Holdings, Inc","ONFO, ONFOW",2022-10-13,2022-10-19,0001654954-22-013917,"1.01,2.01,2.03,7.01",7374,8-K
1348036,"AVALARA, INC.",,2022-10-19,2022-10-19,0001193125-22-265324,"1.01,1.02,2.01,2.03,3.01,3.03,5.01,5.02,5.03,8.01,9.01",7372,8-K
1838544,BOA Acquisition Corp.,,2022-10-27,2022-10-27,0001193125-22-271114,"2.01,3.01,3.03,5.01,5.02,5.07",6770,8-K
1864891,Endurance Acquisition Corp.,,2022-10-23,2022-10-27,0001104659-22-112062,"1.02,2.01,3.01,3.03,5.01,5.02,7.01,8.01,9.01",6770,8-K
1830531,Provident Acquisition Corp.,,2022-10-28,2022-10-28,0001104659-22-112478,"1.01,1.02,2.01,3.01,3.03,5.01,5.02,8.01,9.01",7372,8-K
1928446,"Granite Ridge Resources, Inc.",GRNT,2022-10-24,2022-10-28,0001104659-22-112452,"1.01,2.01,2.03,3.02,3.03,4.01,5.01,5.02,5.03,5.06,8.01,9.01",1311,8-K
1870144,"Cardio Diagnostics Holdings, Inc.","CDIO, CDIOW",2022-10-25,2022-10-31,0001079973-22-001382,"1.01,2.01,3.01,3.03,5.01,5.02,5.03,5.06,5.07,7.01,9.01",2835,8-K
1881487,ProFrac Holding Corp.,ACDC,2022-11-01,2022-11-01,0001193125-22-274562,"1.01,2.01,2.03,7.01,9.01",1389,8-K
1759186,"Coeptis Therapeutics Holdings, Inc.","COEP, COEPW",2022-10-28,2022-11-03,0001683168-22-007257,"2.01,5.01,5.02,5.03,5.06,7.01,8.01,9.01",2836,8-K
1831868,SeaStar Medical Holding Corp,"ICU, ICUCW",2022-10-28,2022-11-04,0001193125-22-277072,"1.01,2.01,3.02,3.03,5.01,5.02,5.03,5.05,5.06,7.01,8.01,9.01",3841,8-K
1834645,"Peak Bio, Inc.","PKBO, PKBOW",2022-11-01,2022-11-07,0001193125-22-279204,"1.01,2.01,3.02,3.03,5.01,5.02,5.03,5.05,5.06,9.01",2836,8-K
1846253,"OmniAb, Inc.","OABI, OABIW",2022-11-01,2022-11-07,0001193125-22-279194,"1.01,2.01,3.02,3.03,5.01,5.02,5.06,9.01",8731,8-K
1671858,"Silverback Therapeutics, Inc.",SPRY,2022-11-04,2022-11-08,0001193125-22-280241,"1.01,2.01,3.02,5.01,5.02,5.03,5.07,8.01,9.01",2834,8-K
1760683,East Stone Acquisition Corp,,2022-11-10,2022-11-15,0001213900-22-072648,"1.01,2.01,3.01,3.02,3.03,5.01,5.02,5.03,5.07,8.01,9.01",3711,8-K
1820190,Scilex Holding Company/DE,"SCLX, SCLXW",2022-11-10,2022-11-17,0001193125-22-287783,"1.01,2.01,3.03,4.01,5.01,5.02,5.03,5.05,5.06,7.01,8.01,9.01",2836,8-K
1769624,AGBA Group Holding Ltd.,"AGBA, AGBAW",2022-11-14,2022-11-18,0001213900-22-073874,"1.01,2.01,3.02,3.03,5.01,5.02,5.03,5.05,5.06,7.01,9.01",6282,8-K
732834,"CONTINENTAL RESOURCES, INC",,2022-11-22,2022-11-22,0001193125-22-291094,"2.01,3.01,3.03,5.02,8.01,9.01",1311,8-K
1847846,EUDA Health Holdings Ltd,"EUDA, EUDAW",2022-11-17,2022-11-23,0001493152-22-033558,"1.01,2.01,3.01,3.03,4.01,5.01,5.02,5.03,5.05,5.06,8.01,9.01",8000,8-K
1820144,Grindr Inc.,"GRND, GRND-WT",2022-11-18,2022-11-23,0001140361-22-042994,"1.01,2.01,3.02,3.03,4.01,5.01,5.02,5.06,7.01,9.01",7370,8-K
1828326,Frazier Lifesciences Acquisition Corp,,2022-11-22,2022-11-23,0001193125-22-292061,"1.01,1.02,2.01,3.01,3.03,5.01,5.02,5.03,7.01,9.01",6770,8-K
836147,MIDDLEFIELD BANC CORP,MBCN,2022-12-01,2022-12-01,0001193125-22-296213,"2.01,5.02,5.03,8.01,9.01",6022,8-K
1648365,"TINGO, INC.",TMNA,2022-12-01,2022-12-05,0001104659-22-124518,"2.01,8.01,9.01",7310,8-K
1821075,"Appreciate Holdings, Inc.",SFRT,2022-11-29,2022-12-05,0001213900-22-077647,"1.01,2.01,2.03,3.02,3.03,4.01,5.01,5.02,5.03,5.05,5.06,5.07,7.01,8.01,9.01",6531,8-K
854800,"MICT, Inc.",TIOG,2022-12-06,2022-12-06,0001213900-22-077988,"2.01,3.02,5.02,5.03,8.01,9.01",3670,8-K
1710583,"Switch, Inc.",,2022-12-06,2022-12-06,0001193125-22-298966,"1.01,1.02,2.01,2.03,3.01,3.03,5.01,5.02,5.03,8.01,9.01",7370,8-K
1813658,"Tempo Automation Holdings, Inc.",TMPOQ,2022-11-22,2022-12-06,0001104659-22-124887,"1.01,2.01,2.03,3.02,3.03,4.01,5.01,5.02,5.05,5.06,9.01",3672,8-K
1934064,"ProSomnus, Inc.",,2022-12-06,2022-12-13,0001104659-22-126408,"1.01,2.01,2.03,3.02,3.03,4.01,5.01,5.02,5.03,5.05,5.06,9.01",3841,8-K
1859007,"ZyVersa Therapeutics, Inc.",ZVSA,2022-12-12,2022-12-13,0001493152-22-035258,"1.01,2.01,3.01,3.02,3.03,4.01,5.01,5.02,5.03,5.05,5.06,8.01,9.01",2834,8-K
1839608,"Getaround, Inc","GETR, GETRW",2022-12-08,2022-12-14,0001193125-22-304902,"1.01,2.01,2.03,3.02,3.03,4.01,5.01,5.02,5.03,5.05,5.06,7.01,9.01",7510,8-K
1800392,MicroAlgo Inc.,"MLGO, VENAF",2022-12-09,2022-12-16,0001829126-22-020336,"1.01,2.01,3.01,3.02,5.01,5.02,5.03,5.06,7.01,9.01",7371,8-K
1818787,Primavera Capital Acquisition Corp.,,2022-12-14,2022-12-20,0001193125-22-309191,"1.02,2.01,3.01,3.03,5.01,5.02,5.03,7.01,8.01,9.01",6770,8-K
1837160,COVA Acquisition Corp.,,2022-12-20,2022-12-21,0001104659-22-129098,"1.01,2.01,3.01,3.03,5.01,5.02,9.01",6770,8-K
1929589,MariaDB plc,MRDB,2022-12-16,2022-12-22,0001193125-22-311179,"1.01,2.01,3.02,3.03,4.01,5.01,5.02,5.03,5.05,5.06,7.01,9.01",7372,8-K
1745797,"Brigham Minerals, Inc.",,2022-12-28,2022-12-29,0001193125-22-314817,"1.01,2.01,2.03,3.01,3.03,5.01,5.02,5.03,5.07,7.01,9.01",1311,8-K
1678848,BITMIS CORP.,BIMT,2022-12-30,2022-12-30,0001213900-22-084079,"1.01,2.01,3.02,5.01,5.02,9.01",8742,8-K
1538495,"Earth Science Tech, Inc.","ETST, UNOV",2022-12-29,2022-12-30,0001493152-22-036860,"2.01,9.01",2834,8-K
884624,Orthofix Medical Inc.,OFIX,2023-01-03,2023-01-05,0001193125-23-001900,"1.02,2.01,2.03,5.02,8.01,9.01",3841,8-K
1637761,SeaSpine Holdings Corp,,2023-01-04,2023-01-05,0001193125-23-001942,"1.02,2.01,3.01,3.03,5.01,5.02,5.03,8.01,9.01",3841,8-K
1825437,LIGHTJUMP ACQUISITION CORP,,2022-12-30,2023-01-06,0001213900-23-001451,"1.01,2.01,3.01,3.03,5.01,5.02,5.03,9.01",6770,8-K
1838615,"Alvarium Tiedemann Holdings, Inc.",ALTI,2023-01-03,2023-01-09,0001193125-23-004775,"1.01,2.01,2.03,3.02,3.03,4.01,5.01,5.02,5.03,5.05,5.06,7.01,9.01",6282,8-K
1715611,BODY & MIND INC.,BMMJ,2022-12-12,2023-01-17,0001640334-23-000057,"1.01,2.01,2.03,3.02,8.01,9.01",2834,8-K/A
1586495,Leet Technology Inc.,LTES,2023-01-17,2023-01-18,0001683168-23-000213,"1.01,2.01,3.03,5.01,5.02,9.01",7372,8-K
1744179,"Oaktree Strategic Income II, Inc.",,2023-01-20,2023-01-23,0001193125-23-012731,"2.01,3.03,5.01,5.02,5.03,7.01,9.01",,8-K
1853314,Gesher I Acquisition Corp.,,2023-01-25,2023-01-25,0001104659-23-006598,"1.01,1.02,2.01,3.01,3.02,3.03,5.01,5.02,5.03,5.07,8.01,9.01",6770,8-K
1483510,"EXPRESS, INC.",EXPRQ,2023-01-20,2023-01-26,0001193125-23-015631,"1.01,2.01,2.03,3.02,5.02,7.01,8.01,9.01",5600,8-K
1941536,"Bridger Aerospace Group Holdings, Inc.","BAER, BAERW",2023-01-24,2023-01-27,0001193125-23-016927,"1.01,2.01,3.02,3.03,4.01,5.01,5.02,5.03,5.06,9.01",7389,8-K
1814114,"Orchestra BioMed Holdings, Inc.",OBIO,2023-01-25,2023-01-31,0001213900-23-006448,"1.01,2.01,3.02,3.03,4.01,5.01,5.02,5.03,5.05,5.06,7.01,8.01,9.01",3841,8-K
1113313,ARVANA INC,AVNI,2023-02-03,2023-02-03,0001607062-23-000065,"1.01,2.01,5.06,7.01,9.01",6770,8-K
1538990,STORE CAPITAL Corp,,2023-02-03,2023-02-03,0001193125-23-024224,"1.01,1.02,2.01,2.03,3.01,3.02,3.03,5.01,5.02,5.03,8.01,9.01",6798,8-K
1814215,"Nuburu, Inc.","BURU, BURUW",2023-02-06,2023-02-06,0001193125-23-025555,"1.01,2.01,3.01,3.02,3.03,5.01,5.02,5.03,5.05,5.06,9.01",3690,8-K
1664998,"KnowBe4, Inc.",,2023-02-06,2023-02-06,0001193125-23-025770,"1.01,1.02,2.01,2.03,3.01,3.03,5.01,5.02,5.03,5.07,9.01",7370,8-K
1463208,"Transportation & Logistics Systems, Inc.",TLSS,2023-02-03,2023-02-06,0001493152-23-003641,"2.01,9.01",4700,8-K
1855631,AERWINS Technologies Inc.,"AWIN, AWINW",2023-02-03,2023-02-09,0001193125-23-030266,"1.01,2.01,3.02,3.03,5.01,5.02,5.03,5.05,5.06,7.01,8.01,9.01",3721,8-K
1630212,Avalon GloboCare Corp.,ALBT,2023-02-09,2023-02-13,0001213900-23-010503,"1.01,2.01,3.02,5.03,7.01,9.01",2836,8-K
1538263,"HomeTrust Bancshares, Inc.",HTBI,2023-02-12,2023-02-13,0001538263-23-000013,"2.01,5.02,8.01,9.01",6035,8-K
1823584,ALLIANCE ENTERTAINMENT HOLDING CORP,"AENT, AENTW",2023-02-10,2023-02-13,0001104659-23-019800,"1.01,2.01,3.02,3.03,4.01,5.01,5.02,5.03,5.05,5.06,7.01,9.01",5099,8-K
1843724,"LanzaTech Global, Inc.","LNZA, LNZAW",2023-02-08,2023-02-13,0001628280-23-003310,"1.01,2.01,3.02,3.03,4.01,5.01,5.02,5.03,5.05,5.06,7.01,9.01",2860,8-K
1839132,Movella Holdings Inc.,MVLA,2023-02-10,2023-02-13,0001193125-23-035948,"1.01,2.01,2.03,3.02,3.03,4.01,5.01,5.02,5.03,5.05,5.06,7.01,9.01",7372,8-K
1883814,"Southland Holdings, Inc.","SLND, SLND-WT",2023-02-14,2023-02-14,0001829126-23-001536,"1.01,1.02,2.01,3.02,3.03,5.01,5.02,5.03,5.06,5.07,8.01,9.01",1600,8-K
1844452,"Intuitive Machines, Inc.","LUNR, LUNRW",2023-02-13,2023-02-14,0001213900-23-011495,"1.01,2.01,3.02,3.03,4.01,5.01,5.02,5.03,5.06,9.01",3812,8-K
1869974,"Ocean Biomedical, Inc./DE","OCEA, OCEAW",2023-02-14,2023-02-15,0001493152-23-005097,"1.01,2.01,2.03,3.02,3.03,4.01,5.01,5.02,5.03,5.05,5.06,9.01",2834,8-K/A
1841425,"Verde Clean Fuels, Inc.","VGAS, VGASW",2023-02-15,2023-02-21,0001213900-23-013297,"1.01,2.01,3.02,3.03,4.01,5.01,5.02,5.03,5.06,8.01,9.01",2860,8-K
1848959,Decarbonization Plus Acquisition Corp IV,,2023-02-21,2023-02-27,0001193125-23-049537,"1.01,2.01,3.01,3.03,8.01,9.01",6770,8-K
1672619,"Enliven Therapeutics, Inc.",ELVN,2023-02-23,2023-03-01,0001193125-23-056303,"1.01,2.01,3.03,4.01,5.01,5.02,5.03,5.05,8.01,9.01",2834,8-K
1077771,UMPQUA HOLDINGS CORP,,2023-02-28,2023-03-01,0001193125-23-056482,"2.01,3.01,3.03,5.01,5.02,5.03,8.01,9.01",6035,8-K
887343,"COLUMBIA BANKING SYSTEM, INC.",COLB,2023-02-28,2023-03-01,0001193125-23-056342,"2.01,2.03,5.02,5.03,8.01,9.01",6022,8-K
1011060,EKIMAS Corp,NORD,2023-03-01,2023-03-01,0001493152-23-006431,"1.01,2.01,3.02,5.01,5.02,5.06,8.01,9.01",3841,8-K
1466538,COWEN INC.,,2023-03-01,2023-03-01,0000950157-23-000197,"1.01,1.02,2.01,2.03,2.04,3.01,3.03,5.01,5.02,5.03,8.01,9.01",6211,8-K
896493,"Ault Alliance, Inc.","AULT, AULT-PD",2023-03-03,2023-03-06,0001214659-23-003550,"2.01,9.01",3679,8-K/A
1485003,Carisma Therapeutics Inc.,CARM,2023-03-07,2023-03-08,0001104659-23-029687,"1.01,2.01,3.02,3.03,4.01,5.01,5.02,5.03,5.05,7.01,8.01,9.01",2834,8-K
1746278,"GoLogiq, Inc.",GOLQ,2023-03-06,2023-03-09,0001575872-23-000338,"2.01,5.07,7.01,9.01",7370,8-K
1633336,"Crescent Capital BDC, Inc.","CCAP, FCRX",2023-03-09,2023-03-10,0001193125-23-066479,"1.01,2.01,2.03,7.01,9.01",,8-K
1740742,Unicoin Inc.,,2020-11-19,2023-03-13,0001829126-23-001980,"2.01,9.01",7372,8-K
1845991,Lionheart III Corp,,2023-03-07,2023-03-13,0001193125-23-069163,"1.01,2.01,3.01,3.03,5.01,5.03,9.01",6770,8-K
1820875,"KINS Technology Group, Inc.","CXAI, CXAIW",2023-03-14,2023-03-15,0001104659-23-032375,"2.01,7.01,9.01",7372,8-K
1839185,Summit Healthcare Acquisition Corp.,,2023-03-16,2023-03-16,0001104659-23-033374,"2.01,3.01,3.03,5.01,5.02,9.01",6770,8-K
1512228,NIOCORP DEVELOPMENTS LTD,"NB, NIOBW",2023-03-17,2023-03-17,0001539497-23-000458,"1.01,2.01,3.01,3.02,3.03,5.02,7.01,8.01,9.01",1000,8-K
1529113,INPIXON,XTIA,2023-03-14,2023-03-20,0001213900-23-021477,"1.01,2.01,2.02,9.01",7371,8-K
1826669,ELK CREEK RESOURCES CORP.,,2023-03-16,2023-03-22,0001213900-23-022086,"2.01,3.01,3.02,3.03,4.01,5.01,5.02,5.06,9.01",6770,8-K
1534133,"CalciMedica, Inc. /DE/",CALC,2023-03-17,2023-03-22,0001193125-23-076714,"2.01,3.01,3.02,3.03,5.01,5.02,5.03,8.01,9.01",2834,8-K
1855644,Zura Bio Ltd,"ZURA, ZURAW",2023-03-20,2023-03-24,0001104659-23-036697,"1.01,2.01,3.02,3.03,5.01,5.02,5.03,5.05,5.06,9.01",2836,8-K
1826671,"Near Intelligence, Inc.",,2023-03-23,2023-03-28,0001213900-23-023757,"1.01,2.01,2.03,3.02,3.03,4.01,5.01,5.02,5.03,5.05,5.06,7.01,8.01,9.01",7374,8-K
1874259,Maxpro Capital Acquisition Corp.,,2023-03-29,2023-03-30,0001104659-23-038774,"1.01,1.02,2.01,3.01,3.03,5.01,5.02,8.01,9.01",6770,8-K
1953366,Star Holdings,STHO,2023-03-31,2023-03-31,0001104659-23-039689,"1.01,2.01,2.03,3.02,5.01,5.02,5.03,8.01,9.01",6519,8-K
1688852,Safehold Inc.,,2023-03-31,2023-03-31,0001104659-23-039699,"1.02,2.01,3.01,3.03,5.01,5.02,8.01,9.01",6519,8-K
1592016,"AgroFresh Solutions, Inc.",,2023-03-31,2023-03-31,0001140361-23-015209,"1.01,1.02,2.01,2.03,3.01,3.03,5.01,5.02,5.03,9.01",2870,8-K
1095651,ISTAR INC.,SAFE,2023-03-31,2023-04-04,0001104659-23-041210,"1.01,1.02,2.01,2.03,3.03,5.01,5.02,5.03,5.05,8.01,9.01",6798,8-K
1830188,"United Homes Group, Inc.","UHG, UHGWW",2023-03-30,2023-04-05,0001104659-23-042257,"1.01,2.01,2.03,3.02,3.03,5.01,5.02,5.03,5.06,8.01,9.01",1531,8-K
1853084,Blue Safari Group Acquisition Corp,,2023-04-13,2023-04-13,0001104659-23-045089,"1.02,2.01,3.01,3.03,5.01,5.02,5.03,8.01,9.01",7374,8-K
1824293,"Vallon Pharmaceuticals, Inc.",GRI,2023-04-21,2023-04-21,0001824293-23-000073,"1.01,2.01,3.03,4.01,5.01,5.02,5.03,8.01,9.01",2834,8-K
1841338,"CIIG Capital Partners II, Inc.",,2023-04-25,2023-05-01,0001193125-23-128099,"1.01,2.01,3.01,3.03,5.01,5.02,5.03,8.01,9.01",6770,8-K
318300,PEOPLES BANCORP INC,PEBO,2023-05-01,2023-05-01,0000318300-23-000210,"2.01,8.01,9.01",6022,8-K
1162896,Prairie Operating Co.,PROP,2023-05-03,2023-05-09,0001493152-23-015999,"1.01,2.01,2.03,3.02,3.03,5.01,5.02,5.03,7.01,9.01",6199,8-K
1857855,Finnovate Acquisition Corp.,"FNVT, FNVTU, FNVTW",2023-05-08,2023-05-12,0001493152-23-016701,"2.01,3.02,5.02,5.03,5.07,9.01",6770,8-K
1643269,"Sumo Logic, Inc.",,2023-05-12,2023-05-15,0001140361-23-024758,"1.01,1.02,2.01,2.03,3.01,3.03,5.01,5.02,5.03,8.01,9.01",7372,8-K
1855447,Roth CH Acquisition IV Co.,TYGO,2023-05-30,2023-05-30,0001213900-23-044099,"1.01,2.01,3.03,5.01,5.02,5.03,5.05,5.06,7.01,9.01",3674,8-K
1784797,Broadmark Realty Capital Inc.,,2023-05-31,2023-05-31,0001104659-23-066662,"1.02,2.01,3.01,3.03,5.01,5.02,9.01",6798,8-K
1705843,"Calyxt, Inc.",CBUS,2023-05-31,2023-06-01,0001193125-23-158545,"1.01,1.02,2.01,3.02,3.03,4.01,5.01,5.02,5.03,5.05,7.01,8.01,9.01",2870,8-K
55772,KIMBALL INTERNATIONAL INC,,2023-05-31,2023-06-01,0001140361-23-027820,"1.02,2.01,3.01,3.03,5.01,5.02,5.03,5.07,8.01,9.01",2510,8-K
1601485,"Elicio Therapeutics, Inc.",ELTX,2023-05-31,2023-06-02,0001140361-23-028077,"2.01,3.03,4.01,5.01,5.02,5.03,5.07,7.01,8.01,9.01",2834,8-K
1739936,MOMENTIVE GLOBAL INC.,,2023-05-31,2023-06-02,0001140361-23-027837,"1.01,1.02,2.01,2.03,3.01,3.03,5.01,5.02,5.03,5.07,9.01",7370,8-K
1845437,NET Power Inc.,"NPWR, NPWR-WT",2023-06-08,2023-06-14,0001213900-23-048958,"1.01,2.01,3.02,3.03,5.01,5.02,5.03,5.05,5.06,9.01",3620,8-K
1718852,"Prometheus Biosciences, Inc.",,2023-06-16,2023-06-16,0001193125-23-168524,"2.01,3.01,3.03,5.01,5.02,5.03,9.01",2834,8-K
77159,Ranger Oil Corp,,2023-06-20,2023-06-20,0001104659-23-072968,"1.02,2.01,3.01,3.03,5.01,5.02,5.07,8.01,9.01",1311,8-K
1884516,ROC Energy Acquisition Corp.,DTI,2023-06-20,2023-06-27,0001193125-23-175331,"1.01,2.01,2.03,3.02,3.03,4.01,5.01,5.02,5.03,5.05,5.06,7.01,9.01",3533,8-K
1037390,"INDUS REALTY TRUST, INC.",,2023-06-29,2023-06-29,0001104659-23-076131,"1.02,2.01,3.01,3.03,5.01,5.02,5.03,8.01,9.01",6500,8-K
1035092,SHORE BANCSHARES INC,SHBI,2023-07-01,2023-07-03,0001104659-23-077307,"2.01,2.03,5.02,5.03,7.01,9.01",6021,8-K
855874,COMMUNITY FINANCIAL CORP /MD/,,2023-07-01,2023-07-03,0001104659-23-077421,"2.01,3.01,3.03,5.01,5.02,5.03,8.01,9.01",6022,8-K
1814287,"Abacus Life, Inc.","ABL, ABLLL, ABLLW",2023-06-30,2023-07-06,0001193125-23-182812,"1.01,2.01,2.03,3.03,5.01,5.02,5.03,5.05,5.06,8.01,9.01",6282,8-K
1930087,Golub Capital Private Credit Fund,,2023-06-30,2023-07-06,0001104659-23-078409,"1.01,2.01,2.03,3.02,9.01",,8-K
1852940,GoGreen Investments Corp,,2023-07-05,2023-07-06,0001213900-23-055010,"1.01,2.01,3.01,3.03,5.01,5.02,8.01,9.01",6770,8-K
1901799,Bitcoin Depot Inc.,"BTM, BTMWW",2023-06-30,2023-07-07,0001193125-23-183847,"1.01,2.01,3.02,3.03,4.01,5.01,5.02,5.03,5.05,5.06,7.01,9.01",6199,8-K
1876945,Gold Flora Corp.,"GRAM, GRAMW",2023-06-07,2023-07-13,0001654954-23-009134,"1.01,2.01,3.02,3.03,5.01,5.02,5.03,9.01",0100,8-K
927355,TESSCO TECHNOLOGIES INC,,2023-07-17,2023-07-18,0001104659-23-081999,"1.01,2.01,2.03,3.01,3.03,5.01,5.02,5.03,8.01,9.01",5065,8-K
1958140,"Atlanta Braves Holdings, Inc.","BATRA, BATRB, BATRK",2023-07-18,2023-07-18,0001104659-23-082076,"1.01,2.01,3.03,5.02,5.03,8.01,9.01",7900,8-K
944314,"LIFE STORAGE, INC.",,2023-07-15,2023-07-20,0001193125-23-190113,"2.01,3.01,3.03,5.01,5.02,7.01,9.01",6798,8-K
1289490,Extra Space Storage Inc.,EXR,2023-07-20,2023-07-20,0001193125-23-190116,"2.01,3.02,5.02,7.01,9.01",6798,8-K
1842939,ALPHA HEALTHCARE ACQUISITION CORP III,"CTCX, CTCXW",2023-07-14,2023-07-20,0001193125-23-190559,"1.01,2.01,3.03,5.01,5.02,5.03,5.05,5.06,7.01,9.01",3841,8-K
1838987,"Complete Solaria, Inc.","CSLR, CSLRW",2023-07-18,2023-07-24,0001193125-23-192359,"1.01,2.01,3.02,3.03,4.01,5.01,5.02,5.03,5.05,5.06,7.01,9.01",3674,8-K
1847064,"PSQ Holdings, Inc.","PSQH, PSQH-WT",2023-07-19,2023-07-25,0001213900-23-059643,"1.01,2.01,3.03,4.01,5.01,5.02,5.03,5.05,5.06,5.07,8.01,9.01",7310,8-K
1837607,"AEON Biopharma, Inc.",AEON,2023-07-21,2023-07-27,0001104659-23-084851,"1.01,2.01,3.02,3.03,4.01,5.01,5.02,5.03,5.05,5.06,7.01,8.01,9.01",2834,8-K
1309082,"CAMBER ENERGY, INC.",CEIN,2023-08-01,2023-08-01,0001477932-23-005656,"2.01,3.03,8.01,9.01",1311,8-K
1827871,"Electriq Power Holdings, Inc.",ELIQQ,2023-07-31,2023-08-04,0001193125-23-203886,"1.01,2.01,3.03,4.01,5.01,5.02,5.03,5.05,5.06,8.01,9.01",3690,8-K
77877,"PDC ENERGY, INC.",,2023-08-07,2023-08-07,0001104659-23-088136,"1.02,2.01,3.01,3.03,5.01,5.02,5.03,8.01,9.01",1311,8-K
1964979,"ALLURION TECHNOLOGIES, INC.","ALUR, ALUR-WT",2023-08-01,2023-08-07,0001193125-23-205104,"1.01,2.01,2.03,3.02,3.03,5.01,5.02,5.03,5.05,5.06,9.01",3841,8-K
1381507,"LIMEADE, INC",,2023-08-09,2023-08-09,0001381507-23-000044,"1.02,2.01,3.03,5.01,5.02,5.03,9.01",7372,8-K
46619,HEICO CORP,"HEI, HEI-A",2023-08-04,2023-08-10,0001213900-23-065643,"1.02,2.01,3.02,9.01",3724,8-K
1861622,Jet.AI Inc.,"JTAI, JTAIW, JTAIZ",2023-08-10,2023-08-14,0001493152-23-028481,"1.01,2.01,3.02,3.03,5.01,5.02,5.03,5.05,5.06,9.01",4522,8-K
1851908,Black Spade Acquisition Co,,2023-08-11,2023-08-14,0001193125-23-212387,"1.01,1.02,2.01,3.01,3.03,5.01,5.02,7.01,9.01",6770,8-K
889900,PATTERSON UTI ENERGY INC,PTEN,2023-08-14,2023-08-14,0000950170-23-042391,"2.01,3.02,7.01,8.01,9.01",1381,8-K
1826667,"TriSalus Life Sciences, Inc.","TLSI, TLSIW",2023-08-10,2023-08-16,0001104659-23-092586,"1.01,2.01,3.02,3.03,4.01,5.01,5.02,5.03,5.05,5.06,7.01,9.01",8071,8-K
1053691,CervoMed Inc.,CRVO,2023-08-15,2023-08-17,0001437749-23-024064,"2.01,3.03,4.01,5.01,5.02,5.03,5.07,7.01,8.01,9.01",2834,8-K
1543916,"ForgeRock, Inc.",,2023-08-23,2023-08-23,0001140361-23-040969,"1.02,2.01,3.01,3.03,5.01,5.02,5.03,8.01,9.01",7372,8-K
1835856,Better Home & Finance Holding Co,"BETR, BETRW",2023-08-22,2023-08-28,0001628280-23-030682,"1.01,2.01,2.02,3.02,3.03,5.01,5.02,5.03,5.05,5.06,9.01",6163,8-K
1847874,Mobile Infrastructure Corp,BEEP,2023-08-25,2023-08-31,0001193125-23-226380,"1.01,1.02,2.01,2.03,3.02,3.03,4.01,5.01,5.02,5.03,5.05,5.06,7.01,9.01",6500,8-K
1906133,FG Merger Corp.,ICCT,2023-08-25,2023-08-31,0001477932-23-006571,"1.01,2.01,3.03,5.01,5.02,5.03,5.06,7.01,9.01",7372,8-K
1237831,GLOBUS MEDICAL INC,GMED,2023-09-01,2023-09-01,0001193125-23-227191,"1.01,2.01,2.03,3.02,5.02,7.01,8.01,9.01",3841,8-K
1688476,NEXTIER OILFIELD SOLUTIONS INC.,,2023-09-01,2023-09-01,0001688476-23-000147,"1.02,2.01,3.01,3.03,5.01,5.02,5.03,9.01",1389,8-K
1115128,Quotient Technology Inc.,,2023-09-01,2023-09-05,0001193125-23-228644,"1.01,1.02,2.01,2.03,3.01,3.03,5.01,5.02,5.03,5.07,9.01",7310,8-K
1568162,"Necessity Retail REIT, Inc.",,2023-09-12,2023-09-12,0001104659-23-100027,"1.02,2.01,3.01,3.03,5.01,5.02,5.03,7.01,8.01,9.01",6798,8-K
1690585,"Dianthus Therapeutics, Inc. /DE/",DNTH,2023-09-11,2023-09-12,0001193125-23-233448,"1.01,2.01,3.02,3.03,4.01,5.01,5.02,5.03,5.05,7.01,8.01,9.01",2834,8-K
1526113,"Global Net Lease, Inc.","GNL, GNL-PA, GNL-PB, GNL-PD, GNL-PE",2023-09-12,2023-09-12,0001104659-23-100026,"1.01,1.02,2.01,2.03,3.02,5.02,5.03,7.01,9.01",6798,8-K
1833498,"Spectral AI, Inc.","MDAI, MDAIW",2023-09-11,2023-09-15,0001213900-23-077038,"1.01,2.01,3.03,4.01,5.01,5.02,5.03,5.05,5.06,7.01,9.01",3841,8-K
1855485,"First Light Acquisition Group, Inc.","CLDI, CLDI-WT",2023-09-12,2023-09-19,0001193125-23-237077,"1.01,2.01,3.03,4.01,5.01,5.02,5.03,5.05,5.06,9.01",2836,8-K
1856589,M3-Brigade Acquisition III Corp.,,2023-09-20,2023-09-21,0001213900-23-078351,"1.01,2.01,3.01,5.01,5.02,8.01,9.01",6770,8-K
1358762,REATA PHARMACEUTICALS INC,,2023-09-26,2023-09-26,0001193125-23-242619,"1.02,2.01,3.01,3.03,5.01,5.02,5.03,9.01",2834,8-K
1839998,"American Oncology Network, Inc.","AONC, AONCW",2023-09-20,2023-09-26,0001104659-23-103884,"1.01,2.01,3.02,3.03,4.01,5.01,5.02,5.03,5.05,5.06,7.01,8.01,9.01",8000,8-K
1868640,Roadzen Inc.,"RDZN, RDZNW",2023-09-26,2023-09-26,0001193125-23-242523,"1.01,2.01,3.02,3.03,4.01,5.01,5.02,5.03,5.05,5.06,7.01,9.01",6411,8-K
1896212,CONDUIT PHARMACEUTICALS INC.,"CDT, CDTTW",2023-09-22,2023-09-29,0001493152-23-034700,"1.01,2.01,3.01,3.02,3.03,5.01,5.02,5.03,5.05,5.06,7.01,9.01",2834,8-K
1860742,Bausch & Lomb Corp,BLCO,2023-09-29,2023-09-29,0001193125-23-247434,"1.01,2.01,2.03,9.01",3851,8-K
885590,Bausch Health Companies Inc.,BHC,2023-09-29,2023-09-29,0001193125-23-247446,"1.01,2.01,2.03,9.01",2834,8-K
1472012,Immunome Inc.,IMNM,2023-09-29,2023-10-04,0001104659-23-106592,"1.01,2.01,3.02,5.02,5.03,5.07,8.01,9.01",2834,8-K
1844417,"Estrella Immunopharma, Inc.","ESLA, ESLAW",2023-09-29,2023-10-05,0001013762-23-002216,"1.01,2.01,2.03,3.01,3.02,3.03,5.01,5.02,5.03,5.05,5.06,9.01",2836,8-K
1845459,"NKGen Biotech, Inc.","NKGN, NKGNW",2023-09-29,2023-10-05,0001104659-23-107256,"1.01,2.01,3.02,3.03,4.01,5.01,5.02,5.03,5.05,5.06,7.01,9.01",2836,8-K
1840877,"Envoy Medical, Inc.","COCH, COCHW",2023-09-29,2023-10-05,0001013762-23-002246,"1.01,2.01,3.01,3.02,3.03,5.01,5.02,5.03,5.06,9.01",3842,8-K
1815086,Bridgetown Holdings Ltd,,2023-10-12,2023-10-12,0001193125-23-255006,"2.01,3.01,3.03,5.01,5.02,8.01,9.01",6770,8-K
1937987,"Falcon's Beyond Global, Inc.","FBYD, FBYDW",2023-10-05,2023-10-12,0001013762-23-003583,"1.01,2.01,3.02,3.03,5.01,5.02,5.03,5.05,5.06,7.01,8.01,9.01",7990,8-K
70866,NCR CORP,"VYX, NCRRP",2023-10-13,2023-10-17,0001193125-23-257806,"1.01,1.02,2.01,2.03,3.03,5.02,5.03,8.01,9.01",3578,8-K
1869141,Athena Consumer Acquisition Corp.,,2023-10-19,2023-10-19,0001013762-23-005147,"1.01,1.02,2.01,3.01,3.03,5.01,5.02,8.01,9.01",6770,8-K
1827506,"Tourmaline Bio, Inc.",TRML,2023-10-19,2023-10-20,0001193125-23-259403,"1.01,2.01,3.03,5.01,5.02,5.03,8.01,9.01",2836,8-K
1844149,Spectaire Holdings Inc.,"SPEC, SPECW",2023-10-19,2023-10-27,0001013762-23-007283,"1.01,2.01,3.02,4.01,5.01,5.02,5.05,5.06,9.01",3829,8-K
1124105,"GYRE THERAPEUTICS, INC.",GYRE,2023-10-27,2023-10-30,0001140361-23-050292,"1.01,2.01,3.02,3.03,5.01,5.02,5.03,5.05,7.01,9.01",2834,8-K
1980845,enGene Holdings Inc.,"ENGN, ENGNW",2023-10-31,2023-10-31,0001193125-23-267243,"1.01,2.01,3.02,3.03,5.01,5.02,5.03,5.05,5.06,9.01",2836,8-K
866291,"ALLEGRO MICROSYSTEMS, INC.",ALGM,2023-10-31,2023-11-01,0000950170-23-056993,"1.01,1.02,2.01,2.03,7.01,9.01",3674,8-K
1074902,LCNB CORP,LCNB,2023-11-01,2023-11-01,0001074902-23-000097,"2.01,8.01,9.01",6021,8-K
1874495,Forbion European Acquisition Corp.,,2023-11-01,2023-11-02,0001193125-23-268401,"1.01,1.02,2.01,3.01,3.03,5.01,5.02,7.01,9.01",6770,8-K
1880661,TPG Inc.,"TPG, TPGXL",2023-11-01,2023-11-02,0001880661-23-000090,"1.01,2.01,3.02,7.01,9.01",6282,8-K
1131554,SYNCHRONOSS TECHNOLOGIES INC,"SNCR, SNCRL",2023-10-31,2023-11-03,0001131554-23-000075,"1.01,2.01,3.03,7.01,9.01",7371,8-K
1164727,NEWMONT Corp /DE/,"NEM, NEMCL",2023-11-03,2023-11-06,0001104659-23-114506,"2.01,2.03,3.02,5.03,7.01,8.01,9.01",1040,8-K
1703647,"Frequency Therapeutics, Inc.",KRRO,2023-11-03,2023-11-06,0001193125-23-270898,"1.01,2.01,2.02,3.02,3.03,4.01,5.01,5.02,5.03,5.05,5.07,7.01,8.01,9.01",2834,8-K
1843656,Royalty Management Holding Corp,"RMCO, RMCOW",2023-10-31,2023-11-06,0001477932-23-008092,"1.01,2.01,3.01,3.03,5.01,5.02,5.03,5.06,9.01",6794,8-K
896841,"AVID TECHNOLOGY, INC.",,2023-11-07,2023-11-08,0001839882-23-030181,"1.01,1.02,2.01,2.03,3.01,3.03,5.01,5.02,5.03,7.01,9.01",7372,8-K
1854583,"Collective Audience, Inc.",CAUD,2023-11-02,2023-11-08,0001213900-23-084420,"1.01,2.01,3.03,5.01,5.02,5.03,5.05,5.06,7.01,8.01,9.01",8742,8-K
708818,"NEXTGEN HEALTHCARE, INC.",,2023-11-09,2023-11-09,0001193125-23-274104,"1.01,1.02,2.01,3.01,3.03,5.01,5.02,5.03,9.01",7373,8-K
1849380,OneMedNet Corp,"ONMD, ONMDW",2023-11-07,2023-11-13,0001493152-23-040642,"1.01,2.01,3.02,3.03,5.01,5.02,5.03,5.05,5.06,7.01,8.01,9.01",8731,8-K
1853044,"Aeries Technology, Inc.","AERT, AERTW",2023-11-06,2023-11-13,0001829126-23-007330,"1.01,2.01,3.02,3.03,5.01,5.02,5.03,5.05,5.06,7.01,9.01",8742,8-K
1866816,"SYNTEC OPTICS HOLDINGS, INC.","OPTX, OPTXW",2023-11-14,2023-11-14,0001493152-23-041322,"1.01,2.01,3.03,5.03,5.06,8.01,9.01",3827,8-K
731122,MUNCY COLUMBIA FINANCIAL Corp,CCFN,2023-11-11,2023-11-16,0001999371-23-000280,"2.01,5.02,5.03,9.01",6022,8-K
1091748,"Argo Group International Holdings, Ltd.","ARGD, ARGO-PA",2023-11-16,2023-11-16,0001104659-23-118922,"2.01,3.01,3.03,5.01,5.02,5.03,8.01,9.01",6361,8-K
1842556,HNR Acquisition Corp.,"HNRA, HNRA-WT",2023-11-15,2023-11-21,0001213900-23-089273,"1.01,2.01,3.02,3.03,5.01,5.02,5.03,5.06,8.01,9.01",1311,8-K
1068875,"AVANTAX, INC.",,2023-11-27,2023-11-27,0001999371-23-000541,"1.01,1.02,2.01,2.03,3.01,3.03,5.01,5.02,5.03,7.01,9.01",6199,8-K
1964789,Hut 8 Corp.,HUT,2023-11-29,2023-12-01,0001104659-23-122902,"2.01,2.03,3.01,3.03,4.01,5.01,5.02,5.03,7.01,9.01",6199,8-K
1839530,"XBP Europe Holdings, Inc.","XBP, XBPEW",2023-11-29,2023-12-05,0001213900-23-093176,"1.01,2.01,3.02,3.03,5.01,5.02,5.03,5.05,5.06,9.01",7389,8-K
1853070,"Volato Group, Inc.","SOAR, SOAR-WT",2023-12-01,2023-12-07,0001140361-23-056679,"1.01,1.02,2.01,2.03,3.02,3.03,4.01,5.01,5.02,5.03,5.05,5.06,7.01,9.01",4522,8-K
1848898,African Agriculture Holdings Inc.,"AAGR, AAGRW",2023-12-06,2023-12-12,0001213900-23-095140,"1.01,2.01,3.03,4.01,5.01,5.02,5.03,5.05,5.06,7.01,9.01",0100,8-K
1411342,Ellington Financial Inc.,"EFC, EFC-PA, EFC-PB, EFC-PC, EFC-PD, EFC-PE",2023-12-14,2023-12-14,0001411342-23-000200,"1.01,2.01,3.03,5.03,7.01,8.01,9.01",6500,8-K
1922858,"ECD Automotive Design, Inc.","ECDA, ECDAW",2023-12-12,2023-12-18,0001213900-23-096585,"1.01,2.01,3.03,4.01,5.01,5.02,5.03,5.05,5.06,7.01,9.01",3711,8-K
1404644,Neurogene Inc.,NGNE,2023-12-13,2023-12-19,0001193125-23-298152,"1.01,2.01,3.03,5.01,5.02,5.03,5.05,5.07,5.08,7.01,9.01",2834,8-K
1826011,"Banzai International, Inc.","BNZI, BNZIW",2023-12-14,2023-12-20,0001193125-23-300033,"1.01,2.01,3.02,3.03,4.01,5.01,5.02,5.03,5.05,5.06,9.01",7372,8-K
1863990,"Infrared Cameras Holdings, Inc.","MSAI, MSAIW",2023-12-19,2023-12-21,0001104659-23-128275,"1.01,2.01,3.02,3.03,4.01,5.01,5.02,5.03,5.06,8.01,9.01",3827,8-K
1883984,"Alternus Clean Energy, Inc.","ALCE, ACLEW",2023-12-22,2023-12-22,0001104659-23-128865,"1.01,2.01,3.02,3.03,4.01,5.01,5.02,5.06,9.01",4931,8-K
1842566,"Airship AI Holdings, Inc.","AISP, AISPW",2023-12-21,2023-12-28,0001654954-23-016064,"1.01,2.01,3.02,3.03,4.01,5.01,5.02,5.03,5.05,5.06,8.01,9.01",7372,8-K
1855467,Chavant Capital Acquisition Corp.,"MOBX, MOBXW",2023-12-21,2023-12-28,0001104659-23-130104,"1.01,2.01,3.02,3.03,4.01,5.01,5.02,5.03,5.05,5.06,9.01",3674,8-K
1817232,Global Gas Corp,"HGAS, HGASW",2023-12-21,2023-12-28,0001213900-23-099273,"1.01,2.01,3.01,3.02,3.03,4.01,5.01,5.02,5.03,5.05,5.06,9.01",2810,8-K
1825473,Prospector Capital Corp.,,2023-12-21,2023-12-28,0001213900-23-099248,"1.01,1.02,2.01,3.01,3.03,5.01,5.02,8.01,9.01",6770,8-K
1365916,"AMYRIS, INC.",,2023-12-28,2023-12-29,0001365916-23-000151,"1.01,2.01,2.05,7.01,9.01",2860,8-K
1592782,Nukkleus Inc.,,2023-12-22,2023-12-29,0001213900-23-099910,"1.01,2.01,3.03,5.01,5.02,5.03,5.06,7.01,9.01",8742,8-K
1980088,MACH NATURAL RESOURCES LP,MNR,2023-12-28,2023-12-29,0001213900-23-099439,"1.01,1.02,2.01,2.03,7.01,8.01,9.01",1311,8-K
1830029,GRIID Infrastructure Inc.,"GRDI, GRDIW",2023-12-26,2024-01-02,0001193125-24-000728,"1.01,2.01,3.01,3.02,3.03,4.01,5.01,5.02,5.03,5.05,5.06,7.01,8.01,9.01",7374,8-K
1787518,Nukkleus Inc.,"NUKK, NUKKW",2023-12-22,2024-01-02,0001213900-24-000318,"1.01,2.01,3.03,5.01,5.02,5.03,5.06,7.01,9.01",8742,8-K
1843973,FLYEXCLUSIVE INC.,"FLYX, FLYX-WT",2023-12-27,2024-01-03,0001193125-24-001570,"1.01,2.01,2.02,3.01,3.02,3.03,4.01,5.01,5.02,5.06,9.01",4522,8-K
1854275,"Zoomcar Holdings, Inc.","ZCAR, ZCARW",2023-12-28,2024-01-04,0001213900-24-001242,"1.01,2.01,3.02,3.03,4.01,5.01,5.02,5.03,5.06,8.01,9.01",7510,8-K
700764,"VICTORY OILFIELD TECH, INC.",VYEY,2024-01-01,2024-01-05,0001079973-24-000028,"1.01,2.01,5.01,5.02,9.01",1311,8-K
1162194,STANDARD BIOTOOLS INC.,LAB,2024-01-04,2024-01-05,0001104659-24-001640,"2.01,5.02,5.03,5.07,8.01,9.01",3826,8-K
1852633,"Pinstripes Holdings, Inc.","PNST, PNST-WT",2023-12-29,2024-01-05,0001104659-24-001803,"1.01,2.01,2.03,3.02,3.03,4.01,5.01,5.02,5.03,5.05,5.06,7.01,9.01",5810,8-K
1897245,HWH International Inc.,HWH,2024-01-08,2024-01-12,0001493152-24-002250,"1.01,1.02,2.01,3.01,3.02,3.03,5.01,5.02,5.03,5.05,7.01,9.01",5122,8-K
1930021,New Horizon Aircraft Ltd.,"HOVR, HOVRW",2024-01-12,2024-01-19,0001213900-24-004932,"1.01,2.01,3.02,3.03,5.01,5.02,5.03,5.06,9.01",3721,8-K
1490927,Franklin BSP Lending Corp,,2024-01-24,2024-01-24,0001213900-24-006163,"1.02,2.01,3.03,5.01,5.02,7.01,9.01",,8-K
1825248,Franklin BSP Capital Corp,FRBP,2024-01-24,2024-01-24,0001213900-24-006162,"1.01,2.01,7.01,9.01",,8-K
1849475,Newcourt Acquisition Corp,,2024-01-25,2024-01-31,0001104659-24-008879,"1.01,2.01,2.03,3.01,3.03,5.01,5.02,5.03,8.01,9.01",6770,8-K
1857086,"TruGolf Holdings, Inc.",TRUG,2024-02-06,2024-02-06,0001493152-24-005145,"1.01,2.01,3.01,3.02,3.03,5.01,5.02,5.03,5.05,5.06,7.01,9.01",3949,8-K
1881551,Solidion Technology Inc.,STI,2024-02-02,2024-02-08,0001213900-24-011711,"1.01,2.01,2.03,3.02,3.03,5.01,5.02,5.03,5.05,5.06,9.01",3690,8-K
1527702,iQSTEL Inc,IQST,2024-01-19,2024-02-08,0001663577-24-000039,"1.01,2.01,2.03,9.01",4813,8-K/A
69488,MYERS INDUSTRIES INC,MYE,2024-02-08,2024-02-08,0000950170-24-012759,"2.01,7.01,9.01",3089,8-K
1830795,Quantum FinTech Acquisition Corp,,2024-02-08,2024-02-13,0001213900-24-013349,"1.01,2.01,3.01,3.03,5.01,5.07,7.01,9.01",6770,8-K
1852973,Borealis Foods Inc.,"BRLS, BRLSW",2024-02-07,2024-02-13,0001213900-24-013332,"1.01,2.01,2.02,3.02,3.03,4.01,5.01,5.02,5.03,5.05,5.06,7.01,9.01",2000,8-K
1860871,Semper Paratus Acquisition Corp,"TVGN, TVGNW",2024-02-14,2024-02-14,0001493152-24-006751,"1.01,2.01,3.02,3.03,5.01,5.02,5.03,5.06,9.01",2836,8-K
1831481,Sable Offshore Corp.,"SOC, SOC-WT",2024-02-14,2024-02-14,0001193125-24-036506,"1.01,2.01,2.03,3.02,3.03,4.01,5.01,5.02,5.03,5.05,5.06,9.01",1311,8-K
1856948,Chenghe Acquisition Co.,,2024-02-15,2024-02-15,0001104659-24-024566,"1.01,1.02,2.01,3.01,3.03,5.01,5.02,8.01,9.01",6770,8-K
1963088,"AtlasClear Holdings, Inc.","ATCH, ATCHW",2024-02-09,2024-02-15,0001104659-24-024588,"1.01,2.01,2.03,3.02,3.03,5.01,5.02,5.03,5.05,5.06,7.01,9.01",6199,8-K
1870404,"CERO THERAPEUTICS HOLDINGS, INC.","CERO, CEROW",2024-02-13,2024-02-15,0001213900-24-014197,"1.01,2.01,5.01,5.02,5.03,5.06,9.01",2836,8-K
1883788,"DIH HOLDING US, INC.","DHAI, DHAIW",2024-02-07,2024-02-20,0001493152-24-007083,"1.01,2.01,2.02,3.02,3.03,5.01,5.02,5.03,5.05,5.06,8.01,9.01",3841,8-K
1841024,L Catterton Asia Acquisition Corp,,2024-02-22,2024-02-22,0001104659-24-026598,"1.01,2.01,3.01,3.03,5.01,5.02,7.01,9.01",6770,8-K
946454,FG Group Holdings Inc.,,2024-02-29,2024-02-29,0001493152-24-008331,"2.01,3.01,3.03,5.01,5.07,7.01,9.01",3861,8-K
1591890,Fundamental Global Inc.,"FGF, FGFPP",2024-02-29,2024-02-29,0001493152-24-008332,"2.01,5.02,5.03,7.01,9.01",6331,8-K
936528,WAFD INC,"WAFD, WAFDP",2024-02-29,2024-03-01,0000936528-24-000055,"2.01,2.03,9.01",6021,8-K
765880,"HEALTHPEAK PROPERTIES, INC.",DOC,2024-02-28,2024-03-01,0001104659-24-029661,"1.01,2.01,2.03,5.02,5.03,7.01,8.01,9.01",6798,8-K
1475348,Luther Burbank Corp,,2024-02-29,2024-03-01,0001193125-24-053876,"2.01,3.01,3.03,5.01,5.02,5.03,9.01",6022,8-K
1829322,Sizzle Acquisition Corp.,,2024-02-27,2024-03-04,0001213900-24-019580,"1.01,2.01,3.01,3.03,5.01,5.02,5.03,9.01",6770,8-K
1724965,TALOS ENERGY INC.,TALO,2024-03-04,2024-03-05,0001193125-24-058227,"1.01,2.01,3.02,5.02,7.01,8.01,9.01",1311,8-K
1844505,"QT IMAGING HOLDINGS, INC.","QTI, QTIWW",2024-03-04,2024-03-08,0001193125-24-063762,"1.01,2.01,3.03,5.01,5.02,5.03,5.06,8.01,9.01",3845,8-K
1714562,"GameSquare Holdings, Inc.",GAME,2024-03-07,2024-03-13,0001493152-24-009809,"1.01,2.01,3.02,3.03,5.02,5.03,7.01,9.01",7900,8-K
1947861,Nature's Miracle Holding Inc.,"NMHI, NMHIW",2024-03-11,2024-03-15,0001213900-24-023074,"1.01,2.01,3.01,3.03,4.01,5.01,5.02,5.03,5.06,7.01,9.01",6770,8-K
1326003,BlackRock Capital Investment Corp,,2024-03-18,2024-03-18,0001140361-24-013941,"2.01,3.01,3.03,5.01,5.02,7.01,9.01",,8-K
1370755,BlackRock TCP Capital Corp.,TCPC,2024-03-18,2024-03-18,0001140361-24-013943,"1.01,2.01,2.03,5.02,7.01,9.01",,8-K
1886799,Bright Green Corp,BGXX,2024-03-13,2024-03-19,0001493152-24-010514,"1.01,2.01,2.03,9.01",2833,8-K
1689923,"Alteryx, Inc.",,2024-03-19,2024-03-19,0001193125-24-070837,"1.01,2.01,2.03,3.01,3.03,5.01,5.02,5.03,8.01,9.01",7372,8-K
1838163,Brand Engagement Network Inc.,"BNAI, BNAIW",2024-03-14,2024-03-20,0001493152-24-010698,"1.01,2.01,3.02,3.03,5.01,5.02,5.06,8.01,9.01",7373,8-K
1879373,GRAPHJET TECHNOLOGY,GTI,2024-03-14,2024-03-20,0001493152-24-010687,"1.01,2.01,3.02,3.03,5.01,5.02,5.03,5.06,9.01",3620,8-K
1855474,Montana Technologies Corp.,"AIRJ, AIRJW",2024-03-14,2024-03-20,0001213900-24-024441,"1.01,2.01,3.02,3.03,4.01,5.01,5.02,5.03,5.05,5.06,8.01,9.01",3585,8-K
1865506,Zeo Energy Corp.,"ZEO, ZEOWW",2024-03-13,2024-03-20,0001213900-24-024166,"1.01,2.01,2.02,3.02,3.03,5.01,5.02,5.03,5.06,7.01,9.01",3690,8-K
1953984,"Binah Capital Group, Inc.","BCG, BCGWW",2024-03-21,2024-03-21,0001104659-24-037410,"1.01,2.01,3.01,3.02,3.03,4.01,5.01,5.02,5.03,5.06,9.01",6199,8-K
1668340,"Bancorp 34, Inc.",BCTF,2024-03-18,2024-03-21,0001552781-24-000167,"2.01,5.02,5.07,7.01,9.01",6035,8-K
1815776,"LENZ Therapeutics, Inc.",LENZ,2024-03-21,2024-03-22,0001628280-24-012633,"2.01,3.02,3.03,4.01,5.01,5.02,5.03,5.05,5.06,7.01,9.01",2836,8-K
1845368,HCM Acquisition Corp,,2024-03-20,2024-03-26,0001140361-24-015362,"1.01,2.01,3.01,3.03,5.01,5.02,8.01,9.01",6770,8-K
1661998,Q32 Bio Inc.,QTTB,2024-03-25,2024-03-27,0001193125-24-077930,"1.01,2.01,2.02,2.03,3.02,3.03,4.01,5.01,5.02,5.03,5.06,7.01,9.01",2834,8-K
1824884,Edoc Acquisition Corp.,,2024-03-21,2024-03-28,0001493152-24-011793,"1.01,2.01,3.01,3.02,3.03,5.01,5.02,5.03,8.01,9.01",2070,8-K
1708599,"AgeX Therapeutics, Inc.",SER,2024-03-26,2024-04-01,0001493152-24-012530,"1.01,2.01,2.03,3.03,5.01,5.02,5.03,8.01,9.01",2834,8-K
883948,Atlantic Union Bankshares Corp,"AUB, AUB-PA",2024-04-01,2024-04-01,0000883948-24-000038,"2.01,5.02,7.01,9.01",6022,8-K
1851961,"GCT Semiconductor Holding, Inc.","GCTS, GCTS-WT",2024-03-26,2024-04-01,0001104659-24-041823,"1.01,2.01,3.02,3.03,5.01,5.02,5.03,5.06,7.01,8.01,9.01",3674,8-K
1849635,Trump Media & Technology Group Corp.,"DJT, DJTWW",2024-03-25,2024-04-01,0001140361-24-016719,"1.01,2.01,3.02,3.03,4.01,5.01,5.02,5.03,5.05,5.06,9.01",7370,8-K
741516,AMERICAN NATIONAL BANKSHARES INC.,,2024-04-01,2024-04-01,0001104659-24-041548,"2.01,3.01,3.03,5.01,5.02,5.03,9.01",6021,8-K
1774170,"Powerfleet, Inc.",AIOT,2024-04-02,2024-04-02,0001493152-24-012823,"2.01,5.01,5.02,8.01,9.01",3669,8-K
1843714,Zapata Computing Holdings Inc.,"ZPTA, ZPTAW",2024-03-28,2024-04-03,0001193125-24-085161,"1.01,2.01,3.02,3.03,4.01,5.01,5.02,5.03,5.05,5.06,9.01",7372,8-K
1127371,Community West Bancshares,CWBC,2024-04-01,2024-04-03,0001193125-24-085373,"2.01,5.02,5.03,8.01,9.01",6022,8-K
1130598,"Traws Pharma, Inc.",TRAW,2024-04-01,2024-04-04,0001104659-24-043233,"1.01,2.01,3.02,3.03,5.02,5.03,7.01,9.01",2834,8-K
1835972,"iLearningEngines, Inc.","AILE, AILEW",2024-04-16,2024-04-22,0001213900-24-034984,"1.01,1.02,2.01,2.02,3.02,3.03,4.01,5.01,5.02,5.03,5.05,5.06,7.01,9.01",7372,8-K
1066764,Bitech Technologies Corp,BTTC,2024-04-24,2024-04-30,0001493152-24-017282,"1.01,2.01,3.02,5.02,7.01,9.01",4911,8-K
790051,CARLISLE COMPANIES INC,CSL,2024-05-01,2024-05-01,0000790051-24-000087,"2.01,5.02,5.03,5.07,7.01,9.01",3060,8-K
1964333,Burke & Herbert Financial Services Corp.,BHRB,2024-05-03,2024-05-03,0001964333-24-000129,"2.01,2.03,3.03,5.02,5.03,8.01,9.01",6021,8-K
811808,"SUMMIT FINANCIAL GROUP, INC.",,2024-05-03,2024-05-03,0001437749-24-014543,"2.01,3.01,3.03,5.01,5.02,5.03,9.01",6022,8-K
1823000,CONX Corp.,"CNXX, CNXXW",2024-05-01,2024-05-07,0001104659-24-058132,"2.01,3.02,3.03,5.03,5.06,9.01",6770,8-K
1879297,LAMF Global Ventures Corp. I,,2024-05-01,2024-05-07,0001213900-24-040496,"1.01,1.02,2.01,3.01,3.02,3.03,5.01,5.02,9.01",6770,8-K
1749704,"AGILITI, INC. \DE",,2024-05-07,2024-05-07,0001193125-24-132655,"1.01,2.01,2.03,3.01,3.03,5.03,8.01,9.01",7350,8-K
1039828,AMERICAN EQUITY INVESTMENT LIFE HOLDING CO,"ANG-PA, ANG-PB",2024-05-07,2024-05-08,0001104659-24-058469,"1.01,1.02,2.01,2.03,5.03,7.01,8.01,9.01",6311,8-K
1849056,Oklo Inc.,OKLO,2024-05-09,2024-05-13,0001104659-24-060634,"1.01,2.01,3.03,5.01,5.02,5.03,5.05,5.06,8.01,9.01",4911,8-K
2006191,Lionsgate Studios Corp.,LION,2024-05-08,2024-05-14,0001193125-24-137722,"1.01,2.01,3.02,3.03,4.01,5.01,5.02,5.03,5.06,7.01,9.01",7812,8-K
1476765,"GOLUB CAPITAL BDC, Inc.",GBDC,2024-06-03,2024-06-03,0001104659-24-067549,"1.01,1.02,2.01,2.03,7.01,9.01",,8-K
1606268,"Via Renewables, Inc.",VIASP,2024-06-13,2024-06-13,0001140361-24-030015,"2.01,3.01,3.03,8.01,9.01",4931,8-K
1681087,"Tectonic Therapeutic, Inc.",TECX,2024-06-20,2024-06-20,0001193125-24-164480,"1.01,2.01,2.02,3.02,3.03,4.01,5.01,5.02,5.03,5.06,8.01,9.01",2836,8-K
1715768,"Transphorm, Inc.",,2024-06-20,2024-06-20,0001193125-24-164045,"1.01,2.01,3.01,3.03,5.01,5.02,5.03,9.01",3674,8-K
1118417,"MODEL N, INC.",,2024-06-25,2024-06-27,0001193125-24-170493,"1.01,2.01,3.01,3.03,5.01,5.02,5.03,5.07,8.01,9.01",7370,8-K
1912582,"Thunder Power Holdings, Inc.",AIEV,2024-06-21,2024-06-27,0001213900-24-056731,"2.01,3.03,5.01,5.02,5.03,5.06,8.01,9.01",3711,8-K
1907223,"ANEW Medical, Inc.","WENA, WENAW",2024-06-21,2024-06-27,0001213900-24-056719,"1.01,2.01,3.02,3.03,4.01,5.01,5.02,5.03,5.05,5.06,9.01",2836,8-K
1575434,"Vericity, Inc.",,2024-06-28,2024-06-28,0000950170-24-078988,"2.01,3.01,3.03,5.01,5.02,5.03,8.01,9.01",6311,8-K
1864531,"VSEE HEALTH, INC.","VSEE, VSEEW",2024-06-24,2024-06-28,0001104659-24-076308,"1.01,2.01,3.02,3.03,4.01,5.01,5.02,5.03,5.06,7.01,9.01",8000,8-K
826154,ORRSTOWN FINANCIAL SERVICES INC,ORRF,2024-07-01,2024-07-01,0001140361-24-031867,"2.01,2.03,5.02,5.03,8.01,9.01",6022,8-K
1820877,Apartment Income REIT Corp.,,2024-06-28,2024-07-01,0001140361-24-032015,"1.01,1.02,2.01,2.03,3.01,3.03,5.01,5.02,5.03,7.01,8.01,9.01",6798,8-K
701374,Six Flags Entertainment Corp/OLD,,2024-07-01,2024-07-01,0001193125-24-173426,"1.01,1.02,2.01,3.01,3.03,7.01,8.01,9.01",7990,8-K
811532,CEDAR FAIR L P,,2024-07-01,2024-07-01,0001193125-24-173432,"2.01,3.01,3.03,5.02,7.01,8.01,9.01",7990,8-K
1035976,"FNCB Bancorp, Inc.",,2024-06-28,2024-07-01,0001437749-24-021644,"2.01,3.01,3.03,5.01,5.02,5.03,8.01,9.01",6021,8-K
1056943,PEOPLES FINANCIAL SERVICES CORP.,PFIS,2024-07-01,2024-07-01,0001104659-24-076605,"2.01,2.03,5.02,5.03,8.01,9.01",6021,8-K
806279,CODORUS VALLEY BANCORP INC,,2024-07-01,2024-07-01,0001140361-24-031866,"2.01,3.01,3.03,5.01,5.02,5.03,8.01,9.01",6035,8-K
1437352,"EVERBRIDGE, INC.",,2024-07-02,2024-07-02,0001193125-24-173902,"1.01,1.02,2.01,3.01,3.03,5.01,5.02,5.03,8.01,9.01",7372,8-K
2005951,Smurfit WestRock plc,SW,2024-07-05,2024-07-08,0001104659-24-078355,"1.01,1.02,2.01,2.03,3.02,3.03,5.01,5.02,5.03,5.05,7.01,9.01",2650,8-K
1878074,Blue World Acquisition Corp,,2024-07-01,2024-07-08,0001213900-24-059668,"1.01,1.02,2.01,3.01,3.03,5.01,5.02,5.03,8.01,9.01",6770,8-K
1831979,Stardust Power Inc.,"SDST, SDSTW",2024-07-08,2024-07-12,0001493152-24-027127,"1.01,2.01,3.02,3.03,5.01,5.02,5.03,5.05,5.06,7.01,9.01",2800,8-K
1895249,"ConnectM Technology Solutions, Inc.",CNTM,2024-07-12,2024-07-18,0001104659-24-080823,"1.01,1.02,2.01,3.01,3.03,5.01,5.02,5.03,5.05,5.06,9.01",1700,8-K
1882963,AIB Acquisition Corp,,2024-07-18,2024-07-24,0001013762-24-000715,"1.01,2.01,3.03,5.01,5.02,5.03,9.01",6770,8-K
1847241,Project Energy Reimagined Acquisition Corp.,,2024-07-25,2024-07-30,0001013762-24-002249,"1.01,2.01,3.01,3.02,3.03,5.01,5.02,5.03,8.01,9.01",6770,8-K
1524741,"U.S. SILICA HOLDINGS, INC.",,2024-07-31,2024-07-31,0001193125-24-189918,"1.01,1.02,2.01,2.03,3.01,3.03,5.01,5.02,5.03,8.01,9.01",1400,8-K
1752036,California BanCorp,,2024-07-31,2024-07-31,0001193125-24-189986,"2.01,3.01,3.03,5.01,5.02,8.01,9.01",6022,8-K
1795815,California BanCorp \ CA,BCAL,2024-07-31,2024-07-31,0001493152-24-029764,"2.01,2.03,5.02,5.03,8.01,9.01",6021,8-K
1936702,Cetus Capital Acquisition Corp.,,2024-07-31,2024-07-31,0001493152-24-029774,"2.01,5.02,5.03,7.01,9.01",6770,8-K
1053584,MACATAWA BANK CORP,,2024-08-01,2024-08-01,0001104659-24-084676,"2.01,3.01,3.03,5.01,8.01,9.01",6022,8-K
874501,AMBAC FINANCIAL GROUP INC,AMBC,2024-08-01,2024-08-02,0000874501-24-000166,"1.01,2.01,2.03,3.02,7.01,9.01",6351,8-K
2006986,"Adagio Medical Holdings, Inc.",ADGM,2024-07-31,2024-08-06,0001140361-24-035942,"1.01,2.01,3.02,3.03,5.01,5.02,5.03,5.05,5.06,7.01,9.01",3841,8-K
88000,Horizon Kinetics Holding Corp,"HKHC, SLGDD",2024-08-01,2024-08-07,0000950170-24-092922,"1.01,2.01,3.02,3.03,5.01,5.02,5.03,9.01",2844,8-K
1852736,Tristar Acquisition I Corp.,,2024-08-02,2024-08-08,0001213900-24-066694,"1.01,2.01,3.01,3.03,5.01,5.02,5.03,9.01",6770,8-K
1851484,"CITIUS ONCOLOGY, INC.",CTOR,2024-08-12,2024-08-16,0001213900-24-070335,"1.01,2.01,3.02,3.03,4.01,5.01,5.02,5.03,5.06,9.01",2834,8-K
1288750,Timberline Resources Corp,TLRS,2024-08-16,2024-08-19,0001654954-24-010912,"2.01,3.01,3.03,5.01,5.02,5.03,5.07,7.01,9.01",1040,8-K
1841125,"Bolt Projects Holdings, Inc.","BSLK, BSLKW",2024-08-13,2024-08-19,0001213900-24-070809,"1.01,2.01,3.02,4.01,5.01,5.02,5.05,5.06,8.01,9.01",2860,8-K
314203,McEwen Mining Inc.,"MUX, MQMNW",2024-08-19,2024-08-19,0001140361-24-037806,"2.01,7.01,9.01",1040,8-K
2022416,Silexion Therapeutics Corp,"SLXN, SLXNW",2024-08-15,2024-08-21,0001213900-24-071491,"1.01,2.01,2.03,3.02,3.03,5.01,5.02,5.03,5.05,5.06,7.01,9.01",2836,8-K
1835416,Moringa Acquisition Corp,,2024-08-15,2024-08-21,0001213900-24-071449,"1.01,2.01,3.01,3.02,3.03,5.01,5.02,5.03,8.01,9.01",6770,8-K
1651721,"GENERATION INCOME PROPERTIES, INC.","GIPR, GIPRW",2024-08-23,2024-08-29,0000950170-24-101867,"1.01,2.01,2.03,3.02,5.02,7.01,9.01",6798,8-K
1657642,"Skyline Bankshares, Inc.",SLBK,2024-09-01,2024-09-04,0001437749-24-028373,"2.01,5.02,5.03,8.01,9.01",6022,8-K
907654,"Oruka Therapeutics, Inc.","ABIO, ORKA",2024-08-29,2024-09-05,0001213900-24-076184,"1.01,2.01,2.02,3.03,4.01,5.01,5.02,5.03,5.05,5.06,7.01,9.01",2835,8-K
1042893,"Innovex International, Inc.",DRQ,2024-09-06,2024-09-06,0001193125-24-215264,"1.01,2.01,2.03,3.02,3.03,5.01,5.02,5.03,7.01,9.01",3533,8-K
1862935,Currenc Group Inc.,"CURR, IFIN",2024-08-30,2024-09-06,0001493152-24-035327,"1.01,2.01,2.03,3.02,3.03,5.01,5.02,5.03,5.06,9.01",7389,8-K
1502292,"Conifer Holdings, Inc.","CNFR, CNFRZ",2024-08-30,2024-09-06,0001140361-24-040472,"1.01,2.01,5.02,7.01,8.01,9.01",6331,8-K
1930313,SBC Medical Group Holdings Inc,"SBC, SBCWW",2024-09-17,2024-09-20,0001213900-24-080668,"1.01,2.01,3.03,4.01,5.01,5.02,5.03,5.05,5.06,7.01,8.01,9.01",8011,8-K
1840317,VEEA INC.,"PLMI, VEEA, PLMIU, PLMIW, VEEAW",2024-09-13,2024-09-24,0001213900-24-081217,"1.01,2.01,3.02,3.03,4.01,5.01,5.02,5.06,8.01,9.01",7373,8-K
1835681,"POWERSCHOOL HOLDINGS, INC.",PWSC,2024-10-01,2024-10-01,0001193125-24-230179,"1.01,1.02,2.01,2.03,3.01,3.03,5.01,5.02,5.03,8.01,9.01",7372,8-K
7332,SOUTHWESTERN ENERGY CO,SWN,2024-10-01,2024-10-01,0001104659-24-104962,"1.01,1.02,2.01,3.01,3.03,5.01,5.02,7.01,9.01",1311,8-K
895126,EXPAND ENERGY Corp,"CHK, CHKEL, CHKEW, CHKEZ",2024-10-01,2024-10-01,0001104659-24-104976,"1.01,2.01,2.03,5.02,5.03,7.01,9.01",1311,8-K
1419536,Capital Bancorp Inc,CBNK,2024-10-01,2024-10-01,0001140361-24-042414,"2.01,5.02,8.01,9.01",6021,8-K
1308208,"UNIVERSAL LOGISTICS HOLDINGS, INC.",ULH,2024-09-30,2024-10-01,0000950170-24-110557,"1.01,2.01,2.03,7.01,9.01",4213,8-K
1085869,PERFICIENT INC,PRFT,2024-10-02,2024-10-02,0001193125-24-230795,"1.01,1.02,2.01,3.01,3.03,5.01,5.02,5.03,8.01,9.01",7371,8-K
2013807,Foxx Development Holdings Inc.,"FOXX, FOXXW",2024-09-26,2024-10-02,0001213900-24-084719,"1.01,2.01,3.01,3.02,3.03,5.01,5.02,5.03,5.05,5.06,9.01",3576,8-K
1637715,"OnKure Therapeutics, Inc.",RPHM,2024-10-04,2024-10-08,0001193125-24-234487,"2.01,3.02,3.03,5.01,5.02,5.03,5.05,5.06,7.01,9.01",2834,8-K
2001557,"Innventure, Inc.","INV, INVLW",2024-10-02,2024-10-09,0001140361-24-043179,"1.01,2.01,3.02,3.03,4.01,5.01,5.02,5.03,5.05,5.06,9.01",6770,8-K
61398,TELLURIAN INC. /DE/,"TELL, TELZ",2024-10-08,2024-10-09,0001104659-24-107216,"2.01,3.01,3.03,5.01,5.02,5.03,7.01,9.01",1311,8-K
766421,"ALASKA AIR GROUP, INC.",ALK,2024-10-15,2024-10-15,0000766421-24-000075,"1.01,2.01,2.03,8.01,9.01",4512,8-K
1668673,"PetIQ, Inc.",PETQ,2024-10-25,2024-10-25,0001104659-24-111319,"1.01,1.02,2.01,3.01,3.03,5.01,5.02,5.03,8.01,9.01",5122,8-K
41719,Magnera Corp,GLT,2024-11-04,2024-11-05,0001104659-24-114009,"1.01,1.02,2.01,2.03,4.01,5.01,5.02,5.03,5.05,7.01,8.01,9.01",2621,8-K
1854480,DevvStream Corp.,"DEVS, FIAC, FIACU",2024-11-06,2024-11-13,0001140361-24-046512,"1.01,2.01,2.03,3.02,3.03,5.01,5.02,5.03,5.05,7.01,8.01,9.01",6799,8-K
1866550,"Thoughtworks Holding, Inc.",TWKS,2024-11-13,2024-11-13,0001213900-24-097457,"2.01,3.01,3.03,5.02,5.03,7.01,9.01",7371,8-K
2000640,Damon Inc.,DMN,2024-11-12,2024-11-18,0001213900-24-099365,"1.01,2.01,2.03,3.02,3.03,5.01,5.02,5.03,7.01,8.01,9.01",7371,8-K
1910851,R1 RCM Inc. /DE,RCM,2024-11-19,2024-11-19,0001193125-24-261654,"1.01,1.02,2.01,2.03,3.01,3.03,5.01,5.02,5.03,8.01,9.01",8741,8-K
858655,HAYNES INTERNATIONAL INC,HAYN,2024-11-21,2024-11-21,0001104659-24-121366,"1.02,2.01,3.01,3.03,5.01,5.02,5.03,8.01,9.01",3310,8-K
1337619,"ENVESTNET, INC.",ENV,2024-11-25,2024-11-25,0001213900-24-101828,"1.01,1.02,2.01,2.03,3.01,3.03,5.01,5.02,5.03,8.01,9.01",7389,8-K
1893219,"Abpro Holdings, Inc.","ABP, ACAB, ABPWW, ACABU, ACABW",2024-11-12,2024-11-26,0001213900-24-102382,"1.01,2.01,2.03,3.02,3.03,5.01,5.02,5.03,5.06,9.01",2836,8-K
1835591,Vizio Holding Corp.,VZIO,2024-12-03,2024-12-03,0001193125-24-269483,"2.01,3.01,3.03,4.01,5.01,5.02,5.03,8.01,9.01",3651,8-K
1843993,"Thunder Bridge Capital Partners IV, Inc.","THCP, THCPU, THCPW",2024-12-10,2024-12-10,0001213900-24-107527,"1.01,1.02,2.01,3.01,3.03,5.01,5.02,8.01,9.01",6770,8-K
1131903,SPECTRAL CAPITAL Corp,FCCN,2024-12-10,2024-12-11,0001096906-24-002251,"1.01,2.01,9.01",7374,8-K
2028336,NEW ERA HELIUM INC.,"NEHC, NEHCW",2024-12-06,2024-12-12,0001104659-24-128000,"1.01,2.01,3.03,4.01,5.01,5.02,5.03,5.05,5.06,7.01,9.01",1311,8-K
1583648,"PALVELLA THERAPEUTICS, INC.",PIRS,2024-12-13,2024-12-16,0001437749-24-037515,"1.01,2.01,3.02,3.03,5.01,5.02,5.03,5.05,5.06,8.01,9.01",2834,8-K
1781870,"New Mountain Guardian III BDC, L.L.C.",,2024-12-18,2024-12-19,0001628280-24-051942,"1.02,2.01,3.03,5.01,5.02,9.01",,8-K
1862463,"ALPHA MODUS HOLDINGS, INC.","AMOD, AMODW, INAQU, INAQW",2024-12-13,2024-12-19,0001493152-24-050829,"1.01,2.01,3.02,3.03,4.01,5.01,5.02,5.03,5.06,9.01",6794,8-K
1845123,"AleAnna, Inc.","ANNA, IVCP, ANNAW, IVCPU, IVCPW",2024-12-13,2024-12-19,0001213900-24-110260,"1.01,2.01,3.02,3.03,4.01,5.01,5.02,5.03,5.05,5.06,7.01,8.01,9.01",1311,8-K
65759,MICROPAC INDUSTRIES INC,MPAD,2024-12-30,2024-12-30,0001493152-24-052497,"1.02,2.01,3.03,5.01,5.02,5.03,7.01,8.01,9.01",3674,8-K
1564618,"Independent Bank Group, Inc.",IBTX,2024-12-31,2025-01-02,0000950103-25-000002,"1.02,2.01,3.01,3.03,5.01,5.02,5.03,9.01",6022,8-K
1656634,"Gritstone bio, Inc.",GRTSQ,2024-12-30,2025-01-03,0001193125-25-001488,"1.01,1.03,2.01,5.02,9.01",2836,8-K
2028293,"Rain Enhancement Technologies Holdco, Inc.",RAIN,2024-12-31,2025-01-07,0001213900-25-001708,"1.01,2.01,2.03,3.02,3.03,5.01,5.02,5.03,5.05,5.06,9.01",3590,8-K
1994624,ScanTech AI Systems Inc.,STAI,2025-01-02,2025-01-08,0001104659-25-002113,"1.01,2.01,3.01,3.02,3.03,5.01,5.02,5.03,5.05,5.06,9.01",3825,8-K
1563190,"Compass, Inc.",COMP,2025-01-13,2025-01-13,0001563190-25-000013,"2.01,9.01",7371,8-K
1868269,Chenghe Acquisition I Co.,"LATG, LATGF, LATGU",2025-01-15,2025-01-15,0001104659-25-003788,"1.01,1.02,2.01,3.01,3.03,5.01,5.02,8.01,9.01",6770,8-K
1037676,"ARCH RESOURCES, INC.",ARCH,2025-01-13,2025-01-15,0001104659-25-003782,"1.01,1.02,2.01,3.01,3.03,5.01,5.02,5.03,7.01,8.01,9.01",1221,8-K
1517006,"Gatos Silver, Inc.",GATO,2025-01-16,2025-01-16,0001193125-25-007425,"1.02,2.01,3.01,3.03,5.01,5.02,5.03,9.01",1040,8-K
1871638,"Blaize Holdings, Inc.","BRKH, BRKHU, BRKHW",2025-01-13,2025-01-17,0001193125-25-008517,"1.01,2.01,3.02,3.03,4.01,5.01,5.02,5.03,5.05,5.06,8.01,9.01",3674,8-K
1366561,SMARTSHEET INC,SMAR,2025-01-22,2025-01-22,0001628280-25-002101,"1.01,2.01,3.01,3.03,5.01,5.02,5.03,8.01,9.01",7372,8-K
1454938,Outbrain Inc.,OB,2025-02-03,2025-02-03,0001140361-25-002802,"1.01,1.02,2.01,2.02,2.03,2.05,3.02,5.02,5.03,7.01,9.01",7370,8-K
101382,UMB FINANCIAL CORP,UMBF,2025-01-31,2025-02-03,0001193125-25-018885,"2.01,2.03,3.03,5.02,5.03,7.01,8.01,9.01",6021,8-K
704562,"Avid Bioservices, Inc.",CDMO,2025-02-05,2025-02-05,0001140361-25-003194,"1.01,2.01,3.01,3.03,5.01,5.02,5.03,8.01,9.01",2834,8-K/A
1889123,"Fold Holdings, Inc.","FLDD, FLDDU, FLDDW",2025-02-14,2025-02-14,0001213900-25-014354,"1.01,2.01,3.03,4.01,5.01,5.02,5.03,5.05,5.06,8.01,9.01",6199,8-K
1847607,RF Acquisition Corp.,"RFAC, RFACR, RFACU, RFACW",2025-02-13,2025-02-14,0001104659-25-014276,"1.02,2.01,3.01,3.03,5.01,5.02,9.01",6770,8-K
1840425,"OSR Holdings, Inc.","BLAC, BLACR, BLACU, BLACW",2025-02-14,2025-02-21,0001213900-25-016100,"1.01,2.01,3.03,5.01,5.02,5.03,5.06,9.01",3841,8-K
1847345,"Aspire Biopharma Holdings, Inc.","PWUP, PWUPU, PWUPW",2025-02-17,2025-02-21,0001493152-25-007898,"1.01,2.01,2.03,3.02,3.03,4.01,5.01,5.02,5.03,5.05,5.06,7.01,9.01",2834,8-K
1458412,"CROSSFIRST BANKSHARES, INC.",CFB,2025-03-01,2025-03-03,0001104659-25-019506,"2.01,3.01,3.03,5.01,5.02,5.03,9.01",6022,8-K
314489,FIRST BUSEY CORP /NV/,BUSE,2025-03-01,2025-03-03,0001104659-25-019504,"2.01,3.03,5.02,5.03,8.01,9.01",6022,8-K
203596,WESBANCO INC,"WSBC, WSBCP",2025-02-28,2025-03-03,0001193125-25-043531,"2.01,5.02,8.01,9.01",6021,8-K
1880343,"Fresh Vine Wine, Inc.",VINE,2025-03-07,2025-03-10,0001554795-25-000054,"1.01,1.02,2.01,3.02,5.02,5.03,7.01,9.01",5812,8-K
1163739,NABORS INDUSTRIES LTD,"NBR, NBRWF",2025-03-11,2025-03-12,0001104659-25-022754,"1.01,1.02,2.01,2.03,7.01,9.01",1381,8-K
1754068,"Kalaris Therapeutics, Inc.",ALVR,2025-03-18,2025-03-18,0001193125-25-056725,"2.01,2.02,5.01,5.02,5.03,5.06,7.01,9.01",2836,8-K
1970622,"USA Rare Earth, Inc.","IPXX, USAR, IPXXU, IPXXW, USARW",2025-03-13,2025-03-19,0001213900-25-025163,"1.01,2.01,3.02,3.03,5.01,5.02,5.03,5.05,5.06,7.01,9.01",1000,8-K
1713863,"Rafael Holdings, Inc.",RFL,2025-03-25,2025-03-26,0001013762-25-002413,"2.01,5.02,8.01,9.01",2834,8-K
1851277,Carlyle Secured Lending III,,2025-03-26,2025-03-28,0001193125-25-065939,"2.01,3.03,5.01,5.02,7.01,9.01",,8-K
1544206,"Carlyle Secured Lending, Inc.","CGBD, CGBDL",2025-03-26,2025-03-28,0001193125-25-065938,"1.01,2.01,3.02,5.07,7.01,9.01",,8-K
824410,SANDY SPRING BANCORP INC,SASR,2025-04-01,2025-04-01,0001104659-25-030581,"2.01,3.01,3.03,5.01,5.02,5.03,9.01",6021,8-K
1290476,Village Bank & Trust Financial Corp.,VBFC,2025-04-01,2025-04-01,0001558370-25-004237,"2.01,3.01,3.03,5.01,5.02,5.03,9.01",6022,8-K
1444380,NEVRO CORP,NVRO,2025-04-01,2025-04-03,0001193125-25-071904,"1.02,2.01,3.01,3.03,5.01,5.02,5.03,8.01,9.01",3841,8-K
1481646,"Accolade, Inc.",ACCD,2025-04-08,2025-04-08,0001140361-25-012719,"1.01,2.01,3.01,3.03,5.01,5.02,5.03,9.01",7389,8-K
2022308,"Classover Holdings, Inc.","KIDZ, KIDZW",2025-04-04,2025-04-10,0001929980-25-000257,"1.01,1.02,2.01,3.02,3.03,5.01,5.02,5.03,5.06,9.01",8200,8-K
1965052,Marblegate Capital Corp,,2025-04-07,2025-04-11,0001193125-25-079142,"1.01,2.01,3.01,3.03,5.01,5.02,5.03,5.06,8.01,9.01",6199,8-K
1912461,SK Growth Opportunities Corp,"SKGR, SKGRU, SKGRW",2025-04-10,2025-04-14,0001213900-25-031274,"1.01,2.01,3.01,3.03,5.01,5.02,9.01",6770,8-K
1346830,"Tvardi Therapeutics, Inc.",CARA,2025-04-15,2025-04-15,0001104659-25-035121,"1.01,2.01,3.03,5.01,5.02,5.03,5.05,5.06,7.01,8.01,9.01",2834,8-K
849399,Gen Digital Inc.,GEN,2025-04-17,2025-04-17,0001140361-25-014313,"1.01,2.01,2.03,9.01",7372,8-K
1531978,"Paragon 28, Inc.",FNA,2025-04-17,2025-04-21,0000950157-25-000330,"1.02,2.01,3.01,3.03,5.01,5.02,5.03,9.01",3841,8-K
1378992,"BERRY GLOBAL GROUP, INC.",BERY,2025-04-30,2025-04-30,0001104659-25-042492,"1.02,2.01,3.01,3.03,5.01,5.02,5.03,9.01",3089,8-K
1471727,"SRx Health Solutions, Inc.",BTTR,2025-04-24,2025-04-30,0001641172-25-007917,"2.01,3.02,5.01,5.02,5.03,8.01,9.01",2080,8-K
1748790,Amcor plc,"AMCR, AMCCF",2025-04-30,2025-04-30,0001104659-25-042520,"2.01,5.02,7.01,9.01",3990,8-K
1798749,"Jade Biosciences, Inc.",AVTE,2025-04-28,2025-05-01,0001193125-25-110004,"1.01,2.01,2.02,3.03,4.01,5.01,5.02,5.03,5.05,5.06,7.01,9.01",2834,8-K
1389050,"Archrock, Inc.",AROC,2025-05-01,2025-05-01,0001104659-25-043521,"1.01,2.01,3.02,7.01,9.01",4922,8-K
1971387,"Liminatus Pharma, Inc.","LIMN, LIMNW",2025-04-30,2025-05-06,0001104659-25-045127,"1.01,2.01,3.02,3.03,4.01,5.01,5.02,5.03,5.05,5.06,7.01,8.01,9.01",2836,8-K
1956055,Bukit Jalil Global Acquisition 1 Ltd.,"BUJA, BUJAR, BUJAU, BUJAW",2025-05-12,2025-05-12,0001929980-25-000412,"1.01,1.02,2.01,3.01,3.03,5.01,5.02,5.03,8.01,9.01",6770,8-K
1393612,Discover Financial Services,DFS,2025-05-18,2025-05-19,0001193125-25-122107,"2.01,3.01,3.03,5.01,5.02,5.03,9.01",6141,8-K
1494650,"OptiNose, Inc.",OPTN,2025-05-21,2025-05-21,0001104659-25-051326,"1.02,2.01,3.01,3.03,5.01,5.02,5.03,8.01,9.01",2834,8-K
712771,"ConnectOne Bancorp, Inc.","CNOB, CNOBP",2025-06-01,2025-06-02,0001437749-25-019064,"2.01,5.02,8.01,9.01",6022,8-K
1842937,Red Rock Acquisition Corp.,"HCVI, HCVIU, HCVIW",2025-06-05,2025-06-05,0001213900-25-051570,"1.01,1.02,2.01,3.01,3.03,5.01,5.02,5.03,9.01",6770,8-K
2025065,Black Spade Acquisition II Co,"BSII, BSIIU, BSIIW",2025-06-03,2025-06-05,0001104659-25-056485,"1.01,1.02,2.01,3.01,3.03,5.01,5.02,7.01,9.01",6770,8-K
2019793,"XCF Global, Inc.",SAFX,2025-06-12,2025-06-12,0001140361-25-022325,"1.01,2.01,3.02,3.03,5.01,5.02,5.03,5.05,5.06,7.01,9.01",2860,8-K
1253689,GLYCOMIMETICS INC,GLYC,2025-06-13,2025-06-18,0001104659-25-060714,"1.01,2.01,2.02,3.03,4.01,5.01,5.02,5.03,5.05,5.06,7.01,9.01",2834,8-K
2033770,"CID Holdco, Inc.",DAIC,2025-06-18,2025-06-26,0001213900-25-057972,"1.01,2.01,3.02,3.03,4.01,5.01,5.02,5.03,5.06,8.01,9.01",7373,8-K
1760903,"Safety Shot, Inc.","SHOT, SHOTW",2025-06-27,2025-06-27,0001641172-25-016825,"2.01,2.03,2.04,3.02,5.02,7.01,9.01",2844,8-K
1593548,"PlayAGS, Inc.",AGS,2025-06-30,2025-06-30,0001193125-25-152781,"1.01,1.02,2.01,2.03,3.01,3.03,5.01,5.02,5.03,8.01,9.01",3990,8-K
776901,INDEPENDENT BANK CORP,INDB,2025-07-01,2025-07-01,0000776901-25-000237,"2.01,2.03,5.02,7.01,9.01",6022,8-K
1919246,Pelthos Therapeutics Inc.,CHRO,2025-07-01,2025-07-02,0001753926-25-001055,"1.01,2.01,2.03,3.02,3.03,5.01,5.02,5.03,8.01,9.01",2836,8-K
1996862,Bunge Global SA,BG,2025-07-02,2025-07-02,0001104659-25-065405,"1.01,2.01,5.02,7.01,9.01",2070,8-K
1794669,"Shift4 Payments, Inc.","FOUR, FOUR-PA",2025-07-03,2025-07-03,0001193125-25-155254,"1.01,2.01,2.03,7.01,9.01",7389,8-K
1866001,JVSPAC Acquisition Corp.,"JVSA, JVSAR, JVSAU",2025-06-30,2025-07-09,0001213900-25-062164,"1.01,1.02,2.01,3.01,3.03,5.01,5.02,9.01",6770,8-K
1818605,Distoken Acquisition Corp,,2025-07-09,2025-07-15,0001641172-25-019753,"1.01,2.01,3.03,5.01,5.02,5.03,9.01",6770,8-K
2038439,"VisionWave Holdings, Inc.",VWAV,2025-07-14,2025-07-15,0001731122-25-000977,"1.01,2.01,3.03,5.01,5.02,5.03,5.06,7.01,9.01",7372,8-K
1571329,Logan Ridge Finance Corp.,LRFC,2025-07-15,2025-07-16,0001628280-25-035073,"1.02,2.01,3.01,3.03,5.01,5.02,8.01,9.01",,8-K
4447,HESS CORP,HES,2025-07-18,2025-07-18,0000950142-25-001950,"1.02,2.01,3.01,3.03,5.01,5.02,5.03,9.01",2911,8-K
1859807,"Profusa, Inc.","NVAC, PFSA, NVACR, NVACW",2025-07-11,2025-07-18,0001213900-25-065686,"1.01,2.01,2.03,3.02,3.03,5.01,5.02,5.06,8.01,9.01",3841,8-K
2051380,GrabAGun Digital Holdings Inc.,"PEW, PEW-WT",2025-07-15,2025-07-18,0001213900-25-065768,"1.01,2.01,3.03,4.01,5.01,5.02,5.03,5.05,5.06,5.07,8.01,9.01",5940,8-K
1471265,"Northwest Bancshares, Inc.",NWBI,2025-07-25,2025-07-28,0001471265-25-000123,"2.01,5.02,8.01,9.01",6021,8-K
716605,PENNS WOODS BANCORP INC,PWOD,2025-07-24,2025-07-28,0001104659-25-071025,"2.01,3.01,3.03,5.01,5.02,5.03,9.01",6022,8-K
1835579,"ImageneBio, Inc.",IKNA,2025-07-25,2025-07-29,0001193125-25-167089,"1.01,2.01,3.02,3.03,5.01,5.02,5.03,5.06,7.01,9.01",2836,8-K
1620280,Uniti Group Inc.,UNIT,2025-08-01,2025-08-01,0000950103-25-009717,"2.01,3.01,3.03,5.01,5.02,5.03,8.01,9.01",6798,8-K
779227,STEELE BANCORP INC,MIFF,2025-08-01,2025-08-01,0001437749-25-024286,"2.01,5.02,5.03,9.01",6022,8-K
1869105,"BridgeBio Oncology Therapeutics, Inc.",HLXB,2025-08-11,2025-08-13,0001213900-25-075190,"1.01,2.01,3.02,3.03,4.01,5.01,5.02,5.03,5.05,5.06,7.01,8.01,9.01",2834,8-K
96793,SUNLINK HEALTH SYSTEMS INC,SSY,2025-08-14,2025-08-14,0001641172-25-024195,"2.01,3.01,3.03,5.01,5.02,8.01,9.01",8062,8-K
1004724,"REGIONAL HEALTH PROPERTIES, INC","RHEP, RHEPA, RHEPB",2025-08-14,2025-08-14,0001641172-25-024187,"1.01,2.01,2.03,3.03,5.02,8.01,9.01",6519,8-K
1946573,"Kindly MD, Inc.","NAKA, NAKAW",2025-08-11,2025-08-15,0001213900-25-077579,"1.01,2.01,2.03,3.01,3.02,3.03,5.01,5.02,5.03,5.05,7.01,8.01,9.01",8000,8-K
727207,"Accelerate Diagnostics, Inc",AXDXQ,2025-08-08,2025-08-18,0001104659-25-079855,"1.01,1.03,2.01,9.01",3826,8-K
316253,ENZO BIOCHEM INC,ENZB,2025-08-20,2025-08-20,0001213900-25-078736,"2.01,3.01,3.03,5.01,5.02,5.03,9.01",2836,8-K
1210708,"Hudson Global, Inc.",HSON,2025-08-22,2025-08-22,0001193125-25-185799,"2.01,5.02,7.01,9.01",7363,8-K
707388,"STAR EQUITY HOLDINGS, INC.","STRR, STRRP",2025-08-22,2025-08-22,0001193125-25-185785,"2.01,3.01,3.03,5.01,5.02,7.01,9.01",3845,8-K
1899883,FTAI Infrastructure Inc.,FIP,2025-08-25,2025-08-25,0001140361-25-032534,"1.01,1.02,2.01,2.03,3.02,3.03,8.01,9.01",4011,8-K
1618921,"Walgreens Boots Alliance, Inc.",WBA,2025-08-28,2025-08-28,0001193125-25-190603,"1.01,1.02,2.01,3.01,3.03,5.01,5.02,5.03,8.01,9.01",5912,8-K
1410098,CorMedix Inc.,CRMD,2025-08-28,2025-09-02,0001213900-25-082956,"1.01,2.01,3.02,5.02,7.01,9.01",2834,8-K
1518715,Mechanics Bancorp,HMST,2025-08-26,2025-09-02,0001140361-25-033560,"1.01,2.01,3.02,3.03,5.01,5.02,5.03,8.01,9.01",6022,8-K
1108134,Beacon Financial Corp,BHLB,2025-09-01,2025-09-02,0001104659-25-086043,"2.01,2.03,3.01,5.02,5.03,8.01,9.01",6036,8-K
1049782,BROOKLINE BANCORP INC,BRKL,2025-09-01,2025-09-02,0001104659-25-086054,"2.01,3.01,3.03,5.01,5.02,5.03,9.01",6035,8-K
1755953,"Gryphon Digital Mining, Inc.",GRYP,2025-09-02,2025-09-03,0001213900-25-083726,"1.01,1.02,2.01,3.02,3.03,5.01,5.02,5.03,5.05,7.01,8.01,9.01",6199,8-K
1089063,"DICK'S SPORTING GOODS, INC.",DKS,2025-09-08,2025-09-08,0001140361-25-034244,"2.01,7.01,9.01",5940,8-K
2066659,"Beach Acquisition Co Parent, LLC",,2025-09-12,2025-09-12,0000950142-25-002428,"1.01,2.01,2.03,5.02,5.03,8.01,9.01",3140,8-K
1920406,"Strive, Inc.",ASST,2025-09-08,2025-09-12,0001213900-25-087278,"1.01,1.02,2.01,2.04,3.02,3.03,5.01,5.02,5.03,5.05,7.01,8.01,9.01",6199,8-K
1065837,SKECHERS USA INC,SKX,2025-09-12,2025-09-12,0001193125-25-201846,"1.01,2.01,2.03,3.01,3.02,3.03,5.01,5.02,5.03,8.01,9.01",3140,8-K
1865200,"Angel Studios, Inc.","ANGX, PORT, PORTU, PORTW",2025-09-10,2025-09-16,0001104659-25-090427,"1.01,2.01,3.03,5.01,5.02,5.03,5.06,9.01",7812,8-K
2051820,Mount Logan Capital Inc.,MLCI,2025-09-12,2025-09-16,0002051820-25-000124,"2.01,2.03,3.03,5.01,5.02,5.03,7.01,9.01",6282,8-K
1913577,"Semnur Pharmaceuticals, Inc.","SMNR, DNQAF, DNQUF, DNQWF",2025-09-22,2025-09-26,0001193125-25-220455,"1.01,2.01,2.03,3.02,3.03,4.01,5.01,5.02,5.03,5.05,5.06,7.01,8.01,9.01",2834,8-K
1853138,"Kodiak AI, Inc.","AACT, AACT-UN, AACT-WT",2025-09-24,2025-09-30,0001193125-25-225299,"1.01,2.01,3.01,3.02,3.03,4.01,5.01,5.02,5.03,5.05,5.06,7.01,8.01,9.01",7373,8-K
1904286,"MIRA PHARMACEUTICALS, INC.",MIRA,2025-09-29,2025-09-30,0001493152-25-016168,"1.01,2.01,3.02,8.01,9.01",2834,8-K
1838406,BKV Corp,BKV,2025-09-26,2025-10-01,0001104659-25-095671,"1.01,2.01,2.03,3.02,7.01,9.01",1311,8-K
910267,TITAN PHARMACEUTICALS INC,TTNP,2025-10-01,2025-10-01,0001829126-25-007823,"2.01,3.03,5.01,5.02,9.01",2836,8-K
810958,CITIZENS & NORTHERN CORP,CZNC,2025-10-01,2025-10-01,0001104659-25-095389,"2.01,5.02,8.01,9.01",6022,8-K
1671284,"NeueHealth, Inc.",NEUE,2025-09-26,2025-10-02,0001104659-25-095898,"1.01,2.01,2.03,3.01,3.02,3.03,5.01,5.02,7.01,9.01",6324,8-K
1901203,CN Healthy Food Tech Group Corp.,"IROH, IROHR, IROHU, IROHW",2025-09-30,2025-10-06,0001213900-25-096652,"1.01,2.01,3.02,3.03,5.01,5.02,5.03,5.05,5.06,8.01,9.01",2000,8-K
1769759,Monogram Technologies Inc.,MGRM,2025-10-07,2025-10-07,0001104659-25-097530,"2.01,3.01,3.03,5.01,5.02,5.03,8.01,9.01",3841,8-K
2067627,Terra Innovatum Global N.V.,NKLR,2025-10-09,2025-10-16,0001213900-25-099636,"1.01,2.01,3.02,3.03,5.02,5.05,7.01,9.01",3443,8-K
1448597,AUGUSTA GOLD CORP.,AUGG,2025-10-23,2025-10-23,0000950157-25-000885,"2.01,3.03,5.01,5.02,5.03,7.01,8.01,9.01",1000,8-K
2033383,Fusemachines Inc.,FUSE,2025-10-22,2025-10-29,0001493152-25-019927,"1.01,2.01,3.02,3.03,5.01,5.02,5.03,5.05,5.06,7.01,9.01",7373,8-K
1879103,"CFSB Bancorp, Inc. /MA/",CFSB,2025-10-31,2025-11-03,0000943374-25-000455,"2.01,3.01,3.03,5.01,5.02,5.03,9.01",6035,8-K
2019804,Terrestrial Energy Inc. /DE/,"HOND, HONDU, HONDW",2025-10-28,2025-11-03,0001213900-25-105304,"1.01,2.01,3.02,3.03,5.01,5.02,5.03,5.05,5.06,9.01",3443,8-K
1005817,TOMPKINS FINANCIAL CORP,TMP,2025-10-31,2025-11-03,0001005817-25-000043,"1.01,2.01,5.02,7.01,8.01,9.01",6022,8-K
793952,"HARLEY-DAVIDSON, INC.",HOG,2025-10-31,2025-11-06,0001104659-25-107721,"1.01,2.01,9.01",3751,8-K
1567892,Mallinckrodt plc,,2025-11-10,2025-11-10,0001104659-25-109241,"1.01,1.02,2.01,8.01,9.01",2834,8-K
104894,Elme Communities,ELME,2025-11-12,2025-11-13,0001104659-25-110656,"1.01,1.02,2.01,2.03,5.01,7.01,9.01",6798,8-K
711669,COLONY BANKCORP INC,CBAN,2025-12-01,2025-12-01,0001104659-25-117152,"2.01,8.01,9.01",6022,8-K
887151,Capstone Holding Corp.,CAPS,2025-11-30,2025-12-02,0001213900-25-116968,"1.01,2.01,2.03,8.01,9.01",5030,8-K
1106838,"Sonnet BioTherapeutics Holdings, Inc.",SONN,2025-12-02,2025-12-03,0001493152-25-025884,"2.01,3.01,3.02,3.03,5.01,5.02,5.03,5.07,7.01,9.01",2834,8-K
2078856,Hyperliquid Strategies Inc,HYPS,2025-12-02,2025-12-03,0001493152-25-025886,"1.01,2.01,3.02,3.03,5.01,5.02,5.03,5.05,7.01,8.01,9.01",6199,8-K
95552,SUPERIOR INDUSTRIES INTERNATIONAL INC,SSUP,2025-12-08,2025-12-08,0001140361-25-044874,"1.01,2.01,2.03,3.03,5.01,5.02,5.03,7.01,9.01",3714,8-K
2076163,"ProCap Financial, Inc.",,2025-12-05,2025-12-11,0001213900-25-120791,"1.01,2.01,2.03,3.02,3.03,5.01,5.02,5.03,5.05,5.06,7.01,9.01",6199,8-K
2070457,"Twenty One Capital, Inc.",XXI,2025-12-08,2025-12-12,0001213900-25-121293,"1.01,2.01,2.03,3.02,3.03,5.01,5.02,5.03,5.05,5.06,9.01",6199,8-K
1417892,Emeren Group Ltd,SOL,2025-12-12,2025-12-15,0001104659-25-120808,"2.01,3.01,3.03,5.01,5.03,8.01,9.01",4931,8-K
1425287,Workhorse Group Inc.,WKHS,2025-12-15,2025-12-15,0001213900-25-121720,"1.01,1.02,2.01,2.03,3.02,3.03,5.01,5.02,5.03,7.01,9.01",3711,8-K
1937891,AMC Robotics Corp,"AMCI, ATMV, ATMVR, ATMVU",2025-12-09,2025-12-16,0001493152-25-027820,"1.01,1.02,2.01,3.02,3.03,5.01,5.02,5.03,5.06,9.01",5700,8-K
353184,AIR T INC,"AIRT, AIRTP",2025-12-18,2025-12-18,0000353184-25-000140,"1.01,2.01,2.03,9.01",4513,8-K
2044112,Uinta Infrastructure Group Corp.,,2025-12-12,2025-12-19,0001213900-25-123435,"1.01,2.01,2.03,3.02,3.03,5.01,5.02,5.03,5.06,7.01,9.01",6500,8-K
2068385,"SharonAI Holdings, Inc.",,2025-12-14,2025-12-22,0001829126-25-010236,"1.01,2.01,3.02,3.03,5.01,5.02,5.03,5.05,5.06,7.01,9.01",7374,8-K
67215,DYCOM INDUSTRIES INC,DY,2025-12-23,2025-12-23,0001193125-25-330970,"1.01,2.01,2.03,7.01,9.01",1623,8-K
708955,FIRST FINANCIAL BANCORP /OH/,FFBC,2025-12-31,2026-01-02,0000708955-26-000002,"2.01,8.01,9.01",6021,8-K
1115055,PINNACLE FINANCIAL PARTNERS INC,"PNFP, PNFPP",2026-01-02,2026-01-02,0001115055-26-000002,"2.01,3.01,3.03,5.01,5.02,5.03,8.01,9.01",6021,8-K
18349,SYNOVUS FINANCIAL CORP,"SNV, SNV-PD, SNV-PE",2026-01-01,2026-01-02,0001140361-26-000049,"2.01,3.01,3.03,5.01,5.02,5.03,8.01,9.01",6021,8-K
1303942,BankFinancial CORP,BFIN,2026-01-01,2026-01-02,0001437749-26-000013,"2.01,3.01,3.03,5.01,5.02,5.03,9.01",6035,8-K
1477815,"Sweetgreen, Inc.",SG,2025-12-29,2026-01-05,0001628280-26-000636,"2.01,7.01,9.01",5812,8-K
1519449,"Skyward Specialty Insurance Group, Inc.",SKWD,2026-01-06,2026-01-06,0001519449-26-000002,"1.01,2.01,2.03,3.02,9.01",6331,8-K
2025878,TriUnity Business Services Ltd,TYBB,2025-12-30,2026-01-07,0001477932-26-000074,"1.01,2.01,3.02,5.02,5.03,9.01",8700,8-K
1866226,Evolution Metals & Technologies Corp.,"EMAT, WTMA, WTMAR, WTMAU",2026-01-05,2026-01-09,0001213900-26-002600,"1.01,2.01,2.03,3.02,3.03,5.01,5.02,5.03,5.05,5.06,7.01,9.01",3690,8-K
1593222,"City Office REIT, Inc.","CIO, CIO-PA",2026-01-09,2026-01-09,0001193125-26-009080,"1.02,2.01,3.01,3.03,5.01,5.02,5.03,8.01,9.01",6798,8-K
932781,FIRST COMMUNITY CORP /SC/,FCCO,2026-01-06,2026-01-09,0001552781-26-000009,"2.01,5.02,8.01,9.01",6022,8-K
852772,DENNY'S Corp,DENN,2026-01-16,2026-01-16,0001193125-26-015085,"1.01,1.02,2.01,3.01,3.03,5.01,5.02,5.03,8.01,9.01",5812,8-K
1327318,"TrueCar, Inc.",TRUE,2026-01-21,2026-01-22,0001104659-26-005627,"2.01,3.01,3.03,5.01,5.02,5.03,8.01,9.01",7370,8-K
1046025,HERITAGE FINANCIAL CORP /WA/,HFWA,2026-01-31,2026-02-02,0001628280-26-004511,"2.01,7.01,9.01",6036,8-K
805676,PARK NATIONAL CORP /OH/,PRK,2026-02-01,2026-02-02,0000805676-26-000010,"2.01,5.02,8.01,9.01",6021,8-K
1062231,Dauch Corp,"AXL, DCH",2026-01-28,2026-02-03,0001104659-26-009503,"2.01,3.02,5.02,8.01,9.01",3714,8-K
1481582,Ryerson Holding Corp,RYI,2026-02-13,2026-02-13,0001193125-26-051335,"1.01,2.01,2.03,5.02,7.01,8.01,9.01",5051,8-K
2007825,Churchill Capital Corp X/Cayman,"CCCX, CCCXU, CCCXW",2026-02-13,2026-02-17,0001193125-26-053097,"1.01,2.01,3.02,3.03,5.01,5.02,5.03,5.05,5.06,8.01,9.01",7374,8-K
1301236,Sotherly Hotels Inc.,"SOHO, SOHOB, SOHON, SOHOO",2026-02-12,2026-02-18,0001193125-26-056144,"1.01,1.02,2.01,2.03,3.01,3.03,5.01,5.02,5.03,7.01,8.01,9.01",6798,8-K
1174850,NICOLET BANKSHARES INC,NIC,2026-02-13,2026-02-20,0001174850-26-000072,"2.01,5.02,7.01,9.01",6021,8-K
1412665,"MidWestOne Financial Group, Inc.",MOFG,2026-02-13,2026-02-20,0001412665-26-000015,"2.01,3.01,3.03,5.01,5.02,5.03,9.01",6022,8-K
2029118,"INFINITY NATURAL RESOURCES, INC.",INR,2026-02-18,2026-02-23,0001193125-26-064039,"1.01,2.01,2.03,3.02,3.03,5.02,5.03,7.01,9.01",1311,8-K
1567900,BLACKBOXSTOCKS INC.,BLBX,2026-02-24,2026-02-25,0001185185-26-000663,"1.01,2.01,3.02,3.03,5.01,5.02,5.03,5.05,7.01,8.01,9.01",1000,8-K
2064307,ContextLogic Holdings Inc.,"LOGC, LOGCD",2026-02-26,2026-02-26,0001140361-26-006990,"1.01,2.01,2.03,3.02,5.02,8.01,9.01",5961,8-K
2089283,Eagle Nuclear Energy Corp.,"NUCL, NUCLW",2026-02-24,2026-03-02,0001104659-26-022330,"1.01,2.01,3.02,3.03,5.01,5.02,5.03,5.05,5.06,7.01,9.01",1090,8-K
2083125,PRESIDIO PRODUCTION Co,,2026-03-04,2026-03-09,0001213900-26-025222,"1.01,2.01,2.03,3.01,3.02,3.03,4.01,5.01,5.02,5.03,5.05,5.06,8.01,9.01",1311,8-K
2062583,"MiniMed Group, Inc.",MMED,2026-03-05,2026-03-09,0001628280-26-016018,"1.01,2.01,2.03,3.02,3.03,5.02,5.03,7.01,9.01",3841,8-K
1043000,"SONIDA SENIOR LIVING, INC.",SNDA,2026-03-06,2026-03-11,0001193125-26-101103,"1.01,2.01,2.03,3.02,5.02,8.01,9.01",8050,8-K
2070542,"BlockchAIn Digital Infrastructure, Inc.",AIB,2026-03-12,2026-03-18,0001213900-26-030956,"1.01,2.01,3.03,4.01,5.02,5.03,5.05,7.01,9.01",6221,8-K
2028707,"Merlin, Inc.","BACQ, MRLN, BACQR, BACQU",2026-03-16,2026-03-20,0001213900-26-032329,"1.01,2.01,3.02,3.03,4.01,5.01,5.02,5.03,5.06,8.01,9.01",7373,8-K
1915380,"dMY Squared Technology Group, Inc.","DMYY, DMYYU, DMYYW",2026-03-19,2026-03-20,0001829126-26-002579,"1.01,2.01,5.01,5.02,5.03,9.01",6770,8-K
727510,"Viskase Holdings, Inc.",ENZN,2026-03-26,2026-03-26,0001104659-26-035301,"2.01,3.02,5.01,5.02,5.03,7.01,9.01",2836,8-K
1502377,"Contango ORE, Inc.",CTGO,2026-03-25,2026-03-27,0001193125-26-129496,"2.01,3.02,3.03,5.02,5.03,7.01,8.01,9.01",1040,8-K
2093507,Greenland Energy Co,GLND,2026-03-25,2026-03-27,0001829126-26-002797,"1.01,1.02,2.01,3.01,3.02,3.03,4.01,5.01,5.02,5.03,5.06,7.01,9.01",1381,8-K
2039497,"Resolute Holdings Management, Inc.",RHLD,2026-01-12,2026-03-30,0001104659-26-036936,"2.01,9.01",6199,8-K/A
2032341,"CYABRA, INC.",CYAB,2026-03-26,2026-03-31,0001213900-26-036722,"1.01,2.01,2.03,3.02,3.03,4.01,5.01,5.02,5.03,5.06,7.01,9.01",7372,8-K
1413837,First Foundation Inc.,FFWM,2026-04-01,2026-04-01,0001104659-26-038418,"2.01,3.01,3.03,5.01,5.02,5.03,9.01",6022,8-K
1137547,UNITED SECURITY BANCSHARES,UBFO,2026-04-01,2026-04-01,0001628280-26-022619,"2.01,3.01,3.03,5.01,5.02,7.01,9.01",6021,8-K
1846017,Blue Foundry Bancorp,BLFY,2026-04-01,2026-04-01,0001193125-26-135897,"2.01,3.01,3.03,5.01,5.02,5.03,9.01",6036,8-K
859737,HOLOGIC INC,HOLX,2026-04-07,2026-04-07,0001193125-26-144632,"1.01,1.02,2.01,3.01,3.03,5.01,5.02,5.03,7.01,9.01",3844,8-K
1487712,AIR LEASE CORP,AL,2026-04-08,2026-04-08,0001193125-26-147571,"1.01,1.02,2.01,2.03,3.01,3.03,5.01,5.02,5.03,8.01,9.01",7359,8-K
1792580,Ovintiv Inc.,OVV,2026-04-09,2026-04-09,0001193125-26-149823,"1.02,2.01,7.01,8.01,9.01",1311,8-K
1512931,MONROE CAPITAL Corp,MRCC,2026-04-14,2026-04-14,0001140361-26-014615,"1.02,2.01,3.01,3.03,5.01,5.02,5.03,9.01",,8-K
1487428,Horizon Technology Finance Corp,"HRZN, HTFC",2026-04-13,2026-04-14,0001140361-26-014610,"1.01,2.01,5.02,7.01,9.01",,8-K
2094433,"Suncrete, Inc.",RMIX,2026-04-08,2026-04-14,0001104659-26-043237,"1.01,2.01,3.02,3.03,4.01,5.01,5.02,5.03,5.05,5.06,9.01",3272,8-K
1970509,Haymaker Acquisition Corp. 4,"HYAC, HYAC-UN, HYAC-WT",2026-04-08,2026-04-14,0001104659-26-043241,"1.01,2.01,3.02,3.03,4.01,5.01,5.02,5.03,5.05,5.06,9.01",6770,8-K
1053352,HERITAGE COMMERCE CORP,HTBK,2026-04-16,2026-04-21,0001193125-26-167257,"2.01,3.01,3.03,5.01,5.02,5.03,9.01",6022,8-K
1971532,"Telomir Pharmaceuticals, Inc.",TELO,2026-04-22,2026-04-24,0001493152-26-018867,"1.01,2.01,3.02,9.01",2834,8-K
1646188,Ondas Inc.,ONDS,2026-04-24,2026-04-24,0001213900-26-047289,"2.01,3.02,8.01,9.01",3663,8-K
1048477,BIOMARIN PHARMACEUTICAL INC,BMRN,2026-04-27,2026-04-27,0001193125-26-179243,"1.01,2.01,2.03,7.01,9.01",2834,8-K
1590496,Aerkomm Inc.,,2026-03-11,2026-04-27,0001213900-26-047886,"1.01,2.01,9.01",4899,8-K
1756701,"LINKBANCORP, Inc.",LNKB,2026-05-01,2026-05-01,0000943374-26-000182,"2.01,3.01,3.03,5.01,5.02,5.03,9.01",6022,8-K
1549084,"EKSO BIONICS HOLDINGS, INC.",EKSO,2026-05-01,2026-05-05,0001493152-26-021330,"1.01,2.01,2.02,3.02,3.03,4.01,5.01,5.02,5.03,9.01",3569,8-K/A
1144879,Applied Digital Corp.,APLD,2026-05-01,2026-05-05,0001493152-26-021333,"1.01,2.01,7.01,9.01",7374,8-K
1711141,Leef Brands Inc.,LEEEF,2026-04-27,2026-05-05,0001493152-26-021267,"2.01,3.02,8.01,9.01",2833,8-K
1757499,"Shuttle Pharmaceuticals Holdings, Inc.",SHPH,2026-05-01,2026-05-07,0001493152-26-021767,"1.01,2.01,3.02,3.03,5.02,5.03,9.01",2834,8-K
1956439,Enhanced Group Inc.,"APAD, APADR, APADU",2026-05-06,2026-05-08,0001628280-26-032558,"1.01,2.01,3.01,3.02,3.03,4.01,5.01,5.02,5.03,5.05,5.06,7.01,9.01",7990,8-K
1651562,"Coursera, Inc.",COUR,2026-05-11,2026-05-11,0001140361-26-020399,"2.01,3.03,5.02,5.03,8.01,9.01",7372,8-K
2090646,Boost Run Inc.,"BRUN, BRUNW",2026-05-08,2026-05-14,0001493152-26-023208,"1.01,1.02,2.01,3.01,3.02,3.03,4.01,5.01,5.02,5.03,5.06,7.01,9.01",7374,8-K
794619,AMERICAN WOODMARK CORP,AMWD,2026-05-28,2026-05-28,0001193125-26-243155,"1.02,2.01,3.01,3.03,5.01,5.02,5.03,7.01,9.01",2430,8-K
1941365,"MasterBrand, Inc.",MBC,2026-05-28,2026-05-28,0001193125-26-243139,"2.01,2.03,5.02,7.01,9.01",2511,8-K
2023730,"Hadron Energy, Inc.","GIG, HDRN, GIGGU, GIGGW, HDRNW",2026-05-22,2026-06-01,0001193125-26-249151,"2.01,3.03,4.01,5.01,5.02,5.03,5.06,8.01,9.01",4911,8-K
1004702,OCEANFIRST FINANCIAL CORP,OCFC,2026-06-01,2026-06-01,0001193125-26-251758,"1.01,2.01,2.03,3.02,3.03,5.02,5.03,7.01,9.01",6021,8-K
3197,CECO ENVIRONMENTAL CORP,CECO,2026-06-01,2026-06-01,0001104659-26-068661,"2.01,2.03,5.02,5.03,7.01,9.01",3564,8-K
1591956,Sphere 3D Corp.,ANY,2026-05-29,2026-06-03,0001062993-26-003037,"1.01,2.01,3.02,3.03,5.02,5.03,7.01,9.01",6199,8-K
2049662,Factorial Energy Inc.,"CGCT, CGCTU, CGCTW",2026-06-05,2026-06-10,0001104659-26-072433,"1.01,2.01,3.02,3.03,4.01,5.01,5.02,5.03,5.05,5.06,7.01,8.01,9.01",3690,8-K
2002038,Legato Merger Corp. III,"LEGT, LEGT-UN, LEGT-WT",2026-06-09,2026-06-10,0001829126-26-006250,"1.01,1.02,2.01,3.01,3.03,5.01,5.02,5.06,7.01,9.01",6770,8-K
1643721,DATZ WORLD HOLDINGS CORP.,"LBUY, LBUYD",2026-06-08,2026-06-12,0001477932-26-003840,"1.01,2.01,3.02,5.01,5.02,5.03,9.01",8742,8-K
2092446,Avalanche Treasury Corp,AVAT,2026-06-11,2026-06-17,0001104659-26-075150,"1.01,2.01,3.02,3.03,5.01,5.02,5.03,5.05,5.06,9.01",6199,8-K
2048951,Teamshares Inc,"LOKV, LOKVU, LOKVW",2026-06-18,2026-06-25,0001193125-26-283064,"1.01,2.01,3.02,3.03,4.01,5.01,5.02,5.03,5.05,5.06,8.01,9.01",5900,8-K
2069692,Blue Owl Digital Infrastructure Trust,,2026-06-23,2026-06-29,0002069692-26-000042,"1.01,2.01,2.03,9.01",6798,8-K
1767837,"Richmond Mutual Bancorporation, Inc.",RMBI,2026-07-01,2026-07-01,0001104659-26-079701,"2.01,5.02,8.01,9.01",6022,8-K
2080215,StableCoinX Inc.,"USDE, USDEW",2026-06-25,2026-07-02,0001213900-26-074559,"1.01,2.01,3.03,5.01,5.02,5.03,5.05,5.06,9.01",6199,8-K
1335105,"LIXTE BIOTECHNOLOGY HOLDINGS, INC.",LIXT,2026-06-30,2026-07-02,0001493152-26-031870,"1.01,2.01,3.02,5.02,5.03,7.01,8.01,9.01",2834,8-K
1766267,Synergy Empire Ltd,,2026-07-06,2026-07-06,0001493152-26-032112,"1.01,2.01,3.02,5.01,9.01",5812,8-K/A
1922446,Diversified Energy Co,DEC,2026-07-02,2026-07-06,0001922446-26-000057,"1.01,2.01,2.03,9.01",1311,8-K
1903595,House of Doge Inc.,"TBH, HODO",2026-06-30,2026-07-07,0001213900-26-076056,"2.01,3.02,5.01,5.02,5.03,8.01,9.01",6199,8-K
2052161,Real Asset Acquisition Corp.,"RAAQ, RAAQU, RAAQW",2026-07-01,2026-07-08,0001213900-26-076453,"1.01,2.01,3.01,3.03,5.01,5.02,9.01",6770,8-K
2034269,"Cantor Equity Partners II, Inc.",CEPT,2026-07-08,2026-07-08,0001213900-26-076435,"2.01,3.01,3.02,3.03,5.01,5.02,7.01,8.01",6770,8-K
2094496,Securitize Corp.,SECZ,2026-07-08,2026-07-08,0001213900-26-076444,"1.01,2.01,3.01,3.02,3.03,4.01,5.01,5.02,5.03,5.05,9.01",6199,8-K
1130713,"BED BATH & BEYOND, INC.","BBBY, BBBY-WT",2026-07-08,2026-07-09,0001140361-26-028107,"1.01,2.01,2.03,3.02,9.01",5961,8-K
