ticker,date,setup,grade,cap,atr_pct,total_drop,drop_1030,drop_1100,frac_done_1100,rule,exit_min,capture,bounce_at_exit
MRNA,2020-02-27,3DGapFade,A,Medium,0.0577,0.3575808249721294,0.10117056856187301,0.1622073578595319,0.4536243180046768,eod,959,0.7587685113016369,0.13427331887201732
MRNA,2020-02-27,3DGapFade,A,Medium,0.0577,0.3575808249721294,0.10117056856187301,0.1622073578595319,0.4536243180046768,time_1200,720,0.7989088074824632,0.11193058568329706
MRNA,2020-02-27,3DGapFade,A,Medium,0.0577,0.3575808249721294,0.10117056856187301,0.1622073578595319,0.4536243180046768,time_1300,780,0.8035775526110679,0.10933188720173526
MRNA,2020-02-27,3DGapFade,A,Medium,0.0577,0.3575808249721294,0.10117056856187301,0.1622073578595319,0.4536243180046768,vwap_reclaim,612,0.13180046765393627,0.06012403100775199
MRNA,2020-02-27,3DGapFade,A,Medium,0.0577,0.3575808249721294,0.10117056856187301,0.1622073578595319,0.4536243180046768,mom30_flip,606,0.1691348402182386,0.04527131782945748
MRNA,2020-02-27,3DGapFade,A,Medium,0.0577,0.3575808249721294,0.10117056856187301,0.1622073578595319,0.4536243180046768,bounce_05atr,595,0.1757287607170696,0.038782823602100835
MRNA,2020-02-27,3DGapFade,A,Medium,0.0577,0.3575808249721294,0.10117056856187301,0.1622073578595319,0.4536243180046768,bounce_10atr,690,0.8246297739672642,0.0976138828633406
MRNA,2020-02-27,3DGapFade,A,Medium,0.0577,0.3575808249721294,0.10117056856187301,0.1622073578595319,0.4536243180046768,retrace_15,595,0.1757287607170696,0.038782823602100835
MRNA,2020-02-27,3DGapFade,A,Medium,0.0577,0.3575808249721294,0.10117056856187301,0.1622073578595319,0.4536243180046768,retrace_25,595,0.1757287607170696,0.038782823602100835
MRNA,2020-02-27,3DGapFade,A,Medium,0.0577,0.3575808249721294,0.10117056856187301,0.1622073578595319,0.4536243180046768,retrace_35,595,0.1757287607170696,0.038782823602100835
MRNA,2020-02-27,3DGapFade,A,Medium,0.0577,0.3575808249721294,0.10117056856187301,0.1622073578595319,0.4536243180046768,stale_45,648,0.23654715510522212,0.018452713178294555
MRNA,2020-02-27,3DGapFade,A,Medium,0.0577,0.3575808249721294,0.10117056856187301,0.1622073578595319,0.4536243180046768,stale_75,775,0.759166017147311,0.13405206073752707
MRNA,2020-02-27,3DGapFade,A,Medium,0.0577,0.3575808249721294,0.10117056856187301,0.1622073578595319,0.4536243180046768,flush_4atr,677,0.7381137957911147,0.05682272909163677
MRNA,2020-02-27,3DGapFade,A,Medium,0.0577,0.3575808249721294,0.10117056856187301,0.1622073578595319,0.4536243180046768,flush_abs35,959,0.7587685113016369,0.13427331887201732
MRNA,2020-02-27,3DGapFade,A,Medium,0.0577,0.3575808249721294,0.10117056856187301,0.1622073578595319,0.4536243180046768,volclimax,677,0.7381137957911147,0.05682272909163677
MRNA,2020-02-27,3DGapFade,A,Medium,0.0577,0.3575808249721294,0.10117056856187301,0.1622073578595319,0.4536243180046768,hybrid,677,0.7381137957911147,0.05682272909163677
MRNA,2020-02-27,3DGapFade,A,Medium,0.0577,0.3575808249721294,0.10117056856187301,0.1622073578595319,0.4536243180046768,half_flush,959,0.7484411535463757,
ZM,2020-02-28,2DGapFade,B,Medium,0.0457,0.19575452217725275,0.05261419013793667,0.06211282728999745,0.3172995780590715,eod,959,0.6818565400843883,0.07743658210947912
ZM,2020-02-28,2DGapFade,B,Medium,0.0457,0.19575452217725275,0.05261419013793667,0.06211282728999745,0.3172995780590715,time_1200,720,0.7848101265822787,0.052377529013043045
ZM,2020-02-28,2DGapFade,B,Medium,0.0457,0.19575452217725275,0.05261419013793667,0.06211282728999745,0.3172995780590715,time_1300,780,0.7255274261603376,0.06680702475095002
ZM,2020-02-28,2DGapFade,B,Medium,0.0457,0.19575452217725275,0.05261419013793667,0.06211282728999745,0.3172995780590715,vwap_reclaim,600,0.017721518987341252,0.032697081229136504
ZM,2020-02-28,2DGapFade,B,Medium,0.0457,0.19575452217725275,0.05261419013793667,0.06211282728999745,0.3172995780590715,mom30_flip,694,0.540928270042194,0.023156899810964138
ZM,2020-02-28,2DGapFade,B,Medium,0.0457,0.19575452217725275,0.05261419013793667,0.06211282728999745,0.3172995780590715,bounce_05atr,666,0.47271308016877656,0.03843761814744795
ZM,2020-02-28,2DGapFade,B,Medium,0.0457,0.19575452217725275,0.05261419013793667,0.06211282728999745,0.3172995780590715,bounce_10atr,675,0.44008438818565393,0.045746691871455525
ZM,2020-02-28,2DGapFade,B,Medium,0.0457,0.19575452217725275,0.05261419013793667,0.06211282728999745,0.3172995780590715,retrace_15,666,0.47271308016877656,0.03843761814744795
ZM,2020-02-28,2DGapFade,B,Medium,0.0457,0.19575452217725275,0.05261419013793667,0.06211282728999745,0.3172995780590715,retrace_25,666,0.47271308016877656,0.03843761814744795
ZM,2020-02-28,2DGapFade,B,Medium,0.0457,0.19575452217725275,0.05261419013793667,0.06211282728999745,0.3172995780590715,retrace_35,678,0.40202531645569606,0.05427221172022678
ZM,2020-02-28,2DGapFade,B,Medium,0.0457,0.19575452217725275,0.05261419013793667,0.06211282728999745,0.3172995780590715,stale_45,753,0.6909282700421944,0.07522850980794904
ZM,2020-02-28,2DGapFade,B,Medium,0.0457,0.19575452217725275,0.05261419013793667,0.06211282728999745,0.3172995780590715,stale_75,783,0.7308016877637131,0.06552326178494394
ZM,2020-02-28,2DGapFade,B,Medium,0.0457,0.19575452217725275,0.05261419013793667,0.06211282728999745,0.3172995780590715,flush_4atr,708,0.9845822784810129,0.0037526959022284867
ZM,2020-02-28,2DGapFade,B,Medium,0.0457,0.19575452217725275,0.05261419013793667,0.06211282728999745,0.3172995780590715,flush_abs35,959,0.6818565400843883,0.07743658210947912
ZM,2020-02-28,2DGapFade,B,Medium,0.0457,0.19575452217725275,0.05261419013793667,0.06211282728999745,0.3172995780590715,volclimax,664,0.5443037974683543,0.006138963817319265
ZM,2020-02-28,2DGapFade,B,Medium,0.0457,0.19575452217725275,0.05261419013793667,0.06211282728999745,0.3172995780590715,hybrid,708,0.9845822784810129,0.0037526959022284867
ZM,2020-02-28,2DGapFade,B,Medium,0.0457,0.19575452217725275,0.05261419013793667,0.06211282728999745,0.3172995780590715,half_flush,959,0.8332194092827006,
CODX,2020-02-28,3DGapFade,A,Micro,0.0561,0.4923857868020305,0.239501615136133,0.239501615136133,0.4864104967197752,eod,959,0.7938238050609184,0.1999909090909091
CODX,2020-02-28,3DGapFade,A,Micro,0.0561,0.4923857868020305,0.239501615136133,0.239501615136133,0.4864104967197752,time_1200,724,0.865979381443299,0.1299999999999999
CODX,2020-02-28,3DGapFade,A,Micro,0.0561,0.4923857868020305,0.239501615136133,0.239501615136133,0.4864104967197752,time_1300,780,0.866447985004686,0.12954545454545463
CODX,2020-02-28,3DGapFade,A,Micro,0.0561,0.4923857868020305,0.239501615136133,0.239501615136133,0.4864104967197752,vwap_reclaim,624,0.24179006560449873,0.1583798543689321
CODX,2020-02-28,3DGapFade,A,Micro,0.0561,0.4923857868020305,0.239501615136133,0.239501615136133,0.4864104967197752,mom30_flip,606,0.3270852858481726,0.10315533980582514
CODX,2020-02-28,3DGapFade,A,Micro,0.0561,0.4923857868020305,0.239501615136133,0.239501615136133,0.4864104967197752,bounce_05atr,595,0.39081537019681356,0.061893203883495174
CODX,2020-02-28,3DGapFade,A,Micro,0.0561,0.4923857868020305,0.239501615136133,0.239501615136133,0.4864104967197752,bounce_10atr,595,0.39081537019681356,0.061893203883495174
CODX,2020-02-28,3DGapFade,A,Micro,0.0561,0.4923857868020305,0.239501615136133,0.239501615136133,0.4864104967197752,retrace_15,595,0.39081537019681356,0.061893203883495174
CODX,2020-02-28,3DGapFade,A,Micro,0.0561,0.4923857868020305,0.239501615136133,0.239501615136133,0.4864104967197752,retrace_25,596,0.3158388003748829,0.1104368932038835
CODX,2020-02-28,3DGapFade,A,Micro,0.0561,0.4923857868020305,0.239501615136133,0.239501615136133,0.4864104967197752,retrace_35,596,0.3158388003748829,0.1104368932038835
CODX,2020-02-28,3DGapFade,A,Micro,0.0561,0.4923857868020305,0.239501615136133,0.239501615136133,0.4864104967197752,stale_45,630,0.26897844423617623,0.14077669902912637
CODX,2020-02-28,3DGapFade,A,Micro,0.0561,0.4923857868020305,0.239501615136133,0.239501615136133,0.4864104967197752,stale_75,651,0.29615745079662625,0.1231796116504853
CODX,2020-02-28,3DGapFade,A,Micro,0.0561,0.4923857868020305,0.239501615136133,0.239501615136133,0.4864104967197752,flush_4atr,690,0.4917994376757263,0.007515337423313007
CODX,2020-02-28,3DGapFade,A,Micro,0.0561,0.4923857868020305,0.239501615136133,0.239501615136133,0.4864104967197752,flush_abs35,706,0.7750702905342081,0.0
CODX,2020-02-28,3DGapFade,A,Micro,0.0561,0.4923857868020305,0.239501615136133,0.239501615136133,0.4864104967197752,volclimax,691,0.44988753514526714,0.047807453416149004
CODX,2020-02-28,3DGapFade,A,Micro,0.0561,0.4923857868020305,0.239501615136133,0.239501615136133,0.4864104967197752,hybrid,690,0.4917994376757263,0.007515337423313007
CODX,2020-02-28,3DGapFade,A,Micro,0.0561,0.4923857868020305,0.239501615136133,0.239501615136133,0.4864104967197752,half_flush,959,0.6428116213683224,
AHPI,2020-02-28,2DGapFade,C,Micro,0.223961611,0.6175193050193051,0.32287644787644787,0.32287644787644787,0.5228604923798358,eod,946,0.6553341148886284,0.556466876971609
AHPI,2020-02-28,2DGapFade,C,Micro,0.223961611,0.6175193050193051,0.32287644787644787,0.32287644787644787,0.5228604923798358,time_1200,723,0.7381789761625634,0.10865290068829903
AHPI,2020-02-28,2DGapFade,C,Micro,0.223961611,0.6175193050193051,0.32287644787644787,0.32287644787644787,0.5228604923798358,time_1300,780,0.8690894880812818,0.21135646687697163
AHPI,2020-02-28,2DGapFade,C,Micro,0.223961611,0.6175193050193051,0.32287644787644787,0.32287644787644787,0.5228604923798358,vwap_reclaim,600,0.13520515826494717,0.35353171774768355
AHPI,2020-02-28,2DGapFade,C,Micro,0.223961611,0.6175193050193051,0.32287644787644787,0.32287644787644787,0.5228604923798358,mom30_flip,689,0.3884329816334505,0.12259444048467572
AHPI,2020-02-28,2DGapFade,C,Micro,0.223961611,0.6175193050193051,0.32287644787644787,0.32287644787644787,0.5228604923798358,bounce_05atr,637,0.3642047674872998,0.14468995010691366
AHPI,2020-02-28,2DGapFade,C,Micro,0.223961611,0.6175193050193051,0.32287644787644787,0.32287644787644787,0.5228604923798358,bounce_10atr,773,0.8182883939038688,0.2933753943217665
AHPI,2020-02-28,2DGapFade,C,Micro,0.223961611,0.6175193050193051,0.32287644787644787,0.32287644787644787,0.5228604923798358,retrace_15,637,0.3642047674872998,0.14468995010691366
AHPI,2020-02-28,2DGapFade,C,Micro,0.223961611,0.6175193050193051,0.32287644787644787,0.32287644787644787,0.5228604923798358,retrace_25,637,0.3642047674872998,0.14468995010691366
AHPI,2020-02-28,2DGapFade,C,Micro,0.223961611,0.6175193050193051,0.32287644787644787,0.32287644787644787,0.5228604923798358,retrace_35,801,0.6033645955451348,0.6403722397476341
AHPI,2020-02-28,2DGapFade,C,Micro,0.223961611,0.6175193050193051,0.32287644787644787,0.32287644787644787,0.5228604923798358,stale_45,641,0.3602969910121141,0.14825374198146823
AHPI,2020-02-28,2DGapFade,C,Micro,0.223961611,0.6175193050193051,0.32287644787644787,0.32287644787644787,0.5228604923798358,stale_75,684,0.28487690504103164,0.2170349251603707
AHPI,2020-02-28,2DGapFade,C,Micro,0.223961611,0.6175193050193051,0.32287644787644787,0.32287644787644787,0.5228604923798358,flush_4atr,946,0.6553341148886284,0.556466876971609
AHPI,2020-02-28,2DGapFade,C,Micro,0.223961611,0.6175193050193051,0.32287644787644787,0.32287644787644787,0.5228604923798358,flush_abs35,699,0.5670574443141853,0.02704042715484367
AHPI,2020-02-28,2DGapFade,C,Micro,0.223961611,0.6175193050193051,0.32287644787644787,0.32287644787644787,0.5228604923798358,volclimax,946,0.6553341148886284,0.556466876971609
AHPI,2020-02-28,2DGapFade,C,Micro,0.223961611,0.6175193050193051,0.32287644787644787,0.32287644787644787,0.5228604923798358,hybrid,794,0.7010590074247753,0.48264353312302855
AHPI,2020-02-28,2DGapFade,C,Micro,0.223961611,0.6175193050193051,0.32287644787644787,0.32287644787644787,0.5228604923798358,half_flush,946,0.6553341148886284,
APT,2020-02-28,3DGapFade,B,Micro,0.0501,0.5538544184797206,0.1461187214611872,0.18076819769003483,0.3263821532492724,eod,959,0.8365664403491755,0.20288982540638179
APT,2020-02-28,3DGapFade,B,Micro,0.0501,0.5538544184797206,0.1461187214611872,0.18076819769003483,0.3263821532492724,time_1200,728,0.737643064985451,0.1415137376879212
APT,2020-02-28,3DGapFade,B,Micro,0.0501,0.5538544184797206,0.1461187214611872,0.18076819769003483,0.3263821532492724,time_1300,780,0.8346265761396702,0.20529801324503305
APT,2020-02-28,3DGapFade,B,Micro,0.0501,0.5538544184797206,0.1461187214611872,0.18076819769003483,0.3263821532492724,vwap_reclaim,600,0.02497575169738087,0.15492293173954086
APT,2020-02-28,3DGapFade,B,Micro,0.0501,0.5538544184797206,0.1461187214611872,0.18076819769003483,0.3263821532492724,mom30_flip,675,0.11300193986420926,0.14425901639344274
APT,2020-02-28,3DGapFade,B,Micro,0.0501,0.5538544184797206,0.1461187214611872,0.18076819769003483,0.3263821532492724,bounce_05atr,640,0.10814742967992226,0.10097514941805597
APT,2020-02-28,3DGapFade,B,Micro,0.0501,0.5538544184797206,0.1461187214611872,0.18076819769003483,0.3263821532492724,bounce_10atr,640,0.10814742967992226,0.10097514941805597
APT,2020-02-28,3DGapFade,B,Micro,0.0501,0.5538544184797206,0.1461187214611872,0.18076819769003483,0.3263821532492724,retrace_15,640,0.10814742967992226,0.10097514941805597
APT,2020-02-28,3DGapFade,B,Micro,0.0501,0.5538544184797206,0.1461187214611872,0.18076819769003483,0.3263821532492724,retrace_25,640,0.10814742967992226,0.10097514941805597
APT,2020-02-28,3DGapFade,B,Micro,0.0501,0.5538544184797206,0.1461187214611872,0.18076819769003483,0.3263821532492724,retrace_35,640,0.10814742967992226,0.10097514941805597
APT,2020-02-28,3DGapFade,B,Micro,0.0501,0.5538544184797206,0.1461187214611872,0.18076819769003483,0.3263821532492724,stale_45,630,0.020368574199805756,0.15791129285938976
APT,2020-02-28,3DGapFade,B,Micro,0.0501,0.5538544184797206,0.1461187214611872,0.18076819769003483,0.3263821532492724,stale_75,826,0.7628564500484966,0.2943949428055388
APT,2020-02-28,3DGapFade,B,Micro,0.0501,0.5538544184797206,0.1461187214611872,0.18076819769003483,0.3263821532492724,flush_4atr,690,0.4461639185257031,0.002507153075822499
APT,2020-02-28,3DGapFade,B,Micro,0.0501,0.5538544184797206,0.1461187214611872,0.18076819769003483,0.3263821532492724,flush_abs35,712,0.7308438409311347,0.0072727272727273196
APT,2020-02-28,3DGapFade,B,Micro,0.0501,0.5538544184797206,0.1461187214611872,0.18076819769003483,0.3263821532492724,volclimax,690,0.4461639185257031,0.002507153075822499
APT,2020-02-28,3DGapFade,B,Micro,0.0501,0.5538544184797206,0.1461187214611872,0.18076819769003483,0.3263821532492724,hybrid,690,0.4461639185257031,0.002507153075822499
APT,2020-02-28,3DGapFade,B,Micro,0.0501,0.5538544184797206,0.1461187214611872,0.18076819769003483,0.3263821532492724,half_flush,959,0.6413651794374393,
NKLA,2020-06-09,2DGapFade,A,Medium,0.268358836,0.38800601309996785,0.38800601309996785,0.38800601309996785,1.0,eod,959,0.3788570637885708,0.39380647425212745
NKLA,2020-06-09,2DGapFade,A,Medium,0.268358836,0.38800601309996785,0.38800601309996785,0.38800601309996785,1.0,time_1200,720,0.38411512384115126,0.39047284849548203
NKLA,2020-06-09,2DGapFade,A,Medium,0.268358836,0.38800601309996785,0.38800601309996785,0.38800601309996785,1.0,time_1300,780,0.36927079009270786,0.3998842003684535
NKLA,2020-06-09,2DGapFade,A,Medium,0.268358836,0.38800601309996785,0.38800601309996785,0.38800601309996785,1.0,vwap_reclaim,623,0.6387159263871592,0.22905518027897198
NKLA,2020-06-09,2DGapFade,A,Medium,0.268358836,0.38800601309996785,0.38800601309996785,0.38800601309996785,1.0,mom30_flip,629,0.6968313269683133,0.1922098429686816
NKLA,2020-06-09,2DGapFade,A,Medium,0.268358836,0.38800601309996785,0.38800601309996785,0.38800601309996785,1.0,bounce_05atr,610,0.7784696277846962,0.1404509167470831
NKLA,2020-06-09,2DGapFade,A,Medium,0.268358836,0.38800601309996785,0.38800601309996785,0.38800601309996785,1.0,bounce_10atr,959,0.3788570637885708,0.39380647425212745
NKLA,2020-06-09,2DGapFade,A,Medium,0.268358836,0.38800601309996785,0.38800601309996785,0.38800601309996785,1.0,retrace_15,597,0.6954476269544763,0.0793650793650793
NKLA,2020-06-09,2DGapFade,A,Medium,0.268358836,0.38800601309996785,0.38800601309996785,0.38800601309996785,1.0,retrace_25,620,0.7098381070983809,0.1839635055706641
NKLA,2020-06-09,2DGapFade,A,Medium,0.268358836,0.38800601309996785,0.38800601309996785,0.38800601309996785,1.0,retrace_35,959,0.3788570637885708,0.39380647425212745
NKLA,2020-06-09,2DGapFade,A,Medium,0.268358836,0.38800601309996785,0.38800601309996785,0.38800601309996785,1.0,stale_45,652,0.39048014390480157,0.3864374067900693
NKLA,2020-06-09,2DGapFade,A,Medium,0.268358836,0.38800601309996785,0.38800601309996785,0.38800601309996785,1.0,stale_75,682,0.41028642590286435,0.373880164926748
NKLA,2020-06-09,2DGapFade,A,Medium,0.268358836,0.38800601309996785,0.38800601309996785,0.38800601309996785,1.0,flush_4atr,959,0.3788570637885708,0.39380647425212745
NKLA,2020-06-09,2DGapFade,A,Medium,0.268358836,0.38800601309996785,0.38800601309996785,0.38800601309996785,1.0,flush_abs35,601,0.9077072090770719,0.0
NKLA,2020-06-09,2DGapFade,A,Medium,0.268358836,0.38800601309996785,0.38800601309996785,0.38800601309996785,1.0,volclimax,959,0.3788570637885708,0.39380647425212745
NKLA,2020-06-09,2DGapFade,A,Medium,0.268358836,0.38800601309996785,0.38800601309996785,0.38800601309996785,1.0,hybrid,959,0.3788570637885708,0.39380647425212745
NKLA,2020-06-09,2DGapFade,A,Medium,0.268358836,0.38800601309996785,0.38800601309996785,0.38800601309996785,1.0,half_flush,959,0.3788570637885708,
LI,2020-11-13,2DGapFade,B,Medium,0.0528,0.22316821465428271,0.07585139318885448,0.20614035087719296,0.9236994219653181,eod,959,0.8802658959537569,0.03439721022915987
LI,2020-11-13,2DGapFade,B,Medium,0.0528,0.22316821465428271,0.07585139318885448,0.20614035087719296,0.9236994219653181,time_1200,720,0.6312138728323702,0.08222294442638933
LI,2020-11-13,2DGapFade,B,Medium,0.0528,0.22316821465428271,0.07585139318885448,0.20614035087719296,0.9236994219653181,time_1300,780,0.6011560693641614,0.09067273318167057
LI,2020-11-13,2DGapFade,B,Medium,0.0528,0.22316821465428271,0.07585139318885448,0.20614035087719296,0.9236994219653181,vwap_reclaim,959,0.8802658959537569,0.03439721022915987
LI,2020-11-13,2DGapFade,B,Medium,0.0528,0.22316821465428271,0.07585139318885448,0.20614035087719296,0.9236994219653181,mom30_flip,668,0.527167630057803,0.11147221319467016
LI,2020-11-13,2DGapFade,B,Medium,0.0528,0.22316821465428271,0.07585139318885448,0.20614035087719296,0.9236994219653181,bounce_05atr,640,0.550658959537572,0.026783449109030633
LI,2020-11-13,2DGapFade,B,Medium,0.0528,0.22316821465428271,0.07585139318885448,0.20614035087719296,0.9236994219653181,bounce_10atr,643,0.41387283236994205,0.06251887647236476
LI,2020-11-13,2DGapFade,B,Medium,0.0528,0.22316821465428271,0.07585139318885448,0.20614035087719296,0.9236994219653181,retrace_15,629,0.26358381502890194,0.011927877947295329
LI,2020-11-13,2DGapFade,B,Medium,0.0528,0.22316821465428271,0.07585139318885448,0.20614035087719296,0.9236994219653181,retrace_25,643,0.41387283236994205,0.06251887647236476
LI,2020-11-13,2DGapFade,B,Medium,0.0528,0.22316821465428271,0.07585139318885448,0.20614035087719296,0.9236994219653181,retrace_35,643,0.41387283236994205,0.06251887647236476
LI,2020-11-13,2DGapFade,B,Medium,0.0528,0.22316821465428271,0.07585139318885448,0.20614035087719296,0.9236994219653181,stale_45,698,0.6323699421965318,0.08189795255118626
LI,2020-11-13,2DGapFade,B,Medium,0.0528,0.22316821465428271,0.07585139318885448,0.20614035087719296,0.9236994219653181,stale_75,728,0.7156069364161848,0.058498537536561646
LI,2020-11-13,2DGapFade,B,Medium,0.0528,0.22316821465428271,0.07585139318885448,0.20614035087719296,0.9236994219653181,flush_4atr,886,0.9514450867052021,0.000327653997378885
LI,2020-11-13,2DGapFade,B,Medium,0.0528,0.22316821465428271,0.07585139318885448,0.20614035087719296,0.9236994219653181,flush_abs35,959,0.8802658959537569,0.03439721022915987
LI,2020-11-13,2DGapFade,B,Medium,0.0528,0.22316821465428271,0.07585139318885448,0.20614035087719296,0.9236994219653181,volclimax,959,0.8802658959537569,0.03439721022915987
LI,2020-11-13,2DGapFade,B,Medium,0.0528,0.22316821465428271,0.07585139318885448,0.20614035087719296,0.9236994219653181,hybrid,751,0.6855491329479769,0.06694832629184266
LI,2020-11-13,2DGapFade,B,Medium,0.0528,0.22316821465428271,0.07585139318885448,0.20614035087719296,0.9236994219653181,half_flush,959,0.9158554913294795,
XPEV,2020-11-24,2DGapFade,B,Medium,0.054,0.13024663987806573,0.13024663987806573,0.13024663987806573,1.0,eod,959,0.16064000680858356,0.1256951956425112
XPEV,2020-11-24,2DGapFade,B,Medium,0.054,0.13024663987806573,0.13024663987806573,0.13024663987806573,1.0,time_1200,720,0.3191523314077809,0.10195777926114502
XPEV,2020-11-24,2DGapFade,B,Medium,0.054,0.13024663987806573,0.13024663987806573,0.13024663987806573,1.0,time_1300,780,0.5127714124618353,0.07296308274162366
XPEV,2020-11-24,2DGapFade,B,Medium,0.054,0.13024663987806573,0.13024663987806573,0.13024663987806573,1.0,vwap_reclaim,600,0.5833466313471422,0.06239435654873904
XPEV,2020-11-24,2DGapFade,B,Medium,0.054,0.13024663987806573,0.13024663987806573,0.13024663987806573,1.0,mom30_flip,603,0.5668570942244067,0.06486368509847851
XPEV,2020-11-24,2DGapFade,B,Medium,0.054,0.13024663987806573,0.13024663987806573,0.13024663987806573,1.0,bounce_05atr,595,0.5946871775231654,0.06069609575259549
XPEV,2020-11-24,2DGapFade,B,Medium,0.054,0.13024663987806573,0.13024663987806573,0.13024663987806573,1.0,bounce_10atr,595,0.5946871775231654,0.06069609575259549
XPEV,2020-11-24,2DGapFade,B,Medium,0.054,0.13024663987806573,0.13024663987806573,0.13024663987806573,1.0,retrace_15,595,0.5946871775231654,0.06069609575259549
XPEV,2020-11-24,2DGapFade,B,Medium,0.054,0.13024663987806573,0.13024663987806573,0.13024663987806573,1.0,retrace_25,595,0.5946871775231654,0.06069609575259549
XPEV,2020-11-24,2DGapFade,B,Medium,0.054,0.13024663987806573,0.13024663987806573,0.13024663987806573,1.0,retrace_35,595,0.5946871775231654,0.06069609575259549
XPEV,2020-11-24,2DGapFade,B,Medium,0.054,0.13024663987806573,0.13024663987806573,0.13024663987806573,1.0,stale_45,630,0.6670922031085437,0.04985335374644939
XPEV,2020-11-24,2DGapFade,B,Medium,0.054,0.13024663987806573,0.13024663987806573,0.13024663987806573,1.0,stale_75,657,0.37394014829944994,0.09375323601523666
XPEV,2020-11-24,2DGapFade,B,Medium,0.054,0.13024663987806573,0.13024663987806573,0.13024663987806573,1.0,flush_4atr,959,0.16064000680858356,0.1256951956425112
XPEV,2020-11-24,2DGapFade,B,Medium,0.054,0.13024663987806573,0.13024663987806573,0.13024663987806573,1.0,flush_abs35,959,0.16064000680858356,0.1256951956425112
XPEV,2020-11-24,2DGapFade,B,Medium,0.054,0.13024663987806573,0.13024663987806573,0.13024663987806573,1.0,volclimax,959,0.16064000680858356,0.1256951956425112
XPEV,2020-11-24,2DGapFade,B,Medium,0.054,0.13024663987806573,0.13024663987806573,0.13024663987806573,1.0,hybrid,752,0.48885626442834546,0.07654440569634269
XPEV,2020-11-24,2DGapFade,B,Medium,0.054,0.13024663987806573,0.13024663987806573,0.13024663987806573,1.0,half_flush,959,0.16064000680858356,
LI,2020-11-24,3DGapFade,B,Medium,0.0594,0.12778478352248845,0.12778478352248845,0.12778478352248845,1.0,eod,959,0.59703947368421,0.05903614457831341
LI,2020-11-24,3DGapFade,B,Medium,0.0594,0.12778478352248845,0.12778478352248845,0.12778478352248845,1.0,time_1200,720,0.4120065789473678,0.08614457831325306
LI,2020-11-24,3DGapFade,B,Medium,0.0594,0.12778478352248845,0.12778478352248845,0.12778478352248845,1.0,time_1300,780,0.7384868421052625,0.03831325301204824
LI,2020-11-24,3DGapFade,B,Medium,0.0594,0.12778478352248845,0.12778478352248845,0.12778478352248845,1.0,vwap_reclaim,600,0.5476973684210525,0.06626506024096379
LI,2020-11-24,3DGapFade,B,Medium,0.0594,0.12778478352248845,0.12778478352248845,0.12778478352248845,1.0,mom30_flip,614,0.5525328947368424,0.06555662650602412
LI,2020-11-24,3DGapFade,B,Medium,0.0594,0.12778478352248845,0.12778478352248845,0.12778478352248845,1.0,bounce_05atr,595,0.5805921052631583,0.06144578313253013
LI,2020-11-24,3DGapFade,B,Medium,0.0594,0.12778478352248845,0.12778478352248845,0.12778478352248845,1.0,bounce_10atr,595,0.5805921052631583,0.06144578313253013
LI,2020-11-24,3DGapFade,B,Medium,0.0594,0.12778478352248845,0.12778478352248845,0.12778478352248845,1.0,retrace_15,595,0.5805921052631583,0.06144578313253013
LI,2020-11-24,3DGapFade,B,Medium,0.0594,0.12778478352248845,0.12778478352248845,0.12778478352248845,1.0,retrace_25,595,0.5805921052631583,0.06144578313253013
LI,2020-11-24,3DGapFade,B,Medium,0.0594,0.12778478352248845,0.12778478352248845,0.12778478352248845,1.0,retrace_35,595,0.5805921052631583,0.06144578313253013
LI,2020-11-24,3DGapFade,B,Medium,0.0594,0.12778478352248845,0.12778478352248845,0.12778478352248845,1.0,stale_45,630,0.5378289473684206,0.06771084337349409
LI,2020-11-24,3DGapFade,B,Medium,0.0594,0.12778478352248845,0.12778478352248845,0.12778478352248845,1.0,stale_75,658,0.3585526315789474,0.09397590361445785
LI,2020-11-24,3DGapFade,B,Medium,0.0594,0.12778478352248845,0.12778478352248845,0.12778478352248845,1.0,flush_4atr,959,0.59703947368421,0.05903614457831341
LI,2020-11-24,3DGapFade,B,Medium,0.0594,0.12778478352248845,0.12778478352248845,0.12778478352248845,1.0,flush_abs35,959,0.59703947368421,0.05903614457831341
LI,2020-11-24,3DGapFade,B,Medium,0.0594,0.12778478352248845,0.12778478352248845,0.12778478352248845,1.0,volclimax,959,0.59703947368421,0.05903614457831341
LI,2020-11-24,3DGapFade,B,Medium,0.0594,0.12778478352248845,0.12778478352248845,0.12778478352248845,1.0,hybrid,750,0.5353618421052626,0.06807228915662655
LI,2020-11-24,3DGapFade,B,Medium,0.0594,0.12778478352248845,0.12778478352248845,0.12778478352248845,1.0,half_flush,959,0.59703947368421,
PLTR,2020-11-27,3DGapFade,A,Medium,0.0452,0.16255210003206155,0.06700865662071176,0.06700865662071176,0.41222879684418146,eod,780,0.6962524654832349,0.05895865237366005
PLTR,2020-11-27,3DGapFade,A,Medium,0.0452,0.16255210003206155,0.06700865662071176,0.06700865662071176,0.41222879684418146,time_1200,720,0.4591913214990143,0.10497320061255744
PLTR,2020-11-27,3DGapFade,A,Medium,0.0452,0.16255210003206155,0.06700865662071176,0.06700865662071176,0.41222879684418146,time_1300,780,0.6962524654832349,0.05895865237366005
PLTR,2020-11-27,3DGapFade,A,Medium,0.0452,0.16255210003206155,0.06700865662071176,0.06700865662071176,0.41222879684418146,vwap_reclaim,780,0.6962524654832349,0.05895865237366005
PLTR,2020-11-27,3DGapFade,A,Medium,0.0452,0.16255210003206155,0.06700865662071176,0.06700865662071176,0.41222879684418146,mom30_flip,719,0.5029585798816569,0.0964777947932618
PLTR,2020-11-27,3DGapFade,A,Medium,0.0452,0.16255210003206155,0.06700865662071176,0.06700865662071176,0.41222879684418146,bounce_05atr,690,0.5152071005917163,0.025032281205165097
PLTR,2020-11-27,3DGapFade,A,Medium,0.0452,0.16255210003206155,0.06700865662071176,0.06700865662071176,0.41222879684418146,bounce_10atr,710,0.7495266272189349,0.048617917304747404
PLTR,2020-11-27,3DGapFade,A,Medium,0.0452,0.16255210003206155,0.06700865662071176,0.06700865662071176,0.41222879684418146,retrace_15,613,0.29390532544378734,0.01886449399656942
PLTR,2020-11-27,3DGapFade,A,Medium,0.0452,0.16255210003206155,0.06700865662071176,0.06700865662071176,0.41222879684418146,retrace_25,613,0.29390532544378734,0.01886449399656942
PLTR,2020-11-27,3DGapFade,A,Medium,0.0452,0.16255210003206155,0.06700865662071176,0.06700865662071176,0.41222879684418146,retrace_35,692,0.42177514792899423,0.042022955523672856
PLTR,2020-11-27,3DGapFade,A,Medium,0.0452,0.16255210003206155,0.06700865662071176,0.06700865662071176,0.41222879684418146,stale_45,659,0.1592307692307695,0.044079037800687226
PLTR,2020-11-27,3DGapFade,A,Medium,0.0452,0.16255210003206155,0.06700865662071176,0.06700865662071176,0.41222879684418146,stale_75,780,0.6962524654832349,0.05895865237366005
PLTR,2020-11-27,3DGapFade,A,Medium,0.0452,0.16255210003206155,0.06700865662071176,0.06700865662071176,0.41222879684418146,flush_4atr,780,0.6962524654832349,0.05895865237366005
PLTR,2020-11-27,3DGapFade,A,Medium,0.0452,0.16255210003206155,0.06700865662071176,0.06700865662071176,0.41222879684418146,flush_abs35,780,0.6962524654832349,0.05895865237366005
PLTR,2020-11-27,3DGapFade,A,Medium,0.0452,0.16255210003206155,0.06700865662071176,0.06700865662071176,0.41222879684418146,volclimax,689,0.5838264299802762,0.01255380200860845
PLTR,2020-11-27,3DGapFade,A,Medium,0.0452,0.16255210003206155,0.06700865662071176,0.06700865662071176,0.41222879684418146,hybrid,750,0.5591715976331363,0.08556661562021439
PLTR,2020-11-27,3DGapFade,A,Medium,0.0452,0.16255210003206155,0.06700865662071176,0.06700865662071176,0.41222879684418146,half_flush,780,0.6962524654832349,
MRNA,2020-12-01,3DGapFade,A,Medium,0.065527831,0.2664077451311493,0.0850500956883935,0.12749071259709566,0.4785548278047755,eod,959,0.7732938939361929,0.08232947134197799
MRNA,2020-12-01,3DGapFade,A,Medium,0.065527831,0.2664077451311493,0.0850500956883935,0.12749071259709566,0.4785548278047755,time_1200,720,0.4331185294739064,0.013873298496871245
MRNA,2020-12-01,3DGapFade,A,Medium,0.065527831,0.2664077451311493,0.0850500956883935,0.12749071259709566,0.4785548278047755,time_1300,780,0.7939995774350306,0.01104294478527601
MRNA,2020-12-01,3DGapFade,A,Medium,0.065527831,0.2664077451311493,0.0850500956883935,0.12749071259709566,0.4785548278047755,vwap_reclaim,602,0.11261356433551628,0.03185437997724705
MRNA,2020-12-01,3DGapFade,A,Medium,0.065527831,0.2664077451311493,0.0850500956883935,0.12749071259709566,0.4785548278047755,mom30_flip,667,0.3418571730403553,0.041738597509838105
MRNA,2020-12-01,3DGapFade,A,Medium,0.065527831,0.2664077451311493,0.0850500956883935,0.12749071259709566,0.4785548278047755,bounce_05atr,643,0.33604479188675274,0.03357827476038344
MRNA,2020-12-01,3DGapFade,A,Medium,0.065527831,0.2664077451311493,0.0850500956883935,0.12749071259709566,0.4785548278047755,bounce_10atr,676,0.25480667652651606,0.06831817302109533
MRNA,2020-12-01,3DGapFade,A,Medium,0.065527831,0.2664077451311493,0.0850500956883935,0.12749071259709566,0.4785548278047755,retrace_15,625,0.2558630889499258,0.01845585973546604
MRNA,2020-12-01,3DGapFade,A,Medium,0.065527831,0.2664077451311493,0.0850500956883935,0.12749071259709566,0.4785548278047755,retrace_25,667,0.3418571730403553,0.041738597509838105
MRNA,2020-12-01,3DGapFade,A,Medium,0.065527831,0.2664077451311493,0.0850500956883935,0.12749071259709566,0.4785548278047755,retrace_35,671,0.30445806042679063,0.053157860783175304
MRNA,2020-12-01,3DGapFade,A,Medium,0.065527831,0.2664077451311493,0.0850500956883935,0.12749071259709566,0.4785548278047755,stale_45,697,0.3778005493344605,0.03076382168892322
MRNA,2020-12-01,3DGapFade,A,Medium,0.065527831,0.2664077451311493,0.0850500956883935,0.12749071259709566,0.4785548278047755,stale_75,727,0.4546799070357071,0.007289852267595709
MRNA,2020-12-01,3DGapFade,A,Medium,0.065527831,0.2664077451311493,0.0850500956883935,0.12749071259709566,0.4785548278047755,flush_4atr,907,0.9839404183393198,0.005832118468503067
MRNA,2020-12-01,3DGapFade,A,Medium,0.065527831,0.2664077451311493,0.0850500956883935,0.12749071259709566,0.4785548278047755,flush_abs35,959,0.7732938939361929,0.08232947134197799
MRNA,2020-12-01,3DGapFade,A,Medium,0.065527831,0.2664077451311493,0.0850500956883935,0.12749071259709566,0.4785548278047755,volclimax,959,0.7732938939361929,0.08232947134197799
MRNA,2020-12-01,3DGapFade,A,Medium,0.065527831,0.2664077451311493,0.0850500956883935,0.12749071259709566,0.4785548278047755,hybrid,907,0.9839404183393198,0.005832118468503067
MRNA,2020-12-01,3DGapFade,A,Medium,0.065527831,0.2664077451311493,0.0850500956883935,0.12749071259709566,0.4785548278047755,half_flush,959,0.8786171561377563,
BBBY,2021-01-25,3DGapFade,A,Medium,0.081253268,0.13002364812598854,0.008897252207737294,0.008897252207737294,0.06842795396046845,eod,959,0.9183138264290229,0.01220853218167628
BBBY,2021-01-25,3DGapFade,A,Medium,0.081253268,0.13002364812598854,0.008897252207737294,0.008897252207737294,0.06842795396046845,time_1200,720,0.07726676703414052,0.044199778201836404
BBBY,2021-01-25,3DGapFade,A,Medium,0.081253268,0.13002364812598854,0.008897252207737294,0.008897252207737294,0.06842795396046845,time_1300,780,0.5568937885483948,0.06622511749442017
BBBY,2021-01-25,3DGapFade,A,Medium,0.081253268,0.13002364812598854,0.008897252207737294,0.008897252207737294,0.06842795396046845,vwap_reclaim,600,-0.944684570929047,0.13291113029572266
BBBY,2021-01-25,3DGapFade,A,Medium,0.081253268,0.13002364812598854,0.008897252207737294,0.008897252207737294,0.06842795396046845,mom30_flip,959,0.9183138264290229,0.01220853218167628
BBBY,2021-01-25,3DGapFade,A,Medium,0.081253268,0.13002364812598854,0.008897252207737294,0.008897252207737294,0.06842795396046845,bounce_05atr,749,0.7107959788257007,0.04322342992977557
BBBY,2021-01-25,3DGapFade,A,Medium,0.081253268,0.13002364812598854,0.008897252207737294,0.008897252207737294,0.06842795396046845,bounce_10atr,959,0.9183138264290229,0.01220853218167628
BBBY,2021-01-25,3DGapFade,A,Medium,0.081253268,0.13002364812598854,0.008897252207737294,0.008897252207737294,0.06842795396046845,retrace_15,745,0.7505463552037296,0.037282476546480536
BBBY,2021-01-25,3DGapFade,A,Medium,0.081253268,0.13002364812598854,0.008897252207737294,0.008897252207737294,0.06842795396046845,retrace_25,749,0.7107959788257007,0.04322342992977557
BBBY,2021-01-25,3DGapFade,A,Medium,0.081253268,0.13002364812598854,0.008897252207737294,0.008897252207737294,0.06842795396046845,retrace_35,828,0.6357631975134765,0.05443756918107745
BBBY,2021-01-25,3DGapFade,A,Medium,0.081253268,0.13002364812598854,0.008897252207737294,0.008897252207737294,0.06842795396046845,stale_45,790,0.5739400709047641,0.06367743925674563
BBBY,2021-01-25,3DGapFade,A,Medium,0.081253268,0.13002364812598854,0.008897252207737294,0.008897252207737294,0.06842795396046845,stale_75,820,0.8079257928221065,0.028706744814821494
BBBY,2021-01-25,3DGapFade,A,Medium,0.081253268,0.13002364812598854,0.008897252207737294,0.008897252207737294,0.06842795396046845,flush_4atr,959,0.9183138264290229,0.01220853218167628
BBBY,2021-01-25,3DGapFade,A,Medium,0.081253268,0.13002364812598854,0.008897252207737294,0.008897252207737294,0.06842795396046845,flush_abs35,959,0.9183138264290229,0.01220853218167628
BBBY,2021-01-25,3DGapFade,A,Medium,0.081253268,0.13002364812598854,0.008897252207737294,0.008897252207737294,0.06842795396046845,volclimax,959,0.9183138264290229,0.01220853218167628
BBBY,2021-01-25,3DGapFade,A,Medium,0.081253268,0.13002364812598854,0.008897252207737294,0.008897252207737294,0.06842795396046845,hybrid,750,0.6534165412073237,0.05179916166143461
BBBY,2021-01-25,3DGapFade,A,Medium,0.081253268,0.13002364812598854,0.008897252207737294,0.008897252207737294,0.06842795396046845,half_flush,959,0.9183138264290229,
GME,2021-03-10,3DGapFade,A,Medium,0.174568733,0.3616152618490889,0.0415321233715622,0.0415321233715622,0.11485168839166583,eod,959,0.06548291080775936,0.5293604651162791
GME,2021-03-10,3DGapFade,A,Medium,0.174568733,0.3616152618490889,0.0415321233715622,0.0415321233715622,0.11485168839166583,time_1200,720,-0.6360463922816377,0.2833023543990085
GME,2021-03-10,3DGapFade,A,Medium,0.174568733,0.3616152618490889,0.0415321233715622,0.0415321233715622,0.11485168839166583,time_1300,780,0.0560402340141638,0.5347093023255816
GME,2021-03-10,3DGapFade,A,Medium,0.174568733,0.3616152618490889,0.0415321233715622,0.0415321233715622,0.11485168839166583,vwap_reclaim,600,-0.1583701118751925,0.10308240396530355
GME,2021-03-10,3DGapFade,A,Medium,0.174568733,0.3616152618490889,0.0415321233715622,0.0415321233715622,0.11485168839166583,mom30_flip,959,0.06548291080775936,0.5293604651162791
GME,2021-03-10,3DGapFade,A,Medium,0.174568733,0.3616152618490889,0.0415321233715622,0.0415321233715622,0.11485168839166583,bounce_05atr,760,0.7331417427896952,0.15116279069767447
GME,2021-03-10,3DGapFade,A,Medium,0.174568733,0.3616152618490889,0.0415321233715622,0.0415321233715622,0.11485168839166583,bounce_10atr,766,0.6766909576105923,0.18313953488372103
GME,2021-03-10,3DGapFade,A,Medium,0.174568733,0.3616152618490889,0.0415321233715622,0.0415321233715622,0.11485168839166583,retrace_15,760,0.7331417427896952,0.15116279069767447
GME,2021-03-10,3DGapFade,A,Medium,0.174568733,0.3616152618490889,0.0415321233715622,0.0415321233715622,0.11485168839166583,retrace_25,760,0.7331417427896952,0.15116279069767447
GME,2021-03-10,3DGapFade,A,Medium,0.174568733,0.3616152618490889,0.0415321233715622,0.0415321233715622,0.11485168839166583,retrace_35,959,0.06548291080775936,0.5293604651162791
GME,2021-03-10,3DGapFade,A,Medium,0.174568733,0.3616152618490889,0.0415321233715622,0.0415321233715622,0.11485168839166583,stale_45,821,0.0044134250230935725,0.5639534883720929
GME,2021-03-10,3DGapFade,A,Medium,0.174568733,0.3616152618490889,0.0415321233715622,0.0415321233715622,0.11485168839166583,stale_75,851,0.034831160833418785,0.5467232558139536
GME,2021-03-10,3DGapFade,A,Medium,0.174568733,0.3616152618490889,0.0415321233715622,0.0415321233715622,0.11485168839166583,flush_4atr,959,0.06548291080775936,0.5293604651162791
GME,2021-03-10,3DGapFade,A,Medium,0.174568733,0.3616152618490889,0.0415321233715622,0.0415321233715622,0.11485168839166583,flush_abs35,959,0.06548291080775936,0.5293604651162791
GME,2021-03-10,3DGapFade,A,Medium,0.174568733,0.3616152618490889,0.0415321233715622,0.0415321233715622,0.11485168839166583,volclimax,959,0.06548291080775936,0.5293604651162791
GME,2021-03-10,3DGapFade,A,Medium,0.174568733,0.3616152618490889,0.0415321233715622,0.0415321233715622,0.11485168839166583,hybrid,760,0.7331417427896952,0.15116279069767447
GME,2021-03-10,3DGapFade,A,Medium,0.174568733,0.3616152618490889,0.0415321233715622,0.0415321233715622,0.11485168839166583,half_flush,959,0.06548291080775936,
WISH,2021-06-09,2DGapFade,A,Medium,0.1003,0.3012951601908658,0.2678936605316974,0.2678936605316974,0.8891402714932126,eod,959,0.9208144796380091,0.034146341463414664
WISH,2021-06-09,2DGapFade,A,Medium,0.1003,0.3012951601908658,0.2678936605316974,0.2678936605316974,0.8891402714932126,time_1200,720,0.8235294117647061,0.03860640301318252
WISH,2021-06-09,2DGapFade,A,Medium,0.1003,0.3012951601908658,0.2678936605316974,0.2678936605316974,0.8891402714932126,time_1300,780,0.5904977375565611,0.1355932203389829
WISH,2021-06-09,2DGapFade,A,Medium,0.1003,0.3012951601908658,0.2678936605316974,0.2678936605316974,0.8891402714932126,vwap_reclaim,959,0.9208144796380091,0.034146341463414664
WISH,2021-06-09,2DGapFade,A,Medium,0.1003,0.3012951601908658,0.2678936605316974,0.2678936605316974,0.8891402714932126,mom30_flip,643,0.5290723981900454,0.14818435754189951
WISH,2021-06-09,2DGapFade,A,Medium,0.1003,0.3012951601908658,0.2678936605316974,0.2678936605316974,0.8891402714932126,bounce_05atr,596,0.4592760180995477,0.0515806988352745
WISH,2021-06-09,2DGapFade,A,Medium,0.1003,0.3012951601908658,0.2678936605316974,0.2678936605316974,0.8891402714932126,bounce_10atr,622,0.6429411764705882,0.10132216014897577
WISH,2021-06-09,2DGapFade,A,Medium,0.1003,0.3012951601908658,0.2678936605316974,0.2678936605316974,0.8891402714932126,retrace_15,595,0.47280542986425345,0.04660565723793675
WISH,2021-06-09,2DGapFade,A,Medium,0.1003,0.3012951601908658,0.2678936605316974,0.2678936605316974,0.8891402714932126,retrace_25,601,0.4355203619909502,0.060316139767054855
WISH,2021-06-09,2DGapFade,A,Medium,0.1003,0.3012951601908658,0.2678936605316974,0.2678936605316974,0.8891402714932126,retrace_35,602,0.3597285067873306,0.08818635607321124
WISH,2021-06-09,2DGapFade,A,Medium,0.1003,0.3012951601908658,0.2678936605316974,0.2678936605316974,0.8891402714932126,stale_45,665,0.5972850678733034,0.12011173184357538
WISH,2021-06-09,2DGapFade,A,Medium,0.1003,0.3012951601908658,0.2678936605316974,0.2678936605316974,0.8891402714932126,stale_75,695,0.6923076923076923,0.08100558659217882
WISH,2021-06-09,2DGapFade,A,Medium,0.1003,0.3012951601908658,0.2678936605316974,0.2678936605316974,0.8891402714932126,flush_4atr,959,0.9208144796380091,0.034146341463414664
WISH,2021-06-09,2DGapFade,A,Medium,0.1003,0.3012951601908658,0.2678936605316974,0.2678936605316974,0.8891402714932126,flush_abs35,959,0.9208144796380091,0.034146341463414664
WISH,2021-06-09,2DGapFade,A,Medium,0.1003,0.3012951601908658,0.2678936605316974,0.2678936605316974,0.8891402714932126,volclimax,959,0.9208144796380091,0.034146341463414664
WISH,2021-06-09,2DGapFade,A,Medium,0.1003,0.3012951601908658,0.2678936605316974,0.2678936605316974,0.8891402714932126,hybrid,754,0.6335972850678735,0.11765536723163827
WISH,2021-06-09,2DGapFade,A,Medium,0.1003,0.3012951601908658,0.2678936605316974,0.2678936605316974,0.8891402714932126,half_flush,959,0.9208144796380091,
CLOV,2021-06-09,3DGapFade,A,Medium,0.0503,0.4,0.3035714285714286,0.3035714285714286,0.7589285714285715,eod,959,0.9848214285714287,0.010119047619047583
CLOV,2021-06-09,3DGapFade,A,Medium,0.0503,0.4,0.3035714285714286,0.3035714285714286,0.7589285714285715,time_1200,720,0.8750089285714286,0.025346478873239375
CLOV,2021-06-09,3DGapFade,A,Medium,0.0503,0.4,0.3035714285714286,0.3035714285714286,0.7589285714285715,time_1300,780,0.6722410714285715,0.15329014084507042
CLOV,2021-06-09,3DGapFade,A,Medium,0.0503,0.4,0.3035714285714286,0.3035714285714286,0.7589285714285715,vwap_reclaim,959,0.9848214285714287,0.010119047619047583
CLOV,2021-06-09,3DGapFade,A,Medium,0.0503,0.4,0.3035714285714286,0.3035714285714286,0.7589285714285715,mom30_flip,644,0.5871160714285716,0.09868205128205121
CLOV,2021-06-09,3DGapFade,A,Medium,0.0503,0.4,0.3035714285714286,0.3035714285714286,0.7589285714285715,bounce_05atr,595,0.2812499999999999,0.03069265864786397
CLOV,2021-06-09,3DGapFade,A,Medium,0.0503,0.4,0.3035714285714286,0.3035714285714286,0.7589285714285715,bounce_10atr,622,0.6392767857142858,0.06872307692307689
CLOV,2021-06-09,3DGapFade,A,Medium,0.0503,0.4,0.3035714285714286,0.3035714285714286,0.7589285714285715,retrace_15,595,0.2812499999999999,0.03069265864786397
CLOV,2021-06-09,3DGapFade,A,Medium,0.0503,0.4,0.3035714285714286,0.3035714285714286,0.7589285714285715,retrace_25,633,0.5660714285714286,0.11076923076923073
CLOV,2021-06-09,3DGapFade,A,Medium,0.0503,0.4,0.3035714285714286,0.3035714285714286,0.7589285714285715,retrace_35,959,0.9848214285714287,0.010119047619047583
CLOV,2021-06-09,3DGapFade,A,Medium,0.0503,0.4,0.3035714285714286,0.3035714285714286,0.7589285714285715,stale_45,664,0.6138392857142857,0.08333333333333326
CLOV,2021-06-09,3DGapFade,A,Medium,0.0503,0.4,0.3035714285714286,0.3035714285714286,0.7589285714285715,stale_75,794,0.7348214285714286,0.11380281690140848
CLOV,2021-06-09,3DGapFade,A,Medium,0.0503,0.4,0.3035714285714286,0.3035714285714286,0.7589285714285715,flush_4atr,614,0.6439017857142858,0.012088607594936684
CLOV,2021-06-09,3DGapFade,A,Medium,0.0503,0.4,0.3035714285714286,0.3035714285714286,0.7589285714285715,flush_abs35,711,0.9080357142857145,0.0028121484814396247
CLOV,2021-06-09,3DGapFade,A,Medium,0.0503,0.4,0.3035714285714286,0.3035714285714286,0.7589285714285715,volclimax,959,0.9848214285714287,0.010119047619047583
CLOV,2021-06-09,3DGapFade,A,Medium,0.0503,0.4,0.3035714285714286,0.3035714285714286,0.7589285714285715,hybrid,614,0.6439017857142858,0.012088607594936684
CLOV,2021-06-09,3DGapFade,A,Medium,0.0503,0.4,0.3035714285714286,0.3035714285714286,0.7589285714285715,half_flush,959,0.8143616071428572,
CEI,2022-03-08,3DGapFade,B,Micro,0.0685,0.4011976047904192,0.08982035928143717,0.08982035928143717,0.22388059701492544,eod,959,0.6426865671641792,0.23940000000000006
CEI,2022-03-08,3DGapFade,B,Micro,0.0685,0.4011976047904192,0.08982035928143717,0.08982035928143717,0.22388059701492544,time_1200,720,0.10492537313432837,0.052434210526315805
CEI,2022-03-08,3DGapFade,B,Micro,0.0685,0.4011976047904192,0.08982035928143717,0.08982035928143717,0.22388059701492544,time_1300,780,0.5825373134328359,0.27970000000000006
CEI,2022-03-08,3DGapFade,B,Micro,0.0685,0.4011976047904192,0.08982035928143717,0.08982035928143717,0.22388059701492544,vwap_reclaim,631,-0.07582089552238824,0.13210526315789473
CEI,2022-03-08,3DGapFade,B,Micro,0.0685,0.4011976047904192,0.08982035928143717,0.08982035928143717,0.22388059701492544,mom30_flip,772,0.5298507462686567,0.31499999999999995
CEI,2022-03-08,3DGapFade,B,Micro,0.0685,0.4011976047904192,0.08982035928143717,0.08982035928143717,0.22388059701492544,bounce_05atr,730,0.43283582089552236,0.03759398496240607
CEI,2022-03-08,3DGapFade,B,Micro,0.0685,0.4011976047904192,0.08982035928143717,0.08982035928143717,0.22388059701492544,bounce_10atr,734,0.34358208955223896,0.0825563909774436
CEI,2022-03-08,3DGapFade,B,Micro,0.0685,0.4011976047904192,0.08982035928143717,0.08982035928143717,0.22388059701492544,retrace_15,732,0.40343283582089556,0.05240601503759401
CEI,2022-03-08,3DGapFade,B,Micro,0.0685,0.4011976047904192,0.08982035928143717,0.08982035928143717,0.22388059701492544,retrace_25,734,0.34358208955223896,0.0825563909774436
CEI,2022-03-08,3DGapFade,B,Micro,0.0685,0.4011976047904192,0.08982035928143717,0.08982035928143717,0.22388059701492544,retrace_35,735,0.2994029850746269,0.10481203007518802
CEI,2022-03-08,3DGapFade,B,Micro,0.0685,0.4011976047904192,0.08982035928143717,0.08982035928143717,0.22388059701492544,stale_45,662,0.029552238805969997,0.08565789473684227
CEI,2022-03-08,3DGapFade,B,Micro,0.0685,0.4011976047904192,0.08982035928143717,0.08982035928143717,0.22388059701492544,stale_75,702,0.07462686567164178,0.06578947368421062
CEI,2022-03-08,3DGapFade,B,Micro,0.0685,0.4011976047904192,0.08982035928143717,0.08982035928143717,0.22388059701492544,flush_4atr,743,0.8134328358208955,0.0044642857142858094
CEI,2022-03-08,3DGapFade,B,Micro,0.0685,0.4011976047904192,0.08982035928143717,0.08982035928143717,0.22388059701492544,flush_abs35,746,0.9029850746268657,0.004716981132075526
CEI,2022-03-08,3DGapFade,B,Micro,0.0685,0.4011976047904192,0.08982035928143717,0.08982035928143717,0.22388059701492544,volclimax,729,0.48507462686567165,0.011278195488721776
CEI,2022-03-08,3DGapFade,B,Micro,0.0685,0.4011976047904192,0.08982035928143717,0.08982035928143717,0.22388059701492544,hybrid,743,0.8134328358208955,0.0044642857142858094
CEI,2022-03-08,3DGapFade,B,Micro,0.0685,0.4011976047904192,0.08982035928143717,0.08982035928143717,0.22388059701492544,half_flush,959,0.7280597014925374,
USEG,2022-03-08,3DGapFade,C,Micro,0.0476,0.3688933200398803,0.10269192422731799,0.10269192422731799,0.27837837837837826,eod,959,0.727027027027027,0.15955766192733023
USEG,2022-03-08,3DGapFade,C,Micro,0.0476,0.3688933200398803,0.10269192422731799,0.10269192422731799,0.27837837837837826,time_1200,720,-0.15135135135135153,0.17666666666666675
USEG,2022-03-08,3DGapFade,C,Micro,0.0476,0.3688933200398803,0.10269192422731799,0.10269192422731799,0.27837837837837826,time_1300,780,0.6274594594594594,0.2177567140600316
USEG,2022-03-08,3DGapFade,C,Micro,0.0476,0.3688933200398803,0.10269192422731799,0.10269192422731799,0.27837837837837826,vwap_reclaim,603,-0.5080810810810814,0.3233222222222223
USEG,2022-03-08,3DGapFade,C,Micro,0.0476,0.3688933200398803,0.10269192422731799,0.10269192422731799,0.27837837837837826,mom30_flip,769,0.745945945945946,0.14849921011058442
USEG,2022-03-08,3DGapFade,C,Micro,0.0476,0.3688933200398803,0.10269192422731799,0.10269192422731799,0.27837837837837826,bounce_05atr,733,0.4921621621621622,0.026124999999999954
USEG,2022-03-08,3DGapFade,C,Micro,0.0476,0.3688933200398803,0.10269192422731799,0.10269192422731799,0.27837837837837826,bounce_10atr,735,0.6000000000000001,0.06258503401360538
USEG,2022-03-08,3DGapFade,C,Micro,0.0476,0.3688933200398803,0.10269192422731799,0.10269192422731799,0.27837837837837826,retrace_15,735,0.6000000000000001,0.06258503401360538
USEG,2022-03-08,3DGapFade,C,Micro,0.0476,0.3688933200398803,0.10269192422731799,0.10269192422731799,0.27837837837837826,retrace_25,745,0.5972972972972972,0.11237553342816509
USEG,2022-03-08,3DGapFade,C,Micro,0.0476,0.3688933200398803,0.10269192422731799,0.10269192422731799,0.27837837837837826,retrace_35,780,0.6274594594594594,0.2177567140600316
USEG,2022-03-08,3DGapFade,C,Micro,0.0476,0.3688933200398803,0.10269192422731799,0.10269192422731799,0.27837837837837826,stale_45,649,0.05675675675675652,0.09111111111111114
USEG,2022-03-08,3DGapFade,C,Micro,0.0476,0.3688933200398803,0.10269192422731799,0.10269192422731799,0.27837837837837826,stale_75,725,0.016216216216215874,0.10777777777777775
USEG,2022-03-08,3DGapFade,C,Micro,0.0476,0.3688933200398803,0.10269192422731799,0.10269192422731799,0.27837837837837826,flush_4atr,734,0.6567837837837838,0.013319999999999999
USEG,2022-03-08,3DGapFade,C,Micro,0.0476,0.3688933200398803,0.10269192422731799,0.10269192422731799,0.27837837837837826,flush_abs35,758,0.9838108108108109,0.007854765697701938
USEG,2022-03-08,3DGapFade,C,Micro,0.0476,0.3688933200398803,0.10269192422731799,0.10269192422731799,0.27837837837837826,volclimax,959,0.727027027027027,0.15955766192733023
USEG,2022-03-08,3DGapFade,C,Micro,0.0476,0.3688933200398803,0.10269192422731799,0.10269192422731799,0.27837837837837826,hybrid,734,0.6567837837837838,0.013319999999999999
USEG,2022-03-08,3DGapFade,C,Micro,0.0476,0.3688933200398803,0.10269192422731799,0.10269192422731799,0.27837837837837826,half_flush,959,0.6919054054054055,
USWS,2022-03-08,3DGapFade,A,Micro,0.0792,0.5499999999999999,0.26875000000000004,0.26875000000000004,0.48863636363636376,eod,959,0.8125000000000001,0.22916666666666652
USWS,2022-03-08,3DGapFade,A,Micro,0.0792,0.5499999999999999,0.26875000000000004,0.26875000000000004,0.48863636363636376,time_1200,720,0.5897159090909091,0.029571428571428582
USWS,2022-03-08,3DGapFade,A,Micro,0.0792,0.5499999999999999,0.26875000000000004,0.26875000000000004,0.48863636363636376,time_1300,780,0.7500568181818181,0.3054861111111111
USWS,2022-03-08,3DGapFade,A,Micro,0.0792,0.5499999999999999,0.26875000000000004,0.26875000000000004,0.48863636363636376,vwap_reclaim,959,0.8125000000000001,0.22916666666666652
USWS,2022-03-08,3DGapFade,A,Micro,0.0792,0.5499999999999999,0.26875000000000004,0.26875000000000004,0.48863636363636376,mom30_flip,633,0.2840909090909091,0.15384615384615397
USWS,2022-03-08,3DGapFade,A,Micro,0.0792,0.5499999999999999,0.26875000000000004,0.26875000000000004,0.48863636363636376,bounce_05atr,595,0.1593181818181816,0.07338235294117657
USWS,2022-03-08,3DGapFade,A,Micro,0.0792,0.5499999999999999,0.26875000000000004,0.26875000000000004,0.48863636363636376,bounce_10atr,605,0.2556818181818181,0.08267716535433078
USWS,2022-03-08,3DGapFade,A,Micro,0.0792,0.5499999999999999,0.26875000000000004,0.26875000000000004,0.48863636363636376,retrace_15,595,0.1593181818181816,0.07338235294117657
USWS,2022-03-08,3DGapFade,A,Micro,0.0792,0.5499999999999999,0.26875000000000004,0.26875000000000004,0.48863636363636376,retrace_25,595,0.1593181818181816,0.07338235294117657
USWS,2022-03-08,3DGapFade,A,Micro,0.0792,0.5499999999999999,0.26875000000000004,0.26875000000000004,0.48863636363636376,retrace_35,595,0.1593181818181816,0.07338235294117657
USWS,2022-03-08,3DGapFade,A,Micro,0.0792,0.5499999999999999,0.26875000000000004,0.26875000000000004,0.48863636363636376,stale_45,660,0.3471590909090908,0.10641025641025648
USWS,2022-03-08,3DGapFade,A,Micro,0.0792,0.5499999999999999,0.26875000000000004,0.26875000000000004,0.48863636363636376,stale_75,690,0.355,0.10051282051282051
USWS,2022-03-08,3DGapFade,A,Micro,0.0792,0.5499999999999999,0.26875000000000004,0.26875000000000004,0.48863636363636376,flush_4atr,719,0.6050568181818181,0.016714285714285904
USWS,2022-03-08,3DGapFade,A,Micro,0.0792,0.5499999999999999,0.26875000000000004,0.26875000000000004,0.48863636363636376,flush_abs35,730,0.6532954545454546,9.756097560975618e-05
USWS,2022-03-08,3DGapFade,A,Micro,0.0792,0.5499999999999999,0.26875000000000004,0.26875000000000004,0.48863636363636376,volclimax,716,0.5397727272727273,0.0044642857142858094
USWS,2022-03-08,3DGapFade,A,Micro,0.0792,0.5499999999999999,0.26875000000000004,0.26875000000000004,0.48863636363636376,hybrid,719,0.6050568181818181,0.016714285714285904
USWS,2022-03-08,3DGapFade,A,Micro,0.0792,0.5499999999999999,0.26875000000000004,0.26875000000000004,0.48863636363636376,half_flush,959,0.7087784090909091,
IMPP,2022-03-08,3DGapFade,B,Micro,0.1033,0.5936473165388828,0.41073384446878414,0.41073384446878414,0.691881918819188,eod,959,0.9003690036900369,0.14555256064690036
IMPP,2022-03-08,3DGapFade,B,Micro,0.1033,0.5936473165388828,0.41073384446878414,0.41073384446878414,0.691881918819188,time_1200,720,0.5553321033210331,0.13756505576208178
IMPP,2022-03-08,3DGapFade,B,Micro,0.1033,0.5936473165388828,0.41073384446878414,0.41073384446878414,0.691881918819188,time_1300,780,0.8542250922509227,0.21296495956873307
IMPP,2022-03-08,3DGapFade,B,Micro,0.1033,0.5936473165388828,0.41073384446878414,0.41073384446878414,0.691881918819188,vwap_reclaim,679,0.3560885608856088,0.3382899628252787
IMPP,2022-03-08,3DGapFade,B,Micro,0.1033,0.5936473165388828,0.41073384446878414,0.41073384446878414,0.691881918819188,mom30_flip,638,0.49446494464944646,0.1988847583643123
IMPP,2022-03-08,3DGapFade,B,Micro,0.1033,0.5936473165388828,0.41073384446878414,0.41073384446878414,0.691881918819188,bounce_05atr,600,0.43511070110701094,0.07316957210776542
IMPP,2022-03-08,3DGapFade,B,Micro,0.1033,0.5936473165388828,0.41073384446878414,0.41073384446878414,0.691881918819188,bounce_10atr,620,0.5535055350553505,0.1394052044609666
IMPP,2022-03-08,3DGapFade,B,Micro,0.1033,0.5936473165388828,0.41073384446878414,0.41073384446878414,0.691881918819188,retrace_15,600,0.43511070110701094,0.07316957210776542
IMPP,2022-03-08,3DGapFade,B,Micro,0.1033,0.5936473165388828,0.41073384446878414,0.41073384446878414,0.691881918819188,retrace_25,621,0.4944833948339482,0.19886617100371762
IMPP,2022-03-08,3DGapFade,B,Micro,0.1033,0.5936473165388828,0.41073384446878414,0.41073384446878414,0.691881918819188,retrace_35,637,0.4436531365313653,0.25007434944237916
IMPP,2022-03-08,3DGapFade,B,Micro,0.1033,0.5936473165388828,0.41073384446878414,0.41073384446878414,0.691881918819188,stale_45,665,0.5867343173431733,0.10592936802973973
IMPP,2022-03-08,3DGapFade,B,Micro,0.1033,0.5936473165388828,0.41073384446878414,0.41073384446878414,0.691881918819188,stale_75,695,0.4363468634686347,0.257434944237918
IMPP,2022-03-08,3DGapFade,B,Micro,0.1033,0.5936473165388828,0.41073384446878414,0.41073384446878414,0.691881918819188,flush_4atr,727,0.7269372693726938,0.0
IMPP,2022-03-08,3DGapFade,B,Micro,0.1033,0.5936473165388828,0.41073384446878414,0.41073384446878414,0.691881918819188,flush_abs35,661,0.5922509225092251,0.1003717472118959
IMPP,2022-03-08,3DGapFade,B,Micro,0.1033,0.5936473165388828,0.41073384446878414,0.41073384446878414,0.691881918819188,volclimax,727,0.7269372693726938,0.0
IMPP,2022-03-08,3DGapFade,B,Micro,0.1033,0.5936473165388828,0.41073384446878414,0.41073384446878414,0.691881918819188,hybrid,727,0.7269372693726938,0.0
IMPP,2022-03-08,3DGapFade,B,Micro,0.1033,0.5936473165388828,0.41073384446878414,0.41073384446878414,0.691881918819188,half_flush,959,0.8136531365313653,
HUSA,2022-03-08,2DGapFade,A,Micro,0.0526,0.6285355122564424,0.497171590194846,0.497171590194846,0.791,eod,959,0.8919999999999999,0.18274111675126914
HUSA,2022-03-08,2DGapFade,A,Micro,0.0526,0.6285355122564424,0.497171590194846,0.497171590194846,0.791,time_1200,720,0.67443,0.1457124999999999
HUSA,2022-03-08,2DGapFade,A,Micro,0.0526,0.6285355122564424,0.497171590194846,0.497171590194846,0.791,time_1300,780,0.9005,0.16835871404399305
HUSA,2022-03-08,2DGapFade,A,Micro,0.0526,0.6285355122564424,0.497171590194846,0.497171590194846,0.791,vwap_reclaim,686,0.42306,0.4599249999999999
HUSA,2022-03-08,2DGapFade,A,Micro,0.0526,0.6285355122564424,0.497171590194846,0.497171590194846,0.791,mom30_flip,640,0.581,0.26249999999999996
HUSA,2022-03-08,2DGapFade,A,Micro,0.0526,0.6285355122564424,0.497171590194846,0.497171590194846,0.791,bounce_05atr,605,0.5705,0.1032432432432433
HUSA,2022-03-08,2DGapFade,A,Micro,0.0526,0.6285355122564424,0.497171590194846,0.497171590194846,0.791,bounce_10atr,605,0.5705,0.1032432432432433
HUSA,2022-03-08,2DGapFade,A,Micro,0.0526,0.6285355122564424,0.497171590194846,0.497171590194846,0.791,retrace_15,619,0.6709999999999999,0.1499999999999999
HUSA,2022-03-08,2DGapFade,A,Micro,0.0526,0.6285355122564424,0.497171590194846,0.497171590194846,0.791,retrace_25,635,0.5910899999999999,0.24988750000000004
HUSA,2022-03-08,2DGapFade,A,Micro,0.0526,0.6285355122564424,0.497171590194846,0.497171590194846,0.791,retrace_35,642,0.493,0.37250000000000005
HUSA,2022-03-08,2DGapFade,A,Micro,0.0526,0.6285355122564424,0.497171590194846,0.497171590194846,0.791,stale_45,669,0.59,0.25125
HUSA,2022-03-08,2DGapFade,A,Micro,0.0526,0.6285355122564424,0.497171590194846,0.497171590194846,0.791,stale_75,699,0.57,0.2762499999999999
HUSA,2022-03-08,2DGapFade,A,Micro,0.0526,0.6285355122564424,0.497171590194846,0.497171590194846,0.791,flush_4atr,594,0.5389999999999999,0.02634146341463417
HUSA,2022-03-08,2DGapFade,A,Micro,0.0526,0.6285355122564424,0.497171590194846,0.497171590194846,0.791,flush_abs35,595,0.566,0.0
HUSA,2022-03-08,2DGapFade,A,Micro,0.0526,0.6285355122564424,0.497171590194846,0.497171590194846,0.791,volclimax,725,0.7909999999999999,0.0025062656641603454
HUSA,2022-03-08,2DGapFade,A,Micro,0.0526,0.6285355122564424,0.497171590194846,0.497171590194846,0.791,hybrid,594,0.5389999999999999,0.02634146341463417
HUSA,2022-03-08,2DGapFade,A,Micro,0.0526,0.6285355122564424,0.497171590194846,0.497171590194846,0.791,half_flush,959,0.7154999999999999,
GME,2022-03-29,3DGapFade,A,Medium,0.102220758,0.13408414789630263,0.13408414789630263,0.13408414789630263,1.0,eod,959,0.3308240887480198,0.10361963190184031
GME,2022-03-29,3DGapFade,A,Medium,0.102220758,0.13408414789630263,0.13408414789630263,0.13408414789630263,1.0,time_1200,720,0.29556259904912857,0.10907975460122699
GME,2022-03-29,3DGapFade,A,Medium,0.102220758,0.13408414789630263,0.13408414789630263,0.13408414789630263,1.0,time_1300,780,0.38708399366085605,0.09490797546012275
GME,2022-03-29,3DGapFade,A,Medium,0.102220758,0.13408414789630263,0.13408414789630263,0.13408414789630263,1.0,vwap_reclaim,651,0.37996830427892286,0.09600981595092017
GME,2022-03-29,3DGapFade,A,Medium,0.102220758,0.13408414789630263,0.13408414789630263,0.13408414789630263,1.0,mom30_flip,959,0.3308240887480198,0.10361963190184031
GME,2022-03-29,3DGapFade,A,Medium,0.102220758,0.13408414789630263,0.13408414789630263,0.13408414789630263,1.0,bounce_05atr,959,0.3308240887480198,0.10361963190184031
GME,2022-03-29,3DGapFade,A,Medium,0.102220758,0.13408414789630263,0.13408414789630263,0.13408414789630263,1.0,bounce_10atr,959,0.3308240887480198,0.10361963190184031
GME,2022-03-29,3DGapFade,A,Medium,0.102220758,0.13408414789630263,0.13408414789630263,0.13408414789630263,1.0,retrace_15,605,0.830031695721078,0.026319018404908023
GME,2022-03-29,3DGapFade,A,Medium,0.102220758,0.13408414789630263,0.13408414789630263,0.13408414789630263,1.0,retrace_25,959,0.3308240887480198,0.10361963190184031
GME,2022-03-29,3DGapFade,A,Medium,0.102220758,0.13408414789630263,0.13408414789630263,0.13408414789630263,1.0,retrace_35,959,0.3308240887480198,0.10361963190184031
GME,2022-03-29,3DGapFade,A,Medium,0.102220758,0.13408414789630263,0.13408414789630263,0.13408414789630263,1.0,stale_45,649,0.49128367670364503,0.0787730061349694
GME,2022-03-29,3DGapFade,A,Medium,0.102220758,0.13408414789630263,0.13408414789630263,0.13408414789630263,1.0,stale_75,679,0.2894136291600633,0.11003190184049094
GME,2022-03-29,3DGapFade,A,Medium,0.102220758,0.13408414789630263,0.13408414789630263,0.13408414789630263,1.0,flush_4atr,959,0.3308240887480198,0.10361963190184031
GME,2022-03-29,3DGapFade,A,Medium,0.102220758,0.13408414789630263,0.13408414789630263,0.13408414789630263,1.0,flush_abs35,959,0.3308240887480198,0.10361963190184031
GME,2022-03-29,3DGapFade,A,Medium,0.102220758,0.13408414789630263,0.13408414789630263,0.13408414789630263,1.0,volclimax,959,0.3308240887480198,0.10361963190184031
GME,2022-03-29,3DGapFade,A,Medium,0.102220758,0.13408414789630263,0.13408414789630263,0.13408414789630263,1.0,hybrid,959,0.3308240887480198,0.10361963190184031
GME,2022-03-29,3DGapFade,A,Medium,0.102220758,0.13408414789630263,0.13408414789630263,0.13408414789630263,1.0,half_flush,959,0.3308240887480198,
COIN,2022-08-04,3DGapFade,A,Medium,0.0757,0.18204524033930258,0.12554194156456167,0.14882092365692734,0.81749417551126,eod,959,0.888428682371214,0.024831480094486436
COIN,2022-08-04,3DGapFade,A,Medium,0.0757,0.18204524033930258,0.12554194156456167,0.14882092365692734,0.81749417551126,time_1200,720,0.509707481232203,0.06582763168239203
COIN,2022-08-04,3DGapFade,A,Medium,0.0757,0.18204524033930258,0.12554194156456167,0.14882092365692734,0.81749417551126,time_1300,780,0.6414703598239712,0.03764695200204615
COIN,2022-08-04,3DGapFade,A,Medium,0.0757,0.18204524033930258,0.12554194156456167,0.14882092365692734,0.81749417551126,vwap_reclaim,959,0.888428682371214,0.024831480094486436
COIN,2022-08-04,3DGapFade,A,Medium,0.0757,0.18204524033930258,0.12554194156456167,0.14882092365692734,0.81749417551126,mom30_flip,660,0.5298886875485371,0.06151139241347314
COIN,2022-08-04,3DGapFade,A,Medium,0.0757,0.18204524033930258,0.12554194156456167,0.14882092365692734,0.81749417551126,bounce_05atr,648,0.6310380533264298,0.03987815316337806
COIN,2022-08-04,3DGapFade,A,Medium,0.0757,0.18204524033930258,0.12554194156456167,0.14882092365692734,0.81749417551126,bounce_10atr,959,0.888428682371214,0.024831480094486436
COIN,2022-08-04,3DGapFade,A,Medium,0.0757,0.18204524033930258,0.12554194156456167,0.14882092365692734,0.81749417551126,retrace_15,609,0.43127103287600305,0.016320166320166196
COIN,2022-08-04,3DGapFade,A,Medium,0.0757,0.18204524033930258,0.12554194156456167,0.14882092365692734,0.81749417551126,retrace_25,651,0.60384157390629,0.04569477832490487
COIN,2022-08-04,3DGapFade,A,Medium,0.0757,0.18204524033930258,0.12554194156456167,0.14882092365692734,0.81749417551126,retrace_35,660,0.5298886875485371,0.06151139241347314
COIN,2022-08-04,3DGapFade,A,Medium,0.0757,0.18204524033930258,0.12554194156456167,0.14882092365692734,0.81749417551126,stale_45,684,0.6637328501164895,0.032885579796722464
COIN,2022-08-04,3DGapFade,A,Medium,0.0757,0.18204524033930258,0.12554194156456167,0.14882092365692734,0.81749417551126,stale_75,714,0.5296349987056692,0.06156564991069646
COIN,2022-08-04,3DGapFade,A,Medium,0.0757,0.18204524033930258,0.12554194156456167,0.14882092365692734,0.81749417551126,flush_4atr,959,0.888428682371214,0.024831480094486436
COIN,2022-08-04,3DGapFade,A,Medium,0.0757,0.18204524033930258,0.12554194156456167,0.14882092365692734,0.81749417551126,flush_abs35,959,0.888428682371214,0.024831480094486436
COIN,2022-08-04,3DGapFade,A,Medium,0.0757,0.18204524033930258,0.12554194156456167,0.14882092365692734,0.81749417551126,volclimax,959,0.888428682371214,0.024831480094486436
COIN,2022-08-04,3DGapFade,A,Medium,0.0757,0.18204524033930258,0.12554194156456167,0.14882092365692734,0.81749417551126,hybrid,750,0.5614807144706186,0.054754673065360304
COIN,2022-08-04,3DGapFade,A,Medium,0.0757,0.18204524033930258,0.12554194156456167,0.14882092365692734,0.81749417551126,half_flush,959,0.888428682371214,
SMH,2023-05-30,3DGapFade,A,ETF,0.025370626,0.02090939263192837,0.014802522402920792,0.014802522402920792,0.7079365079365114,eod,959,0.8000000000000018,0.004271186440677921
SMH,2023-05-30,3DGapFade,A,ETF,0.025370626,0.02090939263192837,0.014802522402920792,0.014802522402920792,0.7079365079365114,time_1200,720,0.2507936507936478,0.009702196469478785
SMH,2023-05-30,3DGapFade,A,ETF,0.025370626,0.02090939263192837,0.014802522402920792,0.014802522402920792,0.7079365079365114,time_1300,780,0.5365079365079348,0.00404421677001876
SMH,2023-05-30,3DGapFade,A,ETF,0.025370626,0.02090939263192837,0.014802522402920792,0.014802522402920792,0.7079365079365114,vwap_reclaim,664,0.1460317460317483,0.011925616493734026
SMH,2023-05-30,3DGapFade,A,ETF,0.025370626,0.02090939263192837,0.014802522402920792,0.014802522402920792,0.7079365079365114,mom30_flip,959,0.8000000000000018,0.004271186440677921
SMH,2023-05-30,3DGapFade,A,ETF,0.025370626,0.02090939263192837,0.014802522402920792,0.014802522402920792,0.7079365079365114,bounce_05atr,959,0.8000000000000018,0.004271186440677921
SMH,2023-05-30,3DGapFade,A,ETF,0.025370626,0.02090939263192837,0.014802522402920792,0.014802522402920792,0.7079365079365114,bounce_10atr,959,0.8000000000000018,0.004271186440677921
SMH,2023-05-30,3DGapFade,A,ETF,0.025370626,0.02090939263192837,0.014802522402920792,0.014802522402920792,0.7079365079365114,retrace_15,959,0.8000000000000018,0.004271186440677921
SMH,2023-05-30,3DGapFade,A,ETF,0.025370626,0.02090939263192837,0.014802522402920792,0.014802522402920792,0.7079365079365114,retrace_25,959,0.8000000000000018,0.004271186440677921
SMH,2023-05-30,3DGapFade,A,ETF,0.025370626,0.02090939263192837,0.014802522402920792,0.014802522402920792,0.7079365079365114,retrace_35,959,0.8000000000000018,0.004271186440677921
SMH,2023-05-30,3DGapFade,A,ETF,0.025370626,0.02090939263192837,0.014802522402920792,0.014802522402920792,0.7079365079365114,stale_45,673,0.2317460317460371,0.010106454655706809
SMH,2023-05-30,3DGapFade,A,ETF,0.025370626,0.02090939263192837,0.014802522402920792,0.014802522402920792,0.7079365079365114,stale_75,703,0.2507936507936478,0.009702196469478785
SMH,2023-05-30,3DGapFade,A,ETF,0.025370626,0.02090939263192837,0.014802522402920792,0.014802522402920792,0.7079365079365114,flush_4atr,959,0.8000000000000018,0.004271186440677921
SMH,2023-05-30,3DGapFade,A,ETF,0.025370626,0.02090939263192837,0.014802522402920792,0.014802522402920792,0.7079365079365114,flush_abs35,959,0.8000000000000018,0.004271186440677921
SMH,2023-05-30,3DGapFade,A,ETF,0.025370626,0.02090939263192837,0.014802522402920792,0.014802522402920792,0.7079365079365114,volclimax,959,0.8000000000000018,0.004271186440677921
SMH,2023-05-30,3DGapFade,A,ETF,0.025370626,0.02090939263192837,0.014802522402920792,0.014802522402920792,0.7079365079365114,hybrid,959,0.8000000000000018,0.004271186440677921
SMH,2023-05-30,3DGapFade,A,ETF,0.025370626,0.02090939263192837,0.014802522402920792,0.014802522402920792,0.7079365079365114,half_flush,959,0.8000000000000018,
AVGO,2023-05-30,3DGapFade,A,Large,0.035738293,0.04347878149248008,0.018105182488744154,0.018105182488744154,0.41641421096116865,eod,959,0.9121454144863667,0.00399344024236048
AVGO,2023-05-30,3DGapFade,A,Large,0.035738293,0.04347878149248008,0.018105182488744154,0.018105182488744154,0.41641421096116865,time_1200,720,-0.4522170201046532,0.038463414634146265
AVGO,2023-05-30,3DGapFade,A,Large,0.035738293,0.04347878149248008,0.018105182488744154,0.018105182488744154,0.41641421096116865,time_1300,780,0.04984852657669991,0.01623170731707324
AVGO,2023-05-30,3DGapFade,A,Large,0.035738293,0.04347878149248008,0.018105182488744154,0.018105182488744154,0.41641421096116865,vwap_reclaim,602,-1.1487193610575617,0.0693048780487806
AVGO,2023-05-30,3DGapFade,A,Large,0.035738293,0.04347878149248008,0.018105182488744154,0.018105182488744154,0.41641421096116865,mom30_flip,959,0.9121454144863667,0.00399344024236048
AVGO,2023-05-30,3DGapFade,A,Large,0.035738293,0.04347878149248008,0.018105182488744154,0.018105182488744154,0.41641421096116865,bounce_05atr,959,0.9121454144863667,0.00399344024236048
AVGO,2023-05-30,3DGapFade,A,Large,0.035738293,0.04347878149248008,0.018105182488744154,0.018105182488744154,0.41641421096116865,bounce_10atr,959,0.9121454144863667,0.00399344024236048
AVGO,2023-05-30,3DGapFade,A,Large,0.035738293,0.04347878149248008,0.018105182488744154,0.018105182488744154,0.41641421096116865,retrace_15,956,0.8475626549160012,0.006929056972246217
AVGO,2023-05-30,3DGapFade,A,Large,0.035738293,0.04347878149248008,0.018105182488744154,0.018105182488744154,0.41641421096116865,retrace_25,959,0.9121454144863667,0.00399344024236048
AVGO,2023-05-30,3DGapFade,A,Large,0.035738293,0.04347878149248008,0.018105182488744154,0.018105182488744154,0.41641421096116865,retrace_35,959,0.9121454144863667,0.00399344024236048
AVGO,2023-05-30,3DGapFade,A,Large,0.035738293,0.04347878149248008,0.018105182488744154,0.018105182488744154,0.41641421096116865,stale_45,749,0.02478656017626092,0.01734146341463405
AVGO,2023-05-30,3DGapFade,A,Large,0.035738293,0.04347878149248008,0.018105182488744154,0.018105182488744154,0.41641421096116865,stale_75,749,0.02478656017626092,0.01734146341463405
AVGO,2023-05-30,3DGapFade,A,Large,0.035738293,0.04347878149248008,0.018105182488744154,0.018105182488744154,0.41641421096116865,flush_4atr,959,0.9121454144863667,0.00399344024236048
AVGO,2023-05-30,3DGapFade,A,Large,0.035738293,0.04347878149248008,0.018105182488744154,0.018105182488744154,0.41641421096116865,flush_abs35,959,0.9121454144863667,0.00399344024236048
AVGO,2023-05-30,3DGapFade,A,Large,0.035738293,0.04347878149248008,0.018105182488744154,0.018105182488744154,0.41641421096116865,volclimax,959,0.9121454144863667,0.00399344024236048
AVGO,2023-05-30,3DGapFade,A,Large,0.035738293,0.04347878149248008,0.018105182488744154,0.018105182488744154,0.41641421096116865,hybrid,959,0.9121454144863667,0.00399344024236048
AVGO,2023-05-30,3DGapFade,A,Large,0.035738293,0.04347878149248008,0.018105182488744154,0.018105182488744154,0.41641421096116865,half_flush,959,0.9121454144863667,
TSLA,2023-06-21,2DGapFade,A,Large,0.0344,0.06306109838985219,0.036419147312179656,0.036419147312179656,0.5775216138328513,eod,959,0.9031700288184435,0.006517185196679431
TSLA,2023-06-21,2DGapFade,A,Large,0.0344,0.06306109838985219,0.036419147312179656,0.036419147312179656,0.5775216138328513,time_1200,720,0.7400576368876056,0.008264780502806213
TSLA,2023-06-21,2DGapFade,A,Large,0.0344,0.06306109838985219,0.036419147312179656,0.036419147312179656,0.5775216138328513,time_1300,780,0.9054755043227642,0.006362014120568027
TSLA,2023-06-21,2DGapFade,A,Large,0.0344,0.06306109838985219,0.036419147312179656,0.036419147312179656,0.5775216138328513,vwap_reclaim,959,0.9031700288184435,0.006517185196679431
TSLA,2023-06-21,2DGapFade,A,Large,0.0344,0.06306109838985219,0.036419147312179656,0.036419147312179656,0.5775216138328513,mom30_flip,693,0.638956772334292,0.01500768816790976
TSLA,2023-06-21,2DGapFade,A,Large,0.0344,0.06306109838985219,0.036419147312179656,0.036419147312179656,0.5775216138328513,bounce_05atr,695,0.6040345821325651,0.01733681863611891
TSLA,2023-06-21,2DGapFade,A,Large,0.0344,0.06306109838985219,0.036419147312179656,0.036419147312179656,0.5775216138328513,bounce_10atr,959,0.9031700288184435,0.006517185196679431
TSLA,2023-06-21,2DGapFade,A,Large,0.0344,0.06306109838985219,0.036419147312179656,0.036419147312179656,0.5775216138328513,retrace_15,685,0.7170028818443793,0.00980241408472371
TSLA,2023-06-21,2DGapFade,A,Large,0.0344,0.06306109838985219,0.036419147312179656,0.036419147312179656,0.5775216138328513,retrace_25,688,0.636311239193084,0.015184131621434505
TSLA,2023-06-21,2DGapFade,A,Large,0.0344,0.06306109838985219,0.036419147312179656,0.036419147312179656,0.5775216138328513,retrace_35,698,0.5578040345821331,0.02042015837625888
TSLA,2023-06-21,2DGapFade,A,Large,0.0344,0.06306109838985219,0.036419147312179656,0.036419147312179656,0.5775216138328513,stale_45,648,0.4724841498559085,0.006874127720568612
TSLA,2023-06-21,2DGapFade,A,Large,0.0344,0.06306109838985219,0.036419147312179656,0.036419147312179656,0.5775216138328513,stale_75,752,0.7089337175792505,0.0103405858383947
TSLA,2023-06-21,2DGapFade,A,Large,0.0344,0.06306109838985219,0.036419147312179656,0.036419147312179656,0.5775216138328513,flush_4atr,959,0.9031700288184435,0.006517185196679431
TSLA,2023-06-21,2DGapFade,A,Large,0.0344,0.06306109838985219,0.036419147312179656,0.036419147312179656,0.5775216138328513,flush_abs35,959,0.9031700288184435,0.006517185196679431
TSLA,2023-06-21,2DGapFade,A,Large,0.0344,0.06306109838985219,0.036419147312179656,0.036419147312179656,0.5775216138328513,volclimax,959,0.9031700288184435,0.006517185196679431
TSLA,2023-06-21,2DGapFade,A,Large,0.0344,0.06306109838985219,0.036419147312179656,0.036419147312179656,0.5775216138328513,hybrid,854,0.736605187319884,0.017727907518038766
TSLA,2023-06-21,2DGapFade,A,Large,0.0344,0.06306109838985219,0.036419147312179656,0.036419147312179656,0.5775216138328513,half_flush,959,0.9031700288184435,
JOBY,2023-06-29,2DGapFade,A,Medium,0.0431,0.10976744186046505,0.040930232558139434,0.05441860465116288,0.4957627118644079,eod,959,0.6525423728813557,0.0428422152560084
JOBY,2023-06-29,2DGapFade,A,Medium,0.0431,0.10976744186046505,0.040930232558139434,0.05441860465116288,0.4957627118644079,time_1200,720,0.605423728813559,0.029820420728578823
JOBY,2023-06-29,2DGapFade,A,Medium,0.0431,0.10976744186046505,0.040930232558139434,0.05441860465116288,0.4957627118644079,time_1300,780,0.5762711864406779,0.0333504361210879
JOBY,2023-06-29,2DGapFade,A,Medium,0.0431,0.10976744186046505,0.040930232558139434,0.05441860465116288,0.4957627118644079,vwap_reclaim,600,-0.7627118644067802,0.12997090203685735
JOBY,2023-06-29,2DGapFade,A,Medium,0.0431,0.10976744186046505,0.040930232558139434,0.05441860465116288,0.4957627118644079,mom30_flip,714,0.5338983050847466,0.03848127244740884
JOBY,2023-06-29,2DGapFade,A,Medium,0.0431,0.10976744186046505,0.040930232558139434,0.05441860465116288,0.4957627118644079,bounce_05atr,680,0.4321186440677967,0.024010000000000087
JOBY,2023-06-29,2DGapFade,A,Medium,0.0431,0.10976744186046505,0.040930232558139434,0.05441860465116288,0.4957627118644079,bounce_10atr,729,0.4911016949152539,0.0436634171369934
JOBY,2023-06-29,2DGapFade,A,Medium,0.0431,0.10976744186046505,0.040930232558139434,0.05441860465116288,0.4957627118644079,retrace_15,655,0.39406779661016944,0.011805213969503292
JOBY,2023-06-29,2DGapFade,A,Medium,0.0431,0.10976744186046505,0.040930232558139434,0.05441860465116288,0.4957627118644079,retrace_25,680,0.4321186440677967,0.024010000000000087
JOBY,2023-06-29,2DGapFade,A,Medium,0.0431,0.10976744186046505,0.040930232558139434,0.05441860465116288,0.4957627118644079,retrace_35,714,0.5338983050847466,0.03848127244740884
JOBY,2023-06-29,2DGapFade,A,Medium,0.0431,0.10976744186046505,0.040930232558139434,0.05441860465116288,0.4957627118644079,stale_45,637,0.03813559322033893,0.038312318137730283
JOBY,2023-06-29,2DGapFade,A,Medium,0.0431,0.10976744186046505,0.040930232558139434,0.05441860465116288,0.4957627118644079,stale_75,780,0.5762711864406779,0.0333504361210879
JOBY,2023-06-29,2DGapFade,A,Medium,0.0431,0.10976744186046505,0.040930232558139434,0.05441860465116288,0.4957627118644079,flush_4atr,959,0.6525423728813557,0.0428422152560084
JOBY,2023-06-29,2DGapFade,A,Medium,0.0431,0.10976744186046505,0.040930232558139434,0.05441860465116288,0.4957627118644079,flush_abs35,959,0.6525423728813557,0.0428422152560084
JOBY,2023-06-29,2DGapFade,A,Medium,0.0431,0.10976744186046505,0.040930232558139434,0.05441860465116288,0.4957627118644079,volclimax,959,0.6525423728813557,0.0428422152560084
JOBY,2023-06-29,2DGapFade,A,Medium,0.0431,0.10976744186046505,0.040930232558139434,0.05441860465116288,0.4957627118644079,hybrid,750,0.5254237288135588,0.03950743971267334
JOBY,2023-06-29,2DGapFade,A,Medium,0.0431,0.10976744186046505,0.040930232558139434,0.05441860465116288,0.4957627118644079,half_flush,959,0.6525423728813557,
MULN,2023-07-06,2DGapFade,B,Micro,0.3384,0.28233215547703183,0.17703180212014136,0.2162544169611308,0.7659574468085107,eod,959,0.7784730913642053,0.08714918759231916
MULN,2023-07-06,2DGapFade,B,Micro,0.3384,0.28233215547703183,0.17703180212014136,0.2162544169611308,0.7659574468085107,time_1200,720,0.8473091364205256,0.06006893156080739
MULN,2023-07-06,2DGapFade,B,Micro,0.3384,0.28233215547703183,0.17703180212014136,0.2162544169611308,0.7659574468085107,time_1300,780,0.6470588235294118,0.138847858197932
MULN,2023-07-06,2DGapFade,B,Micro,0.3384,0.28233215547703183,0.17703180212014136,0.2162544169611308,0.7659574468085107,vwap_reclaim,959,0.7784730913642053,0.08714918759231916
MULN,2023-07-06,2DGapFade,B,Micro,0.3384,0.28233215547703183,0.17703180212014136,0.2162544169611308,0.7659574468085107,mom30_flip,959,0.7784730913642053,0.08714918759231916
MULN,2023-07-06,2DGapFade,B,Micro,0.3384,0.28233215547703183,0.17703180212014136,0.2162544169611308,0.7659574468085107,bounce_05atr,959,0.7784730913642053,0.08714918759231916
MULN,2023-07-06,2DGapFade,B,Micro,0.3384,0.28233215547703183,0.17703180212014136,0.2162544169611308,0.7659574468085107,bounce_10atr,959,0.7784730913642053,0.08714918759231916
MULN,2023-07-06,2DGapFade,B,Micro,0.3384,0.28233215547703183,0.17703180212014136,0.2162544169611308,0.7659574468085107,retrace_15,959,0.7784730913642053,0.08714918759231916
MULN,2023-07-06,2DGapFade,B,Micro,0.3384,0.28233215547703183,0.17703180212014136,0.2162544169611308,0.7659574468085107,retrace_25,959,0.7784730913642053,0.08714918759231916
MULN,2023-07-06,2DGapFade,B,Micro,0.3384,0.28233215547703183,0.17703180212014136,0.2162544169611308,0.7659574468085107,retrace_35,959,0.7784730913642053,0.08714918759231916
MULN,2023-07-06,2DGapFade,B,Micro,0.3384,0.28233215547703183,0.17703180212014136,0.2162544169611308,0.7659574468085107,stale_45,752,0.5707133917396746,0.1688823239783357
MULN,2023-07-06,2DGapFade,B,Micro,0.3384,0.28233215547703183,0.17703180212014136,0.2162544169611308,0.7659574468085107,stale_75,782,0.6145181476846058,0.1516494337764649
MULN,2023-07-06,2DGapFade,B,Micro,0.3384,0.28233215547703183,0.17703180212014136,0.2162544169611308,0.7659574468085107,flush_4atr,959,0.7784730913642053,0.08714918759231916
MULN,2023-07-06,2DGapFade,B,Micro,0.3384,0.28233215547703183,0.17703180212014136,0.2162544169611308,0.7659574468085107,flush_abs35,959,0.7784730913642053,0.08714918759231916
MULN,2023-07-06,2DGapFade,B,Micro,0.3384,0.28233215547703183,0.17703180212014136,0.2162544169611308,0.7659574468085107,volclimax,959,0.7784730913642053,0.08714918759231916
MULN,2023-07-06,2DGapFade,B,Micro,0.3384,0.28233215547703183,0.17703180212014136,0.2162544169611308,0.7659574468085107,hybrid,959,0.7784730913642053,0.08714918759231916
MULN,2023-07-06,2DGapFade,B,Micro,0.3384,0.28233215547703183,0.17703180212014136,0.2162544169611308,0.7659574468085107,half_flush,959,0.7784730913642053,
RIVN,2023-07-10,2DGapFade,B,Medium,0.0535,0.0760188087774295,0.0760188087774295,0.0760188087774295,1.0,eod,959,0.018041237113402123,0.08078880407124678
RIVN,2023-07-10,2DGapFade,B,Medium,0.0535,0.0760188087774295,0.0760188087774295,0.0760188087774295,1.0,time_1200,720,0.020618556701030476,0.08057675996607294
RIVN,2023-07-10,2DGapFade,B,Medium,0.0535,0.0760188087774295,0.0760188087774295,0.0760188087774295,1.0,time_1300,780,0.06860824742267979,0.07662849872773547
RIVN,2023-07-10,2DGapFade,B,Medium,0.0535,0.0760188087774295,0.0760188087774295,0.0760188087774295,1.0,vwap_reclaim,607,0.5773195876288661,0.034775233248515613
RIVN,2023-07-10,2DGapFade,B,Medium,0.0535,0.0760188087774295,0.0760188087774295,0.0760188087774295,1.0,mom30_flip,959,0.018041237113402123,0.08078880407124678
RIVN,2023-07-10,2DGapFade,B,Medium,0.0535,0.0760188087774295,0.0760188087774295,0.0760188087774295,1.0,bounce_05atr,959,0.018041237113402123,0.08078880407124678
RIVN,2023-07-10,2DGapFade,B,Medium,0.0535,0.0760188087774295,0.0760188087774295,0.0760188087774295,1.0,bounce_10atr,959,0.018041237113402123,0.08078880407124678
RIVN,2023-07-10,2DGapFade,B,Medium,0.0535,0.0760188087774295,0.0760188087774295,0.0760188087774295,1.0,retrace_15,598,0.8247422680412355,0.014418999151823764
RIVN,2023-07-10,2DGapFade,B,Medium,0.0535,0.0760188087774295,0.0760188087774295,0.0760188087774295,1.0,retrace_25,959,0.018041237113402123,0.08078880407124678
RIVN,2023-07-10,2DGapFade,B,Medium,0.0535,0.0760188087774295,0.0760188087774295,0.0760188087774295,1.0,retrace_35,959,0.018041237113402123,0.08078880407124678
RIVN,2023-07-10,2DGapFade,B,Medium,0.0535,0.0760188087774295,0.0760188087774295,0.0760188087774295,1.0,stale_45,642,0.13402061855669992,0.07124681933842258
RIVN,2023-07-10,2DGapFade,B,Medium,0.0535,0.0760188087774295,0.0760188087774295,0.0760188087774295,1.0,stale_75,720,0.020618556701030476,0.08057675996607294
RIVN,2023-07-10,2DGapFade,B,Medium,0.0535,0.0760188087774295,0.0760188087774295,0.0760188087774295,1.0,flush_4atr,959,0.018041237113402123,0.08078880407124678
RIVN,2023-07-10,2DGapFade,B,Medium,0.0535,0.0760188087774295,0.0760188087774295,0.0760188087774295,1.0,flush_abs35,959,0.018041237113402123,0.08078880407124678
RIVN,2023-07-10,2DGapFade,B,Medium,0.0535,0.0760188087774295,0.0760188087774295,0.0760188087774295,1.0,volclimax,959,0.018041237113402123,0.08078880407124678
RIVN,2023-07-10,2DGapFade,B,Medium,0.0535,0.0760188087774295,0.0760188087774295,0.0760188087774295,1.0,hybrid,959,0.018041237113402123,0.08078880407124678
RIVN,2023-07-10,2DGapFade,B,Medium,0.0535,0.0760188087774295,0.0760188087774295,0.0760188087774295,1.0,half_flush,959,0.018041237113402123,
COIN,2023-07-12,2DGapFade,B,Medium,0.0562,0.05112359550561796,0.03561797752808993,0.03561797752808993,0.6967032967032978,eod,959,0.66813186813187,0.017880402605091605
COIN,2023-07-12,2DGapFade,B,Medium,0.0562,0.05112359550561796,0.03561797752808993,0.03561797752808993,0.6967032967032978,time_1200,720,0.7734725274725283,0.012204854943753674
COIN,2023-07-12,2DGapFade,B,Medium,0.0562,0.05112359550561796,0.03561797752808993,0.03561797752808993,0.6967032967032978,time_1300,780,0.6307912087912078,0.019892243931320275
COIN,2023-07-12,2DGapFade,B,Medium,0.0562,0.05112359550561796,0.03561797752808993,0.03561797752808993,0.6967032967032978,vwap_reclaim,601,0.3481098901098903,0.018479552603984706
COIN,2023-07-12,2DGapFade,B,Medium,0.0562,0.05112359550561796,0.03561797752808993,0.03561797752808993,0.6967032967032978,mom30_flip,959,0.66813186813187,0.017880402605091605
COIN,2023-07-12,2DGapFade,B,Medium,0.0562,0.05112359550561796,0.03561797752808993,0.03561797752808993,0.6967032967032978,bounce_05atr,959,0.66813186813187,0.017880402605091605
COIN,2023-07-12,2DGapFade,B,Medium,0.0562,0.05112359550561796,0.03561797752808993,0.03561797752808993,0.6967032967032978,bounce_10atr,959,0.66813186813187,0.017880402605091605
COIN,2023-07-12,2DGapFade,B,Medium,0.0562,0.05112359550561796,0.03561797752808993,0.03561797752808993,0.6967032967032978,retrace_15,959,0.66813186813187,0.017880402605091605
COIN,2023-07-12,2DGapFade,B,Medium,0.0562,0.05112359550561796,0.03561797752808993,0.03561797752808993,0.6967032967032978,retrace_25,959,0.66813186813187,0.017880402605091605
COIN,2023-07-12,2DGapFade,B,Medium,0.0562,0.05112359550561796,0.03561797752808993,0.03561797752808993,0.6967032967032978,retrace_35,959,0.66813186813187,0.017880402605091605
COIN,2023-07-12,2DGapFade,B,Medium,0.0562,0.05112359550561796,0.03561797752808993,0.03561797752808993,0.6967032967032978,stale_45,630,0.20439560439560603,0.026098100897122167
COIN,2023-07-12,2DGapFade,B,Medium,0.0562,0.05112359550561796,0.03561797752808993,0.03561797752808993,0.6967032967032978,stale_75,660,0.20659340659340622,0.025981591518117186
COIN,2023-07-12,2DGapFade,B,Medium,0.0562,0.05112359550561796,0.03561797752808993,0.03561797752808993,0.6967032967032978,flush_4atr,959,0.66813186813187,0.017880402605091605
COIN,2023-07-12,2DGapFade,B,Medium,0.0562,0.05112359550561796,0.03561797752808993,0.03561797752808993,0.6967032967032978,flush_abs35,959,0.66813186813187,0.017880402605091605
COIN,2023-07-12,2DGapFade,B,Medium,0.0562,0.05112359550561796,0.03561797752808993,0.03561797752808993,0.6967032967032978,volclimax,959,0.66813186813187,0.017880402605091605
COIN,2023-07-12,2DGapFade,B,Medium,0.0562,0.05112359550561796,0.03561797752808993,0.03561797752808993,0.6967032967032978,hybrid,959,0.66813186813187,0.017880402605091605
COIN,2023-07-12,2DGapFade,B,Medium,0.0562,0.05112359550561796,0.03561797752808993,0.03561797752808993,0.6967032967032978,half_flush,959,0.66813186813187,
MARA,2023-07-14,2DGapFade,B,Medium,0.0654,0.06586513329848398,0.023523261892315683,0.023523261892315683,0.35714285714285676,eod,959,0.825396825396826,0.01231113598209288
MARA,2023-07-14,2DGapFade,B,Medium,0.0654,0.06586513329848398,0.023523261892315683,0.023523261892315683,0.35714285714285676,time_1200,720,0.18253968253968317,0.011777301927194728
MARA,2023-07-14,2DGapFade,B,Medium,0.0654,0.06586513329848398,0.023523261892315683,0.023523261892315683,0.35714285714285676,time_1300,780,0.21428571428571427,0.009635974304068595
MARA,2023-07-14,2DGapFade,B,Medium,0.0654,0.06586513329848398,0.023523261892315683,0.023523261892315683,0.35714285714285676,vwap_reclaim,690,-0.10317460317460536,0.031049250535331918
MARA,2023-07-14,2DGapFade,B,Medium,0.0654,0.06586513329848398,0.023523261892315683,0.023523261892315683,0.35714285714285676,mom30_flip,959,0.825396825396826,0.01231113598209288
MARA,2023-07-14,2DGapFade,B,Medium,0.0654,0.06586513329848398,0.023523261892315683,0.023523261892315683,0.35714285714285676,bounce_05atr,959,0.825396825396826,0.01231113598209288
MARA,2023-07-14,2DGapFade,B,Medium,0.0654,0.06586513329848398,0.023523261892315683,0.023523261892315683,0.35714285714285676,bounce_10atr,959,0.825396825396826,0.01231113598209288
MARA,2023-07-14,2DGapFade,B,Medium,0.0654,0.06586513329848398,0.023523261892315683,0.023523261892315683,0.35714285714285676,retrace_15,959,0.825396825396826,0.01231113598209288
MARA,2023-07-14,2DGapFade,B,Medium,0.0654,0.06586513329848398,0.023523261892315683,0.023523261892315683,0.35714285714285676,retrace_25,959,0.825396825396826,0.01231113598209288
MARA,2023-07-14,2DGapFade,B,Medium,0.0654,0.06586513329848398,0.023523261892315683,0.023523261892315683,0.35714285714285676,retrace_35,959,0.825396825396826,0.01231113598209288
MARA,2023-07-14,2DGapFade,B,Medium,0.0654,0.06586513329848398,0.023523261892315683,0.023523261892315683,0.35714285714285676,stale_45,653,0.15079365079364923,0.013918629550321304
MARA,2023-07-14,2DGapFade,B,Medium,0.0654,0.06586513329848398,0.023523261892315683,0.023523261892315683,0.35714285714285676,stale_75,683,0.04031746031745947,0.021370449678800973
MARA,2023-07-14,2DGapFade,B,Medium,0.0654,0.06586513329848398,0.023523261892315683,0.023523261892315683,0.35714285714285676,flush_4atr,959,0.825396825396826,0.01231113598209288
MARA,2023-07-14,2DGapFade,B,Medium,0.0654,0.06586513329848398,0.023523261892315683,0.023523261892315683,0.35714285714285676,flush_abs35,959,0.825396825396826,0.01231113598209288
MARA,2023-07-14,2DGapFade,B,Medium,0.0654,0.06586513329848398,0.023523261892315683,0.023523261892315683,0.35714285714285676,volclimax,959,0.825396825396826,0.01231113598209288
MARA,2023-07-14,2DGapFade,B,Medium,0.0654,0.06586513329848398,0.023523261892315683,0.023523261892315683,0.35714285714285676,hybrid,959,0.825396825396826,0.01231113598209288
MARA,2023-07-14,2DGapFade,B,Medium,0.0654,0.06586513329848398,0.023523261892315683,0.023523261892315683,0.35714285714285676,half_flush,959,0.825396825396826,
RIOT,2023-07-14,2DGapFade,B,Medium,0.0628,0.0730864197530865,0.04296296296296298,0.04296296296296298,0.5878378378378375,eod,959,0.7466216216216217,0.019978689397975424
RIOT,2023-07-14,2DGapFade,B,Medium,0.0628,0.0730864197530865,0.04296296296296298,0.04296296296296298,0.5878378378378375,time_1200,720,0.4256756756756749,0.012383900928792713
RIOT,2023-07-14,2DGapFade,B,Medium,0.0628,0.0730864197530865,0.04296296296296298,0.04296296296296298,0.5878378378378375,time_1300,780,0.3918918918918906,0.014963880288957787
RIOT,2023-07-14,2DGapFade,B,Medium,0.0628,0.0730864197530865,0.04296296296296298,0.04296296296296298,0.5878378378378375,vwap_reclaim,600,-0.07006756756756748,0.02640948058497239
RIOT,2023-07-14,2DGapFade,B,Medium,0.0628,0.0730864197530865,0.04296296296296298,0.04296296296296298,0.5878378378378375,mom30_flip,897,0.8595270270270255,0.011076185402237648
RIOT,2023-07-14,2DGapFade,B,Medium,0.0628,0.0730864197530865,0.04296296296296298,0.04296296296296298,0.5878378378378375,bounce_05atr,959,0.7466216216216217,0.019978689397975424
RIOT,2023-07-14,2DGapFade,B,Medium,0.0628,0.0730864197530865,0.04296296296296298,0.04296296296296298,0.5878378378378375,bounce_10atr,959,0.7466216216216217,0.019978689397975424
RIOT,2023-07-14,2DGapFade,B,Medium,0.0628,0.0730864197530865,0.04296296296296298,0.04296296296296298,0.5878378378378375,retrace_15,959,0.7466216216216217,0.019978689397975424
RIOT,2023-07-14,2DGapFade,B,Medium,0.0628,0.0730864197530865,0.04296296296296298,0.04296296296296298,0.5878378378378375,retrace_25,959,0.7466216216216217,0.019978689397975424
RIOT,2023-07-14,2DGapFade,B,Medium,0.0628,0.0730864197530865,0.04296296296296298,0.04296296296296298,0.5878378378378375,retrace_35,959,0.7466216216216217,0.019978689397975424
RIOT,2023-07-14,2DGapFade,B,Medium,0.0628,0.0730864197530865,0.04296296296296298,0.04296296296296298,0.5878378378378375,stale_45,656,0.1952027027027038,0.029984520123838898
RIOT,2023-07-14,2DGapFade,B,Medium,0.0628,0.0730864197530865,0.04296296296296298,0.04296296296296298,0.5878378378378375,stale_75,686,0.19310810810810689,0.030144478844169376
RIOT,2023-07-14,2DGapFade,B,Medium,0.0628,0.0730864197530865,0.04296296296296298,0.04296296296296298,0.5878378378378375,flush_4atr,959,0.7466216216216217,0.019978689397975424
RIOT,2023-07-14,2DGapFade,B,Medium,0.0628,0.0730864197530865,0.04296296296296298,0.04296296296296298,0.5878378378378375,flush_abs35,959,0.7466216216216217,0.019978689397975424
RIOT,2023-07-14,2DGapFade,B,Medium,0.0628,0.0730864197530865,0.04296296296296298,0.04296296296296298,0.5878378378378375,volclimax,959,0.7466216216216217,0.019978689397975424
RIOT,2023-07-14,2DGapFade,B,Medium,0.0628,0.0730864197530865,0.04296296296296298,0.04296296296296298,0.5878378378378375,hybrid,959,0.7466216216216217,0.019978689397975424
RIOT,2023-07-14,2DGapFade,B,Medium,0.0628,0.0730864197530865,0.04296296296296298,0.04296296296296298,0.5878378378378375,half_flush,959,0.7466216216216217,
NKLA,2023-07-14,2DGapFade,A,Small,0.0926,0.2723948811700182,0.1261425959780621,0.24314442413162707,0.8926174496644298,eod,959,0.6644295302013422,0.12562814070351758
NKLA,2023-07-14,2DGapFade,A,Small,0.0926,0.2723948811700182,0.1261425959780621,0.24314442413162707,0.8926174496644298,time_1200,720,0.6577181208053694,0.0845410628019323
NKLA,2023-07-14,2DGapFade,A,Small,0.0926,0.2723948811700182,0.1261425959780621,0.24314442413162707,0.8926174496644298,time_1300,780,0.6500671140939598,0.08729468599033807
NKLA,2023-07-14,2DGapFade,A,Small,0.0926,0.2723948811700182,0.1261425959780621,0.24314442413162707,0.8926174496644298,vwap_reclaim,959,0.6644295302013422,0.12562814070351758
NKLA,2023-07-14,2DGapFade,A,Small,0.0926,0.2723948811700182,0.1261425959780621,0.24314442413162707,0.8926174496644298,mom30_flip,632,0.3422818791946306,0.03765690376569042
NKLA,2023-07-14,2DGapFade,A,Small,0.0926,0.2723948811700182,0.1261425959780621,0.24314442413162707,0.8926174496644298,bounce_05atr,651,0.7041610738255035,0.0678260869565217
NKLA,2023-07-14,2DGapFade,A,Small,0.0926,0.2723948811700182,0.1261425959780621,0.24314442413162707,0.8926174496644298,bounce_10atr,653,0.6174496644295302,0.09903381642512077
NKLA,2023-07-14,2DGapFade,A,Small,0.0926,0.2723948811700182,0.1261425959780621,0.24314442413162707,0.8926174496644298,retrace_15,627,0.36912751677852357,0.029288702928870203
NKLA,2023-07-14,2DGapFade,A,Small,0.0926,0.2723948811700182,0.1261425959780621,0.24314442413162707,0.8926174496644298,retrace_25,629,0.3425503355704695,0.03757322175732214
NKLA,2023-07-14,2DGapFade,A,Small,0.0926,0.2723948811700182,0.1261425959780621,0.24314442413162707,0.8926174496644298,retrace_35,654,0.5597315436241608,0.11980676328502415
NKLA,2023-07-14,2DGapFade,A,Small,0.0926,0.2723948811700182,0.1261425959780621,0.24314442413162707,0.8926174496644298,stale_45,694,0.6979865771812079,0.07004830917874405
NKLA,2023-07-14,2DGapFade,A,Small,0.0926,0.2723948811700182,0.1261425959780621,0.24314442413162707,0.8926174496644298,stale_75,724,0.5637583892617448,0.1183574879227054
NKLA,2023-07-14,2DGapFade,A,Small,0.0926,0.2723948811700182,0.1261425959780621,0.24314442413162707,0.8926174496644298,flush_4atr,959,0.6644295302013422,0.12562814070351758
NKLA,2023-07-14,2DGapFade,A,Small,0.0926,0.2723948811700182,0.1261425959780621,0.24314442413162707,0.8926174496644298,flush_abs35,959,0.6644295302013422,0.12562814070351758
NKLA,2023-07-14,2DGapFade,A,Small,0.0926,0.2723948811700182,0.1261425959780621,0.24314442413162707,0.8926174496644298,volclimax,649,0.825503355704698,0.024154589371980784
NKLA,2023-07-14,2DGapFade,A,Small,0.0926,0.2723948811700182,0.1261425959780621,0.24314442413162707,0.8926174496644298,hybrid,750,0.5437583892617447,0.12555555555555564
NKLA,2023-07-14,2DGapFade,A,Small,0.0926,0.2723948811700182,0.1261425959780621,0.24314442413162707,0.8926174496644298,half_flush,959,0.6644295302013422,
NVDA,2024-02-06,3DGapFade,B,Large,0.030884013,0.04782421370099088,0.03224184977739464,0.03224184977739464,0.6741741741741718,eod,959,0.42372372372372435,0.02894419306184015
NVDA,2024-02-06,3DGapFade,B,Large,0.030884013,0.04782421370099088,0.03224184977739464,0.03224184977739464,0.6741741741741718,time_1200,720,0.7235735735735722,0.0016465504395768438
NVDA,2024-02-06,3DGapFade,B,Large,0.030884013,0.04782421370099088,0.03224184977739464,0.03224184977739464,0.6741741741741718,time_1300,780,0.9009009009009014,0.004977375565610842
NVDA,2024-02-06,3DGapFade,B,Large,0.030884013,0.04782421370099088,0.03224184977739464,0.03224184977739464,0.6741741741741718,vwap_reclaim,871,0.5714714714714693,0.021523378582202213
NVDA,2024-02-06,3DGapFade,B,Large,0.030884013,0.04782421370099088,0.03224184977739464,0.03224184977739464,0.6741741741741718,mom30_flip,758,0.8213213213213215,0.008974358974358942
NVDA,2024-02-06,3DGapFade,B,Large,0.030884013,0.04782421370099088,0.03224184977739464,0.03224184977739464,0.6741741741741718,bounce_05atr,820,0.6768768768768745,0.01622926093514332
NVDA,2024-02-06,3DGapFade,B,Large,0.030884013,0.04782421370099088,0.03224184977739464,0.03224184977739464,0.6741741741741718,bounce_10atr,959,0.42372372372372435,0.02894419306184015
NVDA,2024-02-06,3DGapFade,B,Large,0.030884013,0.04782421370099088,0.03224184977739464,0.03224184977739464,0.6741741741741718,retrace_15,749,0.8371771771771747,0.008177978883861403
NVDA,2024-02-06,3DGapFade,B,Large,0.030884013,0.04782421370099088,0.03224184977739464,0.03224184977739464,0.6741741741741718,retrace_25,817,0.725525525525525,0.013785822021116223
NVDA,2024-02-06,3DGapFade,B,Large,0.030884013,0.04782421370099088,0.03224184977739464,0.03224184977739464,0.6741741741741718,retrace_35,959,0.42372372372372435,0.02894419306184015
NVDA,2024-02-06,3DGapFade,B,Large,0.030884013,0.04782421370099088,0.03224184977739464,0.03224184977739464,0.6741741741741718,stale_45,670,0.5366366366366345,0.006796764858647997
NVDA,2024-02-06,3DGapFade,B,Large,0.030884013,0.04782421370099088,0.03224184977739464,0.03224184977739464,0.6741741741741718,stale_75,700,0.5714714714714693,0.005075313497069134
NVDA,2024-02-06,3DGapFade,B,Large,0.030884013,0.04782421370099088,0.03224184977739464,0.03224184977739464,0.6741741741741718,flush_4atr,959,0.42372372372372435,0.02894419306184015
NVDA,2024-02-06,3DGapFade,B,Large,0.030884013,0.04782421370099088,0.03224184977739464,0.03224184977739464,0.6741741741741718,flush_abs35,959,0.42372372372372435,0.02894419306184015
NVDA,2024-02-06,3DGapFade,B,Large,0.030884013,0.04782421370099088,0.03224184977739464,0.03224184977739464,0.6741741741741718,volclimax,959,0.42372372372372435,0.02894419306184015
NVDA,2024-02-06,3DGapFade,B,Large,0.030884013,0.04782421370099088,0.03224184977739464,0.03224184977739464,0.6741741741741718,hybrid,817,0.725525525525525,0.013785822021116223
NVDA,2024-02-06,3DGapFade,B,Large,0.030884013,0.04782421370099088,0.03224184977739464,0.03224184977739464,0.6741741741741718,half_flush,959,0.42372372372372435,
SMCI,2024-02-16,3DGapFade,A,Large,0.083292197,0.2337159253945481,0.17264466762314679,0.17264466762314679,0.7386944956005727,eod,959,0.9920605688561489,0.002421519066342137
SMCI,2024-02-16,3DGapFade,A,Large,0.083292197,0.2337159253945481,0.17264466762314679,0.17264466762314679,0.7386944956005727,time_1200,720,0.6568037650910575,0.023132947976878704
SMCI,2024-02-16,3DGapFade,A,Large,0.083292197,0.2337159253945481,0.17264466762314679,0.17264466762314679,0.7386944956005727,time_1300,780,0.6650296705545323,0.020809248554913173
SMCI,2024-02-16,3DGapFade,A,Large,0.083292197,0.2337159253945481,0.17264466762314679,0.17264466762314679,0.7386944956005727,vwap_reclaim,959,0.9920605688561489,0.002421519066342137
SMCI,2024-02-16,3DGapFade,A,Large,0.083292197,0.2337159253945481,0.17264466762314679,0.17264466762314679,0.7386944956005727,mom30_flip,633,0.6821935747902597,0.015960693641618562
SMCI,2024-02-16,3DGapFade,A,Large,0.083292197,0.2337159253945481,0.17264466762314679,0.17264466762314679,0.7386944956005727,bounce_05atr,608,0.5790873746674847,0.04508670520231228
SMCI,2024-02-16,3DGapFade,A,Large,0.083292197,0.2337159253945481,0.17264466762314679,0.17264466762314679,0.7386944956005727,bounce_10atr,959,0.9920605688561489,0.002421519066342137
SMCI,2024-02-16,3DGapFade,A,Large,0.083292197,0.2337159253945481,0.17264466762314679,0.17264466762314679,0.7386944956005727,retrace_15,596,0.4108860241456923,0.025610417797069962
SMCI,2024-02-16,3DGapFade,A,Large,0.083292197,0.2337159253945481,0.17264466762314679,0.17264466762314679,0.7386944956005727,retrace_25,609,0.49225291589932463,0.06961618497109834
SMCI,2024-02-16,3DGapFade,A,Large,0.083292197,0.2337159253945481,0.17264466762314679,0.17264466762314679,0.7386944956005727,retrace_35,610,0.4666257417638633,0.07685549132947966
SMCI,2024-02-16,3DGapFade,A,Large,0.083292197,0.2337159253945481,0.17264466762314679,0.17264466762314679,0.7386944956005727,stale_45,681,0.5779783098015142,0.045399999999999885
SMCI,2024-02-16,3DGapFade,A,Large,0.083292197,0.2337159253945481,0.17264466762314679,0.17264466762314679,0.7386944956005727,stale_75,711,0.6630243503171677,0.021375722543352627
SMCI,2024-02-16,3DGapFade,A,Large,0.083292197,0.2337159253945481,0.17264466762314679,0.17264466762314679,0.7386944956005727,flush_4atr,959,0.9920605688561489,0.002421519066342137
SMCI,2024-02-16,3DGapFade,A,Large,0.083292197,0.2337159253945481,0.17264466762314679,0.17264466762314679,0.7386944956005727,flush_abs35,959,0.9920605688561489,0.002421519066342137
SMCI,2024-02-16,3DGapFade,A,Large,0.083292197,0.2337159253945481,0.17264466762314679,0.17264466762314679,0.7386944956005727,volclimax,784,0.7305095150399015,0.0023121387283238093
SMCI,2024-02-16,3DGapFade,A,Large,0.083292197,0.2337159253945481,0.17264466762314679,0.17264466762314679,0.7386944956005727,hybrid,959,0.9920605688561489,0.002421519066342137
SMCI,2024-02-16,3DGapFade,A,Large,0.083292197,0.2337159253945481,0.17264466762314679,0.17264466762314679,0.7386944956005727,half_flush,959,0.9920605688561489,
NVDA,2024-03-08,3DGapFade,A,Large,0.036553959,0.09073040292039236,0.0054436770204092655,0.0054436770204092655,0.059998378109106326,eod,959,0.8846140478921217,0.01151365223221501
NVDA,2024-03-08,3DGapFade,A,Large,0.036553959,0.09073040292039236,0.0054436770204092655,0.0054436770204092655,0.059998378109106326,time_1200,720,0.6811941750947061,0.01362624633764109
NVDA,2024-03-08,3DGapFade,A,Large,0.036553959,0.09073040292039236,0.0054436770204092655,0.0054436770204092655,0.059998378109106326,time_1300,780,0.8811385674069445,0.005225260401713339
NVDA,2024-03-08,3DGapFade,A,Large,0.036553959,0.09073040292039236,0.0054436770204092655,0.0054436770204092655,0.059998378109106326,vwap_reclaim,600,-0.046988496159593204,0.009760093003593262
NVDA,2024-03-08,3DGapFade,A,Large,0.036553959,0.09073040292039236,0.0054436770204092655,0.0054436770204092655,0.059998378109106326,mom30_flip,721,0.6388975775901014,0.017772377296781716
NVDA,2024-03-08,3DGapFade,A,Large,0.036553959,0.09073040292039236,0.0054436770204092655,0.0054436770204092655,0.059998378109106326,bounce_05atr,694,0.6180910344188421,0.01981194212905124
NVDA,2024-03-08,3DGapFade,A,Large,0.036553959,0.09073040292039236,0.0054436770204092655,0.0054436770204092655,0.059998378109106326,bounce_10atr,704,0.4347362689558498,0.0377853233096368
NVDA,2024-03-08,3DGapFade,A,Large,0.036553959,0.09073040292039236,0.0054436770204092655,0.0054436770204092655,0.059998378109106326,retrace_15,683,0.4237653355576405,0.009713024282560712
NVDA,2024-03-08,3DGapFade,A,Large,0.036553959,0.09073040292039236,0.0054436770204092655,0.0054436770204092655,0.059998378109106326,retrace_25,695,0.5686928717895251,0.024654205182947475
NVDA,2024-03-08,3DGapFade,A,Large,0.036553959,0.09073040292039236,0.0054436770204092655,0.0054436770204092655,0.059998378109106326,retrace_35,697,0.5260603111713535,0.02883326898180738
NVDA,2024-03-08,3DGapFade,A,Large,0.036553959,0.09073040292039236,0.0054436770204092655,0.0054436770204092655,0.059998378109106326,stale_45,650,0.014237885054275572,0.0041745931092791455
NVDA,2024-03-08,3DGapFade,A,Large,0.036553959,0.09073040292039236,0.0054436770204092655,0.0054436770204092655,0.059998378109106326,stale_75,650,0.014237885054275572,0.0041745931092791455
NVDA,2024-03-08,3DGapFade,A,Large,0.036553959,0.09073040292039236,0.0054436770204092655,0.0054436770204092655,0.059998378109106326,flush_4atr,959,0.8846140478921217,0.01151365223221501
NVDA,2024-03-08,3DGapFade,A,Large,0.036553959,0.09073040292039236,0.0054436770204092655,0.0054436770204092655,0.059998378109106326,flush_abs35,959,0.8846140478921217,0.01151365223221501
NVDA,2024-03-08,3DGapFade,A,Large,0.036553959,0.09073040292039236,0.0054436770204092655,0.0054436770204092655,0.059998378109106326,volclimax,778,0.8895955699208745,0.004121699196326212
NVDA,2024-03-08,3DGapFade,A,Large,0.036553959,0.09073040292039236,0.0054436770204092655,0.0054436770204092655,0.059998378109106326,hybrid,752,0.612831473951274,0.02032751141293221
NVDA,2024-03-08,3DGapFade,A,Large,0.036553959,0.09073040292039236,0.0054436770204092655,0.0054436770204092655,0.059998378109106326,half_flush,959,0.8846140478921217,
NVDA,2024-06-06,2DGapFade,B,Large,0.032968938,0.0461756739326713,0.04553076228556685,0.04553076228556685,0.9860335195530704,eod,959,0.5423358938547472,0.02215601757944574
NVDA,2024-06-06,2DGapFade,B,Large,0.032968938,0.0461756739326713,0.04553076228556685,0.04553076228556685,0.9860335195530704,time_1200,720,0.6492667597765368,0.016292229729729657
NVDA,2024-06-06,2DGapFade,B,Large,0.032968938,0.0461756739326713,0.04553076228556685,0.04553076228556685,0.9860335195530704,time_1300,780,0.8765712290502782,0.005975321162948077
NVDA,2024-06-06,2DGapFade,B,Large,0.032968938,0.0461756739326713,0.04553076228556685,0.04553076228556685,0.9860335195530704,vwap_reclaim,636,0.35398044692737496,0.030577702702702547
NVDA,2024-06-06,2DGapFade,B,Large,0.032968938,0.0461756739326713,0.04553076228556685,0.04553076228556685,0.9860335195530704,mom30_flip,782,0.8027234636871494,0.009550371872887098
NVDA,2024-06-06,2DGapFade,B,Large,0.032968938,0.0461756739326713,0.04553076228556685,0.04553076228556685,0.9860335195530704,bounce_05atr,959,0.5423358938547472,0.02215601757944574
NVDA,2024-06-06,2DGapFade,B,Large,0.032968938,0.0461756739326713,0.04553076228556685,0.04553076228556685,0.9860335195530704,bounce_10atr,959,0.5423358938547472,0.02215601757944574
NVDA,2024-06-06,2DGapFade,B,Large,0.032968938,0.0461756739326713,0.04553076228556685,0.04553076228556685,0.9860335195530704,retrace_15,600,0.8052199720670388,0.008747466216216138
NVDA,2024-06-06,2DGapFade,B,Large,0.032968938,0.0461756739326713,0.04553076228556685,0.04553076228556685,0.9860335195530704,retrace_25,739,0.7243540502793293,0.012659628378378418
NVDA,2024-06-06,2DGapFade,B,Large,0.032968938,0.0461756739326713,0.04553076228556685,0.04553076228556685,0.9860335195530704,retrace_35,959,0.5423358938547472,0.02215601757944574
NVDA,2024-06-06,2DGapFade,B,Large,0.032968938,0.0461756739326713,0.04553076228556685,0.04553076228556685,0.9860335195530704,stale_45,645,0.31878491620111815,0.03228040540540533
NVDA,2024-06-06,2DGapFade,B,Large,0.032968938,0.0461756739326713,0.04553076228556685,0.04553076228556685,0.9860335195530704,stale_75,675,0.5495810055865906,0.021114864864864913
NVDA,2024-06-06,2DGapFade,B,Large,0.032968938,0.0461756739326713,0.04553076228556685,0.04553076228556685,0.9860335195530704,flush_4atr,959,0.5423358938547472,0.02215601757944574
NVDA,2024-06-06,2DGapFade,B,Large,0.032968938,0.0461756739326713,0.04553076228556685,0.04553076228556685,0.9860335195530704,flush_abs35,959,0.5423358938547472,0.02215601757944574
NVDA,2024-06-06,2DGapFade,B,Large,0.032968938,0.0461756739326713,0.04553076228556685,0.04553076228556685,0.9860335195530704,volclimax,959,0.5423358938547472,0.02215601757944574
NVDA,2024-06-06,2DGapFade,B,Large,0.032968938,0.0461756739326713,0.04553076228556685,0.04553076228556685,0.9860335195530704,hybrid,808,0.7187499999999997,0.013615618661257711
NVDA,2024-06-06,2DGapFade,B,Large,0.032968938,0.0461756739326713,0.04553076228556685,0.04553076228556685,0.9860335195530704,half_flush,959,0.5423358938547472,
NVDA,2024-06-20,2DGapFade,A,Large,0.036764375,0.07353361945636627,0.0262517882689558,0.0262517882689558,0.3570038910505855,eod,959,0.8832684824902735,0.009264978381716915
NVDA,2024-06-20,2DGapFade,A,Large,0.036764375,0.07353361945636627,0.0262517882689558,0.0262517882689558,0.3570038910505855,time_1200,720,0.2431906614785992,0.008594725629912592
NVDA,2024-06-20,2DGapFade,A,Large,0.036764375,0.07353361945636627,0.0262517882689558,0.0262517882689558,0.3570038910505855,time_1300,780,0.6439688715953311,0.020614606483255304
NVDA,2024-06-20,2DGapFade,A,Large,0.036764375,0.07353361945636627,0.0262517882689558,0.0262517882689558,0.3570038910505855,vwap_reclaim,600,0.006809338521402879,0.008225701710079969
NVDA,2024-06-20,2DGapFade,A,Large,0.036764375,0.07353361945636627,0.0262517882689558,0.0262517882689558,0.3570038910505855,mom30_flip,780,0.6439688715953311,0.020614606483255304
NVDA,2024-06-20,2DGapFade,A,Large,0.036764375,0.07353361945636627,0.0262517882689558,0.0262517882689558,0.3570038910505855,bounce_05atr,755,0.6333463035019472,0.021451452218560707
NVDA,2024-06-20,2DGapFade,A,Large,0.036764375,0.07353361945636627,0.0262517882689558,0.0262517882689558,0.3570038910505855,bounce_10atr,959,0.8832684824902735,0.009264978381716915
NVDA,2024-06-20,2DGapFade,A,Large,0.036764375,0.07353361945636627,0.0262517882689558,0.0262517882689558,0.3570038910505855,retrace_15,755,0.6333463035019472,0.021451452218560707
NVDA,2024-06-20,2DGapFade,A,Large,0.036764375,0.07353361945636627,0.0262517882689558,0.0262517882689558,0.3570038910505855,retrace_25,755,0.6333463035019472,0.021451452218560707
NVDA,2024-06-20,2DGapFade,A,Large,0.036764375,0.07353361945636627,0.0262517882689558,0.0262517882689558,0.3570038910505855,retrace_35,761,0.5642023346303512,0.026898612920530196
NVDA,2024-06-20,2DGapFade,A,Large,0.036764375,0.07353361945636627,0.0262517882689558,0.0262517882689558,0.3570038910505855,stale_45,665,0.05447470817120644,0.022845809153015706
NVDA,2024-06-20,2DGapFade,A,Large,0.036764375,0.07353361945636627,0.0262517882689558,0.0262517882689558,0.3570038910505855,stale_75,695,0.09241245136186935,0.01998090060971136
NVDA,2024-06-20,2DGapFade,A,Large,0.036764375,0.07353361945636627,0.0262517882689558,0.0262517882689558,0.3570038910505855,flush_4atr,959,0.8832684824902735,0.009264978381716915
NVDA,2024-06-20,2DGapFade,A,Large,0.036764375,0.07353361945636627,0.0262517882689558,0.0262517882689558,0.3570038910505855,flush_abs35,959,0.8832684824902735,0.009264978381716915
NVDA,2024-06-20,2DGapFade,A,Large,0.036764375,0.07353361945636627,0.0262517882689558,0.0262517882689558,0.3570038910505855,volclimax,959,0.8832684824902735,0.009264978381716915
NVDA,2024-06-20,2DGapFade,A,Large,0.036764375,0.07353361945636627,0.0262517882689558,0.0262517882689558,0.3570038910505855,hybrid,755,0.6333463035019472,0.021451452218560707
NVDA,2024-06-20,2DGapFade,A,Large,0.036764375,0.07353361945636627,0.0262517882689558,0.0262517882689558,0.3570038910505855,half_flush,959,0.8832684824902735,
MU,2024-06-20,3DGapFade,B,Large,0.034897376,0.08980319724858288,0.05713011910069421,0.05713011910069421,0.6361702127659574,eod,959,0.9120567375886518,0.008676789587852562
MU,2024-06-20,3DGapFade,B,Large,0.034897376,0.08980319724858288,0.05713011910069421,0.05713011910069421,0.6361702127659574,time_1200,720,0.6297588652482259,0.0006106457714132318
MU,2024-06-20,3DGapFade,B,Large,0.034897376,0.08980319724858288,0.05713011910069421,0.05713011910069421,0.6361702127659574,time_1300,780,0.8354609929078018,0.00484328513111465
MU,2024-06-20,3DGapFade,B,Large,0.034897376,0.08980319724858288,0.05713011910069421,0.05713011910069421,0.6361702127659574,vwap_reclaim,959,0.9120567375886518,0.008676789587852562
MU,2024-06-20,3DGapFade,B,Large,0.034897376,0.08980319724858288,0.05713011910069421,0.05713011910069421,0.6361702127659574,mom30_flip,649,0.6035460992907797,0.0031072683058632755
MU,2024-06-20,3DGapFade,B,Large,0.034897376,0.08980319724858288,0.05713011910069421,0.05713011910069421,0.6361702127659574,bounce_05atr,669,0.452482269503546,0.017495271548230162
MU,2024-06-20,3DGapFade,B,Large,0.034897376,0.08980319724858288,0.05713011910069421,0.05713011910069421,0.6361702127659574,bounce_10atr,959,0.9120567375886518,0.008676789587852562
MU,2024-06-20,3DGapFade,B,Large,0.034897376,0.08980319724858288,0.05713011910069421,0.05713011910069421,0.6361702127659574,retrace_15,611,0.40886524822694953,0.010523150932050696
MU,2024-06-20,3DGapFade,B,Large,0.034897376,0.08980319724858288,0.05713011910069421,0.05713011910069421,0.6361702127659574,retrace_25,667,0.474468085106383,0.015401242907322255
MU,2024-06-20,3DGapFade,B,Large,0.034897376,0.08980319724858288,0.05713011910069421,0.05713011910069421,0.6361702127659574,retrace_35,959,0.9120567375886518,0.008676789587852562
MU,2024-06-20,3DGapFade,B,Large,0.034897376,0.08980319724858288,0.05713011910069421,0.05713011910069421,0.6361702127659574,stale_45,664,0.49219858156028373,0.013712510132396716
MU,2024-06-20,3DGapFade,B,Large,0.034897376,0.08980319724858288,0.05713011910069421,0.05713011910069421,0.6361702127659574,stale_75,694,0.49680851063829773,0.013273439610915982
MU,2024-06-20,3DGapFade,B,Large,0.034897376,0.08980319724858288,0.05713011910069421,0.05713011910069421,0.6361702127659574,flush_4atr,959,0.9120567375886518,0.008676789587852562
MU,2024-06-20,3DGapFade,B,Large,0.034897376,0.08980319724858288,0.05713011910069421,0.05713011910069421,0.6361702127659574,flush_abs35,959,0.9120567375886518,0.008676789587852562
MU,2024-06-20,3DGapFade,B,Large,0.034897376,0.08980319724858288,0.05713011910069421,0.05713011910069421,0.6361702127659574,volclimax,959,0.9120567375886518,0.008676789587852562
MU,2024-06-20,3DGapFade,B,Large,0.034897376,0.08980319724858288,0.05713011910069421,0.05713011910069421,0.6361702127659574,hybrid,959,0.9120567375886518,0.008676789587852562
MU,2024-06-20,3DGapFade,B,Large,0.034897376,0.08980319724858288,0.05713011910069421,0.05713011910069421,0.6361702127659574,half_flush,959,0.9120567375886518,
KWEB,2024-09-30,3DGapFade,A,ETF,0.017288545,0.04693648116919624,0.016020236087689765,0.017144463181562708,0.36526946107784447,eod,959,0.9640718562874239,0.0017693895606016863
KWEB,2024-09-30,3DGapFade,A,ETF,0.017288545,0.04693648116919624,0.016020236087689765,0.017144463181562708,0.36526946107784447,time_1200,720,0.8922155688622715,0.0035325287017957674
KWEB,2024-09-30,3DGapFade,A,ETF,0.017288545,0.04693648116919624,0.016020236087689765,0.017144463181562708,0.36526946107784447,time_1300,780,0.7005988023952099,0.012952605239917592
KWEB,2024-09-30,3DGapFade,A,ETF,0.017288545,0.04693648116919624,0.016020236087689765,0.017144463181562708,0.36526946107784447,vwap_reclaim,600,-0.1586826347305391,0.023850328477577953
KWEB,2024-09-30,3DGapFade,A,ETF,0.017288545,0.04693648116919624,0.016020236087689765,0.017144463181562708,0.36526946107784447,mom30_flip,738,0.7694610778443085,0.009567265234030176
KWEB,2024-09-30,3DGapFade,A,ETF,0.017288545,0.04693648116919624,0.016020236087689765,0.017144463181562708,0.36526946107784447,bounce_05atr,735,0.7664670658682634,0.009714453929938083
KWEB,2024-09-30,3DGapFade,A,ETF,0.017288545,0.04693648116919624,0.016020236087689765,0.017144463181562708,0.36526946107784447,bounce_10atr,959,0.9640718562874239,0.0017693895606016863
KWEB,2024-09-30,3DGapFade,A,ETF,0.017288545,0.04693648116919624,0.016020236087689765,0.017144463181562708,0.36526946107784447,retrace_15,734,0.7964071856287407,0.008242566970856569
KWEB,2024-09-30,3DGapFade,A,ETF,0.017288545,0.04693648116919624,0.016020236087689765,0.017144463181562708,0.36526946107784447,retrace_25,773,0.7155688622754486,0.012216661760376724
KWEB,2024-09-30,3DGapFade,A,ETF,0.017288545,0.04693648116919624,0.016020236087689765,0.017144463181562708,0.36526946107784447,retrace_35,959,0.9640718562874239,0.0017693895606016863
KWEB,2024-09-30,3DGapFade,A,ETF,0.017288545,0.04693648116919624,0.016020236087689765,0.017144463181562708,0.36526946107784447,stale_45,630,0.0718562874251481,0.01285347043701801
KWEB,2024-09-30,3DGapFade,A,ETF,0.017288545,0.04693648116919624,0.016020236087689765,0.017144463181562708,0.36526946107784447,stale_75,656,0.2515568862275434,0.004281633818908892
KWEB,2024-09-30,3DGapFade,A,ETF,0.017288545,0.04693648116919624,0.016020236087689765,0.017144463181562708,0.36526946107784447,flush_4atr,959,0.9640718562874239,0.0017693895606016863
KWEB,2024-09-30,3DGapFade,A,ETF,0.017288545,0.04693648116919624,0.016020236087689765,0.017144463181562708,0.36526946107784447,flush_abs35,959,0.9640718562874239,0.0017693895606016863
KWEB,2024-09-30,3DGapFade,A,ETF,0.017288545,0.04693648116919624,0.016020236087689765,0.017144463181562708,0.36526946107784447,volclimax,959,0.9640718562874239,0.0017693895606016863
KWEB,2024-09-30,3DGapFade,A,ETF,0.017288545,0.04693648116919624,0.016020236087689765,0.017144463181562708,0.36526946107784447,hybrid,773,0.7155688622754486,0.012216661760376724
KWEB,2024-09-30,3DGapFade,A,ETF,0.017288545,0.04693648116919624,0.016020236087689765,0.017144463181562708,0.36526946107784447,half_flush,959,0.9640718562874239,
VXX,2024-08-05,3DGapFade,A,ETF,0.052803602,0.19660301953818826,0.17712033747779754,0.17712033747779754,0.9009034443817054,eod,959,0.08243929983060386,0.2245405554787896
VXX,2024-08-05,3DGapFade,A,ETF,0.052803602,0.19660301953818826,0.17712033747779754,0.17712033747779754,0.9009034443817054,time_1200,720,0.8599661208356866,0.009780775716694778
VXX,2024-08-05,3DGapFade,A,ETF,0.052803602,0.19660301953818826,0.17712033747779754,0.17712033747779754,0.9009034443817054,time_1300,780,0.7216261998870698,0.06812215006218025
VXX,2024-08-05,3DGapFade,A,ETF,0.052803602,0.19660301953818826,0.17712033747779754,0.17712033747779754,0.9009034443817054,vwap_reclaim,626,0.39977413890457375,0.11973018549747039
VXX,2024-08-05,3DGapFade,A,ETF,0.052803602,0.19660301953818826,0.17712033747779754,0.17712033747779754,0.9009034443817054,mom30_flip,623,0.4189723320158105,0.11514333895446871
VXX,2024-08-05,3DGapFade,A,ETF,0.052803602,0.19660301953818826,0.17712033747779754,0.17712033747779754,0.9009034443817054,bounce_05atr,607,0.7351778656126483,0.03959527824620568
VXX,2024-08-05,3DGapFade,A,ETF,0.052803602,0.19660301953818826,0.17712033747779754,0.17712033747779754,0.9009034443817054,bounce_10atr,608,0.643139469226426,0.06158516020236093
VXX,2024-08-05,3DGapFade,A,ETF,0.052803602,0.19660301953818826,0.17712033747779754,0.17712033747779754,0.9009034443817054,retrace_15,595,0.5234330886504799,0.022911392405063236
VXX,2024-08-05,3DGapFade,A,ETF,0.052803602,0.19660301953818826,0.17712033747779754,0.17712033747779754,0.9009034443817054,retrace_25,608,0.643139469226426,0.06158516020236093
VXX,2024-08-05,3DGapFade,A,ETF,0.052803602,0.19660301953818826,0.17712033747779754,0.17712033747779754,0.9009034443817054,retrace_35,620,0.568040654997177,0.07952782462057328
VXX,2024-08-05,3DGapFade,A,ETF,0.052803602,0.19660301953818826,0.17712033747779754,0.17712033747779754,0.9009034443817054,stale_45,652,0.4011857707509885,0.11939291736930846
VXX,2024-08-05,3DGapFade,A,ETF,0.052803602,0.19660301953818826,0.17712033747779754,0.17712033747779754,0.9009034443817054,stale_75,682,0.5787690570299268,0.07696458684654295
VXX,2024-08-05,3DGapFade,A,ETF,0.052803602,0.19660301953818826,0.17712033747779754,0.17712033747779754,0.9009034443817054,flush_4atr,959,0.08243929983060386,0.2245405554787896
VXX,2024-08-05,3DGapFade,A,ETF,0.052803602,0.19660301953818826,0.17712033747779754,0.17712033747779754,0.9009034443817054,flush_abs35,959,0.08243929983060386,0.2245405554787896
VXX,2024-08-05,3DGapFade,A,ETF,0.052803602,0.19660301953818826,0.17712033747779754,0.17712033747779754,0.9009034443817054,volclimax,959,0.08243929983060386,0.2245405554787896
VXX,2024-08-05,3DGapFade,A,ETF,0.052803602,0.19660301953818826,0.17712033747779754,0.17712033747779754,0.9009034443817054,hybrid,770,0.737995482778092,0.06411634655243881
VXX,2024-08-05,3DGapFade,A,ETF,0.052803602,0.19660301953818826,0.17712033747779754,0.17712033747779754,0.9009034443817054,half_flush,959,0.08243929983060386,
TEM,2024-08-20,3DGapFade,A,Medium,0.090717595,0.018275862068965587,0.018275862068965587,0.018275862068965587,1.0,eod,959,-0.6707547169811292,0.031102915349490612
TEM,2024-08-20,3DGapFade,A,Medium,0.090717595,0.018275862068965587,0.018275862068965587,0.018275862068965587,1.0,time_1200,720,-2.575471698113199,0.06656129258868981
TEM,2024-08-20,3DGapFade,A,Medium,0.090717595,0.018275862068965587,0.018275862068965587,0.018275862068965587,1.0,time_1300,780,-1.8867924528301847,0.05374077976817704
TEM,2024-08-20,3DGapFade,A,Medium,0.090717595,0.018275862068965587,0.018275862068965587,0.018275862068965587,1.0,vwap_reclaim,600,-11.613207547169788,0.2348085704250089
TEM,2024-08-20,3DGapFade,A,Medium,0.090717595,0.018275862068965587,0.018275862068965587,0.018275862068965587,1.0,mom30_flip,959,-0.6707547169811292,0.031102915349490612
TEM,2024-08-20,3DGapFade,A,Medium,0.090717595,0.018275862068965587,0.018275862068965587,0.018275862068965587,1.0,bounce_05atr,959,-0.6707547169811292,0.031102915349490612
TEM,2024-08-20,3DGapFade,A,Medium,0.090717595,0.018275862068965587,0.018275862068965587,0.018275862068965587,1.0,bounce_10atr,959,-0.6707547169811292,0.031102915349490612
TEM,2024-08-20,3DGapFade,A,Medium,0.090717595,0.018275862068965587,0.018275862068965587,0.018275862068965587,1.0,retrace_15,959,-0.6707547169811292,0.031102915349490612
TEM,2024-08-20,3DGapFade,A,Medium,0.090717595,0.018275862068965587,0.018275862068965587,0.018275862068965587,1.0,retrace_25,959,-0.6707547169811292,0.031102915349490612
TEM,2024-08-20,3DGapFade,A,Medium,0.090717595,0.018275862068965587,0.018275862068965587,0.018275862068965587,1.0,retrace_35,959,-0.6707547169811292,0.031102915349490612
TEM,2024-08-20,3DGapFade,A,Medium,0.090717595,0.018275862068965587,0.018275862068965587,0.018275862068965587,1.0,stale_45,959,-0.6707547169811292,0.031102915349490612
TEM,2024-08-20,3DGapFade,A,Medium,0.090717595,0.018275862068965587,0.018275862068965587,0.018275862068965587,1.0,stale_75,959,-0.6707547169811292,0.031102915349490612
TEM,2024-08-20,3DGapFade,A,Medium,0.090717595,0.018275862068965587,0.018275862068965587,0.018275862068965587,1.0,flush_4atr,959,-0.6707547169811292,0.031102915349490612
TEM,2024-08-20,3DGapFade,A,Medium,0.090717595,0.018275862068965587,0.018275862068965587,0.018275862068965587,1.0,flush_abs35,959,-0.6707547169811292,0.031102915349490612
TEM,2024-08-20,3DGapFade,A,Medium,0.090717595,0.018275862068965587,0.018275862068965587,0.018275862068965587,1.0,volclimax,959,-0.6707547169811292,0.031102915349490612
TEM,2024-08-20,3DGapFade,A,Medium,0.090717595,0.018275862068965587,0.018275862068965587,0.018275862068965587,1.0,hybrid,959,-0.6707547169811292,0.031102915349490612
TEM,2024-08-20,3DGapFade,A,Medium,0.090717595,0.018275862068965587,0.018275862068965587,0.018275862068965587,1.0,half_flush,959,-0.6707547169811292,
DJT,2024-10-29,3DGapFade,A,Medium,0.11797357,0.19032558139534883,0.19032558139534883,0.19032558139534883,1.0,eod,959,0.21309872922776152,0.1849724264705881
DJT,2024-10-29,3DGapFade,A,Medium,0.11797357,0.19032558139534883,0.19032558139534883,0.19032558139534883,1.0,time_1200,720,0.05865102639296203,0.2212775735294117
DJT,2024-10-29,3DGapFade,A,Medium,0.11797357,0.19032558139534883,0.19032558139534883,0.19032558139534883,1.0,time_1300,780,0.08726295210166159,0.21455193014705887
DJT,2024-10-29,3DGapFade,A,Medium,0.11797357,0.19032558139534883,0.19032558139534883,0.19032558139534883,1.0,vwap_reclaim,602,0.23949169110459467,0.07592281879194629
DJT,2024-10-29,3DGapFade,A,Medium,0.11797357,0.19032558139534883,0.19032558139534883,0.19032558139534883,1.0,mom30_flip,959,0.21309872922776152,0.1849724264705881
DJT,2024-10-29,3DGapFade,A,Medium,0.11797357,0.19032558139534883,0.19032558139534883,0.19032558139534883,1.0,bounce_05atr,629,0.7184848484848485,0.06617417279411764
DJT,2024-10-29,3DGapFade,A,Medium,0.11797357,0.19032558139534883,0.19032558139534883,0.19032558139534883,1.0,bounce_10atr,959,0.21309872922776152,0.1849724264705881
DJT,2024-10-29,3DGapFade,A,Medium,0.11797357,0.19032558139534883,0.19032558139534883,0.19032558139534883,1.0,retrace_15,628,0.7575757575757578,0.05698529411764697
DJT,2024-10-29,3DGapFade,A,Medium,0.11797357,0.19032558139534883,0.19032558139534883,0.19032558139534883,1.0,retrace_25,629,0.7184848484848485,0.06617417279411764
DJT,2024-10-29,3DGapFade,A,Medium,0.11797357,0.19032558139534883,0.19032558139534883,0.19032558139534883,1.0,retrace_35,630,0.632453567937439,0.08639705882352944
DJT,2024-10-29,3DGapFade,A,Medium,0.11797357,0.19032558139534883,0.19032558139534883,0.19032558139534883,1.0,stale_45,676,0.2238514173998045,0.1824448529411764
DJT,2024-10-29,3DGapFade,A,Medium,0.11797357,0.19032558139534883,0.19032558139534883,0.19032558139534883,1.0,stale_75,706,0.12288367546432079,0.20617876838235283
DJT,2024-10-29,3DGapFade,A,Medium,0.11797357,0.19032558139534883,0.19032558139534883,0.19032558139534883,1.0,flush_4atr,959,0.21309872922776152,0.1849724264705881
DJT,2024-10-29,3DGapFade,A,Medium,0.11797357,0.19032558139534883,0.19032558139534883,0.19032558139534883,1.0,flush_abs35,959,0.21309872922776152,0.1849724264705881
DJT,2024-10-29,3DGapFade,A,Medium,0.11797357,0.19032558139534883,0.19032558139534883,0.19032558139534883,1.0,volclimax,959,0.21309872922776152,0.1849724264705881
DJT,2024-10-29,3DGapFade,A,Medium,0.11797357,0.19032558139534883,0.19032558139534883,0.19032558139534883,1.0,hybrid,959,0.21309872922776152,0.1849724264705881
DJT,2024-10-29,3DGapFade,A,Medium,0.11797357,0.19032558139534883,0.19032558139534883,0.19032558139534883,1.0,half_flush,959,0.21309872922776152,
DXYZ,2024-11-11,3DGapFade,A,Small,0.106561548,0.22341545588544953,0.21688776584544123,0.21688776584544123,0.970782280867107,eod,959,0.4703110273327052,0.1523861171366594
DXYZ,2024-11-11,3DGapFade,A,Small,0.106561548,0.22341545588544953,0.21688776584544123,0.21688776584544123,0.970782280867107,time_1200,720,0.8034590009425073,0.047735950524334436
DXYZ,2024-11-11,3DGapFade,A,Small,0.106561548,0.22341545588544953,0.21688776584544123,0.21688776584544123,0.970782280867107,time_1300,780,0.8284542884071634,0.040605001344447444
DXYZ,2024-11-11,3DGapFade,A,Small,0.106561548,0.22341545588544953,0.21688776584544123,0.21688776584544123,0.970782280867107,vwap_reclaim,623,0.2841658812441094,0.19588599085775749
DXYZ,2024-11-11,3DGapFade,A,Small,0.106561548,0.22341545588544953,0.21688776584544123,0.21688776584544123,0.970782280867107,mom30_flip,620,0.6402639019792647,0.09429416509814481
DXYZ,2024-11-11,3DGapFade,A,Small,0.106561548,0.22341545588544953,0.21688776584544123,0.21688776584544123,0.970782280867107,bounce_05atr,606,0.7544203581526866,0.06172627050282342
DXYZ,2024-11-11,3DGapFade,A,Small,0.106561548,0.22341545588544953,0.21688776584544123,0.21688776584544123,0.970782280867107,bounce_10atr,611,0.592836946277097,0.10782468405485357
DXYZ,2024-11-11,3DGapFade,A,Small,0.106561548,0.22341545588544953,0.21688776584544123,0.21688776584544123,0.970782280867107,retrace_15,597,0.5353440150801131,0.037468982630272984
DXYZ,2024-11-11,3DGapFade,A,Small,0.106561548,0.22341545588544953,0.21688776584544123,0.21688776584544123,0.970782280867107,retrace_25,608,0.6090857681432613,0.10318902930895413
DXYZ,2024-11-11,3DGapFade,A,Small,0.106561548,0.22341545588544953,0.21688776584544123,0.21688776584544123,0.970782280867107,retrace_35,608,0.6090857681432613,0.10318902930895413
DXYZ,2024-11-11,3DGapFade,A,Small,0.106561548,0.22341545588544953,0.21688776584544123,0.21688776584544123,0.970782280867107,stale_45,651,0.19604147031102787,0.22102715783812843
DXYZ,2024-11-11,3DGapFade,A,Small,0.106561548,0.22341545588544953,0.21688776584544123,0.21688776584544123,0.970782280867107,stale_75,681,0.6333647502356267,0.09626243613874719
DXYZ,2024-11-11,3DGapFade,A,Small,0.106561548,0.22341545588544953,0.21688776584544123,0.21688776584544123,0.970782280867107,flush_4atr,959,0.4703110273327052,0.1523861171366594
DXYZ,2024-11-11,3DGapFade,A,Small,0.106561548,0.22341545588544953,0.21688776584544123,0.21688776584544123,0.970782280867107,flush_abs35,959,0.4703110273327052,0.1523861171366594
DXYZ,2024-11-11,3DGapFade,A,Small,0.106561548,0.22341545588544953,0.21688776584544123,0.21688776584544123,0.970782280867107,volclimax,959,0.4703110273327052,0.1523861171366594
DXYZ,2024-11-11,3DGapFade,A,Small,0.106561548,0.22341545588544953,0.21688776584544123,0.21688776584544123,0.970782280867107,hybrid,753,0.724655984919887,0.07021780048400106
DXYZ,2024-11-11,3DGapFade,A,Small,0.106561548,0.22341545588544953,0.21688776584544123,0.21688776584544123,0.970782280867107,half_flush,959,0.4703110273327052,
MSTR,2024-11-21,3DGapFade,A,Medium,0.097317289,0.3057892575098482,0.15727255754905434,0.20507999925321585,0.6706579587630251,eod,959,0.8459618083898947,0.06785147701928862
MSTR,2024-11-21,3DGapFade,A,Medium,0.097317289,0.3057892575098482,0.15727255754905434,0.20507999925321585,0.6706579587630251,time_1200,720,0.4190124055268365,0.0968028314892797
MSTR,2024-11-21,3DGapFade,A,Medium,0.097317289,0.3057892575098482,0.15727255754905434,0.20507999925321585,0.6706579587630251,time_1300,780,0.4800051773644163,0.0733401756293699
MSTR,2024-11-21,3DGapFade,A,Medium,0.097317289,0.3057892575098482,0.15727255754905434,0.20507999925321585,0.6706579587630251,vwap_reclaim,701,0.3234631683638614,0.13355864372227155
MSTR,2024-11-21,3DGapFade,A,Medium,0.097317289,0.3057892575098482,0.15727255754905434,0.20507999925321585,0.6706579587630251,mom30_flip,656,0.40435948736765837,0.10243950556973846
MSTR,2024-11-21,3DGapFade,A,Medium,0.097317289,0.3057892575098482,0.15727255754905434,0.20507999925321585,0.6706579587630251,bounce_05atr,645,0.5411322676184551,0.04982585025705566
MSTR,2024-11-21,3DGapFade,A,Medium,0.097317289,0.3057892575098482,0.15727255754905434,0.20507999925321585,0.6706579587630251,bounce_10atr,656,0.40435948736765837,0.10243950556973846
MSTR,2024-11-21,3DGapFade,A,Medium,0.097317289,0.3057892575098482,0.15727255754905434,0.20507999925321585,0.6706579587630251,retrace_15,604,0.3302096160996495,0.03335836909871248
MSTR,2024-11-21,3DGapFade,A,Medium,0.097317289,0.3057892575098482,0.15727255754905434,0.20507999925321585,0.6706579587630251,retrace_25,614,0.32364632984085095,0.04125134843581457
MSTR,2024-11-21,3DGapFade,A,Medium,0.097317289,0.3057892575098482,0.15727255754905434,0.20507999925321585,0.6706579587630251,retrace_35,649,0.4356178250307255,0.09041507058759968
MSTR,2024-11-21,3DGapFade,A,Medium,0.097317289,0.3057892575098482,0.15727255754905434,0.20507999925321585,0.6706579587630251,stale_45,680,0.4055805638809231,0.10196978272970036
MSTR,2024-11-21,3DGapFade,A,Medium,0.097317289,0.3057892575098482,0.15727255754905434,0.20507999925321585,0.6706579587630251,stale_75,710,0.3459309762079345,0.12491574346556811
MSTR,2024-11-21,3DGapFade,A,Medium,0.097317289,0.3057892575098482,0.15727255754905434,0.20507999925321585,0.6706579587630251,flush_4atr,959,0.8459618083898947,0.06785147701928862
MSTR,2024-11-21,3DGapFade,A,Medium,0.097317289,0.3057892575098482,0.15727255754905434,0.20507999925321585,0.6706579587630251,flush_abs35,959,0.8459618083898947,0.06785147701928862
MSTR,2024-11-21,3DGapFade,A,Medium,0.097317289,0.3057892575098482,0.15727255754905434,0.20507999925321585,0.6706579587630251,volclimax,959,0.8459618083898947,0.06785147701928862
MSTR,2024-11-21,3DGapFade,A,Medium,0.097317289,0.3057892575098482,0.15727255754905434,0.20507999925321585,0.6706579587630251,hybrid,750,0.3857380705403692,0.10960277888032155
MSTR,2024-11-21,3DGapFade,A,Medium,0.097317289,0.3057892575098482,0.15727255754905434,0.20507999925321585,0.6706579587630251,half_flush,959,0.8459618083898947,
CRNC,2025-01-06,2DGapFade,B,Medium,0.105033569,0.1930433310765065,0.0991029113067029,0.12195328368314151,0.631740464708461,eod,959,0.7544936431389739,0.058730991085474527
CRNC,2025-01-06,2DGapFade,B,Medium,0.105033569,0.1930433310765065,0.0991029113067029,0.12195328368314151,0.631740464708461,time_1200,720,0.7194213064445417,0.030264983141118584
CRNC,2025-01-06,2DGapFade,B,Medium,0.105033569,0.1930433310765065,0.0991029113067029,0.12195328368314151,0.631740464708461,time_1300,780,0.856751424813678,0.01667525773195888
CRNC,2025-01-06,2DGapFade,B,Medium,0.105033569,0.1930433310765065,0.0991029113067029,0.12195328368314151,0.631740464708461,vwap_reclaim,959,0.7544936431389739,0.058730991085474527
CRNC,2025-01-06,2DGapFade,B,Medium,0.105033569,0.1930433310765065,0.0991029113067029,0.12195328368314151,0.631740464708461,mom30_flip,669,0.5688294607628237,0.03426745329400194
CRNC,2025-01-06,2DGapFade,B,Medium,0.105033569,0.1930433310765065,0.0991029113067029,0.12195328368314151,0.631740464708461,bounce_05atr,727,0.605436212187637,0.05659116452850843
CRNC,2025-01-06,2DGapFade,B,Medium,0.105033569,0.1930433310765065,0.0991029113067029,0.12195328368314151,0.631740464708461,bounce_10atr,959,0.7544936431389739,0.058730991085474527
CRNC,2025-01-06,2DGapFade,B,Medium,0.105033569,0.1930433310765065,0.0991029113067029,0.12195328368314151,0.631740464708461,retrace_15,669,0.5688294607628237,0.03426745329400194
CRNC,2025-01-06,2DGapFade,B,Medium,0.105033569,0.1930433310765065,0.0991029113067029,0.12195328368314151,0.631740464708461,retrace_25,726,0.6284524331433582,0.05127530097913158
CRNC,2025-01-06,2DGapFade,B,Medium,0.105033569,0.1930433310765065,0.0991029113067029,0.12195328368314151,0.631740464708461,retrace_35,882,0.6373301183691367,0.08675930781331931
CRNC,2025-01-06,2DGapFade,B,Medium,0.105033569,0.1930433310765065,0.0991029113067029,0.12195328368314151,0.631740464708461,stale_45,747,0.682529592284086,0.03878555300169095
CRNC,2025-01-06,2DGapFade,B,Medium,0.105033569,0.1930433310765065,0.0991029113067029,0.12195328368314151,0.631740464708461,stale_75,882,0.6373301183691367,0.08675930781331931
CRNC,2025-01-06,2DGapFade,B,Medium,0.105033569,0.1930433310765065,0.0991029113067029,0.12195328368314151,0.631740464708461,flush_4atr,959,0.7544936431389739,0.058730991085474527
CRNC,2025-01-06,2DGapFade,B,Medium,0.105033569,0.1930433310765065,0.0991029113067029,0.12195328368314151,0.631740464708461,flush_abs35,959,0.7544936431389739,0.058730991085474527
CRNC,2025-01-06,2DGapFade,B,Medium,0.105033569,0.1930433310765065,0.0991029113067029,0.12195328368314151,0.631740464708461,volclimax,959,0.7544936431389739,0.058730991085474527
CRNC,2025-01-06,2DGapFade,B,Medium,0.105033569,0.1930433310765065,0.0991029113067029,0.12195328368314151,0.631740464708461,hybrid,767,0.6262604120999566,0.051781573698119754
CRNC,2025-01-06,2DGapFade,B,Medium,0.105033569,0.1930433310765065,0.0991029113067029,0.12195328368314151,0.631740464708461,half_flush,959,0.7544936431389739,
CRCL,2025-06-23,3DGapFade,A,Medium,0.201246729,0.025077581145684924,0.025077581145684924,0.025077581145684924,1.0,eod,959,-4.167224080267544,0.13291465932553348
CRCL,2025-06-23,3DGapFade,A,Medium,0.201246729,0.025077581145684924,0.025077581145684924,0.025077581145684924,1.0,time_1200,720,-7.948160535117033,0.2301703372333106
CRCL,2025-06-23,3DGapFade,A,Medium,0.201246729,0.025077581145684924,0.025077581145684924,0.025077581145684924,1.0,time_1300,780,-3.5668896321070145,0.1174724707501722
CRCL,2025-06-23,3DGapFade,A,Medium,0.201246729,0.025077581145684924,0.025077581145684924,0.025077581145684924,1.0,vwap_reclaim,600,-3.6061872909698836,0.11848331039229176
CRCL,2025-06-23,3DGapFade,A,Medium,0.201246729,0.025077581145684924,0.025077581145684924,0.025077581145684924,1.0,mom30_flip,959,-4.167224080267544,0.13291465932553348
CRCL,2025-06-23,3DGapFade,A,Medium,0.201246729,0.025077581145684924,0.025077581145684924,0.025077581145684924,1.0,bounce_05atr,959,-4.167224080267544,0.13291465932553348
CRCL,2025-06-23,3DGapFade,A,Medium,0.201246729,0.025077581145684924,0.025077581145684924,0.025077581145684924,1.0,bounce_10atr,959,-4.167224080267544,0.13291465932553348
CRCL,2025-06-23,3DGapFade,A,Medium,0.201246729,0.025077581145684924,0.025077581145684924,0.025077581145684924,1.0,retrace_15,959,-4.167224080267544,0.13291465932553348
CRCL,2025-06-23,3DGapFade,A,Medium,0.201246729,0.025077581145684924,0.025077581145684924,0.025077581145684924,1.0,retrace_25,959,-4.167224080267544,0.13291465932553348
CRCL,2025-06-23,3DGapFade,A,Medium,0.201246729,0.025077581145684924,0.025077581145684924,0.025077581145684924,1.0,retrace_35,959,-4.167224080267544,0.13291465932553348
CRCL,2025-06-23,3DGapFade,A,Medium,0.201246729,0.025077581145684924,0.025077581145684924,0.025077581145684924,1.0,stale_45,959,-4.167224080267544,0.13291465932553348
CRCL,2025-06-23,3DGapFade,A,Medium,0.201246729,0.025077581145684924,0.025077581145684924,0.025077581145684924,1.0,stale_75,959,-4.167224080267544,0.13291465932553348
CRCL,2025-06-23,3DGapFade,A,Medium,0.201246729,0.025077581145684924,0.025077581145684924,0.025077581145684924,1.0,flush_4atr,959,-4.167224080267544,0.13291465932553348
CRCL,2025-06-23,3DGapFade,A,Medium,0.201246729,0.025077581145684924,0.025077581145684924,0.025077581145684924,1.0,flush_abs35,959,-4.167224080267544,0.13291465932553348
CRCL,2025-06-23,3DGapFade,A,Medium,0.201246729,0.025077581145684924,0.025077581145684924,0.025077581145684924,1.0,volclimax,959,-4.167224080267544,0.13291465932553348
CRCL,2025-06-23,3DGapFade,A,Medium,0.201246729,0.025077581145684924,0.025077581145684924,0.025077581145684924,1.0,hybrid,959,-4.167224080267544,0.13291465932553348
CRCL,2025-06-23,3DGapFade,A,Medium,0.201246729,0.025077581145684924,0.025077581145684924,0.025077581145684924,1.0,half_flush,959,-4.167224080267544,
OPEN,2025-07-21,3DGapFade,A,Small,0.14855827,0.05936140950823321,0.05936140950823321,0.05936140950823321,1.0,eod,959,-2.6361928616155286,0.22947127163518521
OPEN,2025-07-21,3DGapFade,A,Small,0.14855827,0.05936140950823321,0.05936140950823321,0.05936140950823321,1.0,time_1200,720,-6.87789605510332,0.49715482494270113
OPEN,2025-07-21,3DGapFade,A,Small,0.14855827,0.05936140950823321,0.05936140950823321,0.05936140950823321,1.0,time_1300,780,-9.453350031308707,0.6596854500908875
OPEN,2025-07-21,3DGapFade,A,Small,0.14855827,0.05936140950823321,0.05936140950823321,0.05936140950823321,1.0,vwap_reclaim,600,-2.396994364433313,0.21437603730340626
OPEN,2025-07-21,3DGapFade,A,Small,0.14855827,0.05936140950823321,0.05936140950823321,0.05936140950823321,1.0,mom30_flip,959,-2.6361928616155286,0.22947127163518521
OPEN,2025-07-21,3DGapFade,A,Small,0.14855827,0.05936140950823321,0.05936140950823321,0.05936140950823321,1.0,bounce_05atr,959,-2.6361928616155286,0.22947127163518521
OPEN,2025-07-21,3DGapFade,A,Small,0.14855827,0.05936140950823321,0.05936140950823321,0.05936140950823321,1.0,bounce_10atr,959,-2.6361928616155286,0.22947127163518521
OPEN,2025-07-21,3DGapFade,A,Small,0.14855827,0.05936140950823321,0.05936140950823321,0.05936140950823321,1.0,retrace_15,959,-2.6361928616155286,0.22947127163518521
OPEN,2025-07-21,3DGapFade,A,Small,0.14855827,0.05936140950823321,0.05936140950823321,0.05936140950823321,1.0,retrace_25,959,-2.6361928616155286,0.22947127163518521
OPEN,2025-07-21,3DGapFade,A,Small,0.14855827,0.05936140950823321,0.05936140950823321,0.05936140950823321,1.0,retrace_35,959,-2.6361928616155286,0.22947127163518521
OPEN,2025-07-21,3DGapFade,A,Small,0.14855827,0.05936140950823321,0.05936140950823321,0.05936140950823321,1.0,stale_45,959,-2.6361928616155286,0.22947127163518521
OPEN,2025-07-21,3DGapFade,A,Small,0.14855827,0.05936140950823321,0.05936140950823321,0.05936140950823321,1.0,stale_75,959,-2.6361928616155286,0.22947127163518521
OPEN,2025-07-21,3DGapFade,A,Small,0.14855827,0.05936140950823321,0.05936140950823321,0.05936140950823321,1.0,flush_4atr,959,-2.6361928616155286,0.22947127163518521
OPEN,2025-07-21,3DGapFade,A,Small,0.14855827,0.05936140950823321,0.05936140950823321,0.05936140950823321,1.0,flush_abs35,959,-2.6361928616155286,0.22947127163518521
OPEN,2025-07-21,3DGapFade,A,Small,0.14855827,0.05936140950823321,0.05936140950823321,0.05936140950823321,1.0,volclimax,959,-2.6361928616155286,0.22947127163518521
OPEN,2025-07-21,3DGapFade,A,Small,0.14855827,0.05936140950823321,0.05936140950823321,0.05936140950823321,1.0,hybrid,959,-2.6361928616155286,0.22947127163518521
OPEN,2025-07-21,3DGapFade,A,Small,0.14855827,0.05936140950823321,0.05936140950823321,0.05936140950823321,1.0,half_flush,959,-2.6361928616155286,
BYND,2025-10-22,3DGapFade,B,Small,0.174910998,0.5753646677471637,0.17179902755267418,0.17179902755267418,0.2985915492957746,eod,959,0.7295774647887324,0.36641221374045796
BYND,2025-10-22,3DGapFade,B,Small,0.174910998,0.5753646677471637,0.17179902755267418,0.17179902755267418,0.2985915492957746,time_1200,720,0.4760563380281689,0.24099722991689765
BYND,2025-10-22,3DGapFade,B,Small,0.174910998,0.5753646677471637,0.17179902755267418,0.17179902755267418,0.2985915492957746,time_1300,780,0.7704225352112676,0.3110687022900762
BYND,2025-10-22,3DGapFade,B,Small,0.174910998,0.5753646677471637,0.17179902755267418,0.17179902755267418,0.2985915492957746,vwap_reclaim,600,0.03436619718309856,0.18356164383561646
BYND,2025-10-22,3DGapFade,B,Small,0.174910998,0.5753646677471637,0.17179902755267418,0.17179902755267418,0.2985915492957746,mom30_flip,740,0.5108450704225354,0.20678670360110796
BYND,2025-10-22,3DGapFade,B,Small,0.174910998,0.5753646677471637,0.17179902755267418,0.17179902755267418,0.2985915492957746,bounce_05atr,706,0.5633802816901409,0.15512465373961226
BYND,2025-10-22,3DGapFade,B,Small,0.174910998,0.5753646677471637,0.17179902755267418,0.17179902755267418,0.2985915492957746,bounce_10atr,707,0.5239436619718311,0.19390581717451516
BYND,2025-10-22,3DGapFade,B,Small,0.174910998,0.5753646677471637,0.17179902755267418,0.17179902755267418,0.2985915492957746,retrace_15,706,0.5633802816901409,0.15512465373961226
BYND,2025-10-22,3DGapFade,B,Small,0.174910998,0.5753646677471637,0.17179902755267418,0.17179902755267418,0.2985915492957746,retrace_25,707,0.5239436619718311,0.19390581717451516
BYND,2025-10-22,3DGapFade,B,Small,0.174910998,0.5753646677471637,0.17179902755267418,0.17179902755267418,0.2985915492957746,retrace_35,713,0.4609577464788733,0.2558448753462603
BYND,2025-10-22,3DGapFade,B,Small,0.174910998,0.5753646677471637,0.17179902755267418,0.17179902755267418,0.2985915492957746,stale_45,664,0.07042253521126761,0.1585127201565557
BYND,2025-10-22,3DGapFade,B,Small,0.174910998,0.5753646677471637,0.17179902755267418,0.17179902755267418,0.2985915492957746,stale_75,664,0.07042253521126761,0.1585127201565557
BYND,2025-10-22,3DGapFade,B,Small,0.174910998,0.5753646677471637,0.17179902755267418,0.17179902755267418,0.2985915492957746,flush_4atr,959,0.7295774647887324,0.36641221374045796
BYND,2025-10-22,3DGapFade,B,Small,0.174910998,0.5753646677471637,0.17179902755267418,0.17179902755267418,0.2985915492957746,flush_abs35,701,0.6704225352112676,0.0
BYND,2025-10-22,3DGapFade,B,Small,0.174910998,0.5753646677471637,0.17179902755267418,0.17179902755267418,0.2985915492957746,volclimax,762,0.8788732394366198,0.16412213740458004
BYND,2025-10-22,3DGapFade,B,Small,0.174910998,0.5753646677471637,0.17179902755267418,0.17179902755267418,0.2985915492957746,hybrid,782,0.6845352112676056,0.427442748091603
BYND,2025-10-22,3DGapFade,B,Small,0.174910998,0.5753646677471637,0.17179902755267418,0.17179902755267418,0.2985915492957746,half_flush,959,0.7295774647887324,
GLD,2025-10-17,3DGapFade,A,ETF,0.011109289,0.03001460442161441,0.023140454247872255,0.023140454247872255,0.7709731543624185,eod,959,0.6954697986577174,0.009423186750428414
GLD,2025-10-17,3DGapFade,A,ETF,0.011109289,0.03001460442161441,0.023140454247872255,0.023140454247872255,0.7709731543624185,time_1200,720,0.5813758389261771,0.00582549297589896
GLD,2025-10-17,3DGapFade,A,ETF,0.011109289,0.03001460442161441,0.023140454247872255,0.023140454247872255,0.7709731543624185,time_1300,780,0.8817114093959754,0.0003363518758086048
GLD,2025-10-17,3DGapFade,A,ETF,0.011109289,0.03001460442161441,0.023140454247872255,0.023140454247872255,0.7709731543624185,vwap_reclaim,639,0.43624161073825557,0.01028483051939677
GLD,2025-10-17,3DGapFade,A,ETF,0.011109289,0.03001460442161441,0.023140454247872255,0.023140454247872255,0.7709731543624185,mom30_flip,637,0.5947986577181208,0.005413068694419376
GLD,2025-10-17,3DGapFade,A,ETF,0.011109289,0.03001460442161441,0.023140454247872255,0.023140454247872255,0.7709731543624185,bounce_05atr,802,0.8093959731543625,0.005897928456466417
GLD,2025-10-17,3DGapFade,A,ETF,0.011109289,0.03001460442161441,0.023140454247872255,0.023140454247872255,0.7709731543624185,bounce_10atr,959,0.6954697986577174,0.009423186750428414
GLD,2025-10-17,3DGapFade,A,ETF,0.011109289,0.03001460442161441,0.023140454247872255,0.023140454247872255,0.7709731543624185,retrace_15,770,0.7420302013422819,0.004046491338532965
GLD,2025-10-17,3DGapFade,A,ETF,0.011109289,0.03001460442161441,0.023140454247872255,0.023140454247872255,0.7709731543624185,retrace_25,821,0.7055369127516776,0.009111676444629069
GLD,2025-10-17,3DGapFade,A,ETF,0.011109289,0.03001460442161441,0.023140454247872255,0.023140454247872255,0.7709731543624185,retrace_35,959,0.6954697986577174,0.009423186750428414
GLD,2025-10-17,3DGapFade,A,ETF,0.011109289,0.03001460442161441,0.023140454247872255,0.023140454247872255,0.7709731543624185,stale_45,667,0.5058724832214759,0.008145379559221677
GLD,2025-10-17,3DGapFade,A,ETF,0.011109289,0.03001460442161441,0.023140454247872255,0.023140454247872255,0.7709731543624185,stale_75,697,0.4693036912751668,0.009268977961077507
GLD,2025-10-17,3DGapFade,A,ETF,0.011109289,0.03001460442161441,0.023140454247872255,0.023140454247872255,0.7709731543624185,flush_4atr,959,0.6954697986577174,0.009423186750428414
GLD,2025-10-17,3DGapFade,A,ETF,0.011109289,0.03001460442161441,0.023140454247872255,0.023140454247872255,0.7709731543624185,flush_abs35,959,0.6954697986577174,0.009423186750428414
GLD,2025-10-17,3DGapFade,A,ETF,0.011109289,0.03001460442161441,0.023140454247872255,0.023140454247872255,0.7709731543624185,volclimax,749,0.7818791946308746,0.0003095176683003409
GLD,2025-10-17,3DGapFade,A,ETF,0.011109289,0.03001460442161441,0.023140454247872255,0.023140454247872255,0.7709731543624185,hybrid,821,0.7055369127516776,0.009111676444629069
GLD,2025-10-17,3DGapFade,A,ETF,0.011109289,0.03001460442161441,0.023140454247872255,0.023140454247872255,0.7709731543624185,half_flush,959,0.6954697986577174,
SLV,2026-01-26,3DGapFade,B,ETF,0.03733172,0.028781322330683312,0.002616483848243978,0.002616483848243978,0.09090909090909231,eod,959,0.3671328671328712,0.018754533208993784
SLV,2026-01-26,3DGapFade,B,ETF,0.03733172,0.028781322330683312,0.002616483848243978,0.002616483848243978,0.09090909090909231,time_1200,720,-1.4615384615384592,0.04479870850570067
SLV,2026-01-26,3DGapFade,B,ETF,0.03733172,0.028781322330683312,0.002616483848243978,0.002616483848243978,0.09090909090909231,time_1300,780,-2.3811188811188826,0.07133488043587932
SLV,2026-01-26,3DGapFade,B,ETF,0.03733172,0.028781322330683312,0.002616483848243978,0.002616483848243978,0.09090909090909231,vwap_reclaim,600,-0.44755244755244805,0.015538290788013276
SLV,2026-01-26,3DGapFade,B,ETF,0.03733172,0.028781322330683312,0.002616483848243978,0.002616483848243978,0.09090909090909231,mom30_flip,959,0.3671328671328712,0.018754533208993784
SLV,2026-01-26,3DGapFade,B,ETF,0.03733172,0.028781322330683312,0.002616483848243978,0.002616483848243978,0.09090909090909231,bounce_05atr,959,0.3671328671328712,0.018754533208993784
SLV,2026-01-26,3DGapFade,B,ETF,0.03733172,0.028781322330683312,0.002616483848243978,0.002616483848243978,0.09090909090909231,bounce_10atr,959,0.3671328671328712,0.018754533208993784
SLV,2026-01-26,3DGapFade,B,ETF,0.03733172,0.028781322330683312,0.002616483848243978,0.002616483848243978,0.09090909090909231,retrace_15,959,0.3671328671328712,0.018754533208993784
SLV,2026-01-26,3DGapFade,B,ETF,0.03733172,0.028781322330683312,0.002616483848243978,0.002616483848243978,0.09090909090909231,retrace_25,959,0.3671328671328712,0.018754533208993784
SLV,2026-01-26,3DGapFade,B,ETF,0.03733172,0.028781322330683312,0.002616483848243978,0.002616483848243978,0.09090909090909231,retrace_35,959,0.3671328671328712,0.018754533208993784
SLV,2026-01-26,3DGapFade,B,ETF,0.03733172,0.028781322330683312,0.002616483848243978,0.002616483848243978,0.09090909090909231,stale_45,939,0.39510489510489855,0.01792560356439732
SLV,2026-01-26,3DGapFade,B,ETF,0.03733172,0.028781322330683312,0.002616483848243978,0.002616483848243978,0.09090909090909231,stale_75,959,0.3671328671328712,0.018754533208993784
SLV,2026-01-26,3DGapFade,B,ETF,0.03733172,0.028781322330683312,0.002616483848243978,0.002616483848243978,0.09090909090909231,flush_4atr,959,0.3671328671328712,0.018754533208993784
SLV,2026-01-26,3DGapFade,B,ETF,0.03733172,0.028781322330683312,0.002616483848243978,0.002616483848243978,0.09090909090909231,flush_abs35,959,0.3671328671328712,0.018754533208993784
SLV,2026-01-26,3DGapFade,B,ETF,0.03733172,0.028781322330683312,0.002616483848243978,0.002616483848243978,0.09090909090909231,volclimax,959,0.3671328671328712,0.018754533208993784
SLV,2026-01-26,3DGapFade,B,ETF,0.03733172,0.028781322330683312,0.002616483848243978,0.002616483848243978,0.09090909090909231,hybrid,959,0.3671328671328712,0.018754533208993784
SLV,2026-01-26,3DGapFade,B,ETF,0.03733172,0.028781322330683312,0.002616483848243978,0.002616483848243978,0.09090909090909231,half_flush,959,0.3671328671328712,
GLD,2026-01-29,3DGapFade,A,ETF,0.014847585,0.08046947066789656,0.07944888225942581,0.08046947066789656,1.0,eod,959,0.3359682926829267,0.05811039252097072
GLD,2026-01-29,3DGapFade,A,ETF,0.014847585,0.08046947066789656,0.07944888225942581,0.08046947066789656,1.0,time_1200,720,0.5910975609756101,0.0357836545644703
GLD,2026-01-29,3DGapFade,A,ETF,0.014847585,0.08046947066789656,0.07944888225942581,0.08046947066789656,1.0,time_1300,780,0.44829268292682917,0.0482807197285009
GLD,2026-01-29,3DGapFade,A,ETF,0.014847585,0.08046947066789656,0.07944888225942581,0.08046947066789656,1.0,vwap_reclaim,735,0.5048780487804875,0.04332885103839845
GLD,2026-01-29,3DGapFade,A,ETF,0.014847585,0.08046947066789656,0.07944888225942581,0.08046947066789656,1.0,mom30_flip,657,0.8272926829268289,0.015113871635610732
GLD,2026-01-29,3DGapFade,A,ETF,0.014847585,0.08046947066789656,0.07944888225942581,0.08046947066789656,1.0,bounce_05atr,618,0.45487804878048727,0.012562658580357766
GLD,2026-01-29,3DGapFade,A,ETF,0.014847585,0.08046947066789656,0.07944888225942581,0.08046947066789656,1.0,bounce_10atr,621,0.4168292682926823,0.015780679497493733
GLD,2026-01-29,3DGapFade,A,ETF,0.014847585,0.08046947066789656,0.07944888225942581,0.08046947066789656,1.0,retrace_15,610,0.266097560975609,0.00463429377392699
GLD,2026-01-29,3DGapFade,A,ETF,0.014847585,0.08046947066789656,0.07944888225942581,0.08046947066789656,1.0,retrace_25,620,0.4343902439024391,0.014295439074200056
GLD,2026-01-29,3DGapFade,A,ETF,0.014847585,0.08046947066789656,0.07944888225942581,0.08046947066789656,1.0,retrace_35,665,0.645317073170731,0.03103882521184187
GLD,2026-01-29,3DGapFade,A,ETF,0.014847585,0.08046947066789656,0.07944888225942581,0.08046947066789656,1.0,stale_45,681,0.6507292682926823,0.030565196047042775
GLD,2026-01-29,3DGapFade,A,ETF,0.014847585,0.08046947066789656,0.07944888225942581,0.08046947066789656,1.0,stale_75,711,0.6390243902439021,0.03158950716099973
GLD,2026-01-29,3DGapFade,A,ETF,0.014847585,0.08046947066789656,0.07944888225942581,0.08046947066789656,1.0,flush_4atr,627,0.9263414634146346,0.000997749755869748
GLD,2026-01-29,3DGapFade,A,ETF,0.014847585,0.08046947066789656,0.07944888225942581,0.08046947066789656,1.0,flush_abs35,959,0.3359682926829267,0.05811039252097072
GLD,2026-01-29,3DGapFade,A,ETF,0.014847585,0.08046947066789656,0.07944888225942581,0.08046947066789656,1.0,volclimax,959,0.3359682926829267,0.05811039252097072
GLD,2026-01-29,3DGapFade,A,ETF,0.014847585,0.08046947066789656,0.07944888225942581,0.08046947066789656,1.0,hybrid,627,0.9263414634146346,0.000997749755869748
GLD,2026-01-29,3DGapFade,A,ETF,0.014847585,0.08046947066789656,0.07944888225942581,0.08046947066789656,1.0,half_flush,959,0.6311548780487807,
EWY,2026-02-26,3DGapFade,A,ETF,0.025942658,0.043866801474185424,0.043866801474185424,0.043866801474185424,1.0,eod,959,0.43197026022304885,0.02606085414108339
EWY,2026-02-26,3DGapFade,A,ETF,0.025942658,0.043866801474185424,0.043866801474185424,0.043866801474185424,1.0,time_1200,720,0.6371747211895911,0.016646200027288893
EWY,2026-02-26,3DGapFade,A,ETF,0.025942658,0.043866801474185424,0.043866801474185424,0.043866801474185424,1.0,time_1300,780,0.6713754646840177,0.015077091008322885
EWY,2026-02-26,3DGapFade,A,ETF,0.025942658,0.043866801474185424,0.043866801474185424,0.043866801474185424,1.0,vwap_reclaim,675,0.4929368029739778,0.023263746759448756
EWY,2026-02-26,3DGapFade,A,ETF,0.025942658,0.043866801474185424,0.043866801474185424,0.043866801474185424,1.0,mom30_flip,643,0.6030185873605978,0.018213262382316575
EWY,2026-02-26,3DGapFade,A,ETF,0.025942658,0.043866801474185424,0.043866801474185424,0.043866801474185424,1.0,bounce_05atr,639,0.7144981412639422,0.013098649201801038
EWY,2026-02-26,3DGapFade,A,ETF,0.025942658,0.043866801474185424,0.043866801474185424,0.043866801474185424,1.0,bounce_10atr,959,0.43197026022304885,0.02606085414108339
EWY,2026-02-26,3DGapFade,A,ETF,0.025942658,0.043866801474185424,0.043866801474185424,0.043866801474185424,1.0,retrace_15,626,0.8111524163568798,0.008664210669941275
EWY,2026-02-26,3DGapFade,A,ETF,0.025942658,0.043866801474185424,0.043866801474185424,0.043866801474185424,1.0,retrace_25,638,0.7486988847583644,0.011529540182835252
EWY,2026-02-26,3DGapFade,A,ETF,0.025942658,0.043866801474185424,0.043866801474185424,0.043866801474185424,1.0,retrace_35,641,0.6052044609665422,0.018112975849365442
EWY,2026-02-26,3DGapFade,A,ETF,0.025942658,0.043866801474185424,0.043866801474185424,0.043866801474185424,1.0,stale_45,669,0.5918215613382932,0.018726975030699755
EWY,2026-02-26,3DGapFade,A,ETF,0.025942658,0.043866801474185424,0.043866801474185424,0.043866801474185424,1.0,stale_75,699,0.5843866171003732,0.019068085686996694
EWY,2026-02-26,3DGapFade,A,ETF,0.025942658,0.043866801474185424,0.043866801474185424,0.043866801474185424,1.0,flush_4atr,959,0.43197026022304885,0.02606085414108339
EWY,2026-02-26,3DGapFade,A,ETF,0.025942658,0.043866801474185424,0.043866801474185424,0.043866801474185424,1.0,flush_abs35,959,0.43197026022304885,0.02606085414108339
EWY,2026-02-26,3DGapFade,A,ETF,0.025942658,0.043866801474185424,0.043866801474185424,0.043866801474185424,1.0,volclimax,959,0.43197026022304885,0.02606085414108339
EWY,2026-02-26,3DGapFade,A,ETF,0.025942658,0.043866801474185424,0.043866801474185424,0.043866801474185424,1.0,hybrid,750,0.6163568773234221,0.017601309864920145
EWY,2026-02-26,3DGapFade,A,ETF,0.025942658,0.043866801474185424,0.043866801474185424,0.043866801474185424,1.0,half_flush,959,0.43197026022304885,
CAR,2026-04-22,3DGapFade,B,Medium,0.186159254,0.4477477128737145,0.07589775351940031,0.10166582794616696,0.2270605187319883,eod,959,0.9595100864553314,0.032827869810042376
CAR,2026-04-22,3DGapFade,B,Medium,0.186159254,0.4477477128737145,0.07589775351940031,0.10166582794616696,0.2270605187319883,time_1200,720,0.2218740634005765,0.05594339051768471
CAR,2026-04-22,3DGapFade,B,Medium,0.186159254,0.4477477128737145,0.07589775351940031,0.10166582794616696,0.2270605187319883,time_1300,780,0.435706051873199,0.046170359065524025
CAR,2026-04-22,3DGapFade,B,Medium,0.186159254,0.4477477128737145,0.07589775351940031,0.10166582794616696,0.2270605187319883,vwap_reclaim,959,0.9595100864553314,0.032827869810042376
CAR,2026-04-22,3DGapFade,B,Medium,0.186159254,0.4477477128737145,0.07589775351940031,0.10166582794616696,0.2270605187319883,mom30_flip,778,0.45791066282420745,0.033248360641991104
CAR,2026-04-22,3DGapFade,B,Medium,0.186159254,0.4477477128737145,0.07589775351940031,0.10166582794616696,0.2270605187319883,bounce_05atr,959,0.9595100864553314,0.032827869810042376
CAR,2026-04-22,3DGapFade,B,Medium,0.186159254,0.4477477128737145,0.07589775351940031,0.10166582794616696,0.2270605187319883,bounce_10atr,959,0.9595100864553314,0.032827869810042376
CAR,2026-04-22,3DGapFade,B,Medium,0.186159254,0.4477477128737145,0.07589775351940031,0.10166582794616696,0.2270605187319883,retrace_15,780,0.435706051873199,0.046170359065524025
CAR,2026-04-22,3DGapFade,B,Medium,0.186159254,0.4477477128737145,0.07589775351940031,0.10166582794616696,0.2270605187319883,retrace_25,959,0.9595100864553314,0.032827869810042376
CAR,2026-04-22,3DGapFade,B,Medium,0.186159254,0.4477477128737145,0.07589775351940031,0.10166582794616696,0.2270605187319883,retrace_35,959,0.9595100864553314,0.032827869810042376
CAR,2026-04-22,3DGapFade,B,Medium,0.186159254,0.4477477128737145,0.07589775351940031,0.10166582794616696,0.2270605187319883,stale_45,691,0.13801152737752156,0.04438379775926449
CAR,2026-04-22,3DGapFade,B,Medium,0.186159254,0.4477477128737145,0.07589775351940031,0.10166582794616696,0.2270605187319883,stale_75,959,0.9595100864553314,0.032827869810042376
CAR,2026-04-22,3DGapFade,B,Medium,0.186159254,0.4477477128737145,0.07589775351940031,0.10166582794616696,0.2270605187319883,flush_4atr,959,0.9595100864553314,0.032827869810042376
CAR,2026-04-22,3DGapFade,B,Medium,0.186159254,0.4477477128737145,0.07589775351940031,0.10166582794616696,0.2270605187319883,flush_abs35,886,0.78671469740634,0.0
CAR,2026-04-22,3DGapFade,B,Medium,0.186159254,0.4477477128737145,0.07589775351940031,0.10166582794616696,0.2270605187319883,volclimax,959,0.9595100864553314,0.032827869810042376
CAR,2026-04-22,3DGapFade,B,Medium,0.186159254,0.4477477128737145,0.07589775351940031,0.10166582794616696,0.2270605187319883,hybrid,959,0.9595100864553314,0.032827869810042376
CAR,2026-04-22,3DGapFade,B,Medium,0.186159254,0.4477477128737145,0.07589775351940031,0.10166582794616696,0.2270605187319883,half_flush,959,0.9595100864553314,
BE,2026-04-30,2DGapFade,B,Medium,0.076802224,0.11566293578602116,0.11566293578602116,0.11566293578602116,1.0,eod,959,0.3680748428592316,0.08264984227129335
BE,2026-04-30,2DGapFade,B,Medium,0.076802224,0.11566293578602116,0.11566293578602116,0.11566293578602116,1.0,time_1200,720,0.6800175412951313,0.041850683491062135
BE,2026-04-30,2DGapFade,B,Medium,0.076802224,0.11566293578602116,0.11566293578602116,0.11566293578602116,1.0,time_1300,780,0.5768162549334891,0.055348437051907284
BE,2026-04-30,2DGapFade,B,Medium,0.076802224,0.11566293578602116,0.11566293578602116,0.11566293578602116,1.0,vwap_reclaim,649,0.6417219704721531,0.046859382468215305
BE,2026-04-30,2DGapFade,B,Medium,0.076802224,0.11566293578602116,0.11566293578602116,0.11566293578602116,1.0,mom30_flip,622,0.8378891974857474,0.021202561896568328
BE,2026-04-30,2DGapFade,B,Medium,0.076802224,0.11566293578602116,0.11566293578602116,0.11566293578602116,1.0,bounce_05atr,641,0.7053062417775171,0.038543160309721936
BE,2026-04-30,2DGapFade,B,Medium,0.076802224,0.11566293578602116,0.11566293578602116,0.11566293578602116,1.0,bounce_10atr,959,0.3680748428592316,0.08264984227129335
BE,2026-04-30,2DGapFade,B,Medium,0.076802224,0.11566293578602116,0.11566293578602116,0.11566293578602116,1.0,retrace_15,596,0.7990059932758371,0.02628811777076767
BE,2026-04-30,2DGapFade,B,Medium,0.076802224,0.11566293578602116,0.11566293578602116,0.11566293578602116,1.0,retrace_25,603,0.739394825317935,0.03408469553579985
BE,2026-04-30,2DGapFade,B,Medium,0.076802224,0.11566293578602116,0.11566293578602116,0.11566293578602116,1.0,retrace_35,959,0.3680748428592316,0.08264984227129335
BE,2026-04-30,2DGapFade,B,Medium,0.076802224,0.11566293578602116,0.11566293578602116,0.11566293578602116,1.0,stale_45,639,0.8253179359742723,0.022846764171685408
BE,2026-04-30,2DGapFade,B,Medium,0.076802224,0.11566293578602116,0.11566293578602116,0.11566293578602116,1.0,stale_75,669,0.6472737903815237,0.04613325685880887
BE,2026-04-30,2DGapFade,B,Medium,0.076802224,0.11566293578602116,0.11566293578602116,0.11566293578602116,1.0,flush_4atr,959,0.3680748428592316,0.08264984227129335
BE,2026-04-30,2DGapFade,B,Medium,0.076802224,0.11566293578602116,0.11566293578602116,0.11566293578602116,1.0,flush_abs35,959,0.3680748428592316,0.08264984227129335
BE,2026-04-30,2DGapFade,B,Medium,0.076802224,0.11566293578602116,0.11566293578602116,0.11566293578602116,1.0,volclimax,959,0.3680748428592316,0.08264984227129335
BE,2026-04-30,2DGapFade,B,Medium,0.076802224,0.11566293578602116,0.11566293578602116,0.11566293578602116,1.0,hybrid,757,0.6773863470252883,0.04219481885097043
BE,2026-04-30,2DGapFade,B,Medium,0.076802224,0.11566293578602116,0.11566293578602116,0.11566293578602116,1.0,half_flush,959,0.3680748428592316,
SNDK,2026-05-06,3DGapFade,B,Large,0.063442288,0.06945874495617099,0.06945874495617099,0.06945874495617099,1.0,eod,959,0.27829527243589786,0.0538704805765724
SNDK,2026-05-06,3DGapFade,B,Large,0.063442288,0.06945874495617099,0.06945874495617099,0.06945874495617099,1.0,time_1200,720,0.41175881410256476,0.04390831065522294
SNDK,2026-05-06,3DGapFade,B,Large,0.063442288,0.06945874495617099,0.06945874495617099,0.06945874495617099,1.0,time_1300,780,0.6129797676282049,0.028888498459882284
SNDK,2026-05-06,3DGapFade,B,Large,0.063442288,0.06945874495617099,0.06945874495617099,0.06945874495617099,1.0,vwap_reclaim,645,0.4867287660256406,0.03831230000897157
SNDK,2026-05-06,3DGapFade,B,Large,0.063442288,0.06945874495617099,0.06945874495617099,0.06945874495617099,1.0,mom30_flip,959,0.27829527243589786,0.0538704805765724
SNDK,2026-05-06,3DGapFade,B,Large,0.063442288,0.06945874495617099,0.06945874495617099,0.06945874495617099,1.0,bounce_05atr,959,0.27829527243589786,0.0538704805765724
SNDK,2026-05-06,3DGapFade,B,Large,0.063442288,0.06945874495617099,0.06945874495617099,0.06945874495617099,1.0,bounce_10atr,959,0.27829527243589786,0.0538704805765724
SNDK,2026-05-06,3DGapFade,B,Large,0.063442288,0.06945874495617099,0.06945874495617099,0.06945874495617099,1.0,retrace_15,959,0.27829527243589786,0.0538704805765724
SNDK,2026-05-06,3DGapFade,B,Large,0.063442288,0.06945874495617099,0.06945874495617099,0.06945874495617099,1.0,retrace_25,959,0.27829527243589786,0.0538704805765724
SNDK,2026-05-06,3DGapFade,B,Large,0.063442288,0.06945874495617099,0.06945874495617099,0.06945874495617099,1.0,retrace_35,959,0.27829527243589786,0.0538704805765724
SNDK,2026-05-06,3DGapFade,B,Large,0.063442288,0.06945874495617099,0.06945874495617099,0.06945874495617099,1.0,stale_45,668,0.15427684294871793,0.06312763539579547
SNDK,2026-05-06,3DGapFade,B,Large,0.063442288,0.06945874495617099,0.06945874495617099,0.06945874495617099,1.0,stale_75,698,0.29291866987179566,0.052778940757797876
SNDK,2026-05-06,3DGapFade,B,Large,0.063442288,0.06945874495617099,0.06945874495617099,0.06945874495617099,1.0,flush_4atr,959,0.27829527243589786,0.0538704805765724
SNDK,2026-05-06,3DGapFade,B,Large,0.063442288,0.06945874495617099,0.06945874495617099,0.06945874495617099,1.0,flush_abs35,959,0.27829527243589786,0.0538704805765724
SNDK,2026-05-06,3DGapFade,B,Large,0.063442288,0.06945874495617099,0.06945874495617099,0.06945874495617099,1.0,volclimax,959,0.27829527243589786,0.0538704805765724
SNDK,2026-05-06,3DGapFade,B,Large,0.063442288,0.06945874495617099,0.06945874495617099,0.06945874495617099,1.0,hybrid,959,0.27829527243589786,0.0538704805765724
SNDK,2026-05-06,3DGapFade,B,Large,0.063442288,0.06945874495617099,0.06945874495617099,0.06945874495617099,1.0,half_flush,959,0.27829527243589786,
