date,ticker,cap,setup_type,score,recommendation,selloff_total_pct,pct_off_30d_high,gap_pct,prior_day_range_atr,prior_day_rvol,pct_change_3,pct_off_52wk_high,atr_pct,bounce_low_to_close,cohort,in_book,entry_r,entry_r_floored,exit_r,entry_signals,entry_price,entry_stop
2022-01-04,ISIG,Medium,GapFade_strongstock,4,CAUTION,-0.20291616038882143,-0.4456338028169014,-0.03963414634146347,0.6664967651879633,0.1041521161491325,-0.1713684210526316,-0.4456338028169014,0.2805593060394889,0.0712574850299402,surfaced,False,2.179,0.23,-2.0,2,17.88,17.6
2022-01-04,BFRI,Medium,GapFade_strongstock,4,CAUTION,-0.19999999999999996,-0.5269993164730007,-0.07514450867052026,0.41561042052905905,0.23067138191217895,-0.08222811671087536,-0.5269993164730007,0.35465627580511977,0.05383360522022834,surfaced,False,0.0,0.0,-2.0,2,127.8,124.4
2022-01-05,ISIG,Medium,GapFade_strongstock,4,CAUTION,-0.2754151478331308,-0.496056338028169,-0.016769144773616584,0.42487028751109984,0.12257323284142381,-0.22487001733102244,-0.496056338028169,0.3008053182144853,0.1636784268363217,surfaced,False,4.544,1.546,2.111,1,18.19,17.29
2022-01-05,GTLB,Medium,GapFade_strongstock,4,CAUTION,-0.17031914893617026,-0.32176711018349424,-0.012565713553019487,1.098017524451704,1.2590262673239647,-0.10356321839080465,-0.4307299270072993,0.09388401443408495,0.0312967954477389,surfaced,False,0.495,0.124,-2.0,2,75.44,74.53
2022-01-05,BFRI,Medium,GapFade_strongstock,5,GO,-0.2531791907514451,-0.5584415584415585,-0.05572755417956648,0.24434231194368503,0.1637923666135904,-0.14095744680851074,-0.5584415584415585,0.3611134453781513,0.028070175438596516,surfaced,False,2.992,0.663,1.593,2,124.0,116.2
2022-01-06,GLBE,Medium,GapFade_strongstock,4,CAUTION,-0.19326938197829857,-0.2653587283402549,-0.008966861598440425,1.758507947669133,1.5189246962109784,-0.1902131018153118,-0.3876089292109347,0.08989988861041491,0.042776263367582286,surfaced,False,3.831,1.391,0.699,2,52.02,50.3392
2022-01-06,BFRI,Medium,GapFade_strongstock,4,CAUTION,-0.3225433526011561,-0.5994531784005469,-0.005733788395904412,0.5466822861605568,0.29334869233526034,-0.1531791907514451,-0.5994531784005469,0.3839480741101902,0.015325670498084237,surfaced,False,0.43,0.042,-2.0,2,116.6,114.4
2022-01-06,SOPA,Medium,GapFade_strongstock,4,CAUTION,-0.1825688073394495,-0.7715384615384616,-0.004489337822671113,0.5179217362709635,0.07017651394706947,-0.20089686098654705,-0.8847944142746315,0.40956228956228946,0.1548064918851435,surfaced,False,0.29,0.032,-1.0,1,132.0,129.0
2022-01-07,NTRB,Small,GapFade_strongstock,4,CAUTION,-0.23830998656396754,-0.45156130268199235,-0.0404142724906998,0.7725159072750994,0.08975677238784666,-0.25695264544428154,-0.45779356060606063,0.21703771715997297,0.023217118755562458,surfaced,False,5.756,0.661,-0.248,2,5.6143,5.4943
2022-01-07,RIVN,Medium,GapFade_strongstock,4,CAUTION,-0.17721876766534767,-0.31100591715976333,-0.003549753807397255,1.9699938135866302,2.837871854817514,-0.13867245290462574,-0.5134002972086127,0.09823322046097724,0.05707571788771091,surfaced,False,1.155,0.505,-2.0,2,85.52,83.65
2022-01-07,BLI,Small,GapFade_weakstock,4,CAUTION,-0.48568453930244665,-0.5444905486399262,-0.009109311740890852,1.3022058823529419,7.947462738476627,-0.4612868047982551,-0.8542342874004131,0.1966454598033545,0.023404255319148814,surfaced,False,3.2,0.752,-0.116,1,9.6262,9.4
2022-01-07,BFRI,Medium,GapFade_strongstock,4,CAUTION,-0.3872832369942196,-0.6377306903622694,-0.020754716981132102,0.30268707384209265,0.10188303337139182,-0.1795665634674922,-0.6377306903622694,0.41764285714285715,0.05338809034907586,surfaced,False,4.071,0.244,-2.0,2,103.1,101.8
2022-01-10,LAC,Medium,GapFade_strongstock,4,CAUTION,-0.16295850871918216,-0.3301251203079885,-0.02262931034482755,1.3134091826513363,1.314184578533975,-0.10338164251207732,-0.3301251203079885,0.06864429392446633,0.05250737463126847,surfaced,False,0.237,0.177,-2.0,2,26.895,26.2
2022-01-11,ROIV,Small,GapFade_strongstock,4,CAUTION,-0.32731747333880234,-0.5107398568019094,-0.019512195121951237,1.0061483092149648,0.31001826424188333,-0.0574712643678161,-0.5107398568019094,0.11617595818815332,0.028205128205128174,surfaced,False,0.364,0.257,-1.152,2,8.2,8.04
2022-01-14,BZ,Medium,GapFade_strongstock,4,CAUTION,-0.16995073891625617,-0.2982399311428301,-0.014836795252225497,0.6233826786338738,2.1199390609060598,-0.16538249862410578,-0.32540035587188615,0.10101973529273228,0.0234429671098671,surfaced,False,0.07,0.027,-2.0,2,30.29,29.72
2022-01-14,NTRB,Small,GapFade_strongstock,4,CAUTION,-0.22518591085185022,-0.5,-0.019712643678160918,0.30298259164636687,0.03619612503765878,-0.25275920809654007,-0.5056818181818182,0.27637110016420363,0.09831721737754828,surfaced,False,1.749,0.255,-1.0,1,5.22,5.1171
2022-01-18,MQ,Medium,GapFade_strongstock,4,CAUTION,-0.1322784810126582,-0.3124373119358074,-0.04303428154631667,1.3941095043470175,1.2207086817095378,-0.0956464379947229,-0.6382585751978892,0.09522194435761173,0.008750994431185316,surfaced,False,6.161,1.529,-1.226,2,51.08,50.446
2022-01-18,DNAY,Small,GapFade_strongstock,4,CAUTION,-0.21047120418848173,-0.333922261484099,-0.017241379310344813,1.09855903192421,0.35662854134202127,-0.22187822497420015,-0.7066147859922179,0.16659151193633953,0.02631578947368417,surfaced,False,0.25,0.049,-2.0,2,7.24,7.1506
2022-01-18,VINE,Small,GapFade_strongstock,5,GO,-0.2137404580152671,-0.4717948717948718,-0.00582524271844665,1.5850889076499193,0.4563300836407005,-0.2621776504297994,-0.4717948717948718,0.21192649098474345,0.11774216083511291,surfaced,False,10.21,1.88,3.705,2,5.13,5.1
2022-01-18,SOPA,Medium,GapFade_strongstock,4,CAUTION,-0.2873303167420814,-0.7179958907972659,-0.0301587301587301,0.41316996429076797,0.024410658213566,-0.184993531694696,-0.9185415050426687,0.2724195011337868,0.014776894310714028,surfaced,False,1.255,0.228,-0.33,1,84.9,82.629
2022-01-18,BZ,Medium,GapFade_strongstock,4,CAUTION,-0.19950738916256155,-0.3232284202416017,-0.05914529914529916,0.5690396005109745,0.6471663438100631,-0.045988258317025445,-0.3494217081850534,0.10514041514041512,0.04,surfaced,False,2.988,1.776,0.128,1,25.86,25.0
2022-01-20,BFRI,Medium,GapFade_strongstock,4,CAUTION,-0.27320490367775835,-0.7163362952836637,-0.004819277108433803,0.6096402330884216,0.07884808963054808,-0.16161616161616163,-0.7163362952836637,0.2173907056798623,0.01781170483460567,surfaced,False,3.7,0.824,-1.0,1,84.6,82.6
2022-01-21,ISIG,Medium,GapFade_strongstock,4,CAUTION,-0.1886792452830189,-0.4791549295774648,-0.025959978366684528,0.4529681741068594,0.07070816061951654,-0.1886792452830189,-0.4791549295774648,0.22566136135362744,0.05712689727249249,surfaced,False,10.56,0.733,5.875,2,17.85,17.66
2022-01-24,BBIO,Medium,GapFade_weakstock,4,CAUTION,-0.2792162351294611,-0.7612424663885026,-0.04174757281553412,1.0556503251007445,0.2917855521009797,-0.11965811965811954,-0.8588461011374537,0.11220249653259362,0.13542795232936078,surfaced,False,1.076,0.524,-2.0,2,9.87,9.53
2022-01-24,ISIG,Medium,GapFade_strongstock,4,CAUTION,-0.2277314611671785,-0.504225352112676,-0.06988636363636365,0.43607372260417643,0.05733112909994799,-0.11424257674886762,-0.504225352112676,0.2263222402597402,0.06647660152976043,surfaced,False,1.393,0.211,-2.0,2,16.6,16.32
2022-01-24,QQQ,ETF,GapFade_weakstock,1,NO-GO,-0.059752967597048505,-0.13072816253892924,-0.01644914555432348,1.1866337797493882,2.2665452718403567,-0.040356908971840265,-0.13951212351055758,0.025831048447699484,0.05730959150082309,book_missed,True,1.092,0.347,-2.0,2,346.11,344.69
2022-01-24,MTTR,Medium,GapFade_weakstock,4,CAUTION,-0.3880331753554502,-0.6283504227379025,-0.07260406582768635,0.618093358586862,1.7570321463991712,-0.13266162888329136,-0.7252659574468086,0.1566194164016042,0.15999999999999995,surfaced,False,1.049,0.217,-2.0,2,9.95,9.37
2022-01-24,TQQQ,ETF,GapFade_weakstock,5,GO,-0.17251952982404903,-0.35226883072351123,-0.04985000882301046,1.0608446160935678,1.6573503410437087,-0.1196209414323443,-0.3818717277486911,0.09190249313065618,0.19348141997093626,surfaced,False,1.036,0.293,-2.0,2,26.98,26.63
2022-01-24,BBIG,Medium,GapFade_weakstock,5,GO,-0.3720472440944882,-0.41894353369763204,-0.07836990595611286,1.2578767041234398,1.1509404170150148,-0.2958057395143488,-0.7445956765412329,0.18690998656515895,0.15810276679841898,surfaced,False,0.389,0.255,-2.0,2,60.6,57.0
2022-01-25,FUBO,Medium,GapFade_weakstock,4,CAUTION,-0.3268974700399468,-0.4847094801223242,-0.04154302670623139,1.070751719445053,1.8508686826584633,-0.10292812777284838,-0.7664048059149723,0.12563162356930904,0.04274406332453825,surfaced,False,0.781,0.411,-2.0,2,120.12,116.28
2022-01-25,DWACW,Small,GapFade_strongstock,4,CAUTION,-0.23811118553248492,-0.33088235294117646,-0.030329670329670384,1.1269673778665978,1.363205321733404,-0.23374873694846754,-0.7128250441807624,0.19072872841444272,0.10046296296296287,surfaced,False,4.453,1.588,1.947,1,22.35,21.6
2022-01-27,CRTX,Small,GapFade_weakstock,4,CAUTION,-0.38270377733598415,-0.5746575342465754,-0.01642512077294691,1.0736750510659323,5.176191256808753,-0.32646420824295014,-0.9490900147565176,0.1559799861973775,0.020072992700729823,surfaced,False,4.062,0.682,-2.0,2,5.78,5.7
2022-01-27,ISIG,Medium,GapFade_strongstock,4,CAUTION,-0.39447125932426497,-0.56875,-0.00797101449275371,0.6017340335571674,0.10535967426425565,-0.146039603960396,-0.6112676056338028,0.2589135610766045,0.05716586151368767,surfaced,False,2.649,0.553,-2.0,2,13.75,13.551
2022-01-28,KOLD,Medium,GapFade_weakstock,4,CAUTION,-0.28183036569021636,-0.4544,-0.2068781658224473,1.5803190030175958,2.0283645854226906,-0.21609195402298856,-0.8301562146253113,0.13605438549720075,0.12740088105726866,surfaced,False,3.318,1.072,-2.0,2,61.2,59.262
2022-01-31,ACY,Small,GapFade_strongstock,5,GO,-0.23684210526315796,-0.530672009864365,-0.013136288998357976,1.1189898848066886,0.5221211724369775,-0.23875000000000002,-0.5435466946484785,0.21717921651419186,0.022033898305084728,surfaced,False,1.27,0.48,-2.0,2,6.1539,6.01
2022-01-31,KOLD,Medium,GapFade_weakstock,5,GO,-0.38751675282404746,-0.5346909090909092,-0.08002500781494214,0.8180492809445817,3.347046730517125,-0.2876864840792696,-0.8551505546751188,0.17367614879649892,0.05341569767441856,surfaced,False,5.75,0.853,3.314,2,58.4584,57.56
2022-02-01,SQQQ,ETF,GapFade_weakstock,4,CAUTION,-0.1665551839464883,-0.22254575707154742,-0.012306046013911182,1.143698414702742,1.0265615046197394,-0.18026315789473685,-0.5544696066746126,0.09987732171520292,0.00577398955182843,surfaced,False,1.662,0.569,-1.0,1,937.525,921.75
2022-02-02,KOLD,Medium,GapFade_weakstock,4,CAUTION,-0.4522305188588933,-0.5838545454545455,-0.19328905976931146,0.5473025801407347,1.836008439361386,-0.1056580181306658,-0.8704550599954721,0.18967543815848606,0.07031642390758405,surfaced,False,1.046,0.292,-2.0,2,46.1768,45.6
2022-02-03,SKLZ,Medium,GapFade_weakstock,4,CAUTION,-0.14522821576763484,-0.5318181818181817,-0.04368932038834961,1.4616176229324827,1.5292692509861574,-0.1434511434511434,-0.8871232876712329,0.11624306518723991,0.0027472527472527865,surfaced,False,1.571,0.48,-2.0,2,79.6,78.2
2022-02-14,AFRM,Medium,GapFade_weakstock,5,GO,-0.3813131313131313,-0.5597692453187063,-0.03480128893662723,0.9294745204180944,2.9632610270782904,-0.37667380824852714,-0.7364845740164168,0.2059073193187049,0.010638297872340444,surfaced,False,2.831,0.361,-2.0,2,46.63,44.8
2022-02-14,TQQQ,ETF,GapFade_weakstock,4,CAUTION,-0.1016691957511381,-0.38006864855430794,-0.0071321321321321796,1.3367385381461188,1.0765652601632039,-0.15428571428571428,-0.41884816753926707,0.09821482196482201,0.03346228239845255,surfaced,False,3.696,0.654,1.804,2,26.7585,26.295
2022-02-18,BKKT,Medium,GapFade_strongstock,4,CAUTION,-0.21,-0.2985571587125416,-0.028481012658227847,0.9301810530978352,1.018418704242145,-0.24761904761904763,-0.8755905511811024,0.1837127034358047,0.0,surfaced,False,1.6,0.382,-2.0,2,151.625,150.0
2022-02-22,DKNG,Large,GapFade_weakstock,4,CAUTION,-0.25377643504531733,-0.3820586132952109,-0.038461538461538415,1.1972346420621103,2.5302220132180486,-0.24793388429752064,-0.7675450389889755,0.10893621416177807,0.122584541062802,surfaced,False,,,,0,,
2022-02-22,GTLB,Medium,GapFade_strongstock,4,CAUTION,-0.17567931127253164,-0.24195942602671947,-0.004242819843342004,1.2174477656934812,1.5978049088668993,-0.15951172678644898,-0.5527007299270073,0.10052918687057061,0.027373223372521408,surfaced,False,1.289,0.32,-2.0,2,61.485,60.9657
2022-02-22,HUT,Medium,GapFade_strongstock,5,GO,-0.16338028169014088,-0.2877697841726619,-0.04208754208754209,0.726085115392759,0.7034534188653023,-0.1727019498607242,-0.6415208207604103,0.11358826358826359,0.02629193109700821,surfaced,False,0.667,0.309,-2.0,2,28.9505,28.15
2022-02-22,BKKT,Medium,GapFade_strongstock,4,CAUTION,-0.35,-0.42286348501664817,-0.019230769230769232,0.8921003432542426,0.6358053181320062,-0.336734693877551,-0.8976377952755905,0.22850137362637363,0.07,surfaced,False,3.211,0.772,1.5,1,128.5,125.0
2022-02-24,TKLF,Small,GapFade_strongstock,4,CAUTION,-0.24489795918367346,-0.9483720930232559,-0.10360360360360364,1.473342605470561,0.14272768627685142,-0.16853932584269662,-0.9483720930232559,0.13880308880308878,0.1557788944723619,surfaced,False,3.1,2.245,2.2,1,20.9,19.9
2022-02-24,ASAN,Medium,GapFade_weakstock,4,CAUTION,-0.3607430678869007,-0.3750834557350782,-0.08418803418803414,1.4486798001752665,2.630506079021541,-0.2587899904973076,-0.6789901083682751,0.1541338522588523,0.2713152908703891,surfaced,False,2.37,2.37,2.153,1,46.43,42.751
2022-02-24,YNDX,Medium,GapFade_weakstock,4,CAUTION,-0.3164658634538152,-0.428283506886127,-0.472385428907168,1.361487795428129,1.658698951466281,-0.23932960893854752,-0.609229709562622,0.10831794527446705,0.44011339475549266,surfaced,False,2.727,2.727,1.19,1,16.6,14.11
2022-02-24,SOFI,Large,GapFade_weakstock,4,CAUTION,-0.23937290866278343,-0.40376442015786274,-0.09775967413441963,0.9728201400924891,0.9821003897790912,-0.13784021071115016,-0.6064128256513026,0.09106997381437298,0.17120181405895687,surfaced,False,4.474,3.16,4.306,1,9.105,8.82
2022-02-24,ARKK,ETF,GapFade_weakstock,4,CAUTION,-0.17529124898401507,-0.3185583165435415,-0.05469776609724056,0.9563658099222969,0.8851343467338304,-0.06049382716049374,-0.5610354026966616,0.06870072273324573,0.1412173913043479,surfaced,False,6.071,3.67,5.134,1,58.695,57.5
2022-02-24,KOD,Small,GapFade_weakstock,5,GO,-0.8215707564241767,-0.8603199607875914,-0.11156186612576062,0.2385578471608913,13.912424406663142,-0.8125118843886671,-0.9283404193466332,0.6972254419008984,0.0700116686114352,surfaced,False,2.537,0.216,1.23,1,8.8301,8.57
2022-02-24,TQQQ,ETF,GapFade_weakstock,5,GO,-0.19779633907943844,-0.4210222535753223,-0.09703145768719544,1.2165539772901743,1.1482225006496567,-0.10507533703409987,-0.5076352530541013,0.10306791569086651,0.22038906673233202,surfaced,False,5.553,3.728,4.312,1,21.01,20.305
2022-02-24,VRT,Medium,GapFade_weakstock,4,CAUTION,-0.42870327641901246,-0.4903252367229312,-0.07269789983844914,1.3096996553421967,9.989957431515885,-0.3952125061064972,-0.570138888888889,0.1171820909300715,0.09549071618037136,surfaced,False,5.944,1.591,4.944,1,11.49,11.31
2022-02-24,MNDY,Medium,GapFade_weakstock,4,CAUTION,-0.45245706005199676,-0.4981246574438071,-0.034794115357671046,1.1504220079997207,5.649542743472919,-0.34036763195728076,-0.7145111111111111,0.1579217493800665,0.2012955067235159,surfaced,False,3.469,2.175,2.917,1,128.1,121.96
2022-03-02,ERUS,Small,GapFade_weakstock,5,GO,-0.4318181818181818,-0.7131931166347992,-0.09083333333333332,1.4381173138125953,3.5512031671283215,-0.52,-0.7727272727272727,0.28915119047619053,0.07661691542288553,surfaced,False,2.93,1.539,-0.083,1,10.8784,10.05
2022-03-02,RSX,Small,GapFade_weakstock,4,CAUTION,-0.3386709367493995,-0.6773437500000001,-0.12106537530266344,0.985022640195054,1.7091173116723144,-0.4705128205128205,-0.7526501766784452,0.24827049463853335,0.027142857142857198,surfaced,False,7.636,1.864,0.318,1,7.22,7.0
2022-03-07,BZ,Medium,GapFade_strongstock,5,GO,-0.2509259259259259,-0.31207482993197283,-0.01112484548825709,2.1064263855831333,2.2527512144092054,-0.1839273705447209,-0.46018683274021355,0.08655600682794751,0.004623208506703718,surfaced,False,1.0,0.221,-2.0,2,24.955,23.61
2022-03-08,TQQQ,ETF,GapFade_weakstock,4,CAUTION,-0.2052093023255814,-0.3464872158091351,-0.007724719101123555,1.3043960790619502,1.1151904588163761,-0.14968152866242043,-0.5340314136125655,0.10606239967897271,0.03335786117243069,surfaced,False,0.051,0.031,-2.0,2,21.51,20.9325
2022-03-11,MXC,Small,GapFade_strongstock,5,GO,-0.4329491144222659,-0.5309302325581395,-0.036688150718889534,1.0034534436697726,0.4313311272175683,-0.22423076923076918,-0.5309302325581395,0.27174374955733405,0.04254112308564947,surfaced,False,0.0,0.0,-2.0,2,19.73,19.0501
2022-03-14,BILI,Medium,GapFade_weakstock,4,CAUTION,-0.16761487964989066,-0.5135549872122762,-0.1056782334384857,1.092189135191704,1.8621578469617668,-0.24643423137876383,-0.8712341750727777,0.157893946222022,0.13596784996651046,surfaced,False,3.144,2.107,1.233,1,15.83,14.93
2022-03-14,PDD,Medium,GapFade_weakstock,4,CAUTION,-0.1921046014583857,-0.5070573795642835,-0.12947401182695312,1.146638861386952,1.954658675975069,-0.25865251499769265,-0.8291593555591004,0.13517362500555777,0.00472255017709567,surfaced,False,3.472,1.984,-2.0,2,27.08,26.0
2022-03-14,SOFI,Large,GapFade_strongstock,4,CAUTION,-0.11946446961894953,-0.36900369003690037,-0.011695906432748704,1.0393312160040882,1.0543057124785933,-0.13373860182370806,-0.657314629258517,0.11442355889724314,0.025210084033613366,surfaced,False,2.0,0.248,-2.0,2,8.2299,8.0
2022-03-14,FUTU,Medium,GapFade_weakstock,4,CAUTION,-0.18233799237611187,-0.46752172114191154,-0.1149961149961149,1.7377454193030746,3.780344546217606,-0.23232925738144952,-0.8581349206349206,0.13972860472860477,0.14884597268016958,surfaced,False,1.448,1.448,0.505,1,23.33,21.23
2022-03-14,AFRM,Medium,GapFade_weakstock,4,CAUTION,-0.1470425649530127,-0.6307287304056479,-0.033700583279325964,1.574075731805568,0.8936812418114441,-0.16141304347826083,-0.8253042739881121,0.12928201092491437,0.007686395080707121,surfaced,False,1.471,0.519,-2.0,2,28.68,28.02
2022-03-14,BEKE,Medium,GapFade_weakstock,5,GO,-0.12314410480349347,-0.5686358754027927,-0.14541832669322702,1.217034577065833,2.1483042195060356,-0.3056708160442601,-0.8614908768841517,0.1820930563460444,0.23119015047879624,surfaced,False,,,,0,,
2022-03-14,KWEB,ETF,GapFade_weakstock,5,GO,-0.1294885745375408,-0.38437860715659866,-0.08375000000000006,1.756353368293666,2.038639471884727,-0.1875423155044008,-0.744299748881045,0.07377976190476192,0.015333013895543856,surfaced,False,3.173,2.034,-0.327,1,21.39,20.87
2022-03-14,IMPP,Medium,GapFade_strongstock,5,GO,-0.3721739130434783,-0.6278350515463917,-0.11634349030470909,0.5550474628654327,0.29174275557217294,-0.28656126482213445,-0.6278350515463917,0.43918282548476445,0.14285714285714293,surfaced,False,3.32,1.185,0.72,1,48.9,45.15
2022-03-15,HUSA,Medium,GapFade_strongstock,4,CAUTION,-0.1554054054054054,-0.6237206502107164,-0.12160000000000003,0.6329733621310294,0.47731306664678463,-0.26900584795321636,-0.6237206502107164,0.39685714285714285,0.13861386138613863,surfaced,False,2.021,0.371,-2.0,2,56.2,54.2
2022-03-15,AMR,Medium,GapFade_strongstock,4,CAUTION,-0.17038717704750056,-0.17262773722627742,-0.06925363917071012,1.688026914101948,1.9054180242296443,-0.17056929606322263,-0.17262773722627742,0.09940531854559205,0.08627788949535564,surfaced,False,8.58,2.462,3.801,2,105.87,105.0
2022-03-15,INDO,Medium,GapFade_strongstock,4,CAUTION,-0.36399999999999993,-0.7258374888783132,-0.0029350104821803053,0.560402382747909,0.17482298125052873,-0.40270473328324563,-0.7258374888783132,0.6060335429769392,0.17517564402810296,surfaced,False,2.4,0.333,-2.0,2,24.1,23.1
2022-03-15,KWEB,ETF,GapFade_weakstock,5,GO,-0.23141095393543704,-0.45645761190201356,-0.01840490797546015,1.1586575133485877,2.782688863991374,-0.20517629407351834,-0.7742379866162227,0.0883840086294074,0.08672219500244976,surfaced,True,5.676,2.285,2.757,2,21.46,20.66
2022-03-15,PDD,Medium,GapFade_weakstock,5,GO,-0.35805883832034197,-0.6083154341822645,-0.0003916960438700181,1.1736355790378907,3.22902674269087,-0.28607382550335564,-0.8642526718774924,0.18089026915113868,0.17664799655320973,surfaced,False,8.618,2.539,4.0,2,26.67,25.0
2022-03-15,BILI,Medium,GapFade_weakstock,4,CAUTION,-0.2577680525164114,-0.5662404092071611,-0.021226415094339587,1.2214061842166815,2.6218670722471082,-0.21771217712177116,-0.8851804210953895,0.18006233153638815,0.16133004926108382,surfaced,False,1.993,1.867,0.864,1,17.64,16.24
2022-03-15,IMPP,Medium,GapFade_strongstock,5,GO,-0.4017391304347826,-0.6453608247422681,-0.06976744186046514,0.659973810563073,0.3135360478287395,-0.31062124248496986,-0.6453608247422681,0.47570598006644516,0.045977011494252984,surfaced,False,0.034,0.013,-2.0,2,50.8485,46.35
2022-03-24,INDO,Medium,GapFade_strongstock,4,CAUTION,-0.20337046558126243,-0.6793965435981617,-0.053065614915740425,0.2580375465531655,0.09657256828861097,-0.06971314209472981,-0.6793965435981617,0.5391384520821595,0.018086816720257207,surfaced,False,2.532,0.124,-2.0,2,27.24,26.41
2022-03-25,INDO,Medium,GapFade_strongstock,4,CAUTION,-0.276492430734076,-0.7088244693202379,-0.05803395183576782,0.18416864260889335,0.06315401636708903,-0.09600285510349756,-0.7088244693202379,0.5209012464046021,0.03432063939821347,surfaced,False,9.927,0.491,0.992,2,22.0259,21.65
2022-03-28,INDO,Medium,GapFade_strongstock,5,GO,-0.3716081119680091,-0.7471037633259073,-0.04454545454545456,0.32996679288270603,0.15978528671450598,-0.2111868053065615,-0.7471037633259073,0.4628564935064935,0.09791983764586502,surfaced,False,6.975,0.574,3.65,2,21.24,20.66
2022-03-28,IMPP,Medium,GapFade_strongstock,4,CAUTION,-0.135678391959799,-0.8226804123711341,-0.07558139534883718,0.2646048109965636,0.8177811694214613,-0.18095238095238092,-0.8226804123711341,0.7250830564784052,0.11258278145695368,surfaced,False,,,,0,,
2022-03-29,INDO,Medium,GapFade_strongstock,5,GO,-0.38189088831762347,-0.7512420653805744,-0.05129390018484285,0.4370594159113795,0.05203719386215839,-0.1456770627714172,-0.7512420653805744,0.3372712569316081,0.12935323383084565,surfaced,False,32.181,1.208,18.0,2,20.9,20.236
2022-03-31,HUSA,Medium,GapFade_strongstock,4,CAUTION,-0.17543859649122806,-0.7170379289584587,-0.0425531914893617,0.687120779882085,0.19606325792034643,-0.13919413919413923,-0.7170379289584587,0.24771884498480248,0.030162412993039376,surfaced,False,4.333,0.466,-2.0,2,45.3,44.5
2022-04-01,DWAC,Medium,GapFade_strongstock,4,CAUTION,-0.1040277777777777,-0.3667419259840974,-0.06076577274841112,1.0081892267938781,0.6502349943427695,-0.07592035524996414,-0.6313714285714286,0.07241734393338801,0.07203389830508475,surfaced,False,0.497,0.419,-2.0,2,62.3,60.45
2022-04-04,DWAC,Medium,GapFade_strongstock,4,CAUTION,-0.12152777777777778,-0.3791106311966232,-0.1383399209486166,1.2044167515827813,1.131002936874769,-0.0762377683657076,-0.6385714285714286,0.06760361377752687,0.05346901017576319,surfaced,False,2.5,1.221,0.683,2,57.37,54.15
2022-04-05,PIK,Medium,GapFade_strongstock,4,CAUTION,-0.1714285714285714,-0.46153846153846156,-0.014778325123152743,0.24041088405638708,0.03195769735294974,-0.15767634854771787,-0.6129425896619445,0.3380911330049261,0.06648936170212766,surfaced,False,1.231,0.237,-0.538,2,20.741,20.0
2022-04-06,LGVN,Medium,GapFade_strongstock,6,GO,-0.18021201413427562,-0.30828861061419194,-0.05172413793103448,2.1346966690211118,1.7020275762080366,-0.2568866111467008,-0.7422222222222222,0.16476539408866997,0.0428163653663178,surfaced,False,1.36,0.75,0.02,1,110.1,105.1
2022-04-06,DWAC,Medium,GapFade_weakstock,5,GO,-0.3333333333333333,-0.5288112299990184,-0.06020833333333334,1.4926170307103506,2.7942031779262715,-0.24110671936758893,-0.7257142857142858,0.10202857142857151,0.10439432690072081,surfaced,False,0.781,0.18,-2.0,2,44.4773,44.0
2022-04-06,PIK,Medium,GapFade_strongstock,4,CAUTION,-0.18163265306122445,-0.4681697612732096,-0.05985037406483787,0.2910768268529134,0.027474122358304078,-0.014742014742014775,-0.6177093065380289,0.34175276095475593,0.0238726790450928,surfaced,False,,,,0,,
2022-04-06,ZIM,Medium,GapFade_strongstock,4,CAUTION,-0.162696264212236,-0.3219335744820783,-0.02230843840931139,1.1754029032536653,1.212904851620647,-0.13337069207060798,-0.3219335744820783,0.08155639462380494,0.046281575693340356,surfaced,False,2.775,0.551,-2.0,2,58.84,58.35
2022-04-07,DWAC,Medium,GapFade_weakstock,4,CAUTION,-0.3402777777777778,-0.5337194463531952,-0.015578947368421095,1.0182434105386362,1.6368624257774211,-0.16578854935019316,-0.7285714285714285,0.10689203007518802,0.031585732703051116,surfaced,False,1.553,0.906,-0.145,2,48.685,46.75
2022-04-07,LGVN,Medium,GapFade_strongstock,4,CAUTION,-0.22544169611307424,-0.3464519976147883,-0.024635036496350262,0.6354359390566167,0.21907980570295613,-0.14708171206225684,-0.7564444444444444,0.16943365484880085,0.006692160611854712,surfaced,False,3.214,0.994,-1.0,1,108.4,105.6
2022-04-12,CCCC,Small,GapFade_weakstock,5,GO,-0.6460450729120636,-0.7011194029850746,-0.00249687890137323,1.033759517310731,4.033488001391688,-0.6502183406113538,-0.843585237258348,0.3103709648653469,0.16644474034620507,surfaced,False,4.455,0.988,3.582,1,7.785,7.51
2022-04-19,HYMC,Medium,GapFade_strongstock,4,CAUTION,-0.16129032258064516,-0.4129032258064516,-0.01098901098901095,0.5524402907580473,0.22127665010667086,-0.16513761467889915,-0.7563587684069611,0.18897174254317115,0.04819277108433717,surfaced,False,2.659,0.769,0.728,1,17.092,16.6
2022-04-19,SST,Medium,GapFade_strongstock,4,CAUTION,-0.15808974886784688,-0.44878706199460916,-0.2699266503667481,0.43612366802076374,0.4392157487910519,-0.16359918200409,-0.44878706199460916,0.2500356269647223,0.01586102719033228,surfaced,False,0.395,0.046,-2.0,2,147.034,144.0
2022-04-21,ATER,Medium,GapFade_weakstock,5,GO,-0.312130177514793,-0.35950413223140504,-0.0688172043010752,1.2514414777108305,0.8940200467584375,-0.2900763358778626,-0.8052886125243389,0.22511674347158217,0.0983606557377049,surfaced,False,1.646,1.098,0.431,1,55.14,51.24
2022-04-25,HCP,Medium,GapFade_strongstock,4,CAUTION,-0.20987222124978122,-0.24804264534399467,-0.022374833850243643,1.194641180988139,1.1202117978646116,-0.20247349823321556,-0.561534725594949,0.12053531869105638,0.14496705294251314,surfaced,False,2.614,1.784,2.521,1,45.825,44.01
2022-04-25,FCX,Medium,GapFade_strongstock,4,CAUTION,-0.16297183942480534,-0.19388343912290834,-0.045096635647816595,1.7248296650819612,2.2665071395545953,-0.16012024048096196,-0.19388343912290834,0.04800269284521257,0.05283114256825066,surfaced,False,9.088,2.363,6.407,2,40.07,39.58
2022-04-25,AA,Medium,GapFade_strongstock,4,CAUTION,-0.16466212027278362,-0.3131817718421857,-0.039483449606650005,1.0884133853111555,1.7016586429872682,-0.2250086276314276,-0.3131817718421857,0.07609809368307219,0.07861031059878328,surfaced,False,1.098,0.455,-2.0,2,64.955,64.2
2022-04-25,TQQQ,ETF,GapFade_weakstock,4,CAUTION,-0.1791576033221278,-0.34069250317662014,-0.016863406408094334,1.0956175298804778,1.240603917774897,-0.13340292275574114,-0.5472294938917976,0.09432907733076368,0.0679732076407838,surfaced,False,2.8,1.091,1.68,2,20.585,20.2802
2022-04-25,GUSH,Medium,GapFade_strongstock,4,CAUTION,-0.17842556646724012,-0.1887309897781103,-0.06988322065150569,1.46939320802982,0.7677146949204301,-0.16216077037952525,-0.1887309897781103,0.08018228114847659,0.11364771349076128,surfaced,False,2.751,0.821,-2.0,2,37.0675,36.615
2022-04-25,LAC,Medium,GapFade_strongstock,4,CAUTION,-0.1602743997505457,-0.3332508046546175,-0.03453397697734867,0.7517966836632276,0.6497605278188704,-0.15020511202272013,-0.3520211742059673,0.10570049334252822,0.04988399071925751,surfaced,False,2.464,0.771,2.0,1,26.29,25.86
2022-04-27,LGVN,Medium,GapFade_strongstock,4,CAUTION,-0.14037985136251033,-0.37924865831842575,-0.01825168107588849,1.6635506252856367,0.1196319552714525,-0.15776699029126215,-0.7686666666666666,0.16515026759983534,0.07114624505928856,surfaced,False,2.222,0.869,1.031,1,104.499,101.2
2022-04-29,TDOC,Medium,GapFade_weakstock,5,GO,-0.44075433911882517,-0.5676129032258065,-0.03581020590868385,0.9681774396296691,11.587352844134948,-0.41994114592348974,-0.8641449768912673,0.1741482286737434,0.04617291602107204,surfaced,False,1.332,0.727,-0.042,1,33.805,32.27
2022-05-03,VERU,Medium,GapFade_strongstock,5,GO,-0.21722560975609748,-0.41314285714285715,-0.030185004868549255,1.3303955866523147,0.47942743806144666,-0.14913007456503727,-0.41314285714285715,0.2481123939351787,0.016018306636155506,surfaced,False,3.24,0.259,-2.0,2,102.301,98.5
2022-05-04,VERU,Medium,GapFade_strongstock,4,CAUTION,-0.323170731707317,-0.4925714285714286,-0.012387387387387323,0.7629404822121058,0.28153038752164605,-0.24232081911262804,-0.4925714285714286,0.26716216216216215,0.1030444964871194,surfaced,True,1.333,0.137,-2.0,2,87.4,86.2
2022-05-06,IPI,Medium,GapFade_strongstock,5,GO,-0.16885861906998587,-0.418501478803812,-0.008335688047471085,1.2684875120382098,0.9278652186019932,-0.14702337912750063,-0.418501478803812,0.14450197795987565,0.034782608695652195,surfaced,False,0.484,0.089,-2.0,2,68.28,67.0301
2022-05-09,SHOP,Medium,GapFade_weakstock,4,CAUTION,-0.07396231969384752,-0.5025040196104272,-0.04103419958144585,1.0125097305704498,2.3015400663218344,-0.2224556633504294,-0.7858720598462322,0.12129384695148027,0.008153221263601013,surfaced,False,0.708,0.257,-2.0,2,36.607,35.81
2022-05-09,LABU,Medium,GapFade_weakstock,4,CAUTION,-0.2759358288770053,-0.6538854805725971,-0.050221565731167,0.8047372463516765,2.1407011325904777,-0.3049281314168378,-0.9467892792580366,0.2129193922768517,0.01792828685258961,surfaced,False,0.444,0.234,-2.0,2,129.4,122.2
2022-05-09,HCP,Small,GapFade_strongstock,4,CAUTION,-0.27089175546831185,-0.3503248375812094,-0.04461538461538467,1.0142076039053671,2.4305117474048092,-0.2849284928492849,-0.6211753278290433,0.17267490842490846,0.02517654283082592,surfaced,False,0.212,0.151,-2.0,2,38.385,36.1
2022-05-09,CFLT,Medium,GapFade_weakstock,4,CAUTION,-0.2714154129567086,-0.4723148765843896,-0.03286978508217451,1.1302259063328743,3.894323262016809,-0.29058295964125563,-0.7501316205117405,0.15175094816687737,0.0015075376884422682,surfaced,False,0.216,0.212,-2.0,2,23.29,21.58
2022-05-09,IPI,Medium,GapFade_strongstock,4,CAUTION,-0.20349929544387035,-0.44273743016759776,-0.03700427539436835,0.546528771628329,0.8269996333626817,-0.17047817047817046,-0.44273743016759776,0.14620574545607712,0.006003001500750366,surfaced,False,1.358,0.228,-2.0,2,63.73,61.78
2022-05-09,FNGU,Medium,GapFade_weakstock,4,CAUTION,-0.1873536299765808,-0.602974828375286,-0.07877041306436108,0.6755828962183833,1.4549167980707645,-0.23959094229364508,-0.792007992007992,0.17489433237271856,0.019976498237367836,surfaced,False,0.712,0.149,-2.0,2,97.5,94.4
2022-05-09,TQQQ,ETF,GapFade_weakstock,4,CAUTION,-0.14543209876543212,-0.4502858958068615,-0.05923143600115566,0.7863185163109511,1.6430019177144652,-0.1786900806834362,-0.6224912739965096,0.12603582779543485,0.016994335221592737,surfaced,False,0.598,0.112,-2.0,2,16.4201,16.16
2022-05-09,GTLB,Medium,GapFade_strongstock,5,GO,-0.18220420768191478,-0.30070968806733794,-0.03823459995279673,1.128823134449307,1.757310061851583,-0.2165310650887574,-0.6907299270072992,0.14562527394719987,0.02243145942952097,surfaced,False,0.336,0.165,-2.0,2,41.1,39.64
2022-05-09,TOST,Medium,GapFade_strongstock,5,GO,-0.2023871302542813,-0.36899581246407753,-0.025374105400130045,1.1724995558713802,1.374095184824037,-0.15826944140197163,-0.7802087802087803,0.10986987638256347,0.026080476900149006,surfaced,False,1.856,0.322,-2.0,2,15.025,14.5494
2022-05-09,RELY,Small,GapFade_strongstock,4,CAUTION,-0.2948173322005097,-0.29957805907172985,-0.051807228915662716,1.7020427469181423,2.8518273590134693,-0.2905982905982905,-0.8452935694315004,0.11644406196213421,0.0525568181818182,surfaced,False,0.533,0.175,-2.0,2,8.09,7.86
2022-05-10,AFRM,Medium,GapFade_weakstock,6,GO,-0.3238095238095238,-0.6001165274810643,-0.0859640602234094,1.2147033304551893,1.8007269496936795,-0.2379718726868986,-0.8834418341352958,0.1651290501630472,0.0987617034128663,surfaced,False,3.667,0.566,-2.0,2,20.62,18.81
2022-05-10,UNG,Medium,GapFade_strongstock,4,CAUTION,-0.17002389894161832,-0.1960978835978836,-0.04607157548334009,1.2093549603923042,1.0981863304754447,-0.19235880398671104,-0.1960978835978836,0.07789269553975438,0.06991799741044442,surfaced,False,13.106,2.531,8.346,1,93.3776,92.68
2022-05-10,BHC,Medium,GapFade_weakstock,4,CAUTION,-0.381294964028777,-0.46182728410513135,-0.3798449612403101,2.2838140950229775,2.469657610746932,-0.230310262529833,-0.6293103448275862,0.10590199335548177,0.2051282051282052,surfaced,True,3.974,3.974,1.821,1,8.385,7.8
2022-05-11,COIN,Medium,GapFade_weakstock,6,GO,-0.41608000000000006,-0.6470332221093864,-0.24859569804082748,1.3782744020902404,4.415743295217888,-0.2964141122035859,-0.8300740326861293,0.1907549957919872,0.0711864406779661,surfaced,False,1.029,0.822,-2.0,2,56.98,52.8001
2022-05-11,AFRM,Medium,GapFade_weakstock,6,GO,-0.4026272577996715,-0.6467275199067779,-0.046179219351291906,1.162370432925567,3.2031069141230475,-0.270941883767535,-0.8970280215114633,0.19343516845990724,0.00966183574879231,surfaced,False,5.195,0.471,-2.0,2,16.8699,16.08
2022-05-11,RBLX,Medium,GapFade_weakstock,5,GO,-0.32173150043872467,-0.5584539223153084,-0.0547649849072876,1.3032785746374773,2.2647695838914506,-0.1661272923408845,-0.8362286979016228,0.13301115012628598,0.09502055733211504,surfaced,True,2.58,2.58,2.293,1,23.7,21.89
2022-05-11,ARKK,ETF,GapFade_weakstock,5,GO,-0.1981260979894593,-0.42948406360669394,-0.04430379746835444,1.3409604233639167,1.9785032026256726,-0.0997150997150998,-0.7037998413728459,0.09784584086799275,0.008190008190008112,surfaced,False,3.683,1.151,-2.0,2,38.79,38.19
2022-05-11,UPST,Medium,GapFade_weakstock,5,GO,-0.6286754064021177,-0.7319776714513557,-0.05861350788455814,0.8577274566144206,5.7317001156879455,-0.5993562999165574,-0.9162868107018383,0.32780379988948866,0.10106173810460088,surfaced,False,1.098,0.26,-2.0,2,30.63,29.4
2022-05-11,MARA,Medium,GapFade_weakstock,5,GO,-0.31693198263386385,-0.627172195892575,-0.06779661016949158,0.8798826823090257,1.2084386280572674,-0.21070234113712366,-0.8585979628520072,0.1589194915254237,0.007063572149344125,surfaced,False,2.214,1.064,-2.0,2,11.265,10.86
2022-05-11,RIOT,Small,GapFade_weakstock,4,CAUTION,-0.33597883597883593,-0.6741388263804743,-0.05976095617529883,1.0224343675417662,1.352432950917767,-0.2065331928345627,-0.8890198968312454,0.16494498197685442,0.013333333333333312,surfaced,False,1.437,0.939,-2.0,2,7.4316,7.05
2022-05-11,NRGV,Small,GapFade_strongstock,4,CAUTION,-0.23733719247467447,-0.5230769230769231,-0.006641366223908777,0.6136135607540795,1.553112697972657,-0.2482168330955778,-0.5230769230769231,0.1283342369205747,0.06896551724137932,surfaced,False,1.852,0.744,1.444,1,9.84,9.57
2022-05-11,U,Medium,GapFade_weakstock,4,CAUTION,-0.28717417061611367,-0.5624147649786344,-0.3282775815499689,1.3713094929276384,4.063054556823511,-0.16062085803976284,-0.7708095238095238,0.1378764358434003,0.034129692832764506,surfaced,False,3.421,0.583,-2.0,2,30.7,30.16
2022-05-11,SI,Medium,GapFade_weakstock,4,CAUTION,-0.3336437718277066,-0.47210181684035785,-0.08117866293966922,1.114384739120101,1.5555642803202974,-0.23002421307506057,-0.6411435258714369,0.15049998336161857,0.021424051672544547,surfaced,False,2.988,1.213,-2.0,2,77.7,75.29
2022-05-12,BROS,Medium,GapFade_weakstock,2,NO-GO,-0.2858923748182008,-0.4792424242424243,-0.33837649112598195,1.7192031970206088,4.8678906075802,-0.16333982473222983,-0.5777641277641278,0.1084804023442371,0.2523690773067331,book_missed,True,4.902,4.054,3.766,1,21.07,20.05
2022-05-12,NIO,Large,GapFade_weakstock,4,CAUTION,-0.269959793222286,-0.46997497914929104,-0.01809598741148705,1.1476836006959714,1.4652450334107883,-0.06199261992619925,-0.7694540177761654,0.11756996740474314,0.1225364181662382,surfaced,False,5.421,2.394,3.419,1,11.9939,11.67
2022-05-12,CVNA,Small,GapFade_weakstock,4,CAUTION,-0.47183098591549294,-0.7836200367845937,-0.01966666666666672,1.0189142754374618,1.9119737257242753,-0.22620582924941962,-0.9203885040999921,0.31111547619047625,0.31922398589065265,surfaced,True,15.95,3.486,13.261,1,5.87,5.67
2022-05-12,ASAN,Medium,GapFade_weakstock,4,CAUTION,-0.36753290583867704,-0.5880413277643438,-0.01760939167556021,1.2456450150336464,1.7677755038237313,-0.16488413547237088,-0.8714588596329376,0.167713447171825,0.1119194180190263,surfaced,False,8.114,2.312,3.523,1,18.31,17.87
2022-05-12,ARKK,ETF,GapFade_weakstock,4,CAUTION,-0.2791333203201249,-0.48636995827538254,-0.027349038721906256,1.114326877717287,2.1962900842650996,-0.1021152443471919,-0.7337226908933593,0.10619144327105333,0.11082621082621084,surfaced,True,9.667,2.585,6.549,1,35.61,35.1
2022-05-12,SPCE,Medium,GapFade_weakstock,3,NO-GO,-0.3402948402948403,-0.5179533213644524,-0.02234636871508385,1.0437857469991159,1.2387238620876664,-0.11532125205930807,-0.9066241229709874,0.1248856078744347,0.13618677042801558,book_missed,True,9.6,2.928,6.0,1,104.8,102.8
2022-05-12,LCID,Medium,GapFade_weakstock,3,NO-GO,-0.30386740331491713,-0.5073751555002667,-0.020923520923520966,1.506940103126219,1.7679686112505795,-0.1522935779816514,-0.76,0.10964182642754075,0.18415094339622645,book_missed,True,8.324,3.804,5.147,2,136.0,132.736
2022-05-12,COIN,Medium,GapFade_weakstock,5,GO,-0.57024,-0.7396403819124704,-0.0964259121370067,0.7805248481102252,6.501106386376949,-0.35672374565920256,-0.8749359780230014,0.2654437027975748,0.4327700220426158,surfaced,True,5.691,2.571,5.072,1,43.74,40.83
2022-05-12,PLUG,Medium,GapFade_weakstock,4,CAUTION,-0.4149630274032188,-0.5803432137285491,-0.028996282527880952,1.246973320309722,1.551328057002055,-0.19122068550811785,-0.7467043314500943,0.14190493892724376,0.06929133858267723,surfaced,True,8.921,1.829,3.684,1,12.89,12.7
2022-05-12,MARA,Small,GapFade_weakstock,4,CAUTION,-0.422286541244573,-0.6819630337794773,-0.04909819639278559,1.2338409343498349,1.6205521646246686,-0.17384105960264898,-0.880407429598562,0.18353492699685087,0.15340909090909086,surfaced,False,1.034,0.344,-1.0,1,9.1,8.81
2022-05-12,SI,Medium,GapFade_weakstock,4,CAUTION,-0.44501358168412875,-0.5571313556697838,-0.07551391413788289,1.1461206420210046,2.419808239556503,-0.2062382062382062,-0.7011201203711444,0.18167479073855805,0.13446126447016926,surfaced,True,3.66,1.865,0.467,2,62.06,60.05
2022-05-12,UPST,Medium,GapFade_weakstock,4,CAUTION,-0.6906549056607942,-0.7767145135566188,-0.021071428571428567,0.6491261231772141,2.236214254239067,-0.6369765331258913,-0.9302597649405377,0.38733392857142857,0.22404779686333084,surfaced,True,4.264,1.048,3.552,1,28.085,26.78
2022-05-12,MNDY,Medium,GapFade_weakstock,4,CAUTION,-0.3118678600014554,-0.4657062146892656,-0.06281061647456908,1.40100185079994,2.831597906991341,-0.1580306267806268,-0.7898444444444445,0.172990604087675,0.1271186440677966,surfaced,False,,,,0,,
2022-05-12,RIOT,Small,GapFade_weakstock,4,CAUTION,-0.3968253968253968,-0.7023498694516971,-0.04970760233918127,1.03410380672708,1.833023989923121,-0.10821382007822687,-0.8991893883566691,0.1738941102756892,0.16959999999999995,surfaced,False,5.0,1.769,4.25,1,6.45,6.25
2022-05-12,ATER,Medium,GapFade_weakstock,6,GO,-0.48181818181818176,-0.6074380165289256,-0.07017543859649128,1.6310855564784947,0.2904319816324968,-0.2857142857142857,-0.8806607625149174,0.23232832080200497,0.17460317460317476,surfaced,True,5.493,2.141,2.583,1,31.68,30.24
2022-05-12,QS,Medium,GapFade_weakstock,4,CAUTION,-0.3530879600748597,-0.5330932012606935,-0.027965284474445434,1.3820749072633713,1.9082981791783982,-0.1841070023603463,-0.8421132764920829,0.12663865546218492,0.10199999999999995,surfaced,True,5.718,1.747,4.231,1,10.195,10.0
2022-05-12,SE,Medium,GapFade_weakstock,4,CAUTION,-0.3467169983985358,-0.5813970534339955,-0.01225704780248648,1.0196922714395118,2.0974619649049036,-0.11621788919839066,-0.8467667954834439,0.14012282062185755,0.13669996300406956,surfaced,False,4.691,2.113,3.174,1,55.84,54.06
2022-05-12,BYND,Medium,GapFade_weakstock,4,CAUTION,-0.3601466992665036,-0.4965371296652558,-0.19640810087886895,1.1821661787885618,2.018338373529676,-0.16000641951532657,-0.8392308637424746,0.1551525738304492,0.22341463414634138,surfaced,True,6.206,4.698,3.462,1,21.735,20.5
2022-05-12,MQ,Medium,GapFade_weakstock,4,CAUTION,-0.3006329113924051,-0.44887780548628425,-0.08144796380090498,1.0892177589852006,2.1382894244999258,-0.08044382801664356,-0.825065963060686,0.12739711269123039,0.30247933884297523,surfaced,False,,,,0,,
2022-05-12,S,Medium,GapFade_weakstock,3,NO-GO,-0.383939774153074,-0.5287907869481766,-0.03920570264765782,0.9147520875595601,1.2881114973232148,-0.10483135824977213,-0.749904495097415,0.1541824265347687,0.15396995708154512,book_missed,True,6.806,2.901,3.645,1,19.26,18.64
2022-05-12,AMC,Medium,GapFade_weakstock,5,GO,-0.3386479591836735,-0.6451789502497777,-0.0313404050144648,1.2703908452361645,1.8864190037583832,-0.1717252396166134,-0.8572018727623244,0.13169926987188318,0.15463917525773196,surfaced,True,15.04,5.684,11.76,2,100.0,97.734
2022-05-12,APPS,Medium,GapFade_weakstock,4,CAUTION,-0.31789848619768474,-0.5141649048625793,-0.03872932985204528,1.1555610866164132,1.91361862279256,-0.11785028790786949,-0.7759358189701823,0.122384682332463,0.10601851851851847,surfaced,False,3.038,1.775,1.899,1,22.39,21.6
2022-05-12,AFRM,Medium,GapFade_weakstock,5,GO,-0.5195402298850574,-0.7158671586715867,-0.03349282296650719,0.9133528983210608,2.3935181792761955,-0.2894609033511413,-0.9171808661194453,0.23723366858705197,0.3225709488933365,surfaced,True,,,,0,,
2022-06-13,LYFT,Medium,GapFade_weakstock,4,CAUTION,-0.0931569867740081,-0.5409692912239848,-0.043753963221306244,1.0079493526275713,0.9194721106086456,-0.10550198525241064,-0.7608431907794966,0.0761228372135157,0.007757404795486561,surfaced,False,0.952,0.306,-2.0,2,15.21,14.86
2022-06-13,SPXL,ETF,GapFade_weakstock,4,CAUTION,-0.1690205011389522,-0.2767644726407613,-0.07730263157894739,0.6812935192657786,1.0433483382363242,-0.15241635687732347,-0.5069604000540614,0.07302768640350878,0.016192422575066832,surfaced,False,0.139,0.061,-2.0,2,68.32,67.3
2022-06-13,TQQQ,ETF,GapFade_weakstock,5,GO,-0.19002267573696155,-0.36890459363957606,-0.09406494960806269,0.7180242497567132,1.0140300844550383,-0.17947932618683002,-0.7077879581151834,0.1013731136351517,0.011393514460999036,surfaced,False,0.746,0.147,-2.0,2,12.3997,12.11
2022-06-13,DNA,Medium,GapFade_strongstock,4,CAUTION,-0.21448467966573814,-0.27131782945736443,-0.07092198581560284,0.8300991806813282,0.7427804612810149,-0.21229050279329606,-0.8222390317700454,0.11747720364741641,0.012765957446808541,surfaced,False,0.1,0.065,-2.0,2,107.2,103.2
2022-06-14,MSTR,Medium,GapFade_weakstock,4,CAUTION,-0.3576916582235731,-0.5882607636727736,-0.02063752875451857,0.8790291879827065,3.872514279708966,-0.30129500367376927,-0.8293096098184837,0.18004506830665226,0.07962835512732279,surfaced,False,7.062,1.527,3.031,1,14.82,14.53
2022-06-17,GUSH,Medium,GapFade_strongstock,5,GO,-0.33546052375578816,-0.337445685909373,-0.002342194636374316,1.113589566605215,1.2356036260817203,-0.1535068153655514,-0.337445685909373,0.11488765830726246,0.03139362228664355,surfaced,False,1.359,0.195,-2.0,2,41.9775,41.0638
2022-06-23,AERC,Medium,GapFade_strongstock,5,GO,-0.17995570321151708,-0.3751054852320675,-0.058068872383524726,0.9019648543188308,0.17383718141046836,-0.19159388646288208,-0.873796335747763,0.33459100993537183,0.03304347826086963,surfaced,False,1.076,0.111,-2.0,2,14.55,13.84
2022-06-24,AERC,Medium,GapFade_strongstock,4,CAUTION,-0.34219269102990024,-0.4987341772151898,-0.0303030303030304,0.6295719747443929,0.08391358385853806,-0.2907462686567164,-0.8987643800596506,0.4345183982683982,0.22731707317073171,surfaced,False,10.046,1.846,4.005,1,10.7099,10.25
2022-06-29,RDBX,Small,GapFade_strongstock,4,CAUTION,-0.3560506771515946,-0.5950549450549449,-0.05020352781546813,0.64111854747863,0.24172460862437004,-0.2441025641025641,-0.7292432035268185,0.3656474122892032,0.06259780907668237,surfaced,False,2.124,0.425,0.562,1,6.6461,6.39
2022-07-05,AERC,Medium,GapFade_strongstock,4,CAUTION,-0.17658862876254172,-0.48059071729957803,-0.01056051990251834,0.6536422398140752,0.11648990289066001,-0.1568493150684931,-0.8951001278227524,0.39148253452477655,0.03292181069958851,surfaced,False,0.391,0.143,-1.0,1,13.05,12.18
2022-07-06,PTEN,Medium,GapFade_strongstock,5,GO,-0.19254658385093174,-0.3667803214807599,-0.006153846153846159,1.5702924174219486,1.74009939624199,-0.1751269035532995,-0.3667803214807599,0.09105604395604393,0.04991816693944349,surfaced,False,0.591,0.136,-2.0,2,13.02,12.7921
2022-07-06,BTU,Medium,GapFade_strongstock,4,CAUTION,-0.23770152955766843,-0.3824493719001068,-0.0005422993492408656,1.2677032782014452,1.506793121397054,-0.13548992030004675,-0.4460799038750375,0.1095119305856833,0.07692307692307691,surfaced,False,0.834,0.181,-2.0,2,18.22,17.96
2022-07-06,RDBX,Small,GapFade_strongstock,4,CAUTION,-0.2380952380952381,-0.6923076923076923,-0.016071428571428546,0.3749002366317085,0.2500468402463984,-0.24324324324324334,-0.7942689199118295,0.36438265306122447,0.14156079854809442,surfaced,False,2.154,0.599,1.763,1,5.789,5.51
2022-07-14,PLRX,Medium,GapFade_strongstock,4,CAUTION,-0.1684444444444444,-0.18652173913043474,-0.028861571352218018,1.0469228296269364,1.273575464539419,-0.18652173913043474,-0.47868487043744773,0.10925097350538289,0.1284454244762954,surfaced,False,2.43,1.934,1.899,1,18.93,18.14
2022-07-14,AERC,Medium,GapFade_strongstock,4,CAUTION,-0.23406940063091478,-0.48776371308016875,-0.0197693574958814,0.45664246166774,0.1066996688456211,-0.1802835921674544,-0.8965487856838518,0.21285655448340784,0.015325670498084306,surfaced,False,2.012,0.142,-2.0,2,11.5,11.2
2022-07-28,AERC,Small,GapFade_weakstock,4,CAUTION,-0.4041404140414041,-0.7206751054852321,-0.007552870090634414,1.4501255119566658,1.5933774409098957,-0.1566878980891719,-0.9435875585854282,0.20417026327147175,0.08471760797342205,surfaced,False,0.024,0.007,-2.0,2,6.4,6.19
2022-08-05,ILAG,Small,GapFade_strongstock,4,CAUTION,-0.2700000000000001,-0.9170454545454545,-0.01826484018264834,0.5260580547471513,0.11195055078607102,-0.34234234234234234,-0.9170454545454545,0.30371493803000654,0.7821782178217822,surfaced,False,,,,0,,
2022-08-08,LABD,Medium,GapFade_weakstock,6,GO,-0.4012199254490004,-0.5731884057971015,-0.03452178834182227,1.2899054890250288,1.922205018905082,-0.2680198840099421,-0.7928001876172607,0.18383135257498584,0.04101926662523303,surfaced,False,0.585,0.045,-2.0,2,172.85,164.5
2022-08-08,HKD,Medium,GapFade_strongstock,5,GO,-0.6204052631578947,-0.7177513403514265,-0.2512790649307433,0.6910260180368765,0.05398279123894108,-0.3443363636363636,-0.7177513403514265,0.4910623022970679,0.0,surfaced,False,0.0,0.0,-2.0,2,553.0,540.0
2022-08-09,QRTEB,Small,GapFade_strongstock,4,CAUTION,-0.32500000000000007,-0.5690834473324213,-0.0031746031746031074,0.6887732104168786,0.09702591067882571,-0.2989614243323443,-0.5690834473324213,0.4158609221466365,0.1400000000000001,surfaced,False,5.846,0.388,-2.0,2,8.22,8.09
2022-08-10,NVAX,Medium,GapFade_weakstock,4,CAUTION,-0.33858784893267646,-0.4753158785984108,-0.0037239324726911264,1.0425642825987513,3.196626280125419,-0.3316741330678613,-0.8550035475174756,0.13335082990495106,0.08385744234800847,surfaced,False,1.025,0.153,-2.0,2,39.74,39.2
2022-08-10,QRTEB,Small,GapFade_strongstock,4,CAUTION,-0.38928571428571423,-0.6101231190150478,-0.011695906432748704,0.47677834064109653,0.06840701868794082,-0.24999999999999997,-0.6101231190150478,0.4709974937343358,0.05128205128205122,surfaced,False,0.0,0.0,-2.0,2,8.46,8.01
2022-08-10,HKD,Medium,GapFade_strongstock,5,GO,-0.888421052631579,-0.9170351817790475,-0.04245283018867924,0.7674450028438694,0.10795149049163436,-0.7060577069728103,-0.9170351817790475,1.871370653638814,0.35999812500000006,surfaced,False,0.078,0.009,-1.0,1,223.9318,203.0
2022-08-11,ILAG,Medium,GapFade_strongstock,4,CAUTION,-0.24537037037037038,-0.8765151515151516,-0.009202453987730192,0.7195650757570273,0.15497475103041788,-0.35700197238658776,-0.8765151515151516,0.30267090271691494,0.044164037854889655,surfaced,False,12.333,1.514,0.392,2,32.991,32.2
2022-08-19,PGY,Medium,GapFade_strongstock,4,CAUTION,-0.20809007506255212,-0.44956521739130434,-0.05213270142180093,0.4475946876537137,0.02717297685559971,-0.1364256480218281,-0.44956521739130434,0.2676408636124276,0.060158910329171394,surfaced,False,0.518,0.205,-2.0,2,225.06,213.6
2022-08-19,FUBO,Medium,GapFade_weakstock,4,CAUTION,-0.30161054172767193,-0.4139977149596432,-0.04821802935010491,0.9015604327550126,0.9911064528759365,-0.24881889763779527,-0.864102564102564,0.15958820005989818,0.04316546762589935,surfaced,False,0.212,0.097,-2.0,2,55.5,53.52
2022-08-19,ENVX,Medium,GapFade_strongstock,4,CAUTION,-0.1775581526436435,-0.2330389683207177,-0.03923170063054015,1.200992752275056,1.4086924598222028,-0.19831501831501827,-0.4931596468374584,0.10306286797822481,0.05888888888888879,surfaced,False,0.506,0.153,-2.0,2,16.9751,16.7125
2022-08-19,AMC,Medium,GapFade_weakstock,4,CAUTION,-0.21553477023180154,-0.2985454545454545,-0.06480041472265423,1.0361299872165788,0.9298457782183237,-0.22249093107617893,-0.7343706967777472,0.1485969784492335,0.029714285714285648,surfaced,False,2.893,0.604,-2.0,2,188.2,180.4
2022-08-22,BBBY,Large,GapFade_weakstock,5,GO,-0.42130049113249035,-0.632331965665299,-0.12964606623916713,0.5294323877064266,1.6643977436782635,-0.5220953397706584,-0.7521896222778003,0.39214302098129256,0.007629192457175879,surfaced,False,3.177,0.808,-2.0,2,9.0808,8.6455
2022-08-22,UBX,Small,GapFade_weakstock,4,CAUTION,-0.512,-0.6702702702702703,-0.004590163934426161,0.3192338387869113,0.922017227054549,-0.3711988454798475,-0.8800393313667649,0.4108196721311476,0.03249830737982384,surfaced,False,,,,0,,
2022-08-26,SIGA,Medium,GapFade_strongstock,5,GO,-0.2232375979112271,-0.338643942200815,-0.021288515406162608,1.5077698579854129,0.6562619039503347,-0.16157820573038975,-0.338643942200815,0.12558663465386152,0.0055045871559632935,surfaced,False,0.836,0.34,-2.0,2,17.7619,17.35
2022-08-29,SIGA,Medium,GapFade_strongstock,5,GO,-0.2845953002610966,-0.39088551315301956,-0.05900243309002436,0.7688160701310255,0.5675810169622598,-0.21863117870722423,-0.39088551315301956,0.1297536496350365,0.03686934023285901,surfaced,False,0.554,0.409,-0.23,1,16.2,15.46
2022-08-29,MEGL,Medium,GapFade_strongstock,4,CAUTION,-0.5108024691358025,-0.9746339121389134,-0.034700315457413214,0.20811051865465627,0.711964303030773,-0.40188679245283015,-0.9746339121389134,1.7507683641279856,0.011513157894736888,surfaced,False,1.131,0.068,-0.876,1,25.6152,24.32
2022-09-01,BBBY,Large,GapFade_weakstock,4,CAUTION,-0.34162670699363934,-0.6823343490010156,-0.04825938408975493,0.26013205924929933,0.73084571788415,-0.28614745723608315,-0.7575075642435896,0.4880905661124046,0.010438466642846131,surfaced,False,2.022,0.151,-1.456,2,8.0636,8.0
2022-09-01,OLLI,Medium,GapFade_strongstock,4,CAUTION,-0.1650060386473429,-0.1864980144138843,-0.04284939432290733,1.1804253525189428,2.3208416626564725,-0.05678717598908592,-0.4204128680708373,0.04656197535966114,0.05079547632739119,surfaced,False,3.329,1.89,1.786,2,53.6974,52.53
2022-09-02,BBBY,Large,GapFade_weakstock,4,CAUTION,-0.3982719182922845,-0.7096657096657097,-0.022959763582632412,0.17294911037670277,0.28065099334494964,-0.2807586451208546,-0.7783711615487316,0.5178007627996263,0.056305790798809874,surfaced,False,,,,0,,
2022-09-06,MEGL,Medium,GapFade_strongstock,5,GO,-0.1721194879089616,-0.9767144114587502,-0.053264604810996645,0.35163167863119926,0.14868625741146885,-0.2509652509652509,-0.9767144114587502,0.47886720667648497,0.07216494845360837,surfaced,False,2.124,0.129,-2.0,2,22.12,20.656
2022-09-06,BBBY,Large,GapFade_weakstock,4,CAUTION,-0.4037966122303197,-0.7123313789980457,-0.1506468676311262,0.13617561429209282,0.2817720135764025,-0.09442956738538255,-0.7804060200462951,0.49346395112758,0.024737811224081422,surfaced,False,0.366,0.013,-2.0,2,6.9773,6.4727
2022-09-06,AMLX,Small,GapFade_strongstock,4,CAUTION,-0.2762209767814252,-0.37815993121238184,-0.03152654867256619,3.9329417994512106,8.057708107927047,-0.28367670364500797,-0.45884465728823703,0.11489491150442477,0.008823529411764622,surfaced,False,5.111,0.457,0.944,1,17.09,17.0
2022-09-07,AMTD,Small,GapFade_strongstock,4,CAUTION,-0.2285714285714286,-0.8953488372093024,-0.014814814814814718,1.0134319954958582,0.2640874060310641,-0.19642857142857148,-0.8953488372093024,0.19734920634920639,0.06870229007633588,surfaced,False,3.377,0.764,2.367,1,8.0382,7.86
2022-09-07,MEGL,Medium,GapFade_strongstock,4,CAUTION,-0.2603129445234708,-0.9791950068016324,-0.019230769230769332,0.3366668697355722,0.1221235274340499,-0.20367534456355282,-0.9791950068016324,0.4284079670329671,0.08695652173913042,surfaced,False,0.444,0.037,-2.0,2,20.56,19.8404
2022-09-08,VERU,Medium,GapFade_strongstock,5,GO,-0.24375821287779237,-0.5311608961303462,-0.002606429192006926,2.8930687193201368,2.4296199915476477,-0.22229729729729733,-0.5311608961303462,0.17357763435521906,0.15045045045045047,surfaced,False,4.687,1.506,4.187,1,114.2,111.0
2022-09-15,ALT,Medium,GapFade_strongstock,5,GO,-0.2508816120906802,-0.3669646658152405,-0.008069939475453883,2.2014169309079983,12.52702622697054,-0.2732160312805475,-0.3669646658152405,0.1661826304159862,0.027857142857142896,surfaced,False,2.178,0.906,-2.0,2,15.24,14.66
2022-09-16,ALT,Medium,GapFade_strongstock,4,CAUTION,-0.27506297229219145,-0.3873988931460195,-0.011813759555246694,0.849448060734684,1.5006669883986943,-0.2939156035328753,-0.3873988931460195,0.17424550779311035,0.05968992248062012,surfaced,False,0.808,0.17,-2.0,2,13.9,13.64
2022-09-20,VERU,Medium,GapFade_strongstock,5,GO,-0.2501603592046183,-0.5238289205702648,-0.03635585970915312,1.6383788354675046,1.9947710166403498,-0.22889182058047486,-0.5238289205702648,0.16185750947085423,0.06457399103139017,surfaced,False,5.5,1.207,2.609,1,113.5,111.5
2022-09-20,NVAX,Medium,GapFade_weakstock,4,CAUTION,-0.1031545741324921,-0.5469322709163347,-0.03060147731269789,1.100555437520867,1.3417139906129856,-0.12657450076804908,-0.8976601503456264,0.08277724737450379,0.009558823529411823,surfaced,False,0.512,0.512,-2.0,2,28.83,27.56
2022-09-23,ARRY,Medium,GapFade_strongstock,4,CAUTION,-0.06676865916293309,-0.2883333333333334,-0.04245316159250572,1.0768631957444448,0.58588304696404,-0.059988992845349656,-0.3827428191450916,0.09025259284041481,0.02829028290282886,surfaced,False,,,,0,,
2022-09-26,ENVX,Medium,GapFade_strongstock,4,CAUTION,-0.1923264785334783,-0.2958174904942966,-0.014575748225856121,0.5857019503179165,0.9877732440874836,-0.153564899451554,-0.5309017223910841,0.12353418257151674,0.003969489414694861,surfaced,False,1.274,0.577,-2.0,2,16.3363,15.89
2022-10-10,SOXL,Large,GapFade_weakstock,4,CAUTION,-0.18430608449207328,-0.5235385411277805,-0.015200868621064121,1.0846610169491524,1.298583778345729,-0.19352014010507873,-0.8758927368279208,0.12812160694896846,0.05343511450381667,surfaced,False,1.886,0.225,-2.0,2,8.2293,8.16
2022-10-11,SNTI,Medium,GapFade_strongstock,5,GO,-0.39631336405529954,-0.5518814139110605,-0.03562340966921116,1.0134942054294331,0.34455361804033047,-0.3972392638036811,-0.5518814139110605,0.28621410396219554,0.05571847507331374,surfaced,False,0.428,0.071,-2.0,2,37.2,36.3
2022-10-11,SOXL,Large,GapFade_weakstock,5,GO,-0.26667257107430703,-0.48411214953271037,-0.056763285024154564,1.0108599941297327,1.503990943039204,-0.26005361930294907,-0.8884247406009972,0.14695479641131814,0.0513888888888889,surfaced,False,3.857,0.941,-2.0,2,7.725,7.62
2022-10-13,TQQQ,ETF,GapFade_weakstock,4,CAUTION,-0.18834080717488785,-0.41669352239767965,-0.0875690607734807,0.40202224469160813,0.864860597180972,-0.04182106934886178,-0.8025741710296684,0.09757300710339384,0.1832107843137254,surfaced,False,,,,0,,
2022-10-13,SOXL,Large,GapFade_weakstock,4,CAUTION,-0.3499247188025862,-0.5122923588039867,-0.12534059945504086,0.3452418589946251,0.9532615744714767,-0.11352657004830913,-0.9010914971028163,0.15390229661346824,0.2882447665056361,surfaced,False,16.2,4.099,12.52,1,6.335,6.21
2022-10-18,FNGR,Small,GapFade_strongstock,5,GO,-0.46153846153846145,-0.4997447677386421,-0.042857142857142844,1.137977107891533,0.22820318344877863,-0.4302325581395348,-0.4997447677386421,0.41785568513119525,0.13015184381778733,surfaced,False,0.747,0.362,0.316,1,5.085,4.61
2022-11-09,MSTR,Medium,GapFade_weakstock,4,CAUTION,-0.21948343834051795,-0.2695172413793103,-0.07949395770392753,2.882554662732489,5.591791735277412,-0.23551064597618188,-0.7623460252641971,0.11975952201122143,0.011038575667655781,surfaced,False,2.077,1.204,-2.0,2,19.5,18.823
2022-11-09,SI,Medium,GapFade_weakstock,4,CAUTION,-0.24192307692307688,-0.5237404856832185,-0.12075088787417566,2.444037934568341,5.192214290892086,-0.2475663294521855,-0.8352419961548105,0.12252971660505906,0.027851851851851784,surfaced,False,2.724,1.578,-0.22,1,34.98,33.75
2022-11-09,NSTG,Small,GapFade_weakstock,4,CAUTION,-0.36270491803278687,-0.5547602004294918,-0.012861736334405157,3.2773052058523304,8.724566456432468,-0.3534303534303534,-0.9002285760115492,0.16875287092328892,0.02268760907504361,surfaced,False,0.507,0.312,-2.0,2,6.2685,5.95
2022-11-10,DWAC,Medium,GapFade_weakstock,4,CAUTION,-0.15161775771256575,-0.24328859060402683,-0.09179600886917962,1.3067595580787252,1.7094934782869096,-0.22508591065292097,-0.8711428571428571,0.10757301235350016,0.11404796867351942,surfaced,False,4.273,2.987,2.045,1,21.2,20.43
2022-11-11,SI,Medium,GapFade_weakstock,5,GO,-0.37153846153846154,-0.6051709556602634,-0.16462668298653607,1.5235027504665728,3.2788659132051445,-0.1709791983764587,-0.8634121875783666,0.16068106312292357,0.28576765035487495,surfaced,False,5.715,3.205,5.057,1,28.0,26.77
2022-11-17,DWAC,Medium,GapFade_weakstock,4,CAUTION,-0.2385550786838341,-0.28557046979865774,-0.06669798027242829,1.2512476808238282,1.619641834420457,-0.23499820337765,-0.8783428571428572,0.163290277125411,0.036921476859074404,surfaced,False,1.804,0.567,-2.0,2,19.94,19.43
2022-11-17,DLO,Small,GapFade_weakstock,4,CAUTION,-0.5404217926186292,-0.5756592292089249,-0.04349904397705545,4.386811040989054,14.178138971721125,-0.5359361135758651,-0.8575514095056517,0.23220568150778478,0.1734620451450776,surfaced,False,0.222,0.069,-2.0,2,10.0,9.62
2022-11-21,NOTV,Small,GapFade_weakstock,5,GO,-0.649390243902439,-0.7539580658964484,-0.0017391304347825717,1.0106046511627902,8.51535381183292,-0.637223974763407,-0.905209363666337,0.33385093167701874,0.24273664479850046,surfaced,False,16.0,1.419,13.294,2,5.67,5.3601
2022-11-22,SATX,Small,GapFade_strongstock,6,GO,-0.31236203090507725,-0.6067415730337079,-0.13322632423756015,1.6417412085066883,0.9870216407524669,-0.3974854932301741,-0.6067415730337079,0.3715274019720248,0.0024019215372297325,surfaced,False,5.219,1.34,-2.0,2,26.89,25.6025
2022-12-08,COSM,Medium,GapFade_strongstock,4,CAUTION,-0.10639984148999401,-0.4662721893491124,-0.10975609756097567,0.6519644450766524,0.5503467092554176,-0.2087719298245614,-0.8849489795918367,0.37410389610389605,0.08631239935587749,surfaced,False,4.792,0.306,-2.0,2,9.3,9.18
2022-12-08,MRTX,Medium,GapFade_weakstock,5,GO,-0.48456501403180535,-0.5104639684106613,-0.06231094978826383,1.920877869350755,3.3872252017437536,-0.46533692722371967,-0.7469768865758457,0.1871791547835105,0.017165390860589238,surfaced,False,0.991,0.576,-0.704,1,45.6416,43.11
2022-12-09,MRTX,Medium,GapFade_weakstock,4,CAUTION,-0.5442261719156013,-0.567127344521224,-0.018928164196123108,0.5299246719889448,2.056431566598708,-0.38688478747203575,-0.7762640951068932,0.2168936308845089,0.05562579013906455,surfaced,False,,,,0,,
2022-12-09,COSM,Small,GapFade_strongstock,4,CAUTION,-0.3316821874380821,-0.600828402366864,-0.05929439667951369,0.6167149324958192,0.39023413335085283,-0.283712040772988,-0.913954081632653,0.5191859726398713,0.38106416275430355,surfaced,False,0.529,0.1,-2.0,2,7.92,7.5325
2022-12-15,SATX,Small,GapFade_strongstock,4,CAUTION,-0.6402027027027027,-0.8655472793839161,-0.0037558685446010256,0.4229056198714913,0.46379736364005614,-0.30163934426229505,-0.8655472793839161,0.5817122736418511,0.0441527446300715,surfaced,False,0.081,0.013,-2.0,2,10.38,10.3312
2022-12-29,ICVX,Small,GapFade_strongstock,4,CAUTION,-0.24036697247706432,-0.4966565349544073,-0.02053140096618357,0.5955923889337785,0.17230887033433567,-0.24521422060164094,-0.7685534591194968,0.24128536922015184,0.045622688039457585,surfaced,False,0.098,0.049,-0.266,1,8.6006,8.11
2023-01-10,HKD,Medium,GapFade_strongstock,5,GO,-0.43870237646171256,-0.6055143160127253,-0.027553763440860222,2.2457715826699944,3.0375144227536497,-0.5031719532554256,-0.9941768089852463,0.3246812596006144,0.027459954233409703,surfaced,False,3.047,0.234,1.217,1,13.2904,13.11
2023-01-19,EH,Small,GapFade_strongstock,4,CAUTION,-0.3382009345794393,-0.36491031390134526,-0.015004413062665483,1.3738590045352772,1.0723416337735863,-0.3291888691533452,-0.5860431128973328,0.17570545958895475,0.1324324324324325,surfaced,False,7.0,2.213,3.774,1,11.41,11.1
2023-01-27,GNS,Medium,GapFade_strongstock,5,GO,-0.24772727272727268,-0.47292993630573243,-0.03323262839879158,1.3462077807604473,0.5177547222202588,-0.2725274725274725,-0.9099317277053814,0.26930297798877856,0.27419354838709675,surfaced,False,2.0,0.464,-2.0,2,32.6,31.6
2023-02-02,SQQQ,ETF,GapFade_weakstock,4,CAUTION,-0.10517367014816614,-0.36798764796706124,-0.06487513572204126,1.599976372209609,1.6576988451740626,-0.10582524271844661,-0.47030913012221426,0.07549480378470605,0.02515527950310559,surfaced,False,0.931,0.329,-2.0,2,857.4175,849.0
2023-02-06,MSGM,Medium,GapFade_strongstock,5,GO,-0.4512032085561497,-0.6682828282828283,-0.03714981729598058,1.9663398789485202,0.8522130312004577,-0.5562162162162162,-0.8489170239782117,0.3676244127370802,0.023529411764705844,surfaced,False,0.161,0.058,-1.0,1,16.8307,15.78
2023-02-07,MSGM,Medium,GapFade_strongstock,4,CAUTION,-0.4766042780748663,-0.6836363636363637,-0.02554278416347384,0.3523564854818223,0.2549809954895427,-0.31794425087108014,-0.8559099022837269,0.39326537128261263,0.051867104013535455,surfaced,False,1.957,0.15,-2.0,2,14.3,14.07
2023-02-10,KAL,Small,GapFade_strongstock,4,CAUTION,-0.21357063403781978,-0.46842105263157896,-0.019801980198019882,0.7642827156417997,0.6720521255855357,-0.26887280248190276,-0.9946842105263158,0.2478773489593857,0.1969696969696971,surfaced,False,3.677,1.327,2.194,2,6.9258,6.69
2023-02-13,W,Medium,GapFade_strongstock,4,CAUTION,-0.23316671567186123,-0.29750841750841756,-0.002684049079754476,0.6503499042756062,0.6947073240247809,-0.16490553954530907,-0.8249664429530201,0.10936774211218231,0.06093623890234051,surfaced,False,6.096,1.05,5.265,1,50.05,49.56
2023-02-14,HPCO,Small,GapFade_strongstock,4,CAUTION,-0.25730994152046793,-0.7171492204899779,-0.04724409448818895,0.3550295857988165,0.5555495326425001,-0.7113636363636364,-0.9696172248803828,0.46574803149606303,0.4150943396226416,surfaced,False,12.5,1.774,8.75,2,11.906,11.5
2023-02-22,GNS,Medium,GapFade_strongstock,4,CAUTION,-0.18111455108359129,-0.33792240300375476,-0.020793950850661654,0.7797793210420558,0.12063228404505387,-0.170846394984326,-0.8560540300789935,0.19151363759114232,0.0213592233009709,surfaced,False,4.835,0.383,-2.0,2,54.7,51.8
2023-02-24,KOLD,Medium,GapFade_strongstock,4,CAUTION,-0.15539644656589763,-0.23076923076923075,-0.05306122448979596,1.1133621007468053,1.3159575556359644,-0.21619293712316962,-0.7683636363636364,0.12774747701278313,0.006065857885615152,surfaced,False,1.739,0.501,-2.0,2,30.71,30.1551
2023-02-27,KOLD,Medium,GapFade_strongstock,5,GO,-0.230310262529833,-0.2989977055911122,-0.08458225667527988,0.6921281145765155,1.0109112967931642,-0.20315717227179134,-0.7889090909090909,0.14062409253106928,0.01756756756756764,surfaced,False,7.596,0.988,-0.229,2,26.735,26.4921
2023-02-28,GNS,Medium,GapFade_strongstock,6,GO,-0.3900928792569659,-0.5068836045056321,-0.06091370558375631,1.3949433304272012,0.19220541831394544,-0.21669980119284293,-0.8927888239151672,0.21833756345177668,0.05934718100890207,surfaced,False,0.5,0.173,-1.0,1,37.9,36.5
2023-03-02,GNS,Small,GapFade_weakstock,6,GO,-0.6238390092879257,-0.6958698372966209,-0.09053497942386828,1.2446009980291024,0.6911437087028613,-0.383248730964467,-0.9338773710948873,0.3504850088183421,0.0604651162790698,surfaced,False,0.267,0.207,-0.667,1,24.499,21.5
2023-03-03,GNS,Small,GapFade_weakstock,4,CAUTION,-0.6470588235294118,-0.7146433041301627,-0.03947368421052641,0.49204132407210455,0.43293901710643296,-0.3613445378151261,-0.9379590148544622,0.33872493734335835,0.7202976162267191,surfaced,False,53.885,5.797,21.556,2,21.75,21.3
2023-03-03,CDNA,Small,GapFade_weakstock,4,CAUTION,-0.34757575757575754,-0.403270509977827,-0.13516024152345565,4.859002169197397,8.8460383944088,-0.35998810939357906,-0.7748849853617733,0.13764846393736313,0.10740740740740753,surfaced,False,,,,0,,
2023-03-08,LUNR,Small,GapFade_strongstock,4,CAUTION,-0.4766666666666666,-0.9076470588235294,-0.01831210191082806,0.15125856921827727,0.5116086207116947,-0.22850122850122853,-0.9076470588235294,1.6893289353958143,0.02089552238805961,surfaced,False,0.852,0.022,-2.0,2,12.6,12.33
2023-03-09,VLON,Small,GapFade_strongstock,4,CAUTION,-0.23403889175701256,-0.638130081300813,-0.05639182206245789,0.6815554068033836,0.028261049010940488,-0.25816666666666666,-0.9470119047619048,0.2637128093205379,0.03404761904761907,surfaced,False,1.744,0.567,-0.594,1,13.14,12.6
2023-03-10,FRC,Medium,GapFade_weakstock,2,NO-GO,-0.22107739737141002,-0.3498781148429036,-0.2761170711384231,2.3733383001493187,4.39575679100317,-0.1694636678200691,-0.5433314307458142,0.0471333343252935,0.816888888888889,book_missed,True,3.235,3.235,1.602,1,56.91,45.0
2023-03-13,KRE,Medium,GapFade_weakstock,2,NO-GO,-0.16270234555665677,-0.22391487407180588,-0.1256658117971986,2.604515050167224,6.896021565313372,-0.1214904679376084,-0.35680751173708924,0.033706281881464385,0.06035305343511453,book_missed,True,6.163,6.163,2.67,2,43.15,42.0
2023-03-13,KEY,Medium,GapFade_weakstock,2,NO-GO,-0.14566284779050728,-0.2285714285714286,-0.21839080459770113,1.9405472356716595,3.161863268650687,-0.09532062391681102,-0.42362900257637104,0.04050811895639479,0.1847995835502343,book_missed,True,8.254,8.254,1.93,2,11.8,11.33
2023-03-13,NINE,Small,GapFade_strongstock,5,GO,-0.3503787878787879,-0.5219512195121951,-0.03644314868804664,1.0648026583848682,1.5439961554302788,-0.23437500000000003,-0.5988304093567252,0.114996876301541,0.020569620253164538,surfaced,False,2.016,1.002,-1.25,2,6.4499,6.35
2023-03-13,TGTX,Medium,GapFade_strongstock,4,CAUTION,-0.2009080590238366,-0.28126595201633486,-0.012784090909090889,1.9836284683382384,2.5039626254116567,-0.1940469376073268,-0.31947800869985504,0.0884369926948052,0.09368191721132904,surfaced,False,5.902,2.449,4.02,1,14.025,13.77
2023-03-13,WAL,Medium,GapFade_weakstock,4,CAUTION,-0.3483027341170254,-0.3921399531846741,-0.7387515200648561,5.413464264927542,12.013666470184777,-0.310508664058133,-0.60505883294645,0.09700474839307434,2.5013404825737267,surfaced,True,28.901,28.901,23.106,1,8.2399,7.46
2023-03-13,FRC,Medium,GapFade_weakstock,4,CAUTION,-0.3366866785656336,-0.4463705308775731,-0.6727005870841487,6.367894327726167,11.162580772456511,-0.2890434782608695,-0.6111111111111112,0.09688094073245736,0.780376497432972,surfaced,False,,,,0,,
2023-03-13,BBIO,Medium,GapFade_strongstock,4,CAUTION,-0.20877884074282493,-0.29506141890198045,-0.004978662873399735,0.782259278926553,1.0031138197717304,-0.1426829268292682,-0.6740843764487714,0.12819853688274746,0.0629114850036576,surfaced,False,5.667,1.137,3.75,1,13.85,13.67
2023-03-13,PACW,Small,GapFade_weakstock,4,CAUTION,-0.5546339704291381,-0.5892916528101096,-0.40566801619433196,3.2334152334152333,10.16836348128537,-0.5371064467766117,-0.7616290291449527,0.1412377096587623,0.95,surfaced,False,10.17,10.17,2.865,2,6.92,6.4
2023-03-13,AI,Medium,GapFade_strongstock,4,CAUTION,-0.2523725834797891,-0.3120935061238878,-0.012693935119887145,0.8238994763930287,0.6797591055028409,-0.14302981466559228,-0.39469655144937027,0.12031835583316543,0.07297830374753453,surfaced,False,3.071,1.361,1.642,1,20.8401,20.28
2023-03-24,DPST,Medium,GapFade_weakstock,4,CAUTION,-0.23271130625686048,-0.7589655172413793,-0.04864091559370537,0.4893365647648791,1.7558678771957357,-0.2343921139101861,-0.8967351159698627,0.35375332107091756,0.16153846153846155,surfaced,False,5.35,0.824,4.853,1,66.811,65.0
2023-03-24,COIN,Medium,GapFade_strongstock,4,CAUTION,-0.2130563798219585,-0.22347153900210823,-0.031975867269984776,1.1321501905321285,1.9831692852574345,-0.21062031194189784,-0.745,0.11317377720318895,0.06768455847631036,surfaced,False,2.966,1.071,2.28,1,64.8411,63.53
2023-04-04,OCEA,Small,GapFade_strongstock,5,GO,-0.2375533428165007,-0.7985076029547207,-0.01679104477611954,2.4358998871914497,0.05691877057786001,-0.2375533428165007,-0.7985076029547207,0.1393949893390192,0.046203948707510566,surfaced,False,2.075,0.367,-2.0,2,5.335,5.27
2023-04-05,OCEA,Small,GapFade_strongstock,4,CAUTION,-0.2688477951635847,-0.8067778132812059,-0.02723735408560305,0.7958069224566449,0.032997631708284514,-0.22590361445783133,-0.8067778132812059,0.13614647026125629,0.08200000000000003,surfaced,False,19.982,1.315,14.179,1,5.0224,5.0
2023-04-17,GFAI,Medium,GapFade_strongstock,5,GO,-0.3028673835125447,-0.36747796064487986,-0.02742073693230508,1.4351263585547709,0.3583246888783072,-0.25000000000000006,-0.702295918367347,0.25973068919084347,0.09111111111111114,surfaced,False,1.893,1.086,0.053,1,24.19,22.5
2023-04-19,CXAI,Medium,GapFade_strongstock,5,GO,-0.15702479338842978,-0.5142857142857143,-0.05392156862745088,1.1604683919524046,0.3779765129569838,-0.26353790613718414,-0.5142857142857143,0.233171568627451,0.1788702928870292,surfaced,False,4.113,2.102,1.8,1,10.135,9.56
2023-04-24,CXAI,Small,GapFade_strongstock,5,GO,-0.27946428571428567,-0.6157142857142857,-0.0012391573729863428,1.0269314641357237,0.11739667001757609,-0.28393966282165034,-0.6157142857142857,0.3559647725261108,0.004583712647533216,surfaced,False,3.666,0.383,-2.0,2,8.2,8.05
2023-04-25,GFAI,Medium,GapFade_strongstock,4,CAUTION,-0.2096407457935425,-0.5289960135393321,-0.03164556962025321,0.48028126389576287,0.09906257624175073,-0.26666666666666666,-0.7783163265306123,0.3761700641131021,0.058333333333333355,surfaced,False,5.677,0.556,2.226,1,17.11,16.8
2023-04-27,FRC,Small,GapFade_weakstock,5,GO,-0.533988533988534,-0.85775,-0.0070298769771529055,1.472728229044305,3.9344800866589473,-0.6443749999999999,-0.9686932599724897,0.28640220938990707,0.11934900542495482,surfaced,False,,,,0,,
2023-05-03,PACW,Small,GapFade_weakstock,4,CAUTION,-0.40723981900452494,-0.48180379746835444,-0.01832061068702292,3.3153460926278195,4.517718249388695,-0.3546798029556651,-0.8735765296274851,0.16854307524536533,0.030497592295345023,surfaced,False,1.8,1.495,-1.0,1,6.69,6.24
2023-05-03,GFAI,Medium,GapFade_strongstock,5,GO,-0.27119700748129677,-0.6831969734335325,-0.6000855431993156,0.5828532374585478,0.20408462313543355,-0.24580645161290327,-0.8508928571428572,0.3808584871074179,0.10412147505422983,surfaced,False,7.719,1.124,4.015,1,4.7396,4.61
2023-05-04,GFAI,Small,GapFade_weakstock,4,CAUTION,-0.6826683291770573,-0.8620592467730265,-0.019646365422396787,0.27459843017180624,1.1336324878436141,-0.650171821305842,-0.9350765306122448,0.808467583497053,0.3729226860105327,surfaced,False,31.276,1.859,13.786,1,5.0,4.8801
2023-05-04,IEP,Medium,GapFade_weakstock,4,CAUTION,-0.3724470134874759,-0.38466014611723764,-0.058949953945348535,3.6617982536644216,7.659421782187922,-0.354026180087267,-0.4155750942041988,0.06690995219088555,0.063626723223754,surfaced,False,2.857,2.857,1.374,2,29.9,28.63
2023-05-04,DPST,Medium,GapFade_weakstock,4,CAUTION,-0.2898975109809663,-0.47282608695652173,-0.13814432989690728,1.086575866279235,2.095227543527441,-0.2325949367088608,-0.9195821588459625,0.15560088365243008,0.16473988439306345,surfaced,False,4.026,1.921,1.673,2,41.0,38.5
2023-05-11,ATLX,Small,GapFade_strongstock,4,CAUTION,-0.23071428571428573,-0.5213333333333333,-0.011606313834726092,0.8006048027034754,1.051579545596612,-0.22906227630637085,-0.5213333333333333,0.35836417296723705,0.0839436619718309,surfaced,False,3.649,0.641,-0.255,2,18.6818,18.0917
2023-05-12,ATLX,Small,GapFade_strongstock,4,CAUTION,-0.3128571428571429,-0.5724444444444445,-0.0015592515592514338,0.5102843823187982,0.7317855761594253,-0.2460815047021944,-0.5724444444444445,0.4023173448173449,0.028954423592493443,surfaced,False,2.275,0.218,-2.0,2,19.49,19.12
2023-05-19,KOLD,Medium,GapFade_strongstock,5,GO,-0.19309392265193373,-0.3315789473684211,-0.03277986990756589,2.0240878662056447,2.4272850309077856,-0.17216947711492125,-0.4991426611796982,0.11619724164914169,0.0745061429003825,surfaced,False,8.655,1.402,5.69,2,28.83,27.9
2023-05-25,WKEY,Small,GapFade_strongstock,4,CAUTION,-0.24146981627296593,-0.30861244019138756,-0.027681660899653883,1.0592924392129106,0.4980004949258103,-0.2756892230576441,-0.5199335548172758,0.21232427088482456,0.05473651191969876,surfaced,False,0.013,0.004,-2.0,2,6.9955,6.7505
2023-06-08,APP,Medium,GapFade_strongstock,4,CAUTION,-0.16042884990253406,-0.16498642884839082,-0.004411423264453163,2.2568625316057522,1.6735412596122,-0.15878906250000005,-0.6304273210914707,0.05483365949119375,0.05438349742147212,surfaced,False,2.187,1.786,1.458,1,21.81,21.33
2023-06-13,BAOS,Small,GapFade_strongstock,5,GO,-0.2728921124206709,-0.655793991416309,-0.01870324189526178,1.028276613028674,0.3355390693042972,-0.4287749287749288,-0.7078962703962705,0.20611685073031707,0.05867346938775521,surfaced,False,6.105,1.43,0.421,2,8.1,7.87
2023-06-16,SQQQ,ETF,GapFade_weakstock,4,CAUTION,-0.16133274879438841,-0.38468961080733355,-0.01986408782017773,1.2074736141485216,1.3040013422846533,-0.05390702274975272,-0.7249460819554278,0.054976476738107675,0.0405766150560598,surfaced,False,1.721,1.019,1.508,1,475.875,468.25
2023-06-16,KOLD,Medium,GapFade_strongstock,4,CAUTION,-0.24569879802026862,-0.30687601515971835,-0.003436962974535322,1.3546678410922144,1.7477967760711834,-0.17470345538937593,-0.30687601515971835,0.1114859285379517,0.024950177203921033,surfaced,False,2.143,0.508,-2.0,2,32.0616,31.64
2023-06-20,KOLD,Medium,GapFade_strongstock,4,CAUTION,-0.283643648362008,-0.3417433676231727,-0.0018095081427866332,0.9099667343500242,1.3788442526079467,-0.2062932497715107,-0.3417433676231727,0.11967052851737837,0.11271807227298498,surfaced,False,7.657,1.717,7.325,1,30.208,29.8009
2023-06-26,KOLD,Medium,GapFade_strongstock,5,GO,-0.1829396720324958,-0.4119112073632918,-0.04474314122629349,1.463870499548288,1.5890276847874072,-0.10659647968415853,-0.4119112073632918,0.12432517031854176,0.037776898734177146,surfaced,False,3.973,0.87,1.749,1,25.6329,25.28
2023-06-27,VKTX,Medium,GapFade_strongstock,4,CAUTION,-0.1605738084220268,-0.29470954397178833,-0.023153252480705717,1.7796393833778745,1.7151589863863757,-0.16788990825688074,-0.29470954397178833,0.07558237517719327,0.03741258741258742,surfaced,False,0.36,0.254,-2.0,2,16.895,16.52
2023-06-27,TGTX,Medium,GapFade_strongstock,4,CAUTION,-0.16288433382137626,-0.3189398451459201,-0.008745080891998219,1.1700585918398212,0.7100965997262736,-0.03542808941374947,-0.35884496776002245,0.0702561059404085,0.02560646900269527,surfaced,False,2.386,0.659,0.591,2,22.524,22.36
2023-07-13,GRRR,Medium,GapFade_weakstock,5,GO,-0.30694668820678517,-0.3853868194842407,-0.032634032634032605,2.13089802130898,0.6537478124459398,-0.28618968386023297,-0.9158823529411765,0.16736763236763236,0.1012345679012346,surfaced,False,6.999,2.318,2.478,1,41.65,40.5
2023-07-19,APLS,Medium,GapFade_weakstock,4,CAUTION,-0.5355857424822942,-0.5778364116094987,-0.002999999999999936,2.657242962426001,6.4578454434245645,-0.5266272189349113,-0.5778364116094987,0.14780357142857134,0.05168831168831174,surfaced,False,0.054,0.033,-1.0,1,40.3936,38.61
2023-07-24,TSLL,Medium,GapFade_strongstock,4,CAUTION,-0.180635838150289,-0.19364778383503187,-0.025279247501469912,1.0393659867480831,1.3434043080782356,-0.16041461006910165,-0.39423076923076916,0.0678747795414462,0.08980213089802118,surfaced,False,,,,0,,
2023-07-26,SIRI,Medium,GapFade_strongstock,5,GO,-0.2660944206008585,-0.3547169811320755,-0.0019493177387913123,1.6065573770491794,1.4041733552866058,-0.2754237288135593,-0.3547169811320755,0.11041492620439988,0.0020491803278688816,surfaced,False,0.4,0.177,-2.0,2,52.5,50.9
2023-07-28,AURC,Small,GapFade_strongstock,5,GO,-0.22708567153011597,-0.4695763799743261,-0.02129719264278806,1.5587636170401207,0.5547057890812479,-0.3838353713092753,-0.4695763799743261,0.16395450145208132,1.2647814910025705,surfaced,False,123.171,26.008,18.529,1,19.8,19.45
2023-07-28,SNAP,Medium,GapFade_strongstock,4,CAUTION,-0.23424759080800595,-0.2562994960403168,-0.002904162633107392,1.0074380408259251,1.804994667328456,-0.17426059152677856,-0.6578337197747598,0.07055939704052,0.03790087463556857,surfaced,False,4.111,1.018,3.337,1,10.38,10.29
2023-08-02,PWM,Medium,GapFade_strongstock,4,CAUTION,-0.19676214196762135,-0.5953575909661228,-0.034108527131782904,0.6182846648841913,0.05362655850901559,-0.18095238095238092,-0.5953575909661228,0.30090753045404206,0.055445544554455495,surfaced,False,0.448,0.107,-2.0,2,12.28,11.51
2023-08-08,IONQ,Medium,GapFade_strongstock,4,CAUTION,-0.18557239937271297,-0.22641509433962265,-0.04685494223363289,1.496668648030022,1.3650530506196237,-0.14816839803171128,-0.22641509433962265,0.10335320007335412,0.03932203389830509,surfaced,False,0.23,0.183,-0.057,1,15.3597,14.75
2023-08-08,RDFN,Medium,GapFade_strongstock,4,CAUTION,-0.18668252080856126,-0.41968325791855204,-0.02534113060428848,0.7051043423040709,1.2997741525722115,-0.2850174216027875,-0.41968325791855204,0.12717070453912557,0.08932238193018473,surfaced,False,,,,0,,
2023-08-08,UPST,Medium,GapFade_strongstock,5,GO,-0.23752934272300466,-0.28396252411132544,-0.07196459495863002,1.2969919914965011,1.1707519144670686,-0.2380882568538337,-0.28396252411132544,0.13188996399021413,0.1177105831533478,surfaced,False,1.897,1.503,1.177,1,48.82,46.3
2023-08-08,FUBO,Medium,GapFade_strongstock,5,GO,-0.32642487046632124,-0.3281653746770026,-0.03461538461538456,1.640808125906909,1.5425986253493917,-0.19003115264797515,-0.6805857565817761,0.1476758241758242,0.09958506224066387,surfaced,False,4.0,1.079,2.9,2,29.82,29.04
2023-08-08,NKLA,Medium,GapFade_strongstock,6,GO,-0.20066889632107024,-0.3557951482479784,-0.07322175732217573,1.5293172690763048,1.2976143167083816,-0.2960235640648011,-0.7335562987736901,0.18604303646144654,0.052380952380952334,surfaced,False,2.424,0.825,0.545,1,65.103,63.0
2023-08-09,UPST,Medium,GapFade_strongstock,5,GO,-0.2407570422535211,-0.2869936621658859,-0.1733333333333333,1.0678034280460351,1.3240323816384005,-0.1477974475092631,-0.2869936621658859,0.1321055900621118,0.020389805097451266,surfaced,False,0.656,0.216,-2.0,2,37.7501,36.82
2023-08-10,UPST,Medium,GapFade_strongstock,5,GO,-0.5007335680751174,-0.5311380545604849,-0.021451660299735643,1.366504598549177,2.452231564861667,-0.34519915335770635,-0.5311380545604849,0.22902166155912848,0.0006244146113017802,surfaced,False,2.038,0.445,-2.0,2,34.802,32.75
2023-08-11,UPST,Medium,GapFade_strongstock,4,CAUTION,-0.5297828638497653,-0.5584182970515293,-0.014664586583463304,0.5784615953449461,1.5244940892380274,-0.3806763285024155,-0.5584182970515293,0.24110430131490976,0.08695652173913042,surfaced,False,1.376,0.452,1.144,1,32.07,30.82
2023-08-17,HE,Medium,GapFade_weakstock,5,GO,-0.6024556616643929,-0.6372011952191234,-0.2889498970487303,1.4854705411890172,7.047153955742821,-0.3210624417520969,-0.6689012612203159,0.18389057750759868,0.19701492537313417,surfaced,False,1.845,1.627,1.345,1,10.89,10.05
2023-08-18,MARA,Medium,GapFade_strongstock,4,CAUTION,-0.1689280868385346,-0.3836477987421384,-0.06367346938775505,0.8539597299382263,1.3598841437175604,-0.12060301507537687,-0.3836477987421384,0.09750495626822162,0.012113055181695809,surfaced,False,1.19,0.545,-2.0,2,11.675,11.35
2023-08-18,IONQ,Medium,GapFade_strongstock,4,CAUTION,-0.1429512516469038,-0.3540218470705065,-0.04919292851652579,0.5678203333757473,0.8110668661581067,-0.16388174807197947,-0.3540218470705065,0.13807400900406283,0.1009023789991797,surfaced,False,2.926,1.282,2.289,1,12.564,12.19
2023-08-18,TTOO,Medium,GapFade_weakstock,4,CAUTION,-0.3026153846153846,-0.3524285714285715,-0.1175821751599382,0.7238095238095238,0.7965538950459411,-0.2331246827947894,-0.9697800000000001,0.2547981469225678,0.43737166324435317,surfaced,False,12.55,3.177,11.605,1,40.25,38.96
2023-08-18,RIOT,Medium,GapFade_strongstock,5,GO,-0.22037283621837542,-0.43292978208232435,-0.05038428693424437,0.8970924231353588,1.2677625434035635,-0.14525547445255463,-0.43292978208232435,0.10518848359155787,0.009935134247475183,surfaced,False,4.183,0.564,-0.62,2,11.41,11.04
2023-08-23,AMC,Medium,GapFade_weakstock,6,GO,-0.3625,-0.5906902086677367,-0.23529411764705882,1.1989459815546775,2.261779332006633,-0.37652811735941316,-0.9072727272727272,0.21260504201680666,0.010309278350515611,surfaced,False,0.733,0.531,-0.933,1,20.9,19.4
2023-08-24,AMC,Medium,GapFade_weakstock,5,GO,-0.51,-0.6853932584269663,-0.16785714285714298,0.4572864321608044,3.5169613564927933,-0.37179487179487175,-0.9287272727272727,0.2900874635568512,0.07842401500938086,surfaced,False,14.501,0.587,9.43,2,14.32,14.0201
2023-08-25,AMC,Medium,GapFade_weakstock,5,GO,-0.64075,-0.7693418940609952,-0.06506610995128732,0.5505854097868511,3.8887048794781145,-0.43647058823529417,-0.9477454545454546,0.41393279650064624,0.0028237192416297008,surfaced,False,0.566,0.146,-2.0,2,14.045,13.33
2023-08-28,AMC,Medium,GapFade_weakstock,5,GO,-0.68925,-0.8004815409309791,-0.03539823008849553,0.35158254918733955,3.057404256353408,-0.3658163265306123,-0.9548,0.47023330651649237,0.001809954751131183,surfaced,False,2.097,0.206,-1.0,1,11.7001,11.4235
2023-08-29,NVCR,Small,GapFade_weakstock,4,CAUTION,-0.3820989704417137,-0.5517947482534329,-0.0008062348830959725,1.1776824891018034,6.915601427993415,-0.3798333333333333,-0.8449970840623178,0.10770952508926167,0.12312811980033271,surfaced,False,2.208,2.208,0.76,1,19.28,18.03
2023-09-05,VFS,Medium,GapFade_strongstock,5,GO,-0.604200214707461,-0.6828494623655913,-0.09781318867604684,0.45619621616759215,0.8546284610346037,-0.285316210322268,-0.6828494623655913,0.6003489695590052,0.00422751729438891,surfaced,False,1.323,0.308,-2.0,2,28.16,26.3
2023-09-07,VFS,Medium,GapFade_strongstock,5,GO,-0.6712292002147074,-0.7365591397849462,-0.10204081632653061,0.1740772471200054,0.6741824943380669,-0.1693507374131209,-0.7365591397849462,0.6401099125364431,0.022159090909090736,surfaced,False,0.199,0.015,-2.0,2,20.6,20.0714
2023-09-11,VFS,Medium,GapFade_strongstock,5,GO,-0.7698604401502952,-0.8155913978494623,-0.06705539358600575,0.2096705319536659,1.0180563703095105,-0.30000000000000004,-0.8155913978494623,0.8787909204498126,0.08088714938030007,surfaced,False,2.071,0.165,1.357,1,15.89,15.33
2023-09-14,CGC,Medium,GapFade_weakstock,4,CAUTION,-0.22666666666666668,-0.3958333333333333,-0.03448275862068969,1.6824114564208696,1.7715048510065508,-0.31360946745562124,-0.7568134171907757,0.18446428571428572,0.12612612612612617,surfaced,False,2.083,2.083,0.083,1,12.3,11.1
2023-09-19,AXLA,Small,GapFade_strongstock,4,CAUTION,-0.4284761904761905,-0.6363030303030304,-0.04015997333777698,0.7398766593498487,0.2467934423006133,-0.40584158415841587,-0.7809854014598541,0.5693693908158165,0.10454545454545458,surfaced,False,0.0,0.0,-1.0,1,13.3609,12.307
2023-09-20,AXLA,Small,GapFade_strongstock,4,CAUTION,-0.5371428571428571,-0.7054545454545454,-0.049382716049382686,0.46539442441298023,0.17287876954626236,-0.22102901105946465,-0.8226277372262774,0.6684891240446796,0.18399999999999994,surfaced,False,0.286,0.01,-2.0,2,11.59,11.092
2023-09-21,EYPT,Small,GapFade_strongstock,4,CAUTION,-0.22862286228622855,-0.4515656297396057,-0.008168028004667477,1.1745370274860925,0.8403755465369351,-0.11283643892339543,-0.4515656297396057,0.121202700450075,0.05964467005076139,surfaced,False,0.001,0.0,-2.0,2,8.34,8.31
2023-09-26,TTOO,Small,GapFade_weakstock,4,CAUTION,-0.45149999999999996,-0.6865714285714286,-0.10893345487693712,0.579136690647482,0.7230257205657352,-0.2429261559696342,-0.9853733333333333,0.3077223596822503,0.07831646244006388,surfaced,False,,,,0,,
2023-09-28,VFS,Medium,GapFade_weakstock,4,CAUTION,-0.3643059490084985,-0.8793548387096775,-0.009803921568627558,1.0233016890642341,0.6161614931258232,-0.19857142857142854,-0.8793548387096775,0.1445811051693404,0.18045112781954886,surfaced,False,8.0,2.49,6.68,1,10.89,10.64
2023-10-09,FEMY,Medium,GapFade_strongstock,4,CAUTION,-0.3548387096774194,-0.5789473684210527,-0.1,0.6934058463630186,0.30867163991512453,-0.12663755458515277,-0.5789473684210527,0.36774999999999997,0.07499999999999996,surfaced,False,0.143,0.06,-2.0,2,38.8,36.0
2023-10-10,FEMY,Medium,GapFade_strongstock,4,CAUTION,-0.44516129032258067,-0.6378947368421053,-0.011627906976744146,0.4722992728090563,0.14809368329791459,-0.17307692307692313,-0.6378947368421053,0.443156146179402,0.06666666666666675,surfaced,False,3.286,0.611,0.57,1,34.4,33.0
2023-10-11,AKRO,Small,GapFade_weakstock,4,CAUTION,-0.6374350779065122,-0.6624511809559234,-0.011019283746556436,1.0572674203798127,12.132474970842882,-0.6393800913967813,-0.6891058581706064,0.2662927981109799,0.06818181818181812,surfaced,False,0.918,0.098,-2.0,2,15.025,14.57
2023-10-17,TTOO,Small,GapFade_weakstock,4,CAUTION,-0.6076839826839827,-0.8452508004268944,-0.02620689655172419,0.32095014500759583,1.421736639226502,-0.5833333333333333,-0.9951666666666666,0.7133990147783251,0.07855602062827675,surfaced,False,8.433,0.586,2.087,1,7.175,7.0001
2023-10-23,SEDG,Medium,GapFade_weakstock,4,CAUTION,-0.34070303801495144,-0.45845309642017246,-0.027141133896260553,1.331386554222886,7.071603455952215,-0.31362808411988735,-0.7786263618884854,0.11796475960709979,0.06762543568583908,surfaced,False,1.696,0.822,1.341,1,82.38,80.0749
2023-11-08,TPST,Medium,GapFade_strongstock,4,CAUTION,-0.22166246851385385,-0.6837256908904811,-0.009708737864077683,0.6036421433523271,0.08018689102269416,-0.16032608695652176,-0.6837256908904811,0.27342117429496066,0.021517061508367692,surfaced,False,1.5,0.143,-2.0,2,19.89,18.915
2023-11-13,GRPN,Small,GapFade_strongstock,5,GO,-0.40851206434316356,-0.456923076923077,-0.0141643059490085,1.5283831908831909,5.682448523968304,-0.3660201149425288,-0.456923076923077,0.1363658437879401,0.13262910798122077,surfaced,False,,,,0,,
2023-11-24,ATGL,Small,GapFade_strongstock,5,GO,-0.5081967213114753,-0.5628761482420018,-0.057246376811594266,1.3533084661099335,0.255597205827254,-0.5104647037956722,-0.5628761482420018,0.3817375776397515,0.13838333333333339,surfaced,False,2.906,0.936,1.076,1,12.8,12.0
2023-12-04,VVOS,Medium,GapFade_strongstock,5,GO,-0.2128164556962026,-0.5921295347407256,-0.1452261306532662,0.8194749587055187,0.6778765844349769,-0.5146341463414634,-0.7312626603646185,0.2685872218234028,0.02000000000000003,surfaced,False,0.743,0.34,-2.0,2,17.1943,16.15
2023-12-04,BGLC,Small,GapFade_strongstock,4,CAUTION,-0.3,-0.475,-0.04761904761904766,0.6773101112723757,0.14056330358751282,-0.2293577981651376,-0.9114857744994731,0.24607142857142852,0.1134375,surfaced,False,0.663,0.202,-2.0,2,8.0,7.7
2023-12-12,CYTO,Small,GapFade_weakstock,4,CAUTION,-0.640470766894457,-0.7797674418604651,-0.08553326293558602,0.4394643779552587,0.4770078673936964,-0.6271653543307086,-0.985991124260355,0.9491250565696184,0.58525921299188,surfaced,False,10.53,2.319,3.796,1,3.564,3.202
2023-12-12,BOIL,Medium,GapFade_weakstock,4,CAUTION,-0.10957551826258624,-0.6111510274464721,-0.0697339246119735,1.1378980653955555,2.3574397278047856,-0.10367671414375607,-0.982155104194144,0.10960484637313905,0.004550705794178863,surfaced,False,3.511,0.601,-2.0,2,252.4,250.038
2023-12-13,VVOS,Small,GapFade_strongstock,4,CAUTION,-0.3214965123652505,-0.7806927649108425,-0.009345794392523333,0.4500913433445347,0.10368729488776872,-0.3011103853690399,-0.8555030384875084,0.6146208277703606,0.08691308691308701,surfaced,False,3.932,0.206,-2.0,2,10.79,10.5
2024-01-03,RIOT,Large,GapFade_strongstock,3,NO-GO,-0.1537616694124108,-0.17813333333333334,-0.09214795587280986,1.317736630463769,0.973066583548514,-0.12443181818181824,-0.2537530266343825,0.08864234726986189,0.09381818181818176,book_missed,True,2.623,1.728,2.133,1,14.1585,13.75
2024-01-03,MARA,Medium,GapFade_strongstock,4,CAUTION,-0.20903759917212827,-0.2674121405750799,-0.09725250763192327,1.3872280205200778,1.2591199851011352,-0.18427605834222696,-0.2674121405750799,0.12326646314871346,0.149337910740559,surfaced,True,2.718,1.925,2.365,1,21.2937,20.39
2024-01-03,BTDR,Small,GapFade_strongstock,4,CAUTION,-0.30624999999999997,-0.37771548703573926,-0.13828828828828835,1.415923724616146,1.8696947461679385,-0.32829046898638425,-0.39385665529010233,0.18189189189189187,0.09863013698630134,surfaced,False,1.25,1.078,0.25,1,7.9,7.3
2024-01-03,SDIG,Small,GapFade_strongstock,4,CAUTION,-0.38490214352283325,-0.42906574394463676,-0.09090909090909086,1.2362658831252056,1.9027381258204235,-0.3237704918032787,-0.47200000000000003,0.20773701298701305,0.06833333333333336,surfaced,False,1.833,0.883,0.4,1,6.3,6.0
2024-01-03,HUT,Medium,GapFade_strongstock,6,GO,-0.2609970674486804,-0.31596091205211735,-0.07142857142857145,1.3983028232908155,1.374420364378053,-0.2188468691878487,-0.4461538461538462,0.1487063492063492,0.06915239540429216,surfaced,True,1.47,0.908,0.484,1,12.07,11.5325
2024-01-05,ALTM,Small,GapFade_weakstock,4,CAUTION,-0.8970988213961921,-0.9020707506471095,-0.0044052863436122415,0.11631419939577028,19.749550511172036,-0.8963628062699741,-0.9251648351648352,0.9720998531571223,0.06119402985074629,surfaced,False,1.706,0.088,1.471,1,6.87,6.7
2024-01-09,BETS,Small,GapFade_weakstock,4,CAUTION,-0.3627450980392156,-0.935,-0.07692307692307693,1.3935185185185184,1.6005557351485384,-0.2613636363636364,-0.9901515151515151,0.47472527472527476,0.054545454545454515,surfaced,False,,,,0,,
2024-01-12,RIOT,Medium,GapFade_strongstock,5,GO,-0.1767295597484277,-0.30186666666666667,-0.025592055003819638,2.469063052445492,1.8855171003818145,-0.16836086404066075,-0.3661016949152542,0.1296409472880061,0.0008532423208190944,surfaced,False,1.01,0.401,-2.0,2,12.4083,12.08
2024-01-16,MSTR,Medium,GapFade_strongstock,4,CAUTION,-0.2515453746666461,-0.33285241216318345,-0.013449220439519674,0.8759219717791609,1.7958401747738824,-0.1416727067017873,-0.33285241216318345,0.10555240076381925,0.03241970021413267,surfaced,False,1.833,0.575,0.908,1,47.4934,46.7
2024-01-16,MARA,Large,GapFade_strongstock,4,CAUTION,-0.25510204081632654,-0.3936102236421725,-0.017386722866175017,0.8364771927291104,1.2937149690530927,-0.25946156847444396,-0.3936102236421725,0.20848637663706157,0.03492433061699659,surfaced,False,1.544,0.546,-1.0,1,17.9778,17.29
2024-01-17,SAVE,Small,GapFade_weakstock,4,CAUTION,-0.4987341772151899,-0.5345283573317661,-0.15151515151515155,7.291862029053846,12.064648051102203,-0.4782608695652174,-0.6511013215859031,0.16830717893217895,0.06968641114982568,surfaced,False,1.45,0.513,-0.0,2,6.1058,6.0
2024-01-17,MARA,Large,GapFade_strongstock,4,CAUTION,-0.3021978021978022,-0.4319488817891374,-0.015748031496063054,0.48054033106349986,0.9747963221622253,-0.2062499999999999,-0.4319488817891374,0.2176964486582034,0.038507821901323736,surfaced,False,0.525,0.139,-2.0,2,17.715,17.21
2024-01-18,PBLA,Small,GapFade_weakstock,4,CAUTION,-0.381169757489301,-0.7716842105263158,-0.05486399262332882,0.8029950567025302,0.05754116606704988,-0.3114285714285714,-0.998530487804878,0.22650332608838836,0.0538827258320128,surfaced,False,1.939,0.404,-2.0,2,7.475,7.27
2024-01-19,MARA,Large,GapFade_strongstock,3,NO-GO,-0.36930926216640503,-0.4865814696485623,-0.005600497822028616,0.5945443862483003,0.8224160562242276,-0.09617547806524189,-0.4865814696485623,0.22921548582096182,0.10328317373461011,book_missed,True,0.777,0.076,-2.0,2,15.6759,15.37
2024-01-30,SGMT,Small,GapFade_strongstock,4,CAUTION,-0.4245385450597178,-0.4881699661999035,-0.017924528301886747,0.4843929877928855,0.5969801225523678,-0.24393723252496433,-0.4881699661999035,0.2569642857142857,0.030784508440913655,surfaced,False,1.933,0.108,-2.0,2,10.91,10.41
2024-02-02,DPST,Medium,GapFade_strongstock,6,GO,-0.2543904693437405,-0.29637526652452034,-0.06432506887052325,2.1928709964185873,3.7332360557869566,-0.2519319938176198,-0.7757875231624459,0.10414413616686345,0.0917608566329566,surfaced,True,,,,0,,
2024-02-06,NEXI,Small,GapFade_strongstock,4,CAUTION,-0.22412562455389012,-0.6211870402057508,-0.034958601655933674,0.2948335088294697,0.10822651602403215,-0.2843976300197499,-0.6211870402057508,0.38067420160336446,0.0019065776930409508,surfaced,False,0.661,0.089,-0.776,1,10.7579,10.49
2024-02-08,PHUN,Medium,GapFade_strongstock,5,GO,-0.19216996896634034,-0.3092467850581751,-0.05703309692671404,0.4796784857716994,0.46901667274672204,-0.17463414634146332,-0.7936585365853658,0.22794030732860515,0.16956109883170184,surfaced,False,,,,0,,
2024-02-09,CRBP,Medium,GapFade_strongstock,4,CAUTION,-0.17943854324734448,-0.45870464492976676,-0.0018492834026814216,0.7446437468858993,0.14147515271074917,-0.16807692307692312,-0.45870464492976676,0.2651079849415494,0.04579792256846076,surfaced,False,1.22,0.098,-2.0,2,21.75,21.24
2024-02-13,BOIL,Medium,GapFade_weakstock,4,CAUTION,-0.2790067720090294,-0.6076167076167076,-0.06011271133375075,1.1945632881078965,1.4137064107845583,-0.12588943623426382,-0.9865685449957947,0.11112756060470524,0.01895734597156406,surfaced,False,2.714,0.456,-2.0,2,150.0,148.211
2024-02-14,BOIL,Medium,GapFade_weakstock,4,CAUTION,-0.32054176072234764,-0.6302211302211302,-0.03528239202657809,0.41427122083192425,1.3550360207985288,-0.1497175141242938,-0.9873423044575274,0.11227337446606549,0.010271460014673347,surfaced,False,2.78,0.374,-2.0,2,145.298,144.2
2024-02-21,DTSS,Small,GapFade_strongstock,4,CAUTION,-0.19892473118279574,-0.6328240512567768,-0.00671140939597313,1.3977909253805858,0.2878933677502675,-0.24134419551934827,-0.6753812636165577,0.32264717162032597,0.15873015873015872,surfaced,False,7.484,1.419,2.419,2,7.2,7.08
2024-02-28,PHUN,Small,GapFade_weakstock,4,CAUTION,-0.45099337748344376,-0.6615635844049806,-0.0012062726176115546,1.0829221709374506,0.9863575876401225,-0.12506596306068607,-0.8558260869565217,0.2706789591590557,0.1078167115902966,surfaced,False,0.689,0.066,-2.0,2,8.1536,7.7915
2024-02-28,IFBD,Small,GapFade_weakstock,6,GO,-0.6807980049875311,-0.8125915080527086,-0.14062499999999994,5.965250539050829,10.88417575078676,-0.6613756613756614,-0.9924705882352941,0.7582979910714285,0.036082474226804044,surfaced,False,0.636,0.168,-1.7,2,8.96,8.08
2024-02-29,IFBD,Small,GapFade_weakstock,4,CAUTION,-0.7493765586034913,-0.8528550512445096,-0.08706467661691535,0.22296866855852202,1.527522156746695,-0.6358695652173914,-0.9940882352941177,0.9817768301350391,0.008219916453308171,surfaced,False,0.638,0.043,-2.0,2,7.1232,6.88
2024-03-05,BMR,Small,GapFade_strongstock,4,CAUTION,-0.24904701397712833,-0.8308528906697195,-0.0693739424703892,0.5881129765027863,0.18211475647469294,-0.26400996264009957,-0.8308528906697195,0.5754157602127145,0.1439393939393939,surfaced,False,7.464,0.903,1.971,2,5.4982,5.31
2024-03-11,APM,Small,GapFade_strongstock,4,CAUTION,-0.04444444444444448,-0.6066323613493425,-0.05523255813953487,2.432461521902917,1.613080430046076,-0.27502634351949423,-0.6066323613493425,0.2700872093023256,0.12633451957295372,surfaced,False,6.8,0.775,6.1,1,57.2,56.2
2024-03-13,MARA,Medium,GapFade_strongstock,4,CAUTION,-0.18143117778228252,-0.4077442065121737,-0.005943536404160525,0.4721201168794842,0.7531412962558148,-0.14011925042589435,-0.4077442065121737,0.17834465435505553,0.0038216560509553776,surfaced,False,1.174,0.433,-1.0,1,20.6,19.94
2024-03-19,MEDS,Small,GapFade_strongstock,5,GO,-0.35108153078202997,-0.5623877917414722,-0.09999999999999996,1.589854396346404,0.13157758634545375,-0.3310463121783876,-0.5623877917414722,0.29836630036630035,0.4145006839945281,surfaced,False,,,,0,,
2024-03-20,WIMI,Small,GapFade_strongstock,4,CAUTION,-0.4636871508379888,-0.48663101604278075,-0.031145833333333282,0.9815643836582177,0.6268858263653885,-0.4450867052023122,-0.48663101604278075,0.2110788690476191,0.05813815241945081,surfaced,False,3.336,0.799,1.702,1,8.646,8.411
2024-03-22,SOUN,Large,GapFade_strongstock,4,CAUTION,-0.16604244694132336,-0.3482926829268293,-0.07485029940119761,1.4303690790916748,0.9776718154734735,-0.1980792316926771,-0.3482926829268293,0.18524593669803255,0.0513518604133491,surfaced,False,2.397,0.419,-2.0,2,6.1001,6.0
2024-03-25,SOUN,Large,GapFade_strongstock,4,CAUTION,-0.233458177278402,-0.4009756097560976,-0.011400651465797948,0.4977585533487625,0.691981667503001,-0.2257250945775536,-0.4009756097560976,0.19955909725453702,0.03169014084507053,surfaced,False,1.908,0.498,0.106,1,5.8382,5.68
2024-04-01,AISP,Small,GapFade_strongstock,4,CAUTION,-0.21172248803827748,-0.539765902170573,-0.00303490136570555,0.6932361165185998,0.05441803979171619,-0.23990772779700117,-0.539765902170573,0.30623238673314546,0.3170731707317072,surfaced,False,21.211,2.003,19.474,1,6.245,6.15
2024-04-05,MARA,Large,GapFade_strongstock,4,CAUTION,-0.16121707538601276,-0.4581988853036082,-0.02003248511099066,1.0646653908771546,0.9787428156781697,-0.06386213887481001,-0.4581988853036082,0.10831773532369089,0.01992252351964579,surfaced,False,1.644,0.755,-0.178,1,18.52,18.07
2024-04-09,MARA,Large,GapFade_strongstock,4,CAUTION,-0.18483197093551318,-0.47345262540334415,-0.006685236768802284,1.0946395563770808,0.8219827248421538,-0.028153762858689747,-0.47345262540334415,0.10764027059291681,0.02043132803632233,surfaced,False,1.385,0.563,-0.077,1,18.01,17.62
2024-04-10,CADL,Small,GapFade_strongstock,4,CAUTION,-0.1516666666666667,-0.5535048553057483,-0.017681728880157142,1.3883681836322512,0.3031271418911201,-0.23343373493975902,-0.5535048553057483,0.232071288240247,0.07368421052631571,surfaced,False,4.2,1.086,1.0,1,4.9,4.75
2024-04-11,GL,Medium,GapFade_weakstock,2,NO-GO,-0.1024719869985458,-0.18772255767146617,-0.06146955112932433,1.3120994283734617,1.2711987680888321,-0.027074640704682316,-0.20507575757575752,0.022007052320594682,0.262387676508344,book_missed,True,0.468,0.468,-2.0,2,89.625,84.23
2024-04-16,CONL,Medium,GapFade_strongstock,5,GO,-0.2614627285513361,-0.39898178288717656,-0.008760236145496113,1.5492299510628125,1.2402129363268748,-0.28761362094695425,-0.39898178288717656,0.1772586174062083,0.14104049650681072,surfaced,False,2.181,0.681,-2.0,2,50.5,49.24
2024-04-16,RENT,Medium,GapFade_weakstock,4,CAUTION,-0.2140950347036839,-0.49065743944636675,-0.03872282608695654,2.5511613415759644,0.9298506478074099,-0.240454076367389,-0.8473029045643153,0.22661248059006206,0.024650298346864948,surfaced,False,1.562,1.403,-2.0,2,15.44,14.0
2024-04-16,BITX,Medium,GapFade_strongstock,4,CAUTION,-0.19055087237796509,-0.3088382992969535,-0.003632840881569353,1.241127279514025,1.290497478687264,-0.20197139543873216,-0.3088382992969535,0.1149354738262464,0.03549540347293158,surfaced,False,2.517,0.415,-2.0,2,40.11,39.72
2024-04-18,TPET,Small,GapFade_weakstock,4,CAUTION,-0.3584905660377358,-0.5275152862701501,-0.15117647058823525,0.8738924626775092,0.6156658869834615,-0.4603174603174603,-0.8866666666666667,0.363485294117647,0.14250871080139366,surfaced,False,3.474,2.013,0.214,1,6.348,5.74
2024-04-24,DJT,Medium,GapFade_strongstock,4,CAUTION,-0.06942857142857142,-0.5896951373141849,-0.04820386859072767,1.0866306001817032,0.5157136139781048,-0.10472787245739423,-0.5896951373141849,0.14664513794464673,0.1665745485941911,surfaced,False,12.673,2.713,8.405,2,32.0893,30.95
2024-04-29,DXYZ,Medium,GapFade_strongstock,4,CAUTION,-0.3955056179775281,-0.8206666666666667,-0.036643653744025374,0.564288131470998,1.2830496906985036,-0.289433962264151,-0.8206666666666667,0.6535099764812989,0.026785714285714243,surfaced,False,3.039,0.089,-2.0,2,17.87,17.67
2024-05-01,CONL,Medium,GapFade_strongstock,5,GO,-0.22034210042302735,-0.5148131360995508,-0.0474168435951875,0.7393119263315674,1.2737142422958647,-0.2627826086956522,-0.5148131360995508,0.19751474404340646,0.11974999999999998,surfaced,False,3.492,1.637,1.631,1,41.87,40.0
2024-05-01,BITX,Medium,GapFade_strongstock,4,CAUTION,-0.15347137637028008,-0.36645396536007296,-0.04604316546762594,0.9480541984261499,1.1103756388323498,-0.15119687347337563,-0.4183126883160362,0.1032026721479959,0.011627906976744106,surfaced,False,2.048,0.221,-2.0,2,32.575,32.39
2024-05-01,CLSK,Medium,GapFade_strongstock,4,CAUTION,-0.19310344827586215,-0.33737864077669905,-0.02136752136752124,0.8120718416840969,0.7589495046752422,-0.14820592823712955,-0.33737864077669905,0.10299406942264087,0.019537332004351825,surfaced,False,0.739,0.206,-2.0,2,16.08,15.7663
2024-05-07,HWH,Small,GapFade_strongstock,4,CAUTION,-0.24637681159420288,-0.5047619047619047,-0.032051282051282055,0.9208850573104002,0.07135117230444817,-0.23152709359605916,-0.5315315315315314,0.3271657509157509,0.0643939393939395,surfaced,False,1.545,0.368,-0.642,2,7.25,7.0245
2024-05-14,CONL,Medium,GapFade_strongstock,4,CAUTION,-0.23249083542349985,-0.4660402684563758,-0.04122674710910006,0.5386692976771237,0.7756703737922115,-0.10646900269541783,-0.5446866372738884,0.16706905839258782,0.08147174770039427,surfaced,False,2.012,0.973,0.981,1,39.59,38.05
2024-05-17,GME,Medium,GapFade_strongstock,5,GO,-0.3135698337881419,-0.5731914237235847,-0.2099747018431515,0.9892448487222026,1.8098591256247325,-0.4324102564102564,-0.5731914237235847,0.2794785481955702,0.12741116751269044,surfaced,False,0.197,0.051,-2.0,2,22.3499,20.63
2024-05-20,GME,Medium,GapFade_strongstock,4,CAUTION,-0.4490200942694121,-0.6574116921178467,-0.03016659162539404,0.32862881920564346,2.054248423350349,-0.43843236409608083,-0.6574116921178467,0.3712915675049848,0.22175290390707492,surfaced,False,1.559,0.23,-2.0,2,22.0,21.171
2024-05-22,MTC,Small,GapFade_weakstock,5,GO,-0.9041980624327233,-0.9310077519379845,-0.11584269662921344,0.22107613103102647,5.963879275183159,-0.8730385164051355,-0.9310077519379845,2.642335473515249,0.0295081967213115,surfaced,False,0.008,0.0,-2.0,2,6.5136,6.2328
2024-05-24,MGOL,Small,GapFade_strongstock,4,CAUTION,-0.5286928104575164,-0.6059562841530055,-0.07086395784218556,0.8312213457869403,0.4114993267766896,-0.42312,-0.7781230769230769,0.2782811973770232,0.045855379188712485,surfaced,False,0.338,0.137,-2.0,2,6.279,5.9
2024-05-28,MGOL,Small,GapFade_strongstock,4,CAUTION,-0.6124183006535948,-0.6759562841530055,-0.005733558178752076,0.6799209362667517,0.16332537276925435,-0.48879310344827587,-0.8175384615384615,0.3546687545169839,0.19309090909090915,surfaced,False,0.017,0.008,-1.0,1,6.312,5.832
2024-05-29,SINT,Small,GapFade_weakstock,5,GO,-0.4989200863930886,-0.7964912280701755,-0.1045258620689654,0.29497134796790986,1.3833485048331586,-0.4207240948813983,-0.9873569482288829,0.8730757389162562,0.02624671916010501,surfaced,False,0.089,0.012,-2.0,2,8.8,8.3
2024-06-06,BNAI,Small,GapFade_strongstock,5,GO,-0.2693110647181628,-0.5848161328588375,-0.06285714285714294,1.4117397303895551,0.09307350686606376,-0.25373134328358204,-0.8227848101265823,0.3076244897959184,0.34153846153846157,surfaced,False,14.937,4.737,12.062,2,35.0,32.8
2024-06-06,ALBT,Small,GapFade_strongstock,5,GO,-0.20666361346462112,-0.5188194444444445,-0.16106220233799967,1.504432340650738,0.31813208661225156,-0.43666666666666665,-0.724493041749503,0.2493234095485503,0.07280470492800649,surfaced,False,0.377,0.217,-2.0,2,9.3435,8.7195
2024-06-10,ASNS,Small,GapFade_strongstock,4,CAUTION,-0.3097345132743363,-0.6608695652173913,-0.06410256410256411,0.7856214927611931,0.4199119171028004,-0.5806451612903226,-0.8614564831261101,0.34188186813186805,0.13013698630136988,surfaced,False,,,,0,,
2024-06-11,GME,Medium,GapFade_strongstock,4,CAUTION,-0.34120456354470685,-0.6169983032546661,-0.017317760773258147,0.925282783762508,1.3114613999627032,-0.4665950590762621,-0.6169983032546661,0.27334330590875094,0.3378674857393594,surfaced,False,0.209,0.03,-2.0,2,23.4797,23.0
2024-06-11,NVAX,Medium,GapFade_strongstock,5,GO,-0.32582139848357206,-0.32920925904970266,-0.011871290221805655,1.1294321356892685,0.6898388890242332,-0.18153924827409873,-0.32920925904970266,0.13608782969607708,0.07280307889672877,surfaced,False,,,,0,,
2024-06-11,BNED,Small,GapFade_weakstock,5,GO,-0.8139147340647133,-0.9007407407407407,-0.10373134328358213,0.25383024969517043,1.546980317370085,-0.5873113643363105,-0.9407079646017699,2.0109808102345417,0.018358531317494594,surfaced,False,,,,0,,
2024-06-12,BNED,Small,GapFade_weakstock,5,GO,-0.869045965838078,-0.9301481481481481,-0.2523860021208908,0.11928174433518603,0.683245756624513,-0.45585689555683784,-0.9582743362831858,2.480381760339342,0.11305732484076432,surfaced,False,,,,0,,
2024-06-17,BCG,Small,GapFade_strongstock,4,CAUTION,-0.30518697225572977,-0.5286415711947627,-0.0034722222222221483,0.5499119599078967,0.0027683349831031396,-0.26153846153846155,-0.6532209512341963,0.2746651785714285,0.03301886792452827,surfaced,False,10.489,0.313,6.447,1,5.3235,5.3
2024-06-21,CADL,Small,GapFade_strongstock,4,CAUTION,-0.2172774869109947,-0.5818181818181818,-0.0033444816053512477,1.096642782551153,0.7380697852759864,-0.17174515235457055,-0.5818181818181818,0.11552436693741042,0.04498269896193768,surfaced,False,1.206,0.315,-2.0,2,5.95,5.86
2024-06-25,FFIE,Medium,GapFade_weakstock,5,GO,-0.37307692307692314,-0.9164102564102564,-0.3291411042944785,1.1972596267422635,0.8001093758185418,-0.1984263584952054,-0.9972222222222222,0.27824276950043825,0.23255813953488372,surfaced,False,,,,0,,
2024-06-27,ALAB,Medium,GapFade_strongstock,4,CAUTION,-0.1775147928994082,-0.28322805208199037,-0.010791366906474845,1.1855132881709223,1.0794402331353943,-0.05634758995247794,-0.416027728179813,0.06705652620760537,0.061741711333927675,surfaced,False,5.7,1.594,5.525,1,55.03,54.5142
2024-06-28,NNE,Small,GapFade_strongstock,5,GO,-0.4607712765957447,-0.5675819781391629,-0.022811344019728685,1.154499698006845,1.7077311060742937,-0.44261168384879734,-0.5675819781391629,0.2734168574951559,0.5210902011680727,surfaced,False,2.481,2.481,2.146,1,18.36,15.41
2024-07-01,LB,Medium,GapFade_weakstock,4,CAUTION,-0.7129572225666461,-0.7176829268292683,-0.05140388768898479,0.7023468121949501,0.6764187063022153,-0.7108779817659547,-0.7176829268292683,0.29275501388460345,0.09332812700891906,surfaced,False,1.826,0.523,0.228,2,22.9195,21.9
2024-07-02,LB,Medium,GapFade_weakstock,4,CAUTION,-0.7153130812151272,-0.72,-0.00043554006968647924,0.4041073810231157,0.18603536187285893,-0.7127127127127127,-0.72,0.2953017670482827,0.08440693025322073,surfaced,False,3.646,0.803,1.412,1,23.2562,22.51
2024-07-02,FFIE,Medium,GapFade_weakstock,4,CAUTION,-0.1347130761994356,-0.882076923076923,-0.032180908893237783,0.8284750337381915,0.5379542418197565,-0.23349999999999996,-0.9960812883435584,0.23017426148541606,0.1310237040896066,surfaced,False,0.318,0.271,0.144,1,17.104,15.356
2024-07-22,CRWD,Medium,GapFade_strongstock,4,CAUTION,-0.19373942470389177,-0.23439825349612084,-0.06541841552990553,1.6138297117685416,5.232563571278313,-0.14081253169549787,-0.23439825349612084,0.05414977139859091,0.008868840552009061,surfaced,False,3.434,1.211,-2.0,2,69.547,68.755
2024-07-23,KZIA,Small,GapFade_strongstock,4,CAUTION,-0.2491883116883117,-0.7072784810126582,-0.019675675675675602,0.48675213675213674,0.11516667652482013,-0.2203304113283884,-0.7072784810126582,0.505945945945946,0.01010101010101017,surfaced,False,1.121,0.105,-2.0,2,21.485,20.5
2024-07-24,NNE,Medium,GapFade_strongstock,4,CAUTION,-0.17032672737011254,-0.5870434550786456,-0.03163331181407361,0.45802161892298743,0.289754967501026,-0.1974093264248705,-0.5870434550786456,0.24384211011712625,0.052747252747252664,surfaced,False,0.975,0.278,0.017,1,14.1713,13.65
2024-07-25,NVDX,Medium,GapFade_strongstock,4,CAUTION,-0.1401352181929932,-0.37160310829627635,-0.02072909220872058,1.1105743729635527,1.2151351000368,-0.15263476680799523,-0.37160310829627635,0.10780761768610232,0.12043189368770774,surfaced,False,5.436,2.871,1.769,2,13.48,13.125
2024-07-25,SOXL,Medium,GapFade_strongstock,4,CAUTION,-0.15049504950495052,-0.3878424657534247,-0.03240093240093241,1.1702065115423055,1.6015043129761946,-0.1894955601738145,-0.3878424657534247,0.13027405927405927,0.0639208344477133,surfaced,False,5.067,1.949,0.115,2,40.391,39.5
2024-07-25,NVDU,Medium,GapFade_strongstock,4,CAUTION,-0.13889147647880762,-0.37059985020766667,-0.02639549978364342,1.1107917094955202,1.2058832375510466,-0.14997701149425288,-0.37059985020766667,0.10644557087222602,0.12011067790215063,surfaced,False,5.751,2.911,1.85,2,88.8468,86.41
2024-07-25,CONL,Medium,GapFade_strongstock,4,CAUTION,-0.13556280587275685,-0.19242504137697708,-0.04602755236837139,1.4140827759401788,1.2626091885339379,-0.14724814934019953,-0.39348780565971214,0.12678119860890197,0.044444444444444446,surfaced,False,4.71,1.573,-0.037,2,48.98,47.8
2024-07-25,NVDL,Large,GapFade_strongstock,4,CAUTION,-0.1386269526102552,-0.3691402735656777,-0.025063137533513444,1.1011512308042084,1.1746163108641614,-0.15026461554732012,-0.3691402735656777,0.10753123909585717,0.12207872264560302,surfaced,False,5.13,2.859,1.58,2,18.53,18.0333
2024-07-25,NVDA,Large,GapFade_strongstock,2,NO-GO,-0.06947385567682034,-0.18833475419153164,-0.010590809628008699,1.1758482776415962,1.2202080281482102,-0.0751983163347904,-0.41694309772901245,0.04845889340418878,0.05625587958607718,book_missed,True,5.149,3.158,3.512,2,112.2,110.71
2024-07-25,SMCI,Medium,GapFade_strongstock,4,CAUTION,-0.24302127659574463,-0.2982781404706021,-0.016260048344482695,1.26094971310996,1.0427478344978474,-0.09502976039070044,-0.42102522375915374,0.07640084562691227,0.04886911942098936,surfaced,False,6.253,1.847,2.181,2,69.2365,67.824
2024-08-02,IMNN,Small,GapFade_strongstock,4,CAUTION,-0.22542046134414667,-0.6328806830713003,-0.11937864744249918,0.4902483459583854,0.42033028538777334,-0.5963976446137859,-0.6328806830713003,0.31965695650041687,0.03671660687908843,surfaced,False,0.755,0.16,-0.997,2,16.044,15.3915
2024-08-05,TSM,Medium,GapFade_strongstock,1,NO-GO,-0.08331294347932455,-0.22540962423114688,-0.1067663152275457,0.7872002116840937,1.356050695112234,-0.09613992762364293,-0.22540962423114688,0.059082905950315526,0.10765890544283893,book_missed,True,3.641,3.26,3.463,1,137.1099,133.57
2024-08-05,RIVN,Large,GapFade_strongstock,3,NO-GO,-0.10243902439024379,-0.21930522407849376,-0.11956521739130432,0.7633698781516273,0.6876329057824543,-0.10298598415600241,-0.47540983606557374,0.06674495341614904,0.1273148148148147,book_missed,True,2.455,2.455,2.289,1,13.565,12.96
2024-08-05,BTC,Small,GapFade_strongstock,4,CAUTION,-0.9439516129032258,-0.9448904747745068,-0.2068345323741007,0.04124021642010168,4.048344450061945,-0.03967390365649338,-0.9448904747745068,1.2206950154162384,0.07954545454545454,surfaced,False,2.786,0.145,1.464,1,22.7,22.0
2024-08-05,SERV,Large,GapFade_strongstock,4,CAUTION,-0.13991769547325106,-0.3926940639269406,-0.30416951469583053,0.9094114808559604,0.31890664542195934,-0.1649543378995433,-0.3926940639269406,0.26306513035836343,0.36199999999999993,surfaced,True,3.845,3.307,3.212,1,11.1516,10.0
2024-08-05,SOXL,Medium,GapFade_weakstock,4,CAUTION,-0.3022592152199762,-0.5813356164383561,-0.1983640081799591,0.5379961148437915,2.323973822097657,-0.3390403243973868,-0.5813356164383561,0.2185646119388451,0.1868085106382979,surfaced,True,5.018,2.157,2.973,1,24.605,23.5
2024-08-05,COIN,Medium,GapFade_strongstock,3,NO-GO,-0.18727887099980128,-0.24989910108237023,-0.20754255527294074,1.0932231428284707,1.2036339072650943,-0.08878587983597795,-0.2788203753351207,0.08912765184336308,0.17588282753056542,book_missed,True,3.19,3.19,2.351,1,169.9,161.13
2024-08-05,JMIA,Medium,GapFade_strongstock,3,NO-GO,-0.2081481481481482,-0.2892287234042553,-0.15809167446211408,0.6481993002393911,0.6753556427237261,-0.11506622516556296,-0.2892287234042553,0.12699786182012562,0.18855218855218853,book_missed,True,3.65,2.733,2.949,1,9.338,8.91
2024-08-05,HUT,Medium,GapFade_strongstock,4,CAUTION,-0.15068493150684928,-0.4122749226240976,-0.18951612903225803,0.8169407384424454,0.8350311527110633,-0.15300546448087432,-0.45494505494505494,0.15595161290322576,0.21107628004179724,surfaced,False,2.835,2.062,2.561,1,10.14,9.57
2024-08-05,NVDL,Large,GapFade_strongstock,4,CAUTION,-0.17345399698340871,-0.41152677302616264,-0.281021897810219,0.8739300468190588,1.5997148648562662,-0.16885743174924164,-0.46215980135245216,0.15775981925616964,0.26102113570471314,surfaced,False,3.362,3.185,3.154,1,12.3,11.4167
2024-08-05,ARM,Medium,GapFade_strongstock,4,CAUTION,-0.11856110636314197,-0.39894039735099335,-0.13177611282503307,0.5311194193974046,1.3428463065801608,-0.21308177845598936,-0.39894039735099335,0.11451237171818918,0.14266501138009524,surfaced,True,2.793,2.199,2.104,1,101.1,96.66
2024-08-05,CAMT,Medium,GapFade_strongstock,4,CAUTION,-0.15994005994005986,-0.4014946619217082,-0.061838506362230976,0.7727627417963777,1.5826896461007631,-0.19914285714285712,-0.4014946619217082,0.1034138593004094,0.10710172744721676,surfaced,False,2.777,1.821,2.125,1,80.825,78.15
2024-08-05,TQQQ,ETF,GapFade_strongstock,4,CAUTION,-0.14348206474190722,-0.3105633802816901,-0.16019748042219958,0.7551492730181877,1.615648400933645,-0.13971880492091387,-0.3105633802816901,0.08375139841431975,0.0987704918032787,surfaced,False,3.586,2.796,2.0,1,25.2051,24.4
2024-08-05,XPOF,Small,GapFade_strongstock,4,CAUTION,-0.2705555555555555,-0.3071203541971197,-0.048743335872048786,3.8012376814035647,5.9891472815941,-0.23529411764705885,-0.554915254237288,0.1097970841040148,0.12193126022913259,surfaced,False,4.094,1.911,2.641,2,12.98,12.29
2024-08-05,CLSK,Medium,GapFade_strongstock,5,GO,-0.15749999999999997,-0.34211810639336254,-0.25185459940652816,1.21505628314283,1.1961808187176342,-0.15749999999999997,-0.4546925566343042,0.12210788469690545,0.3051391862955032,surfaced,True,1.579,1.579,1.561,1,10.4488,9.34
2024-08-05,NVDU,Medium,GapFade_strongstock,5,GO,-0.17457998539079625,-0.4094807088321829,-0.29203539823008845,0.8930251673050826,1.739278293936618,-0.1648189209164819,-0.46142847416082255,0.15556718439588227,0.2579119679883594,surfaced,False,1.851,1.851,1.181,1,61.38,54.98
2024-08-05,TSLT,Medium,GapFade_strongstock,5,GO,-0.1733247422680412,-0.4457883369330453,-0.220576773187841,0.6844304928120096,0.7981301627642949,-0.20508054522924413,-0.5412942438326779,0.1514591916267676,0.216580310880829,surfaced,False,4.057,2.839,2.915,1,10.18,9.65
2024-08-05,FNGU,Medium,GapFade_strongstock,5,GO,-0.18114973262032086,-0.3917461549224317,-0.2477842565597668,0.7586202301009228,1.4032052026728055,-0.1643521902256005,-0.3917461549224317,0.1156311328613078,0.18796252558652193,surfaced,False,2.594,2.594,2.39,1,272.53,254.04
2024-08-05,USD,Medium,GapFade_strongstock,5,GO,-0.1842412127269699,-0.4095019896298083,-0.21686746987951802,0.7537353692123893,1.7185419009087974,-0.19767346604407304,-0.4243225768529948,0.13356661512879603,0.18684210526315792,surfaced,False,4.764,3.069,4.515,1,19.825,19.0
2024-08-05,SMH,ETF,GapFade_strongstock,1,NO-GO,-0.10494181281757084,-0.22835341081711233,-0.07988829373254597,0.7012292996484646,1.8585487747428941,-0.11563221183043848,-0.22835341081711233,0.05327430821250349,0.06394333881989123,book_missed,True,4.611,2.765,3.022,1,203.7,200.49
2024-08-05,TSLA,Large,GapFade_strongstock,1,NO-GO,-0.08792656682331244,-0.23369003690036905,-0.10810420378485092,0.7699894358937293,0.6759123769857811,-0.10514069030895853,-0.3061244946373084,0.06472645474619762,0.09274725274725272,book_missed,True,3.984,2.918,2.843,1,186.39,182.0
2024-08-05,MARA,Large,GapFade_weakstock,2,NO-GO,-0.237017310252996,-0.3703296703296703,-0.18964514252472375,0.6715174771168029,0.8296767976953352,-0.1260803253685816,-0.4957465532414198,0.11998213246904346,0.24083102736416742,book_missed,True,8.975,3.542,7.035,1,13.99,13.6602
2024-08-05,NVDA,Large,GapFade_strongstock,2,NO-GO,-0.08729686037607423,-0.2121189864120456,-0.14179174046797793,0.9596230891470261,1.4887951838183684,-0.08331909075371731,-0.45256442970145444,0.071401670018245,0.10761936266402035,book_missed,True,3.356,2.982,2.394,1,93.61,90.69
2024-08-08,VIXY,Medium,GapFade_strongstock,4,CAUTION,-0.11006781429316655,-0.24245115452930732,-0.05158264947245012,1.3724685906424179,0.9563909730391871,-0.22910076818798014,-0.5568831168831169,0.12003768213029642,0.012258064516129,surfaced,False,2.628,0.474,-2.0,2,64.72,64.02
2024-08-08,UVXY,ETF,GapFade_strongstock,6,GO,-0.17185675360062275,-0.3540306664642478,-0.07050528789659224,1.468850355083321,1.1550544180650053,-0.31115428201392265,-0.7622905027932961,0.17579637401376533,0.02109818771977282,surfaced,False,2.268,0.463,-2.0,2,198.1,194.55
2024-08-09,SAVA,Medium,GapFade_strongstock,5,GO,-0.29694677114293433,-0.3834123222748816,-0.02728670253651041,1.3740225072474328,1.2195095333061925,-0.1466054444080026,-0.3834123222748816,0.19970874052926318,0.011569390882449628,surfaced,False,0.894,0.317,-2.0,2,26.3398,25.0006
2024-08-12,VXX,ETF,GapFade_weakstock,5,GO,-0.28007227671657203,-0.3871676554603383,-0.01891358910003585,1.0787897781518414,0.761935250283531,-0.19106663766224347,-0.6362275136691848,0.1585378783998361,0.06911362748926199,surfaced,False,4.406,0.325,-2.0,2,54.76,54.44
2024-08-12,SAVA,Medium,GapFade_strongstock,5,GO,-0.4096190218859767,-0.4822274881516588,-0.013272311212814768,1.0399132227969825,0.722577150059871,-0.2764900662251655,-0.4822274881516588,0.24381104936253675,0.048029533215352825,surfaced,False,3.345,0.521,0.538,2,22.62,21.3401
2024-08-12,UVXY,ETF,GapFade_weakstock,5,GO,-0.41144414168937327,-0.5409139213602551,-0.008597883597883486,1.0609929893516197,0.8135493036763366,-0.2893066980023502,-0.8310614525139665,0.27115646258503406,0.1078286558345642,surfaced,False,1.622,0.212,-2.0,2,151.5,148.8485
2024-08-13,UVXY,ETF,GapFade_weakstock,4,CAUTION,-0.4161152199299338,-0.5445574616669198,-0.03799999999999992,0.48445043033989565,0.8474374593967897,-0.2052980132450331,-0.8324022346368715,0.28073047619047625,0.008133156799697285,surfaced,False,1.686,0.146,-2.0,2,141.85,140.1
2024-08-13,RILY,Small,GapFade_weakstock,5,GO,-0.5452008928571429,-0.6081730769230769,-0.09202453987730061,1.3718813322647596,8.640051742921633,-0.5308002302820956,-0.8657691591878952,0.2504285714285714,0.04789550072568942,surfaced,False,1.37,0.749,-0.407,1,7.3963,6.89
2024-08-14,HUGE,Small,GapFade_weakstock,4,CAUTION,-0.5229007633587787,-0.726999726999727,-0.05799999999999997,0.8104426787741202,0.6792175097761528,-0.5,-0.9404726471813798,0.44050000000000006,0.033333333333333236,surfaced,False,2.524,0.511,-1.333,2,6.435,6.123
2024-08-15,UVXY,ETF,GapFade_weakstock,5,GO,-0.5356169715842739,-0.6377713678457568,-0.04107292539815584,0.2746859381331891,0.6347723858233216,-0.2046666666666667,-0.8667039106145252,0.3457274577894864,0.020947176684881576,surfaced,False,0.292,0.018,-1.0,1,114.85,113.65
2024-08-29,GOVX,Medium,GapFade_strongstock,4,CAUTION,-0.2076069730586371,-0.552772808586762,-0.022,0.8782221279304125,0.39913056038738287,-0.24242424242424243,-0.552772808586762,0.37707999999999997,0.13793103448275862,surfaced,False,2.735,0.504,2.412,1,113.0,108.75
2024-09-04,CONL,Medium,GapFade_weakstock,4,CAUTION,-0.3556046383213694,-0.6442951588174871,-0.029991431019708626,1.240305037012051,1.0797531907206572,-0.19958847736625515,-0.7328553573145439,0.15061115191577923,0.031398667935299725,surfaced,False,1.848,0.856,-1.152,2,21.8709,21.37
2024-09-05,VRAX,Medium,GapFade_strongstock,4,CAUTION,-0.24282982791587,-0.5599951110567896,-0.027777777777777776,0.28000233335277797,0.0846547828231803,-0.15021459227467812,-0.5599951110567896,0.43289682539682534,0.060526315789473685,surfaced,False,3.253,0.34,-2.0,2,99.7125,96.0
2024-09-05,NVDU,Medium,GapFade_strongstock,4,CAUTION,-0.17059686336454916,-0.35849550571603106,-0.023398177118759335,0.8257379108151933,1.226373216618533,-0.21806190830762684,-0.49948934431810443,0.13562110111355113,0.046392343320670985,surfaced,False,1.56,0.836,0.238,1,74.16,71.5506
2024-09-05,CONL,Medium,GapFade_weakstock,4,CAUTION,-0.4014356709000552,-0.6503225806451612,-0.021678966789667846,0.6507753523483693,1.2205384789707625,-0.21220930232558138,-0.7518553618928584,0.15947482867685822,0.022189349112426,surfaced,False,1.799,0.498,-2.0,2,21.658,21.19
2024-09-05,APDN,Small,GapFade_weakstock,4,CAUTION,-0.5180722891566265,-0.6610169491525424,-0.016666666666666666,0.7118016717170691,0.14812145754891537,-0.3717277486910995,-0.967741935483871,0.5853690476190476,0.1592920353982301,surfaced,False,12.667,1.1,4.5,2,58.5,58.0
2024-09-05,NVDL,Large,GapFade_strongstock,4,CAUTION,-0.1697240954462937,-0.3590957484861109,-0.023420879842416285,0.8230046430884115,1.0080201771837718,-0.21750165696464627,-0.5017453634183605,0.13616171090892035,0.04662162162162158,surfaced,False,1.513,0.832,0.245,1,15.3567,14.8
2024-09-05,NVDX,Medium,GapFade_strongstock,4,CAUTION,-0.17462686567164176,-0.36140237424361393,-0.022603978300180832,0.8247208908870699,1.2509051604105028,-0.21892655367231637,-0.5032116067017024,0.13704017049857914,0.048237476808905506,surfaced,False,1.531,0.837,0.259,1,11.185,10.78
2024-09-12,BLMZ,Small,GapFade_strongstock,5,GO,-0.419672131147541,-0.47321428571428575,-0.02824858757062147,1.2253429402593392,0.25653339637570965,-0.23043478260869568,-0.5883720930232559,0.2720326876513317,0.05294117647058815,surfaced,False,0.0,0.0,-0.591,1,19.2,17.0
2024-09-12,GME,Medium,GapFade_strongstock,4,CAUTION,-0.16673395236172786,-0.17489506296222265,-0.008236434108527214,1.0601458338651084,3.202209435570837,-0.14886597938144328,-0.6816288755205923,0.08134759136212626,0.02045920664298929,surfaced,False,0.408,0.108,-1.0,1,20.3801,20.16
2024-09-16,CNEY,Small,GapFade_weakstock,5,GO,-0.5389896505789528,-0.7188125,-0.0037786174705490487,1.0835946610780176,0.27434019314804364,-0.6763309352517985,-0.9318333333333333,0.41332550090496295,0.18949999999999995,surfaced,False,11.737,3.282,8.425,2,11.5,10.845
2024-09-20,BLMZ,Small,GapFade_strongstock,4,CAUTION,-0.4491978609625668,-0.6934523809523809,-0.009708737864077808,0.836318146441247,0.061512083714563834,-0.3641975308641975,-0.7604651162790699,0.5105596393897364,0.14285714285714293,surfaced,False,0.052,0.013,-2.0,2,11.0,10.2
2024-09-30,YANG,Medium,GapFade_weakstock,4,CAUTION,-0.03381642512077292,-0.5746128977369406,-0.057499999999999926,0.49138383111577266,3.9711125267218694,-0.2537313432835821,-0.791231732776618,0.14642321428571425,0.10638297872340426,surfaced,False,0.076,0.036,-1.0,1,78.002,75.4
2024-10-02,PLCE,Medium,GapFade_strongstock,4,CAUTION,-0.1603325415676959,-0.28368794326241126,-0.007779349363507864,0.7247684674099024,0.15939756407223915,-0.16921269095182134,-0.6281882724165133,0.20003461810466755,0.090711175616836,surfaced,False,3.347,0.834,2.546,1,14.1297,13.78
2024-10-03,FTCI,Small,GapFade_strongstock,4,CAUTION,-0.2291574442968865,-0.2509320332664181,-0.004594180704441045,1.2131656321463573,0.1105796957390231,-0.2324419629738466,-0.8650129198966408,0.1674141325749289,0.040000000000000036,surfaced,False,1.847,0.611,-0.454,2,5.3,5.156
2024-10-04,LASE,Small,GapFade_strongstock,4,CAUTION,-0.4050550874918989,-0.5363636363636364,-0.029411764705882307,0.8080165952890797,0.575468179386282,-0.35624123422159887,-0.5363636363636364,0.37208839091192036,0.02467343976777938,surfaced,False,2.24,0.338,-0.188,1,7.14,6.89
2024-10-07,DUO,Medium,GapFade_strongstock,6,GO,-0.28328611898017,-0.4582441113490364,-0.075098814229249,2.6468954038853645,0.6723357782248149,-0.4223744292237443,-0.7751111111111112,0.2807375776397516,0.28402366863905326,surfaced,False,3.417,1.248,2.0,2,35.9968,34.88
2024-10-08,DUO,Medium,GapFade_strongstock,5,GO,-0.38526912181303113,-0.5353319057815846,-0.14746543778801838,0.8457308020269657,0.4456180595943755,-0.4244031830238727,-0.6469822677728974,0.35417791310072416,0.037499999999999895,surfaced,False,1.276,0.565,-2.0,2,30.96,28.64
2024-10-08,TIL,Small,GapFade_strongstock,5,GO,-0.4112879457707043,-0.5657608695652173,-0.012015018773466932,1.2732993046745151,0.5408619765983419,-0.2361376673040152,-0.5657608695652173,0.18179688896835328,0.08354892710394171,surfaced,False,0.41,0.282,-2.0,2,40.0,37.5367
2024-10-08,RDFN,Medium,GapFade_strongstock,4,CAUTION,-0.16774193548387098,-0.32504905166775666,-0.0038759689922481513,1.031688985966407,0.8849276587428544,-0.08712958867757624,-0.39186800235710073,0.09918258582502769,0.014836795252225555,surfaced,False,,,,0,,
2024-10-08,LASE,Small,GapFade_strongstock,4,CAUTION,-0.7200259235255995,-0.7818181818181819,-0.03703703703703707,0.4380194461380484,5.036149814385187,-0.5294117647058824,-0.7818181818181819,0.8244179894179895,0.9062499999999999,surfaced,False,,,,0,,
2024-10-09,TIL,Small,GapFade_strongstock,5,GO,-0.4753905098732685,-0.6130434782608696,-0.01882022471910117,1.18736610021424,0.5832927399960035,-0.2656765676567656,-0.6130434782608696,0.19292536115569822,0.10678499856856562,surfaced,False,4.006,1.392,2.485,1,36.1007,34.93
2024-10-10,SRRK,Medium,GapFade_strongstock,4,CAUTION,-0.16077364762768218,-0.21509105452530958,-0.06301764494058336,1.186495954421517,1.77808417711201,-0.18990665110851812,-0.21509105452530958,0.11593677658315756,0.08916666666666669,surfaced,False,2.617,1.18,1.139,2,25.465,24.36
2024-10-24,NNE,Medium,GapFade_strongstock,6,GO,-0.23222565687789792,-0.28525179856115107,-0.08454957221942626,1.3606620477290223,1.336015370109492,-0.2737573099415204,-0.4702745934417488,0.18678553454597746,0.030252100840336086,surfaced,False,1.203,0.637,-0.372,1,18.7486,17.85
2024-11-01,DJT,Medium,GapFade_strongstock,6,GO,-0.2564695981485377,-0.35369422092172637,-0.06281833616298828,1.7937736559265036,1.6047003440891974,-0.31391962725684325,-0.5547996976568405,0.1648474007599644,0.01764901764901757,surfaced,False,2.297,0.518,-2.0,2,34.58,32.82
2024-11-04,LTBR,Small,GapFade_strongstock,5,GO,-0.41186027619821286,-0.4901408450704225,-0.0013812154696132301,1.7323662356774936,1.0807166178919505,-0.3258845437616387,-0.4901408450704225,0.3284875690607735,0.07443609022556379,surfaced,False,0.333,0.093,-1.0,1,7.54,7.21
2024-11-04,DJTWW,Small,GapFade_strongstock,4,CAUTION,-0.40440576556975805,-0.5114878429623021,-0.014611872146118735,0.8849098865638815,0.7800008012657843,-0.26878130217028384,-0.5114878429623021,0.28948075668623613,0.2634546386468476,surfaced,False,0.255,0.154,-1.0,1,22.8825,21.0
2024-11-04,DJT,Medium,GapFade_strongstock,4,CAUTION,-0.3570376604249948,-0.4411119239209949,-0.007198952879581115,0.9647370770510482,1.1743453733226639,-0.236572570572071,-0.6150163769211388,0.19163659311892298,0.18905817174515252,surfaced,False,8.529,2.118,5.521,2,31.9552,30.23
2024-11-05,TVGN,Medium,GapFade_strongstock,4,CAUTION,-0.2032520325203252,-0.3656957928802589,-0.01020408163265306,0.7258300836282487,0.08121274063308376,-0.22529644268774704,-0.9070649596965387,0.3233454810495627,0.01775147928994083,surfaced,False,1.124,0.219,-2.0,2,97.06,94.0
2024-11-06,TVGN,Medium,GapFade_strongstock,4,CAUTION,-0.3008130081300813,-0.44336569579288027,-0.01744186046511628,0.6050542501649114,0.10462975349438995,-0.2742616033755274,-0.9184447605500237,0.36514119601328904,0.04,surfaced,False,1.036,0.13,-2.0,2,83.5,81.57
2024-11-07,TVGN,Medium,GapFade_strongstock,5,GO,-0.4715447154471545,-0.5792880258899676,-0.046153846153846156,0.9731314612137604,0.14706863832741296,-0.336734693877551,-0.9383594120436226,0.43475824175824174,0.1066886710028152,surfaced,False,3.429,0.445,-2.0,2,63.5,61.75
2024-11-08,UVXY,ETF,GapFade_weakstock,4,CAUTION,-0.28903095558546427,-0.3274984086569064,-0.0014197823000473798,0.2926976754658236,0.9442062568135324,-0.18699499807618303,-0.797799043062201,0.10509803258738419,0.008719109783708281,surfaced,False,5.107,0.551,-0.571,2,104.8495,104.15
2024-11-08,SPPL,Small,GapFade_weakstock,5,GO,-0.4013605442176871,-0.5268817204301075,-0.09079545454545451,2.047152087069157,0.11987847871560428,-0.47928994082840237,-0.9091369038399982,0.2608390827922078,0.3333333333333333,surfaced,False,,,,0,,
2024-11-08,TVGN,Medium,GapFade_strongstock,4,CAUTION,-0.5365853658536586,-0.6310679611650486,-0.02631578947368421,0.6751892797319932,0.11800209493268218,-0.3372093023255814,-0.9459459459459459,0.4675751879699248,0.2079207920792079,surfaced,False,10.75,0.829,8.46,2,56.0,53.0
2024-11-11,TSLQ,Medium,GapFade_weakstock,5,GO,-0.4631197097944378,-0.6718403547671841,-0.15540540540540543,0.950116659176676,4.866616112850487,-0.21206743566992017,-0.8146911519198664,0.26132400257400257,0.06717805331498586,surfaced,False,3.329,0.964,-0.419,2,139.32,131.4
2024-11-11,TSLZ,Medium,GapFade_weakstock,5,GO,-0.46455834242093785,-0.6733200266134398,-0.1568228105906314,0.9488753457719391,4.783083937022033,-0.2131410256410256,-0.9190395551957313,0.2640064009310445,0.06366047745358086,surfaced,False,3.923,0.933,-0.231,2,85.5,80.4
2024-11-11,FCEL,Small,GapFade_weakstock,4,CAUTION,-0.3418421052631579,-0.40310262529832935,-0.10035985605757698,1.2997735586134822,2.3351728183870586,-0.2792507204610951,-0.8640760869565217,0.1639629862340778,0.08617886178861778,surfaced,False,3.106,0.954,2.059,1,6.32,6.15
2024-11-12,DUO,Small,GapFade_strongstock,5,GO,-0.258,-0.8093361884368309,-0.0453728661275831,1.442183878444503,0.915105251647974,-0.35478260869565215,-0.8093361884368309,0.18689834424335766,0.052073170731707405,surfaced,False,,,,0,,
2024-11-12,YINN,Medium,GapFade_strongstock,4,CAUTION,-0.05059523809523818,-0.4616987706819889,-0.08808777429467081,0.29607297507164027,0.6454928441873954,-0.17207370879833903,-0.4616987706819889,0.0810293327362293,0.011773100249732368,surfaced,False,2.318,0.302,-2.0,2,29.1974,28.93
2024-11-13,DRUG,Medium,GapFade_strongstock,5,GO,-0.2840129916997474,-0.4978486459124272,-0.030745967741935457,1.308290765535283,0.09824230539520848,-0.14886314886314883,-0.4978486459124272,0.16816604262672816,0.0964638585543422,surfaced,False,2.662,1.268,1.247,1,40.0,38.46
2024-11-13,MSTZ,Small,GapFade_weakstock,4,CAUTION,-0.4600638977635783,-0.8933753943217665,-0.04733727810650871,0.38731919783782237,4.965961487550987,-0.5633074935400517,-0.9342156481121059,0.5958114961961116,0.3517241379310346,surfaced,False,18.0,1.126,15.0,2,30.8,30.0
2024-11-20,MSTZ,Small,GapFade_weakstock,5,GO,-0.4540540540540541,-0.9157982492705294,-0.13267326732673265,0.5693765413403712,3.8013710592014487,-0.44198895027624313,-0.9606850914752822,0.8172913719943423,0.2086245353159852,surfaced,False,4.318,0.254,-2.0,2,17.182,16.088
2024-11-21,MSTZ,Small,GapFade_weakstock,5,GO,-0.5606486486486486,-0.9322384326802835,-0.2421259842519685,0.2777876420454547,7.025872447021805,-0.3979259259259259,-0.9683612300506034,0.9898762654668167,0.7833333333333332,surfaced,False,,,,0,,
2024-11-22,APLM,Small,GapFade_weakstock,4,CAUTION,-0.3815064298836497,-0.7192884936075596,-0.009900990099009866,0.6883141847432315,0.13416718867868416,-0.3852708460133902,-0.9797995959919198,0.38262517680339464,0.07746478873239439,surfaced,False,,,,0,,
2024-11-22,CONL,Medium,GapFade_strongstock,4,CAUTION,-0.1645804357904496,-0.25751957148743304,-0.0024047354790973467,1.4949864656540908,1.1661955139566247,-0.17954166034299587,-0.38124081475682275,0.20750079276993816,0.09344012204424115,surfaced,False,3.673,1.044,2.164,1,54.03,52.44
2024-11-25,APLM,Small,GapFade_weakstock,4,CAUTION,-0.43784445805266375,-0.7448582545858811,-0.08496732026143784,0.5860245188921944,0.12837961801284217,-0.38718291054739656,-0.9808749999999999,0.43310924369747905,0.19975186104218354,surfaced,False,2.013,0.83,0.181,2,8.6254,8.33
2024-11-26,BTCT,Medium,GapFade_strongstock,5,GO,-0.20125130344108444,-0.42362678705793827,-0.1031331592689295,0.45768527353115657,0.08277862668327306,-0.1417366946778712,-0.42362678705793827,0.32300121223424094,0.12016070124178242,surfaced,False,1.373,0.602,0.541,1,14.6635,13.69
2024-12-03,QMCO,Medium,GapFade_strongstock,6,GO,-0.2678780773739741,-0.6215151515151515,-0.089671737389912,1.3217031386361033,0.6730392674646019,-0.3006718924972004,-0.6215151515151515,0.3846602996683061,0.2814479638009049,surfaced,False,14.86,1.461,11.674,2,12.34,11.28
2024-12-04,UMAC,Medium,GapFade_strongstock,5,GO,-0.46549391069012186,-0.49830651989839125,-0.07172995780590714,0.7994200480645101,1.3022196965642425,-0.3673251468232782,-0.49830651989839125,0.2427920433996383,0.018675721561969342,surfaced,False,2.735,0.696,-2.0,2,10.45,10.11
2024-12-04,AGFY,Medium,GapFade_strongstock,5,GO,-0.39974078874282537,-0.6160587399336807,-0.005860579888957582,1.2165158536186325,0.17401854156426005,-0.4287224669603524,-0.6160587399336807,0.4376608354631179,0.166335321404904,surfaced,False,5.095,0.838,-2.0,2,33.2,32.04
2024-12-05,UMAC,Small,GapFade_strongstock,4,CAUTION,-0.5940460081190798,-0.6189669771380186,-0.0011111111111110875,0.8387121073024213,1.125641405933222,-0.40278699402786994,-0.6189669771380186,0.3371571428571428,0.1414253897550111,surfaced,False,0.724,0.535,-0.098,1,10.0993,8.98
2024-12-05,SNTI,Small,GapFade_strongstock,5,GO,-0.3376753507014028,-0.6097992916174735,-0.060514372163388855,1.0421885022168742,0.2560964220725944,-0.33899999999999997,-0.6097992916174735,0.23080721850010807,0.0,surfaced,False,5.0,1.012,-0.862,1,6.345,6.2
2024-12-10,BTCT,Medium,GapFade_strongstock,4,CAUTION,-0.44088397790055256,-0.6192626034612492,-0.0019762845849801954,0.6501799605247881,0.0696037444283042,-0.35376756066411247,-0.6192626034612492,0.2796428571428572,0.015053763440860084,surfaced,False,0.667,0.099,-2.0,2,9.71,9.5
2024-12-11,TEM,Medium,GapFade_strongstock,4,CAUTION,-0.20830401125967632,-0.4338903433014761,-0.06488888888888893,0.43805525965145464,1.711036529023902,-0.10785091197462328,-0.4338903433014761,0.13544714285714282,0.0770573566084787,surfaced,False,0.063,0.032,-1.0,1,41.8,40.36
2024-12-11,ZETA,Medium,GapFade_strongstock,4,CAUTION,-0.17777777777777778,-0.4382198952879581,-0.007455731593662635,0.7981750159686093,0.6121376773738795,-0.1802902979373567,-0.4382198952879581,0.10942950339502064,0.03211888782358589,surfaced,False,1.882,0.185,-1.0,1,20.9845,20.87
2024-12-12,SMCX,Medium,GapFade_strongstock,4,CAUTION,-0.22848557692307697,-0.4605882352941177,-0.031001713662564184,0.5954243355914312,0.8834779754788086,-0.2596309111880047,-0.8442746239689471,0.2536061469298734,0.022435376361567266,surfaced,False,1.976,0.451,-0.222,2,131.1794,124.1
2024-12-13,SMCX,Medium,GapFade_strongstock,4,CAUTION,-0.24411057692307694,-0.38162413878206797,-0.045953251709333766,0.47938178752576566,0.4998032475878803,-0.1296706338223084,-0.8474284327996119,0.25341378370397294,0.05462794918330305,surfaced,False,0.858,0.235,-2.0,2,116.4304,112.1928
2024-12-13,SERV,Medium,GapFade_strongstock,4,CAUTION,-0.22804628999319262,-0.24349566377585058,-0.006172839506172864,1.3270575011415924,1.1728279076542625,-0.17467248908296945,-0.5292652552926526,0.12552469135802466,0.21111111111111103,surfaced,False,2.046,2.046,1.974,1,11.56,10.8
2024-12-16,SMCX,Medium,GapFade_strongstock,4,CAUTION,-0.3015625,-0.4286242439915085,-0.27723283427981416,0.40345035190328077,0.7532162737287609,-0.09471880355195511,-0.8590247452692867,0.26684723553851075,0.16253907189228173,surfaced,False,1.273,1.273,0.195,1,94.54,83.18
2024-12-16,NVDU,Medium,GapFade_strongstock,4,CAUTION,-0.04355260510963587,-0.33279539713724393,-0.000946471763592422,1.184591763554827,1.0905190571093797,-0.18643052703627647,-0.3525566827806904,0.09143946336553337,0.025412394115024533,surfaced,False,1.871,0.5,-0.151,2,92.1,89.86
2024-12-17,TSLZ,Medium,GapFade_weakstock,4,CAUTION,-0.19260700389105057,-0.7882653061224489,-0.045783132530120445,1.0050972790580803,1.7120611071861374,-0.19573643410852715,-0.9657855554034913,0.14384509466437176,0.018518518518518594,surfaced,False,3.013,1.265,-1.418,2,41.0,39.2
2024-12-19,ETHU,Medium,GapFade_strongstock,4,CAUTION,-0.16112531969309457,-0.21593625498007962,-0.00711382113821141,1.3822697324700486,1.059544475523424,-0.17241379310344826,-0.39108910891089105,0.11469294425087105,0.03562340966921134,surfaced,False,0.509,0.053,-2.0,2,197.0,194.8
2024-12-19,ZJK,Small,GapFade_strongstock,4,CAUTION,-0.3222486144101346,-0.7193433421093184,-0.047897196261682255,0.46111024835445796,0.16895435368779807,-0.22393472348141424,-0.7193433421093184,0.4889661214953271,0.04761904761904773,surfaced,False,0.563,0.116,-1.0,1,8.03,7.6204
2024-12-19,WKEY,Small,GapFade_strongstock,5,GO,-0.3,-0.45,-0.0363636363636364,1.513620061060556,0.5067208569953764,-0.35833333333333334,-0.45,0.18777551020408167,0.039861351819757446,surfaced,False,7.647,1.537,2.393,1,5.91,5.77
2024-12-20,DPST,Medium,GapFade_strongstock,5,GO,-0.21936247318985289,-0.3941568132246585,-0.023022264329701492,1.2926170005601436,1.9015035380217518,-0.17699805068226124,-0.3941568132246585,0.09000575218244573,0.08013290335190074,surfaced,False,1.401,1.401,0.644,1,107.19,102.33
2024-12-20,RIOT,Medium,GapFade_strongstock,5,GO,-0.22667588113337947,-0.2948960302457467,-0.024128686327077712,1.1880200906633755,0.6993189913892095,-0.1989978525411597,-0.4032,0.11997191369845527,0.07043558850787782,surfaced,False,3.081,1.049,2.543,1,11.013,10.79
2024-12-20,RGTI,Large,GapFade_strongstock,5,GO,-0.3288409703504044,-0.41411764705882353,-0.028112449799196783,1.9120352305033723,1.1410100424420726,-0.3288409703504044,-0.41411764705882353,0.24014725568942438,0.352092352092352,surfaced,True,4.575,2.965,3.393,1,7.495,6.93
2024-12-20,SERV,Medium,GapFade_strongstock,5,GO,-0.18036809815950927,-0.240909090909091,-0.040419161676646644,1.154365794214263,1.1431766837593709,-0.19904076738609114,-0.4454130344541304,0.16145423438836615,0.1431924882629108,surfaced,False,,,,0,,
2024-12-20,MSTX,Medium,GapFade_strongstock,6,GO,-0.419647577092511,-0.7019322141273361,-0.04804918779414011,1.118122640781057,1.1855972530350856,-0.29678659122451156,-0.7019322141273361,0.2570238998893925,0.3020580918225583,surfaced,False,3.7,1.827,3.7,1,658.8,619.02
2024-12-20,MSTR,Large,GapFade_strongstock,4,CAUTION,-0.23162379080659973,-0.3987845303867404,-0.021717821478894735,1.260321350450646,0.7992287539508173,-0.15516795196935984,-0.3987845303867404,0.10698891135207989,0.1488958990536277,surfaced,True,3.604,2.194,3.601,1,327.4,317.0
2024-12-20,IREN,Medium,GapFade_strongstock,4,CAUTION,-0.19042553191489367,-0.2829773869346734,-0.025843188786684183,1.0148373915664675,0.765207715582726,-0.16860888565185733,-0.2829773869346734,0.13077967586508976,0.0685848715164677,surfaced,False,1.825,0.949,1.032,1,11.43,11.052
2024-12-20,MARA,Medium,GapFade_strongstock,4,CAUTION,-0.153014553014553,-0.3272787318361955,-0.02405498281786951,1.3340354572582058,0.6051582574104881,-0.17195121951219514,-0.4024640657084189,0.11187039764359351,0.010632911392405107,surfaced,False,4.736,0.446,-2.0,2,20.3235,19.81
2024-12-20,MSTU,Medium,GapFade_strongstock,6,GO,-0.3917464114832535,-0.6771425496595712,-0.04719764011799407,1.1025529038520476,0.8111144546142777,-0.3128378378378378,-0.6771425496595712,0.2630883551060542,0.3061650992685475,surfaced,False,3.883,1.828,3.867,1,101.7,95.7
2024-12-20,ETHU,Medium,GapFade_strongstock,5,GO,-0.3060528559249786,-0.3513944223107569,-0.02948402948402955,1.6162846131313078,1.5501257578524819,-0.2777284826974268,-0.49628712871287123,0.15277553527553528,0.08376288659793815,surfaced,False,5.95,1.331,2.816,2,158.9,156.6
2024-12-20,PRTG,Small,GapFade_strongstock,5,GO,-0.3419572553430822,-0.5461598138091545,-0.0769230769230768,1.6517878329281859,0.10089141391381777,-0.35287610619469023,-0.9001706484641638,0.23155433455433458,0.10370370370370363,surfaced,False,1.35,0.864,0.475,1,5.8,5.4
2024-12-24,VXX,ETF,GapFade_weakstock,4,CAUTION,-0.2049444643496954,-0.21934916446789796,-0.009238395673726987,1.5429601203389736,0.9869972456441123,-0.20947630922693264,-0.5944068726009869,0.06483969613081826,0.0023707918444760886,surfaced,False,3.167,0.333,-2.0,2,43.61,43.37
2024-12-24,UVXY,ETF,GapFade_weakstock,5,GO,-0.28762777581952764,-0.3069272976680385,-0.025235032162295865,1.3674076667250135,1.031473966651525,-0.29753215154675006,-0.7997026759167493,0.10095780024033364,0.005411255411255411,surfaced,False,2.818,0.312,-2.0,2,97.0,96.1915
2024-12-30,MSTU,Medium,GapFade_strongstock,4,CAUTION,-0.10714285714285714,-0.6825393801962352,-0.08,0.5504780304156142,0.692938362998964,-0.15682967959527822,-0.6825393801962352,0.2307085714285714,0.014550794286477082,surfaced,False,0.56,0.132,-2.0,2,90.6,88.1
2024-12-30,SMCX,Medium,GapFade_strongstock,4,CAUTION,-0.17374738045341978,-0.5735576228172728,-0.04888171547152404,0.5696881811521884,0.4126949649474633,-0.1358836421597928,-0.8947840853954391,0.21851773773839725,0.04094542091140215,surfaced,False,0.0,0.0,-1.0,1,79.59,78.06
2024-12-30,MSTX,Medium,GapFade_strongstock,4,CAUTION,-0.11547503803070114,-0.7105751391465678,-0.069262038774234,0.5247533570841332,0.747617137844364,-0.15963736696886086,-0.7105751391465678,0.2282051282051282,0.007618906442717595,surfaced,False,0.829,0.167,-2.0,2,580.21,566.5
2024-12-31,MSTX,Medium,GapFade_weakstock,4,CAUTION,-0.2667680818697275,-0.7600796416127427,-0.20369671821953989,0.5037346437594384,1.190603440350989,-0.22801397786837496,-0.7600796416127427,0.26699479980600316,0.032061982392166045,surfaced,False,1.263,0.131,-2.0,2,406.0,390.103
2025-01-02,TSLT,Medium,GapFade_strongstock,4,CAUTION,-0.25093929207039745,-0.33427065026362035,-0.06705385427666312,0.8795047805834765,0.7893296970503164,-0.12879484820607165,-0.33427065026362035,0.14767838286317697,0.036482694106641775,surfaced,False,1.708,0.786,0.052,2,33.4,32.2
2025-01-02,TSLL,Medium,GapFade_strongstock,4,CAUTION,-0.25230852797392717,-0.3366265060240964,-0.06647293861242287,0.910726745253571,0.9331868762338746,-0.12879746835443037,-0.3366265060240964,0.14837086814384307,0.0355308219178083,surfaced,False,1.694,0.768,0.0,2,24.335,23.47
2025-01-02,TSLR,Medium,GapFade_strongstock,4,CAUTION,-0.2519889311656866,-0.33204633204633205,-0.06751445086705206,0.8874311417498675,0.6485259040460346,-0.12696810658054097,-0.33204633204633205,0.14642510322047897,0.03462377317339158,surfaced,False,2.031,0.782,0.377,2,38.17,36.8
2025-01-03,NXU,Small,GapFade_strongstock,5,GO,-0.5078534031413613,-0.5822222222222222,-0.2198936170212766,0.7683462262178555,0.21203974184876334,-0.3733333333333333,-0.9490928784186298,0.29075987841945283,0.1606301770342699,surfaced,False,0.149,0.049,-2.0,2,15.3,14.6
2025-01-03,IDAI,Small,GapFade_strongstock,6,GO,-0.30306122448979594,-0.45360000000000006,-0.22518301610541724,2.5577963600590268,2.646726533432595,-0.4308333333333334,-0.7268000000000001,0.29765739385065887,0.23913043478260873,surfaced,False,5.35,1.359,3.5,2,7.6215,7.272
2025-01-06,MSTZ,Medium,GapFade_strongstock,6,GO,-0.2639846743295019,-0.3355424270514824,-0.06194690265486732,1.7224990138032779,0.6993263877708017,-0.316126735493058,-0.9626119112495135,0.21396705584888825,0.02722746349536671,surfaced,False,0.511,0.207,-2.0,2,19.24,18.02
2025-01-06,SMST,Medium,GapFade_strongstock,6,GO,-0.2642487046632125,-0.3376093294460642,-0.058098591549295725,1.752097581611788,0.9893887724744477,-0.3189448441247003,-0.952027027027027,0.21402917505030186,0.023529411764705882,surfaced,False,0.429,0.195,-2.0,2,114.172,107.0
2025-01-07,HOLO,Medium,GapFade_weakstock,5,GO,-0.2754158964879852,-0.5762162162162162,-0.13775510204081645,1.1010282851233653,1.064525231258893,-0.3241379310344827,-0.9980081300813007,0.31276421282798833,0.0202702702702702,surfaced,False,1.4,0.199,-2.0,2,133.624,130.4
2025-01-08,LAES,Large,GapFade_strongstock,4,CAUTION,-0.10401002506265665,-0.35,-0.3034965034965035,0.5464799674309685,0.3558266204746436,-0.12162162162162164,-0.35,0.2674715284715285,0.6230769230769232,surfaced,True,2.61,2.41,2.293,1,3.865,3.25
2025-01-08,GTI,Small,GapFade_weakstock,4,CAUTION,-0.5,-0.8571428571428571,-0.039399999999999956,0.6365082973403047,0.16202529427091636,-0.4382022471910112,-0.9642857142857143,0.7541142857142857,0.021699819168173616,surfaced,False,1.193,0.116,0.0,1,27.6,26.544
2025-01-08,HOLO,Medium,GapFade_weakstock,5,GO,-0.4417744916820703,-0.6735135135135135,-0.10596026490066222,0.6850343351219103,0.6605266325060146,-0.33480176211453744,-0.9984654471544715,0.42536660359508044,0.004739336492890894,surfaced,False,0.9,0.157,-2.0,2,104.8,98.0
2025-01-08,GRRR,Medium,GapFade_strongstock,5,GO,-0.28953974895397483,-0.3438923643445299,-0.04004711425206123,0.9317032722929791,1.0576187052149673,-0.27806122448979587,-0.3438923643445299,0.23387640922093217,0.04497189256714546,surfaced,False,1.0,0.83,-0.564,1,17.5926,16.01
2025-01-08,QMCO,Medium,GapFade_strongstock,5,GO,-0.16447490275977036,-0.5023168578993822,-0.26690312569275104,0.44488624401371923,0.34073075351132387,-0.17122910159838325,-0.5023168578993822,0.35649333375558157,0.05576083305340948,surfaced,False,2.557,0.638,0.163,1,31.2403,29.77
2025-01-10,SMR,Medium,GapFade_strongstock,5,GO,-0.16574819838914795,-0.39071207430340554,-0.006605691056910518,1.079977495635429,0.9844260049771533,-0.16821639898562976,-0.39071207430340554,0.12515316492450643,0.07274180655475611,surfaced,False,0.436,0.139,-2.0,2,19.5,19.1524
2025-01-10,GRRR,Medium,GapFade_strongstock,5,GO,-0.29999999999999993,-0.35355237075877416,-0.0872683801554095,0.7729800640573863,1.0006481341516409,-0.15119228817858957,-0.35355237075877416,0.24474254973956108,0.007419449680911846,surfaced,False,0.954,0.332,-2.0,2,13.75,13.1
2025-01-10,KULR,Medium,GapFade_strongstock,5,GO,-0.18235294117647063,-0.49362477231329693,-0.08633093525179848,0.5499425559234978,0.539589693991993,-0.19884726224783872,-0.49362477231329693,0.30415210688591987,0.04782608695652188,surfaced,False,2.611,0.608,-0.667,2,19.96,18.8
2025-01-10,RGTI,Large,GapFade_strongstock,5,GO,-0.492929292929293,-0.531279178338002,-0.016434262948207087,1.0451481927963235,1.523589470598127,-0.48539210661199395,-0.531279178338002,0.3735721400113831,0.05931198102016608,surfaced,False,3.277,0.96,-0.074,1,8.9701,8.43
2025-01-10,SOUN,Large,GapFade_strongstock,4,CAUTION,-0.2775372775372775,-0.39871897518014415,-0.03861517976031958,0.727525176146756,0.909983043245544,-0.24484665661136254,-0.39871897518014415,0.23427287426288762,0.05939849624060144,surfaced,False,0.027,0.005,-2.0,2,14.36,13.8626
2025-01-10,ETHU,Medium,GapFade_strongstock,4,CAUTION,-0.19584245076586437,-0.41434262948207173,-0.009523809523809563,0.8216501534670427,0.9209367987606468,-0.21891604675876722,-0.5451732673267327,0.13329737609329442,0.04279347496862964,surfaced,False,5.652,1.01,1.307,2,143.6,142.4
2025-01-10,INOD,Medium,GapFade_strongstock,4,CAUTION,-0.19350592365072403,-0.3336958491934023,-0.03291621327529926,0.7984736067984962,1.0902397689047718,-0.15996343692870202,-0.3336958491934023,0.11889864759832115,0.0570252792475014,surfaced,False,0.644,0.137,-2.0,2,34.92,34.6
2025-01-10,NUKK,Medium,GapFade_strongstock,4,CAUTION,-0.20724801812004526,-0.7318692543411645,-0.0009523809523809321,0.3568461670314077,0.02629706906004689,-0.2539964476021314,-0.7318692543411645,0.6826204081632652,0.0,surfaced,False,0.0,0.0,-2.0,2,21.2,20.76
2025-01-10,CRNC,Medium,GapFade_strongstock,4,CAUTION,-0.17457805907172996,-0.4309090909090909,-0.027476038338658127,0.9945002802581706,0.6632441968511092,-0.22447968285431116,-0.4309090909090909,0.16448288452761298,0.10503282275711155,surfaced,False,3.49,1.422,0.804,2,15.27,14.6
2025-01-13,INOD,Medium,GapFade_strongstock,4,CAUTION,-0.2110574813514699,-0.34819648359615735,-0.05506117908787553,0.5166765530629848,0.8270419758136924,-0.080306905370844,-0.34819648359615735,0.11787064992849197,0.02735095267363247,surfaced,False,1.213,0.363,-2.0,2,33.7078,33.1
2025-01-13,SMCX,Medium,GapFade_strongstock,4,CAUTION,-0.20402561756633117,-0.572279377278104,-0.1098850574712644,0.9357542309442392,0.8501761302413324,-0.10787530762920423,-0.8944687045123726,0.1566183908045977,0.16122388937922907,surfaced,False,4.043,1.536,3.705,1,70.284,67.98
2025-01-13,XTIA,Small,GapFade_weakstock,4,CAUTION,-0.5110367892976588,-0.8781666666666667,-0.015047879616962988,0.7073257661748015,3.4499399657738317,-0.7437335670464505,-0.9954254603482533,0.8608559702950948,0.18244406196213436,surfaced,False,2.209,0.307,0.465,2,6.63,6.4201
2025-01-13,ARQQ,Small,GapFade_strongstock,4,CAUTION,-0.46588693957115007,-0.5847698427732525,-0.08759124087591248,0.4817532702574165,0.6382093413994648,-0.38599439775910366,-0.5847698427732525,0.4015139468196037,0.075,surfaced,False,1.088,0.164,-2.0,2,19.93,18.8
2025-01-13,SOUN,Large,GapFade_strongstock,4,CAUTION,-0.32227032227032226,-0.43594875900720576,-0.04542228530872964,0.3938682177136013,0.6054113317797388,-0.21613351877607795,-0.43594875900720576,0.2324490520125722,0.009448818897637875,surfaced,False,0.508,0.065,-2.0,2,13.5505,13.01
2025-01-13,KULR,Medium,GapFade_strongstock,5,GO,-0.29117647058823526,-0.5610200364298725,-0.11618257261410798,0.40926099158091694,0.5493829893008457,-0.2607361963190183,-0.5610200364298725,0.3295080023710729,0.22099447513812148,surfaced,False,1.434,0.739,1.187,1,15.9264,14.48
2025-01-13,QUBT,Large,GapFade_strongstock,5,GO,-0.5002782415136338,-0.669244935543278,-0.1080178173719377,0.40601535476250705,0.46144859099435465,-0.48656375071469404,-0.669244935543278,0.4525485205217944,0.01716068642745701,surfaced,False,0.162,0.055,-2.0,2,8.48,7.8638
2025-01-13,RGTI,Large,GapFade_strongstock,5,GO,-0.548989898989899,-0.5830999066293184,-0.17917133258678608,0.622169551783976,0.9089404600187494,-0.514410005437738,-0.5830999066293184,0.4157686770116782,0.01680672268907557,surfaced,False,1.757,0.238,-2.0,2,8.0076,7.07
2025-01-13,RCAT,Medium,GapFade_strongstock,5,GO,-0.2976190476190476,-0.3433156340637829,-0.04975074775672969,0.7124689533271367,0.7047559250340913,-0.23200612557427266,-0.3433156340637829,0.2336810995584675,0.038975501113585706,surfaced,False,0.449,0.152,-2.0,2,9.6176,9.24
2025-01-13,QMCO,Medium,GapFade_strongstock,5,GO,-0.49120207445823305,-0.6969329214474845,-0.08991627229705129,0.44609299695506455,0.37825550942073843,-0.3910441143870539,-0.6969329214474845,0.5090428519423787,0.08234075608493009,surfaced,False,1.442,0.118,-2.0,2,22.93,22.5
2025-01-13,LITM,Small,GapFade_strongstock,4,CAUTION,-0.2853684210526316,-0.6388829787234043,-0.06716747680070688,0.4412979973839476,0.09489071607311088,-0.26206521739130445,-0.6388829787234043,0.4906587741320398,0.25076649991931566,surfaced,False,19.193,2.755,5.964,1,8.346,8.0561
2025-01-13,ETHE,ETF,GapFade_strongstock,1,NO-GO,-0.10305218247456517,-0.2085143353605561,-0.06659348701061094,0.711840946861449,0.6594631027990641,-0.03801478352692721,-0.2085143353605561,0.055513825727876207,0.06193601312551278,book_missed,True,1.954,1.49,1.76,1,24.9199,24.38
2025-01-13,ETHU,Medium,GapFade_strongstock,4,CAUTION,-0.20897155361050337,-0.4239043824701195,-0.13831258644536654,0.6442033032793422,0.6874720599953322,-0.07898089171974526,-0.5525990099009901,0.12381940327998418,0.13333333333333322,surfaced,False,2.374,1.478,2.124,1,118.802,114.0
2025-01-13,CRNC,Medium,GapFade_strongstock,4,CAUTION,-0.2009493670886076,-0.4490909090909091,-0.036963696369637,0.9493223130788102,0.407284563040009,-0.2013705851344227,-0.4490909090909091,0.17660678925035356,0.010872759330002915,surfaced,False,2.846,0.574,-2.0,2,14.16,13.9
2025-01-13,LMND,Medium,GapFade_strongstock,4,CAUTION,-0.17153846153846147,-0.38679066236477505,-0.04240173320953268,0.7404855825323626,1.6431606046476177,-0.1059767570558937,-0.39999999999999997,0.09947716319582614,0.023960066555740393,surfaced,False,0.164,0.088,-2.0,2,31.71,30.6325
2025-01-14,RIME,Small,GapFade_weakstock,5,GO,-0.3956704750450991,-0.7031896042528056,-0.2487562189054727,0.8797214969538728,0.7417214566261665,-0.3912780133252574,-0.8721536700165373,0.4083155650319829,0.04966442953020136,surfaced,False,7.85,1.019,-0.2,2,15.64,15.06
2025-01-14,NITO,Medium,GapFade_strongstock,5,GO,-0.1916167664670659,-0.6131805157593123,-0.0592592592592592,0.6290923096674798,0.15274579244299874,-0.26630434782608703,-0.6131805157593123,0.4121164021164021,0.05263157894736846,surfaced,False,2.4,0.459,-0.9,2,43.925,42.35
2025-01-14,XTIA,Small,GapFade_weakstock,4,CAUTION,-0.5404682274247491,-0.8855000000000001,-0.07423580786026197,0.29013079667063024,0.8793801994827685,-0.45584158415841586,-0.9957008088361834,0.918122270742358,0.03247863247863255,surfaced,False,,,,0,,
2025-01-15,RIME,Small,GapFade_weakstock,5,GO,-0.5297654840649428,-0.7690490253987006,-0.2762148337595908,0.4176391231028666,0.5044353393365466,-0.4198813056379822,-0.900521562142221,0.54165144318597,0.04801670146137777,surfaced,False,2.588,0.287,-0.417,2,10.12,9.78
2025-01-15,SMST,Medium,GapFade_strongstock,4,CAUTION,-0.18022328548644345,-0.40058309037900874,-0.0856031128404669,0.7306277342164431,1.139791525338506,-0.08865248226950355,-0.9565878378378377,0.21568788215675375,0.05142857142857143,surfaced,False,0.955,0.207,-2.0,2,94.4,92.202
2025-01-15,MSTZ,Medium,GapFade_strongstock,4,CAUTION,-0.18453510436432624,-0.4054125102037992,-0.08086096567771964,0.7233328438673404,1.0263042989231037,-0.09763779527559052,-0.9665434021019852,0.21789287791905593,0.0508130081300813,surfaced,False,2.36,0.343,-2.0,2,15.9472,15.55
2025-01-16,BDMD,Small,GapFade_strongstock,4,CAUTION,-0.3622350674373796,-0.4705058988202359,-0.0332326283987915,0.610718212789992,0.056951785820951,-0.4041404140414041,-0.4705058988202359,0.35914328873543366,0.05055047294154126,surfaced,False,2.404,0.339,-2.0,2,6.46,6.2323
2025-01-16,RIME,Small,GapFade_weakstock,5,GO,-0.6981358989777511,-0.8517424689899586,-0.14741035856573692,0.23047203090878532,0.7284792991207059,-0.500497512437811,-0.9361404401475639,0.8470404097894141,0.08184143222506401,surfaced,False,0.545,0.033,-1.0,1,8.42,8.2
2025-01-16,NITO,Medium,GapFade_strongstock,5,GO,-0.4325748502994013,-0.7284813753581663,-0.07070493879273942,0.7203048553259525,0.07974186779713284,-0.29807407407407416,-0.7284813753581663,0.6270502924681903,0.0061349693251533995,surfaced,False,3.294,0.162,-2.0,2,31.2935,30.8175
2025-01-17,RIME,Small,GapFade_weakstock,4,CAUTION,-0.745640408899579,-0.8750738334317779,-0.07328605200945637,0.15933054393305432,1.3536030813288358,-0.459079283887468,-0.9461900521562142,1.008949679162445,0.09473684210526324,surfaced,False,3.0,0.243,-0.375,2,7.92,7.8
2025-01-23,BTCT,Small,GapFade_strongstock,5,GO,-0.3576642335766423,-0.5075939248601119,-0.05519480519480517,1.2656768580148414,0.7498686928239094,-0.2542372881355932,-0.7682468021068473,0.191109693877551,0.28620689655172415,surfaced,False,3.5,3.5,2.817,1,6.4,5.8
2025-01-27,QMCO,Medium,GapFade_strongstock,4,CAUTION,-0.17773289573340065,-0.6406663724624889,-0.09732883021185144,0.5112205532609703,0.42050808683188995,-0.08920581655480979,-0.6406663724624889,0.23182551866309925,0.09080523322873225,surfaced,False,0.838,0.032,-1.0,1,28.13,28.0
2025-01-29,HUT,Medium,GapFade_strongstock,4,CAUTION,-0.17915445793218923,-0.37408234918608363,-0.008669046404895367,0.5997491650578469,0.9366151712350496,-0.24692780337941628,-0.38622848200312987,0.12923981933415896,0.0495824634655532,surfaced,False,2.195,0.716,1.293,1,19.57,19.16
2025-01-29,CRKN,Small,GapFade_weakstock,4,CAUTION,-0.2712933753943218,-0.698695652173913,-0.09812409812409809,0.30385241454150824,0.5285461875766041,-0.32258064516129037,-0.99923,0.37992166563595137,0.014999999999999977,surfaced,False,,,,0,,
2025-01-30,CRKN,Small,GapFade_weakstock,5,GO,-0.359621451104101,-0.7352173913043479,-0.1778872468527641,0.6200284288859778,0.35508963605199784,-0.32333333333333336,-0.9993233333333333,0.4208186722965048,0.06763285024154589,surfaced,False,1.276,0.234,-2.0,2,7.2185,6.71
2025-01-31,CRKN,Small,GapFade_weakstock,4,CAUTION,-0.5352260778128286,-0.8078260869565218,-0.058823529411764656,0.34790026611774083,1.248166530116642,-0.3621933621933622,-0.999508888888889,0.5809469941822882,0.07381370826010543,surfaced,False,0.717,0.055,-2.0,2,6.1587,5.9
2025-02-03,KRKR,Small,GapFade_strongstock,4,CAUTION,-0.18341708542713567,-0.4996150885296382,-0.026153846153846142,1.4845085692840165,0.1380450616356346,-0.3099787685774947,-0.5982694684796045,0.1844692307692308,0.08617234468937869,surfaced,False,2.462,0.548,-2.0,2,5.96,5.85
2025-02-10,SMTC,Medium,GapFade_strongstock,5,GO,-0.17720754716981135,-0.3145336225596529,-0.26637314254265265,1.4947699331020177,2.9759616172877967,-0.1798074029491423,-0.3145336225596529,0.10287443981445082,0.04444444444444448,surfaced,False,4.955,1.011,1.764,2,37.045,36.61
2025-02-10,NVNI,Medium,GapFade_strongstock,4,CAUTION,-0.3033333333333334,-0.44854881266490765,-0.014354066985645798,0.7653740660614078,0.0282368403225844,-0.3136288998357964,-0.657095980311731,0.3657091592617908,0.04938271604938271,surfaced,False,1.972,0.872,-0.189,1,43.831,40.5
2025-02-12,DWTX,Small,GapFade_strongstock,4,CAUTION,-0.4592430858806405,-0.7462431693989071,-0.018842530282637913,0.5182220284875445,0.06457845375566282,-0.3081936685288641,-0.7462431693989071,0.7498461834262643,0.07969924812030064,surfaced,False,2.52,0.254,-0.059,2,7.3584,7.17
2025-02-12,TSLT,Medium,GapFade_strongstock,5,GO,-0.27348892878515857,-0.486246297079983,-0.013591433278418526,1.2078764089385632,1.4411667663425558,-0.16160220994475136,-0.573286467486819,0.12718551423864438,0.045321023919429375,surfaced,False,1.41,0.944,0.039,1,24.85,23.83
2025-02-12,SOUN,Large,GapFade_strongstock,4,CAUTION,-0.145730198019802,-0.44357114066908504,-0.013038754074610628,1.0545958671200641,0.6378321711722635,-0.11506410256410256,-0.44735788630904727,0.09890308894292955,0.04565868263473063,surfaced,False,1.934,0.918,0.906,1,13.68,13.36
2025-02-13,CYN,Small,GapFade_weakstock,4,CAUTION,-0.4115339348764221,-0.9090909090909091,-0.2,0.9992521701265629,1.489202016838497,-0.18787222523010283,-0.9974789915966387,0.5030428571428571,0.03960396039603958,surfaced,False,0.075,0.046,-2.0,2,20.64,17.85
2025-02-13,LITM,Small,GapFade_strongstock,4,CAUTION,-0.23975308641975304,-0.6481142857142858,-0.017375771354335823,1.0154164455000172,0.7636529148999242,-0.10753623188405805,-0.6724468085106384,0.23029187441334245,0.10097504544703363,surfaced,False,0.703,0.703,-0.337,1,9.087,7.8663
2025-02-18,CYN,Small,GapFade_weakstock,5,GO,-0.637504903883876,-0.8925581395348837,-0.19408369408369405,0.47232062235187905,0.6948612360769109,-0.384,-0.9984470588235294,0.7790584415584415,0.03859649122807018,surfaced,False,0.0,0.0,-1.0,1,9.06,8.71
2025-02-19,CYN,Small,GapFade_weakstock,4,CAUTION,-0.7677520596312278,-0.9277696437286481,-0.06869369369369382,0.254034818899384,0.4982626147400845,-0.43619047619047613,-0.9990050420168068,1.196899131274131,0.02448979591836743,surfaced,False,8.585,0.259,-1.0,1,7.75,7.6009
2025-02-19,AIFF,Small,GapFade_strongstock,5,GO,-0.34327187132208714,-0.5133720930232558,-0.04062126642771803,1.1533340358069983,0.37623320891432144,-0.4586028460543338,-0.5133720930232558,0.26726318484383005,0.19549929676511948,surfaced,False,4.636,1.426,3.212,1,7.44,7.11
2025-02-19,BSLK,Small,GapFade_strongstock,5,GO,-0.2606441048034935,-0.56656,-0.02380952380952389,2.261137296639806,0.8006758074899337,-0.5595121951219513,-0.9457114228456913,0.34683330696619735,0.5002171081198438,surfaced,False,,,,0,,
2025-02-20,CYN,Small,GapFade_weakstock,4,CAUTION,-0.8030600235386426,-0.9386458078709362,-0.005312084993359899,0.1663501628491709,0.531857232520959,-0.4567099567099567,-0.9991563025210083,1.341192373363688,0.024637681159420277,surfaced,False,3.615,0.094,0.615,1,7.03,6.9
2025-02-24,GRAL,Medium,GapFade_strongstock,6,GO,-0.16945350734094622,-0.36349429598374755,-0.04272035354775337,1.6405675249605887,1.5030256875637102,-0.22566539923954382,-0.36349429598374755,0.16686542036406998,0.16542320555698484,surfaced,False,6.331,2.355,3.281,2,42.73,38.99
2025-02-24,PTIR,Medium,GapFade_strongstock,5,GO,-0.34287860294808004,-0.3574979230447934,-0.11044434919274178,0.9277184160905096,1.2861166873413103,-0.18839470525821433,-0.3574979230447934,0.19322046006572371,0.03518426504917165,surfaced,False,0.983,0.459,-2.0,2,12.7949,12.2333
2025-02-24,PLTU,Medium,GapFade_strongstock,5,GO,-0.34622738638034994,-0.35951008645533145,-0.10641169853768287,0.9238995490215326,2.198243395589918,-0.18872056944697932,-0.35951008645533145,0.19480202474690664,0.03571428571428574,surfaced,False,0.67,0.367,-2.0,2,41.02,38.9
2025-02-24,HIMS,Medium,GapFade_strongstock,5,GO,-0.24277811923786105,-0.32474650589202525,-0.023133116883116894,1.2154274134811438,3.812427473388506,-0.28309572301425656,-0.32474650589202525,0.13890682977736546,0.1711937913718329,surfaced,False,7.955,2.367,6.553,1,44.805,43.81
2025-02-24,OKLO,Medium,GapFade_strongstock,5,GO,-0.2995666305525461,-0.34409874873182283,-0.04176334106728532,0.9461946918985251,0.5930413224435486,-0.14029255319148934,-0.34409874873182283,0.15966044267668397,0.013079667063020146,surfaced,False,1.226,0.377,-2.0,2,36.87,35.9
2025-02-24,BSLK,Small,GapFade_strongstock,4,CAUTION,-0.32871428571428574,-0.62408,-0.042987869759523296,0.451387666490641,0.11075720480095687,-0.31997105643994217,-0.9529158316633267,0.5181345575046363,0.10265161459700708,surfaced,False,6.571,0.513,2.297,2,8.26,8.054
2025-02-24,SMCX,Medium,GapFade_strongstock,4,CAUTION,-0.04017777777777774,-0.2760793778492893,-0.07862567142063354,1.6806550920845726,1.1543837229358735,-0.14049192071957328,-0.7380397865114022,0.16427083057709102,0.05605303390418441,surfaced,False,1.083,1.083,-0.43,1,188.0,171.2414
2025-02-25,CSAI,Small,GapFade_strongstock,4,CAUTION,-0.2953795379537954,-0.8371161548731643,-0.08899297423887575,0.35572866591094826,0.361192214107163,-0.279324894514768,-0.8371161548731643,1.0204340916694548,0.0942895086321381,surfaced,False,5.414,0.396,0.31,2,246.9,227.487
2025-02-25,OKLO,Medium,GapFade_strongstock,4,CAUTION,-0.3846153846153847,-0.42374027730808256,-0.016285211267605626,0.736795749087777,0.6488523613557191,-0.20112517580872008,-0.42374027730808256,0.17323775989268947,0.07545271629778671,surfaced,False,3.496,0.846,1.18,2,33.805,32.62
2025-02-25,CRDO,Medium,GapFade_strongstock,4,CAUTION,-0.19139366272824923,-0.3052831929865036,-0.020174346201743517,1.1391829407086782,1.369591470799539,-0.1550925925925926,-0.3052831929865036,0.09962497776196406,0.05695732838589982,surfaced,False,0.794,0.34,-2.0,2,57.7,56.44
2025-02-25,PGY,Medium,GapFade_strongstock,4,CAUTION,-0.21424435437174288,-0.29322916666666665,-0.014738393515106932,0.8579962409087184,0.7346767129819851,-0.1550435865504358,-0.33811335479465415,0.1288240867459733,0.04298459042984585,surfaced,False,0.582,0.081,-2.0,2,13.26,13.15
2025-02-25,TSLT,Medium,GapFade_strongstock,4,CAUTION,-0.16742716742716743,-0.4545872614394114,-0.02065767284991562,1.0002797016884561,1.167300879267625,-0.13272394881170027,-0.583128295254833,0.10873855697422306,0.04118268215417094,surfaced,False,0.447,0.113,-2.0,2,21.5342,21.1299
2025-02-25,RKLB,Medium,GapFade_strongstock,4,CAUTION,-0.20361189801699717,-0.32543491301739663,-0.03512672298799463,1.0310427653026408,1.0652878439294238,-0.10965954077593044,-0.32543491301739663,0.09401352982277836,0.025278058645096056,surfaced,False,0.843,0.211,-2.0,2,21.9651,21.61
2025-02-25,BBAI,Large,GapFade_strongstock,4,CAUTION,-0.36741214057507987,-0.42664092664092657,-0.02693602693602696,0.5842753468101254,0.4696255285496941,-0.2090545938748335,-0.42664092664092657,0.24721981721981723,0.0666666666666666,surfaced,False,0.388,0.074,-2.0,2,5.475,5.38
2025-02-25,SERV,Medium,GapFade_strongstock,4,CAUTION,-0.21080669710806707,-0.5510822510822512,-0.029893924783027843,0.6033793594770536,0.5908622078639114,-0.20839694656488553,-0.5741273100616017,0.25331450613032097,0.0445748983556438,surfaced,False,1.583,0.149,-1.0,1,9.66,9.54
2025-02-25,PTIR,Medium,GapFade_strongstock,4,CAUTION,-0.48164491597033143,-0.49317703002290386,-0.005678319145082371,0.9419940547923191,2.0395424201407018,-0.2845062756355013,-0.49317703002290386,0.25765518668978193,0.059537037037036986,surfaced,False,0.864,0.163,-2.0,2,10.458,10.0967
2025-02-25,PDYN,Small,GapFade_strongstock,5,GO,-0.39165103189493433,-0.47701612903225804,-0.023901310717039357,1.1343686698176905,1.1936847222138363,-0.22705601907032183,-0.5662207357859532,0.20390461504570992,0.04063604240282677,surfaced,False,0.5,0.077,-2.0,2,6.53,6.2701
2025-02-25,MSTU,Medium,GapFade_weakstock,5,GO,-0.26744186046511625,-0.5414847161572053,-0.1111111111111111,1.3428336530556322,1.53242295775418,-0.24641148325358847,-0.7999998095236281,0.15721315192743765,0.06798245614035091,surfaced,False,0.395,0.116,-2.0,2,57.011,55.0
2025-02-25,IREN,Medium,GapFade_strongstock,5,GO,-0.2360902255639098,-0.25431192660550456,-0.05068897637795281,1.0760535387099783,0.7125248944141134,-0.17799352750809055,-0.36180904522613067,0.09055399325084364,0.02331002331002323,surfaced,False,4.2,0.721,-2.0,2,9.16,9.02
2025-02-25,MSTX,Medium,GapFade_weakstock,5,GO,-0.26615229127123036,-0.5377329192546584,-0.10782667114544833,1.290425158720034,1.3005669443848196,-0.24747219413549046,-0.8652880220824472,0.1564896588128029,0.06709362751676297,surfaced,False,0.559,0.147,-2.0,2,238.951,233.5
2025-02-25,HUT,Medium,GapFade_strongstock,6,GO,-0.1832718327183271,-0.43306010928961747,-0.04277108433734945,1.5130697725221491,1.2498601023143614,-0.15002560163850484,-0.4804381846635367,0.0748498278829604,0.08381924198250718,surfaced,False,7.3,2.455,4.725,1,13.92,13.72
2025-02-25,SMCX,Medium,GapFade_strongstock,6,GO,-0.19626666666666664,-0.3938053097345133,-0.05961070559610706,1.2174163354542247,1.0415737915866865,-0.25512809951396326,-0.7806404657933042,0.20938912061174836,0.08156249999999998,surfaced,False,0.198,0.151,-2.0,2,171.56,159.92
2025-02-25,MSTR,Medium,GapFade_strongstock,4,CAUTION,-0.13774281096575494,-0.30082120621447206,-0.05184608855566547,1.454687187567187,1.318509945689743,-0.12706841195356885,-0.4792633517495396,0.06720924357860275,0.027944193680755038,surfaced,False,0.514,0.147,-2.0,2,269.49,264.81
2025-02-26,MSTR,Medium,GapFade_strongstock,5,GO,-0.23608696978013605,-0.3805655692770809,-0.02043830585605367,1.2758364944210876,2.2194965172582006,-0.16410290633654778,-0.5386556169429098,0.08319519608569945,0.07893119134461699,surfaced,False,2.903,1.49,2.733,1,249.25,244.01
2025-02-26,MLGO,Medium,GapFade_weakstock,5,GO,-0.39292861907938625,-0.6114432109308283,-0.004395604395604354,1.2161587356741894,0.7156038979164886,-0.2845911949685535,-0.9985416573183161,0.2620392464678179,0.013953488372093112,surfaced,False,3.162,1.011,-0.683,1,134.694,129.0
2025-02-26,MSTU,Medium,GapFade_weakstock,6,GO,-0.4337209302325581,-0.6455604075691412,-0.043121149897330624,1.1108720210877396,2.6280597311006657,-0.3179271708683474,-0.8453966781555665,0.21811674977999412,0.158695652173913,surfaced,False,2.886,1.141,2.732,1,48.01,46.0
2025-02-26,MSTX,Medium,GapFade_weakstock,6,GO,-0.4315576700273622,-0.6419254658385093,-0.04640069384215086,1.1070228154921933,2.4189094523196215,-0.3159299911005637,-0.8956513869405855,0.21662142237640933,0.16177818515123746,surfaced,False,2.687,1.117,2.545,1,228.1,218.2
2025-02-26,BITX,Medium,GapFade_strongstock,4,CAUTION,-0.21735985533453883,-0.35402985074626864,-0.06192236598890942,0.9238794012071773,1.6238343629760559,-0.13853503184713378,-0.40549450549450544,0.08878218246633215,0.059233449477351936,surfaced,False,2.488,1.187,-2.0,2,41.27,40.41
2025-02-26,BITU,Medium,GapFade_strongstock,4,CAUTION,-0.21649682753316668,-0.3637782982045277,-0.05325153374233133,0.9560217958551022,2.323610460386033,-0.13993246095398906,-0.40450094987578555,0.08753041191936894,0.056421888290331575,surfaced,False,2.956,1.19,-2.0,2,39.0,38.32
2025-02-27,ETHU,Medium,GapFade_weakstock,4,CAUTION,-0.0550724637681159,-0.6091127098321343,-0.0030674846625767306,1.2854830677290834,1.2248325856184268,-0.2219570405727923,-0.7982673267326733,0.14078878177037685,0.010101010101010124,surfaced,False,1.6,0.35,-2.0,2,64.404,64.0
2025-02-28,APP,Medium,GapFade_strongstock,4,CAUTION,-0.3765998832911885,-0.3897172236503856,-0.023370463977035193,0.8603304462786405,1.4012234886834298,-0.15002917307590302,-0.3897172236503856,0.14479523542076195,0.06416203854949358,surfaced,False,2.611,0.812,1.813,1,313.15,306.1
2025-02-28,GHRS,Small,GapFade_strongstock,4,CAUTION,-0.25524475524475526,-0.48048780487804876,-0.024413145539906082,1.348805343838314,0.21182379868842924,-0.08818493150684927,-0.48048780487804876,0.09397987927565393,0.013000000000000077,surfaced,False,8.2,1.26,-2.0,2,10.39,10.21
2025-02-28,ONVO,Small,GapFade_strongstock,5,GO,-0.548611111111111,-0.6448087431693988,-0.027538461538461467,1.1922580645161294,0.30063907663325307,-0.4881889763779528,-0.6448087431693988,0.2980769230769231,0.13043478260869557,surfaced,False,0.004,0.001,-2.0,2,7.68,7.44
2025-02-28,UMAC,Small,GapFade_strongstock,5,GO,-0.24088397790055252,-0.5495081967213115,-0.049490538573507985,1.5413291653905867,1.6803907835447027,-0.23666666666666666,-0.7091447925486876,0.196903722187565,0.1114551083591331,surfaced,False,1.564,0.949,0.821,1,6.85,6.46
2025-03-04,SMCX,Medium,GapFade_strongstock,5,GO,-0.492921821196276,-0.7334406006972379,-0.06262575452716285,0.7379677068198547,1.0305129587561237,-0.3154269972451791,-0.9035419699175158,0.6015351034780111,0.28014224414357636,surfaced,False,3.553,0.938,2.424,1,78.58,72.6638
2025-03-04,FUBO,Medium,GapFade_strongstock,5,GO,-0.2882205513784462,-0.397027600849257,-0.05457746478873238,0.9211394891944987,1.237816545112117,-0.19318181818181826,-0.5596899224806202,0.1280181086519115,0.1273408239700374,surfaced,False,5.615,2.124,4.231,1,32.82,32.04
2025-03-04,DUOL,Medium,GapFade_strongstock,5,GO,-0.24555351119288557,-0.33170350752096694,-0.02154252616604008,1.170974902530349,1.8629635593720635,-0.2143541433817658,-0.33170350752096694,0.09395241482427742,0.06317996168720845,surfaced,False,0.206,0.068,-2.0,2,288.92,283.57
2025-03-04,GRAL,Medium,GapFade_strongstock,4,CAUTION,-0.1926666666666667,-0.4322550398499766,-0.049821084503165296,0.736999813290952,0.601517108651534,-0.07521954944635353,-0.4322550398499766,0.2158713774527152,0.21234676007005251,surfaced,False,4.923,2.51,2.829,1,36.16,34.26
2025-03-04,OPFI,Small,GapFade_strongstock,4,CAUTION,-0.2623076923076923,-0.4590508853176596,-0.038581856100104193,1.0623073902249085,0.7999704614238637,-0.053307008884501565,-0.4590508853176596,0.11190153433636231,0.03543743078626803,surfaced,False,2.797,0.814,0.132,2,9.345,9.1
2025-03-04,IONQ,Medium,GapFade_strongstock,4,CAUTION,-0.17582025677603424,-0.492756804214223,-0.07183037646040676,0.9269826060821088,1.1382470919967096,-0.07226013649136896,-0.5778224333211546,0.13677165110960002,0.07245681381957782,surfaced,False,6.855,1.402,2.967,2,22.08,21.06
2025-03-04,ETHU,Medium,GapFade_weakstock,4,CAUTION,-0.2318840579710145,-0.6822541966426858,-0.05660377358490566,1.61234341968258,1.2475276995594011,-0.11666666666666667,-0.8360148514851485,0.17085175202156333,0.14957264957264957,surfaced,False,1.778,0.753,-2.0,2,51.382,48.818
2025-03-04,KULR,Small,GapFade_strongstock,4,CAUTION,-0.2101910828025478,-0.5441176470588236,-0.05645161290322586,1.3692954232057264,0.9724605298549255,-0.10791366906474814,-0.7741347905282331,0.17544930875576034,0.0701754385964913,surfaced,False,0.391,0.219,-1.0,1,9.66,9.2
2025-03-04,UPST,Medium,GapFade_strongstock,4,CAUTION,-0.12977853011708285,-0.36025734889981686,-0.04117360998541091,1.0627800179211466,0.5399599495419837,-0.07552824816424406,-0.36025734889981686,0.12404881550610192,0.05257548845470694,surfaced,False,0.161,0.07,-2.0,2,60.19,58.59
2025-03-04,MLGO,Medium,GapFade_weakstock,4,CAUTION,-0.48765843895930616,-0.6720751494449189,-0.12500000000000006,0.3314060076152872,0.09445200282713938,-0.11316397228637415,-0.9987692228796339,0.36932291666666667,0.23511904761904764,surfaced,False,3.847,1.356,2.562,1,107.361,100.8
2025-03-04,CLS,Medium,GapFade_strongstock,4,CAUTION,-0.20226940600017193,-0.35676162750398566,-0.030064655172413707,1.895709791556172,1.54303590261001,-0.13970520070455184,-0.35676162750398566,0.1059413485221675,0.046878626131352887,surfaced,False,0.095,0.04,-2.0,2,90.59,88.5903
2025-03-07,CSAI,Small,GapFade_strongstock,4,CAUTION,-0.2170639899623588,-0.8809841693686821,-0.01762820512820518,0.2888156412862003,0.1763936121213836,-0.22580645161290325,-0.8809841693686821,0.6657383241758242,0.11333333333333329,surfaced,False,4.095,0.421,1.333,2,185.4,183.9
2025-03-07,GRAL,Medium,GapFade_strongstock,4,CAUTION,-0.19417007949891582,-0.47726207219878103,-0.003886397608370779,0.6433770626301349,0.8170743751214247,-0.19465511014806777,-0.47726207219878103,0.23372560324578262,0.0855067679102015,surfaced,False,0.339,0.093,-2.0,2,32.97,31.9
2025-03-07,OKLO,Medium,GapFade_strongstock,4,CAUTION,-0.16225806451612906,-0.5608725059181603,-0.010011551790527455,0.7410550425882182,0.811790906485102,-0.16009055627425622,-0.5608725059181603,0.19213103030969797,0.07399836467702366,surfaced,False,1.0,0.326,-2.0,2,25.985,25.18
2025-03-07,APP,Medium,GapFade_strongstock,5,GO,-0.19867283950617284,-0.5056079215462249,-0.013422948041443646,1.1275871465294336,1.5939732580195831,-0.2065825260520124,-0.5056079215462249,0.1639129172833868,0.09284848484848492,surfaced,False,2.308,0.771,-2.0,2,262.4057,255.39
2025-03-10,GRRR,Medium,GapFade_strongstock,5,GO,-0.292755787901419,-0.35651189127972815,-0.02323125659978881,1.486071532485591,1.38421688704345,-0.32211882605583386,-0.35651189127972815,0.23071679991954544,0.013400335008375222,surfaced,False,0.277,0.131,-2.0,2,29.09,26.92
2025-03-10,VFC,Medium,GapFade_strongstock,5,GO,-0.1800257179597085,-0.3407994486560993,-0.035023523261892224,1.7016151108677786,2.2903053759869336,-0.1842217484008529,-0.3407994486560993,0.06819879023224555,0.02052785923753653,surfaced,False,0.659,0.141,-2.0,2,17.9767,17.905
2025-03-10,RDDT,Medium,GapFade_strongstock,6,GO,-0.16523364485981315,-0.418514821405321,-0.04649947753396022,1.2440875074965465,1.6840497630724185,-0.2049608355091385,-0.418514821405321,0.10223007698377158,0.016870438820964846,surfaced,False,1.866,0.281,-2.0,2,124.265,123.2817
2025-03-10,CFLT,Medium,GapFade_strongstock,4,CAUTION,-0.14216634429400388,-0.2978891820580475,-0.045471627207816646,1.3422120661077226,1.2747028446542363,-0.1736024844720498,-0.2978891820580475,0.08340178235894131,0.03389830508474564,surfaced,False,0.542,0.197,-2.0,2,24.4605,24.076
2025-03-10,AFRM,Medium,GapFade_strongstock,4,CAUTION,-0.08904469763365466,-0.3702667005949568,-0.04983644410236668,1.0687823931287008,1.3850909375358589,-0.11389599317988064,-0.3702667005949568,0.09901948926578522,0.05072463768115947,surfaced,False,7.56,0.773,-2.0,2,48.697,47.82
2025-03-10,GRAL,Medium,GapFade_strongstock,4,CAUTION,-0.2079017104312213,-0.4861697140178153,-0.03193430656934319,0.5143675044594613,1.183935811632517,-0.1415143603133158,-0.4861697140178153,0.23236791797010778,0.10578911095796016,surfaced,False,0.434,0.132,-2.0,2,31.45,30.32
2025-03-10,LUNR,Small,GapFade_weakstock,4,CAUTION,-0.35750915750915757,-0.648496993987976,-0.11174458380843781,1.0582298535712238,3.1358519052909255,-0.3784549964564139,-0.648496993987976,0.26937693435412935,0.021084337349397676,surfaced,False,0.466,0.067,-2.0,2,7.45,7.33
2025-03-11,GRRR,Medium,GapFade_strongstock,4,CAUTION,-0.3975603684341549,-0.45186862967157415,-0.02603305785123963,0.8821951216889455,0.7199518361916003,-0.28634621055735765,-0.45186862967157415,0.2744843565525384,0.14558087614229143,surfaced,False,0.924,0.611,0.582,1,25.7,23.5601
2025-03-11,NET,Medium,GapFade_strongstock,4,CAUTION,-0.16790352504638212,-0.34255222343188757,-0.00021438984649691865,1.0092963382193008,1.4695450372845258,-0.10998320867043207,-0.34255222343188757,0.0772766364070712,0.03055531714015954,surfaced,False,3.177,1.157,1.11,1,118.15,116.51
2025-03-13,BOIL,Medium,GapFade_strongstock,4,CAUTION,-0.1947569024821046,-0.2108955087911086,-0.04156084045255147,0.8082952572349766,0.6122127095754354,-0.17716348437351565,-0.5743488943488944,0.10619223537949005,0.03866198036601621,surfaced,False,4.701,1.796,0.972,1,168.3876,165.02
2025-03-14,BOIL,Medium,GapFade_strongstock,4,CAUTION,-0.20330947290136647,-0.21927666939965376,-0.027071178529755043,1.0315671838829903,0.6128648082721513,-0.15013883379611265,-0.5788697788697789,0.10859076512752125,0.07279786459597185,surfaced,False,0.304,0.038,-2.0,2,166.46,165.3404
2025-03-25,TSDD,Medium,GapFade_weakstock,5,GO,-0.3262138498275404,-0.4460078534031414,-0.039574719432959204,1.0946513242322145,1.5935140133689196,-0.31816351188078934,-0.9339360041623309,0.2100819902680505,0.00039659563999301406,surfaced,False,1.008,0.441,-2.0,2,51.021,48.78
2025-03-25,LSE,Small,GapFade_strongstock,4,CAUTION,-0.4078319006685769,-0.5863881680331423,-0.07096774193548393,0.5153982300884957,0.16308506669048065,-0.25030229746070126,-0.5863881680331423,0.24409562211981567,0.0,surfaced,False,2.0,0.654,-0.826,1,5.99,5.76
2025-03-25,TSLZ,Medium,GapFade_weakstock,5,GO,-0.34973637961335674,-0.44693572496263084,-0.0378378378378378,1.13046191114129,1.2104141058788294,-0.31985294117647056,-0.9389911108399605,0.21038996138996138,0.002906976744186088,surfaced,False,1.061,0.454,-2.0,2,74.402,71.2
2025-03-25,TSLQ,Medium,GapFade_weakstock,5,GO,-0.34726271460965336,-0.44775608084960605,-0.03672456575682392,1.1112262135293736,1.4538576491419193,-0.3184508709622864,-0.859835837506956,0.21079032258064512,0.0,surfaced,False,1.024,0.44,-2.0,2,121.6773,116.4
2025-03-27,OKLO,Medium,GapFade_strongstock,4,CAUTION,-0.08691135734072016,-0.5413913043478261,-0.03640500568828217,1.3797943747993402,1.1903232097712522,-0.1468780329990294,-0.5541088941494757,0.10883552738501545,0.008040626322471489,surfaced,False,2.825,0.434,-2.0,2,25.53,25.2
2025-03-27,SMCX,Medium,GapFade_weakstock,5,GO,-0.18311660626732035,-0.7430946634486458,-0.03914405010438413,1.1965569796435016,1.0381512776384443,-0.21955193482688393,-0.9070354196991752,0.20999273039069488,0.00419916016796621,surfaced,False,0.869,0.292,-2.0,2,73.0,70.4
2025-03-28,OKLO,Medium,GapFade_strongstock,4,CAUTION,-0.17520775623268695,-0.5857391304347827,-0.0058774139378673625,0.8624959647510221,1.025564731927524,-0.17663325267888003,-0.5972269191748394,0.1216861580904402,0.004035874439461877,surfaced,False,1.588,0.198,-2.0,2,23.99,23.51
2025-03-31,HIMS,Medium,GapFade_strongstock,4,CAUTION,-0.22950819672131145,-0.6007125239791724,-0.04701441317776256,0.9534706261545796,0.9269063503920322,-0.12649880095923258,-0.6007125239791724,0.10761177566428078,0.08559882439382814,surfaced,False,3.917,1.573,2.867,1,27.82,27.22
2025-03-31,NNE,Medium,GapFade_strongstock,4,CAUTION,-0.1752926678989526,-0.23948863636363643,-0.06611878968995143,1.0628273333904432,0.7678269239017965,-0.08728264575519942,-0.4428720083246618,0.09032792571642027,0.058400000000000035,surfaced,False,,,,0,,
2025-03-31,CONL,Medium,GapFade_weakstock,4,CAUTION,-0.27598566308243727,-0.6879262322941174,-0.05516265912305524,1.1373830035712464,0.9815375548011459,-0.20561797752808988,-0.8381565875076115,0.14922964235199032,0.11325301204819278,surfaced,False,3.435,1.258,1.863,2,13.0027,12.73
2025-03-31,LTBR,Small,GapFade_strongstock,4,CAUTION,-0.2301927194860813,-0.5745562130177514,-0.04728789986091804,1.0228233305156378,0.8593301441891179,-0.09843260188087766,-0.5745562130177514,0.11517385257301807,0.11011904761904766,surfaced,False,4.429,1.572,4.286,1,6.86,6.72
2025-03-31,HSAI,Medium,GapFade_strongstock,4,CAUTION,-0.17837837837837842,-0.37138130686517784,-0.025657894736842025,0.897234795858916,1.0480755563489852,-0.15789473684210534,-0.37138130686517784,0.15728148496240604,0.05233219567690562,surfaced,False,2.439,0.54,1.896,1,14.3216,14.064
2025-03-31,INOD,Medium,GapFade_strongstock,4,CAUTION,-0.1892888117953165,-0.47338028169014085,-0.050548274939823494,0.8306357033981902,0.6590654023663132,-0.09313606597137998,-0.47338028169014085,0.10653154013678218,0.0436046511627907,surfaced,False,3.333,1.058,1.567,1,35.0,34.4
2025-03-31,SMCX,Medium,GapFade_weakstock,4,CAUTION,-0.3108079300788744,-0.783252882810405,-0.09557686359418496,0.5537812689951845,0.8815292046809398,-0.15631524008350736,-0.9215672003881611,0.23625778798992533,0.14069111424541617,surfaced,False,4.044,1.054,3.433,1,58.52,56.72
2025-03-31,MSTX,Medium,GapFade_weakstock,4,CAUTION,-0.2763888888888889,-0.42071719880629943,-0.04990403071017274,1.5233222778914695,0.8497673948721732,-0.24273255813953487,-0.8821213629575999,0.16319769673704412,0.1193058568329718,surfaced,False,3.438,1.515,1.157,2,240.6,234.05
2025-03-31,MSTU,Medium,GapFade_weakstock,4,CAUTION,-0.27463863337713523,-0.4207764952780692,-0.05072463768115949,1.532822392535821,0.9524881923881429,-0.24383561643835613,-0.8247617378683219,0.16309782608695653,0.11885245901639353,surfaced,False,3.696,1.566,1.253,2,50.899,49.8
2025-03-31,TQQQ,ETF,GapFade_weakstock,4,CAUTION,-0.13955582232893152,-0.37071992976294993,-0.04569236135333109,1.2940830459078638,1.0094131957339263,-0.09529820132533921,-0.3886289679408716,0.06522671782350892,0.08031674208144793,surfaced,False,5.374,2.168,4.918,1,26.8799,26.52
2025-03-31,SOXL,Large,GapFade_weakstock,4,CAUTION,-0.23043686989918374,-0.5088848039215687,-0.059887710542732425,1.1125716298530028,1.2027278899800364,-0.14688664183076094,-0.7712614155251142,0.1037313964887265,0.10763888888888881,surfaced,False,4.731,1.665,4.545,1,14.675,14.4
2025-03-31,CLS,Medium,GapFade_strongstock,4,CAUTION,-0.17310000000000003,-0.40031866003238825,-0.07933244648687873,0.8452267439194592,0.8671722647106836,-0.05669632671686059,-0.4268385665765579,0.07347070815265277,0.042598227278740554,surfaced,False,3.932,1.237,2.716,1,76.47,75.59
2025-03-31,XHLD,Small,GapFade_weakstock,5,GO,-0.3055555555555556,-0.8221906116642959,-0.12,1.0795329367702138,0.11229071153433261,-0.3131868131868132,-0.8536299765807962,0.36312,0.05263157894736842,surfaced,False,1.146,0.287,-1.0,1,15.9015,15.15
2025-03-31,TNXP,Medium,GapFade_weakstock,5,GO,-0.35507593924860104,-0.46682527094898224,-0.08676251859196826,1.4428281379077528,0.8557327050583822,-0.29867872044506255,-0.9840022208121827,0.21819923507330544,0.001400560224089556,surfaced,False,0.359,0.359,-2.0,2,21.99,18.4
2025-03-31,OKLO,Medium,GapFade_strongstock,5,GO,-0.22472299168975066,-0.6106086956521739,-0.04868244752121482,0.6874209060997207,0.7404000663933407,-0.15092908608266972,-0.6214068312478863,0.1260447904038793,0.02511848341232216,surfaced,False,,,,0,,
2025-03-31,FNGA,Medium,GapFade_strongstock,5,GO,-0.19664162615996464,-0.32515451288999414,-0.05871837183718378,1.1954003400438182,0.8844476834812003,-0.13136959793592765,-0.32515451288999414,0.08968438629577244,0.10061450976795386,surfaced,False,7.783,2.125,7.072,1,331.28,327.09
2025-03-31,ASTS,Medium,GapFade_strongstock,5,GO,-0.16804979253112043,-0.3220625528317837,-0.05112219451371573,1.0629150998186294,0.8280766699531488,-0.11835837303041409,-0.3843398157625384,0.0915001187507422,0.023402340234023385,surfaced,False,2.762,0.829,-0.342,2,22.6501,22.23
2025-04-01,PCVX,Medium,GapFade_weakstock,4,CAUTION,-0.4669678147939018,-0.5569115231166393,-0.0169491525423729,1.3657527017873023,8.00828785007836,-0.46644058216758516,-0.688075668084755,0.15163419340193704,0.014000314613811444,surfaced,False,1.017,0.449,-2.0,2,37.615,35.9
2025-04-01,NVDL,Large,GapFade_weakstock,4,CAUTION,-0.19126175802789488,-0.45796956521739135,-0.005350253074189569,1.0216972408650264,0.8859359451171116,-0.048343511450381696,-0.5921476639611081,0.09604156902559846,0.069010896898575,surfaced,False,5.836,1.208,4.786,2,12.22,12.0145
2025-04-01,FNGA,Medium,GapFade_strongstock,4,CAUTION,-0.20459566946531157,-0.3318361513762319,-0.013611111111111048,1.1295288032037227,0.868570962490534,-0.11332233196226692,-0.3318361513762319,0.09049988095238096,0.06888023424396629,surfaced,False,1.586,0.446,-2.0,2,360.77,355.1
2025-04-01,SOFI,Large,GapFade_strongstock,4,CAUTION,-0.15294974508375817,-0.320280537697253,-0.0034393809114360205,1.0865014449243837,1.252475216275832,-0.04672131147540971,-0.36862106406080347,0.06014555951357327,0.037456445993031336,surfaced,False,2.4,1.377,1.1,1,11.68,11.48
2025-04-02,XHLD,Small,GapFade_weakstock,4,CAUTION,-0.5650000000000001,-0.7011450381679389,-0.05619412515964226,0.6676856601166945,0.09437166593353381,-0.37360000000000004,-0.9083138173302108,0.6206987775953294,0.5484234234234233,surfaced,False,6.208,1.613,5.537,1,11.55,10.656
2025-04-02,PCVX,Medium,GapFade_weakstock,5,GO,-0.5450310559006212,-0.6167657550535077,-0.006825938566552866,1.0584768728533773,4.196896871200149,-0.5359919378059315,-0.7337573830077239,0.1798344488276229,0.10441997462686071,surfaced,False,3.88,0.91,3.65,1,31.18,30.5047
2025-04-03,CORT,Medium,GapFade_strongstock,4,CAUTION,-0.269183815835368,-0.28568993437313556,-0.055482639303185845,0.8677230258838512,1.4630353970126855,-0.2662405883382945,-0.28568993437313556,0.10527630524826563,0.030645370731073877,surfaced,False,0.957,0.698,-0.22,1,80.05,77.01
2025-04-03,MLGO,Medium,GapFade_weakstock,4,CAUTION,-0.4412540741890424,-0.4444444444444444,-0.13861111111111116,0.6352894520088265,0.2360537621554067,-0.25773195876288657,-0.9646781789638933,0.31219365079365086,0.19805194805194806,surfaced,False,2.671,1.622,1.054,1,506.1,462.0
2025-04-03,PRTG,Small,GapFade_strongstock,4,CAUTION,-0.18837209302325572,-0.47121212121212114,-0.04011461318051579,1.2711690654857097,0.09846900815749526,-0.24540540540540537,-0.72734375,0.17469197707736384,0.005000000000000042,surfaced,False,29.0,0.496,-2.0,2,6.71,6.7
2025-04-03,GRRR,Medium,GapFade_strongstock,6,GO,-0.27352221056313397,-0.5295583238958097,-0.07318247472315838,1.049832791672555,1.2890020096573729,-0.29831081081081084,-0.5295583238958097,0.20443909484833894,0.02096774193548371,surfaced,False,2.607,1.616,-0.656,1,19.82,18.6
2025-04-04,GRRR,Medium,GapFade_strongstock,6,GO,-0.335781741867786,-0.5698754246885618,-0.08504476040021056,1.116816058944681,1.3348342367580048,-0.24432948666931958,-0.5698754246885618,0.20746558338975402,0.07943625880845624,surfaced,False,0.673,0.244,-2.0,2,17.06,16.4059
2025-04-04,SNDK,Medium,GapFade_strongstock,6,GO,-0.18456947996589948,-0.3444139821795751,-0.06638787245164661,2.1867930625875247,2.0853838148358346,-0.20473913947204328,-0.3444139821795751,0.08665334926443137,0.06170662905500705,surfaced,False,0.634,0.145,-2.0,2,34.01,33.605
2025-04-04,PRTG,Small,GapFade_strongstock,4,CAUTION,-0.29883720930232555,-0.5431818181818181,-0.004975124378109493,0.7945110635665604,0.02883499924833108,-0.2699757869249394,-0.764453125,0.2087289741767353,0.0015938564080272258,surfaced,False,1.154,0.383,-1.889,2,5.79,5.5821
2025-04-04,ROOT,Medium,GapFade_strongstock,4,CAUTION,-0.3196045197740113,-0.335155128629789,-0.0583741592626422,0.8141676454074227,1.0278153874046871,-0.06353032659409011,-0.335155128629789,0.10933173983701261,0.05620829025284335,surfaced,False,1.105,0.729,-0.526,2,112.7134,109.47
2025-04-07,UPST,Medium,GapFade_weakstock,3,NO-GO,-0.19069767441860472,-0.5216494845360825,-0.08620689655172405,1.2965319485365991,2.2696660705479816,-0.2693680453495697,-0.6391142120556594,0.11968267651888344,0.19594808483697376,book_missed,True,4.379,3.636,3.665,1,33.17,31.59
2025-04-07,PLTR,Large,GapFade_strongstock,3,NO-GO,-0.08910769230769225,-0.2524997475002525,-0.0994460208079989,1.531724183788816,1.4350452881967943,-0.1536878216123499,-0.40985567339127654,0.07982946319995367,0.17725347852389592,book_missed,True,3.813,3.813,2.907,1,69.378,66.12
2025-04-07,SOFI,Large,GapFade_weakstock,2,NO-GO,-0.14093357271095155,-0.3579335793357933,-0.08672936259143156,1.5564848696056222,1.7094312026601128,-0.22258326563769293,-0.48045602605863197,0.08995297805642634,0.14651162790697672,book_missed,True,5.705,4.426,4.705,1,8.905,8.6
2025-04-07,ROBN,Small,GapFade_weakstock,4,CAUTION,-0.1808406647116324,-0.66182405165456,-0.25178997613365167,1.110205422756368,2.8547938926287335,-0.3632218844984802,-0.7767119637623234,0.26979031708148654,0.46446280991735533,surfaced,False,3.348,3.245,2.868,1,6.87,6.05
2025-04-07,TPR,Medium,GapFade_strongstock,4,CAUTION,-0.07065337763012178,-0.2803567345072033,-0.045678423895773757,2.0106569553303513,1.712699719715779,-0.15788065293015785,-0.30720968629609247,0.05752632893004673,0.06672311600338704,surfaced,False,,,,0,,
2025-04-07,SARO,Medium,GapFade_strongstock,4,CAUTION,-0.12651057401812693,-0.22874291430476826,-0.041504539559014154,1.4583836918862283,1.8569813899840086,-0.14931960279514536,-0.32722513089005245,0.053657587548638155,0.05865790708587518,surfaced,False,4.78,3.295,4.098,1,21.72,21.31
2025-04-07,LABU,Medium,GapFade_weakstock,4,CAUTION,-0.17581602373887248,-0.5128688560529662,-0.09585958595859582,1.2574395683355695,2.4854756615493905,-0.2522295137136127,-0.7489122260648772,0.1422675839012473,0.18234007654455991,surfaced,False,7.141,3.66,5.532,1,38.045,36.58
2025-04-07,ARKG,ETF,GapFade_weakstock,4,CAUTION,-0.028629856850715684,-0.3030080704328687,-0.05578947368421046,1.2675689042758844,2.0498344526993866,-0.08960229995208438,-0.42684766214177977,0.05852894736842106,0.09682947729220225,surfaced,False,24.62,4.915,21.281,1,17.6098,17.505
2025-04-07,ARKK,ETF,GapFade_weakstock,4,CAUTION,-0.07905138339920952,-0.30631822692689387,-0.06485693848354782,1.2809802283486507,1.2695933926840157,-0.14669379450661243,-0.3871109162647962,0.06421673819742488,0.09622853824095241,surfaced,True,6.269,4.288,5.212,1,39.43,38.5686
2025-04-07,TLN,Medium,GapFade_strongstock,4,CAUTION,-0.12052445789208273,-0.23347398030942335,-0.06536697247706424,1.3047923848459124,1.6794538694619974,-0.18781725888324866,-0.3241095996589543,0.07565792922673654,0.1230674846625767,surfaced,False,6.264,4.541,5.629,1,167.47,163.0
2025-04-07,NUGT,Medium,GapFade_strongstock,4,CAUTION,-0.182875605815832,-0.21835762379481355,-0.04705417160933166,2.1546810741668967,1.789451675476288,-0.17889610389610394,-0.21835762379481355,0.07595718239846352,0.061345786457227776,surfaced,False,5.363,3.808,4.915,1,48.41,47.11
2025-04-07,SMH,ETF,GapFade_weakstock,4,CAUTION,-0.10799743450589563,-0.2827104657621201,-0.04043141592920355,1.5245259165613148,2.8141863197172796,-0.15549535242187862,-0.3612887271699579,0.04374999999999999,0.08694374228440416,surfaced,True,22.543,6.237,19.01,1,171.16,170.11
2025-04-07,TECL,Medium,GapFade_weakstock,4,CAUTION,-0.25619047619047625,-0.5721284118787233,-0.12624839948783612,1.2217932301797538,2.993271070548614,-0.3597311034595836,-0.6537506650115269,0.13099487836107557,0.21642231624520328,surfaced,False,6.287,4.779,5.039,1,34.2204,32.5216
2025-04-07,SMCX,Medium,GapFade_weakstock,4,CAUTION,-0.1394594594594595,-0.7802521395049232,-0.11725293132328311,0.9513172465411063,1.6193209491316987,-0.29286348830322784,-0.9420669577874818,0.2733536731275425,0.41560975609756096,surfaced,False,,,,0,,
2025-04-07,CE,Medium,GapFade_weakstock,4,CAUTION,-0.2368274064420033,-0.3262656147271532,-0.04610880702610394,1.839160653172145,1.3508084185827258,-0.2755390597384234,-0.7619075278810409,0.07560965740773011,0.10231292517006797,surfaced,False,3.935,3.301,3.399,1,37.99,36.75
2025-04-07,CNR,Medium,GapFade_strongstock,4,CAUTION,-0.17257499026100515,-0.19474282825729808,-0.034682988072818596,1.9600253233245937,1.6560612778663315,-0.14400859752821063,-0.38369281361833835,0.061973141422293945,0.09368155012636892,surfaced,False,5.492,3.4,4.542,1,60.53,59.35
2025-04-07,AXSM,Medium,GapFade_strongstock,4,CAUTION,-0.19606408067008213,-0.2823751451800232,-0.04440623103378516,1.5389298852347066,1.450941975956602,-0.09922551252847381,-0.2894410187889159,0.04920052888644835,0.06454492595738795,surfaced,True,5.399,3.512,4.493,1,94.0392,92.5278
2025-04-07,VFC,Medium,GapFade_weakstock,4,CAUTION,-0.20275862068965514,-0.5521115846571096,-0.06141868512110734,1.7795978684900973,2.520066449287401,-0.2946918852959121,-0.6016540317022744,0.09867708848245174,0.05876821814762576,surfaced,True,6.755,2.563,2.053,1,10.8381,10.635
2025-04-07,OKLO,Medium,GapFade_strongstock,4,CAUTION,-0.04944791166586643,-0.48807181473370687,-0.0575757575757576,1.1458473098081312,1.3523168847198914,-0.12775330396475765,-0.6652012174501184,0.13443362193362193,0.258897818599311,surfaced,False,,,,0,,
2025-04-07,ROOT,Medium,GapFade_strongstock,4,CAUTION,-0.3651412429378531,-0.37965109859776963,-0.047877547388092995,0.7216664791415356,1.055990427219617,-0.10226092514180712,-0.37965109859776963,0.12146448594566421,0.10538182531124399,surfaced,True,3.367,2.327,1.396,1,106.5,102.01
2025-04-07,ENTG,Medium,GapFade_weakstock,3,NO-GO,-0.28480804987422076,-0.37741597638769875,-0.03165621654687262,1.9531509506663305,2.926445999194727,-0.23805639711023066,-0.5568882564206817,0.07399198217289664,0.10024510247719756,book_missed,True,6.375,4.218,5.194,1,62.3,60.7501
2025-04-07,TSLR,Medium,GapFade_weakstock,5,GO,-0.19707565162110613,-0.5674657534246575,-0.13460015835312755,1.2292789167746159,1.488188702556247,-0.2952008928571429,-0.8049420849420849,0.18904026693812914,0.20260782347041117,surfaced,False,4.948,2.778,2.5,1,10.55,9.97
2025-04-07,NVDU,Medium,GapFade_weakstock,5,GO,-0.17789985210226075,-0.5712869105332746,-0.14726291441788736,1.3501057088261033,2.1286938781241607,-0.2797112180673826,-0.7350718322325867,0.13363127363512875,0.2796934865900383,surfaced,False,18.8,5.3,15.424,1,33.25,32.625
2025-04-07,RBRK,Medium,GapFade_strongstock,5,GO,-0.1263921700978737,-0.31980028905531466,-0.062391346339578976,1.4113535032639224,0.8518189947831056,-0.17075124139035713,-0.35287499999999994,0.08321269902591129,0.11973947366753761,surfaced,False,5.64,4.021,4.73,1,48.79,47.3503
2025-04-07,BROS,Medium,GapFade_strongstock,5,GO,-0.11537799207852596,-0.362813197717688,-0.060249172668872863,1.2961720727933705,1.3154643390515042,-0.18004788507581806,-0.4087246777163904,0.0899610667704886,0.12314853999153619,surfaced,False,5.279,3.574,3.313,2,48.45,47.61
2025-04-07,AAOI,Medium,GapFade_weakstock,5,GO,-0.2722371967654986,-0.6516129032258065,-0.06574074074074082,1.1682844534987986,1.3586484532173013,-0.3233082706766917,-0.7573033707865169,0.17198373677248674,0.12921065862242334,surfaced,True,,,,0,,
2025-04-07,CONL,Medium,GapFade_weakstock,5,GO,-0.0924369747899159,-0.6053156146179401,-0.17676767676767688,1.4962101229029743,1.7463000786749108,-0.23650385604113108,-0.8640240636202563,0.17665283790283795,0.23344191096634076,surfaced,False,4.583,3.474,2.857,2,10.185,9.58
2025-04-07,GRRR,Medium,GapFade_strongstock,5,GO,-0.4106330884924798,-0.6183465458663646,-0.08011869436201788,0.8106096589033703,1.374366991639579,-0.18873375060182948,-0.6183465458663646,0.2106265366680797,0.2231731402238314,surfaced,False,2.572,1.857,1.885,1,16.3686,15.19
2025-04-07,SVIX,Medium,GapFade_weakstock,5,GO,-0.30287625639582055,-0.5100853374709077,-0.07680126682501984,1.4117526922438706,5.699458326701168,-0.39220404234841194,-0.7551851133940686,0.13291878746748104,0.1908190819081909,surfaced,False,4.632,2.6,2.724,1,11.545,11.11
2025-04-07,TSLT,Medium,GapFade_weakstock,5,GO,-0.19335793357933587,-0.5705304518664047,-0.11436413540713633,1.2371632233901166,1.7583374136982555,-0.29392764857881143,-0.807908611599297,0.18931838975297346,0.20301624129930396,surfaced,False,6.075,3.233,4.568,1,9.1076,8.62
2025-04-07,HOOD,Medium,GapFade_strongstock,5,GO,-0.09124423963133649,-0.37071365921527943,-0.11119095914227758,1.2865084232383963,1.5487494204820973,-0.19142455482661672,-0.4842325511881632,0.10496108788342925,0.19386378961564385,surfaced,False,3.048,3.048,2.549,1,31.5,29.66
2025-04-07,BZ,Medium,GapFade_strongstock,5,GO,-0.22042467138523766,-0.2590100913022585,-0.047341115434500675,2.3159314503332284,1.9766078069896107,-0.18842105263157896,-0.3218997361477572,0.058384287567166945,0.04712404712404711,surfaced,False,4.0,3.731,3.8,1,14.83,14.43
2025-04-07,NVDL,Large,GapFade_weakstock,5,GO,-0.17825311942959002,-0.5688909462422908,-0.1449783080260304,1.3767511954789164,1.6023685465374589,-0.2793102639662948,-0.6983645601258885,0.133657421753951,0.28010950088872166,surfaced,False,5.845,4.796,4.65,1,8.14,7.7077
2025-04-07,RKLB,Medium,GapFade_strongstock,5,GO,-0.07878446820483954,-0.31506276150627605,-0.10109957238851563,1.6741699493528412,1.5164376643597415,-0.15356773526370213,-0.508998200359928,0.08684178375076358,0.19102651257647849,surfaced,False,,,,0,,
2025-04-07,FNGA,Medium,GapFade_strongstock,5,GO,-0.20733583605144928,-0.5218916460958815,-0.1276397515527951,0.887036240145434,1.925143354204492,-0.32755560196303635,-0.5218916460958815,0.14259835292812778,0.20690487964762583,surfaced,False,6.871,4.647,5.239,1,228.22,217.3825
2025-04-07,CRVO,Medium,GapFade_strongstock,5,GO,-0.15677321156773213,-0.34592680047225505,-0.11010830324909752,1.1904359447053294,0.08820030344562992,-0.18409425625920472,-0.5799673223674983,0.24408586900464155,0.0701754385964913,surfaced,False,2.571,0.649,-2.0,2,9.615,9.3111
2025-04-07,INOD,Medium,GapFade_strongstock,5,GO,-0.11749116607773857,-0.5457714458926948,-0.1034367701034367,1.185083257316903,2.2485488205606976,-0.20819022457067377,-0.5778873239436619,0.12332141665475001,0.2052252934494509,surfaced,False,4.164,3.871,3.731,1,27.95,26.41
2025-04-07,AR,Medium,GapFade_strongstock,2,NO-GO,-0.15097690941385425,-0.21501466275659822,-0.03586371787208616,2.420660851777139,2.3917148742641676,-0.2033333333333333,-0.21501466275659822,0.052595636580992235,0.07120451693851944,book_missed,True,3.626,3.626,1.956,2,32.77,32.21
2025-04-07,TQQQ,ETF,GapFade_weakstock,6,GO,-0.2162883845126835,-0.516872427983539,-0.10562180579216361,1.2417014240232973,2.3488137857895675,-0.31436676122142493,-0.5618898551219116,0.11269756284115011,0.17857142857142858,surfaced,False,6.631,4.964,5.16,1,18.2751,17.5
2025-04-07,SPXL,ETF,GapFade_weakstock,6,GO,-0.21548925645385683,-0.43397278608074946,-0.09891625615763552,1.5650966488480071,3.028209059753524,-0.2968479390370627,-0.46674372176105916,0.0897566502463054,0.1569820854386771,surfaced,False,6.245,5.219,4.945,1,90.51,87.08
2025-04-07,AAPL,Large,GapFade_weakstock,1,NO-GO,-0.0834873990464143,-0.24648,-0.05934812612803911,1.725069716163341,2.140153528527094,-0.15860467193711195,-0.27574009996155335,0.03858833967815811,0.03917077081663042,book_missed,True,3.895,3.895,2.789,1,178.61,174.62
2025-04-07,YINN,Medium,GapFade_strongstock,6,GO,-0.2310319590143938,-0.4066265060240964,-0.20621827411167512,1.6825557809330645,3.185414048490429,-0.2213438735177865,-0.46811113642308116,0.08937635968092816,0.03434343434343437,surfaced,False,5.066,3.421,4.02,2,25.345,24.59
2025-04-07,TSLL,Large,GapFade_weakstock,6,GO,-0.19797979797979798,-0.5731182795698925,-0.12972292191435772,1.2384516043577602,1.5262335042027677,-0.29547471162377986,-0.8086746987951807,0.19017002518891685,0.1987281399046105,surfaced,False,5.978,3.273,4.451,1,6.6497,6.29
2025-04-07,GDS,Medium,GapFade_strongstock,6,GO,-0.1661490683229814,-0.4933962264150943,-0.09031657355679708,1.1903614457831322,1.2542664619555683,-0.1832699619771863,-0.5908571428571429,0.09660148975791433,0.06832298136645965,surfaced,False,3.655,2.305,1.252,1,19.915,19.32
2025-04-07,SOXL,Large,GapFade_weakstock,6,GO,-0.36784938450398263,-0.7016404647983595,-0.09736540664375722,1.1679313342829125,3.640647664970865,-0.46309963099630996,-0.8754280821917808,0.22115447553591888,0.26643598615916964,surfaced,False,6.291,3.718,5.087,1,7.74,7.225
2025-04-07,QQQ,ETF,GapFade_weakstock,1,NO-GO,-0.07398562790290067,-0.20110609391213613,-0.033146426290013464,1.4400705739186825,2.368505133670728,-0.1123175469914942,-0.2184501026238419,0.02907957575819027,0.05293372101692391,book_missed,True,6.603,5.956,5.073,1,407.75,402.39
2025-04-07,NVDA,Large,GapFade_weakstock,1,NO-GO,-0.08888030142015267,-0.31950357168626886,-0.0726328067013043,1.5140257740369114,1.8561749513998842,-0.14589748234015576,-0.5187037509568767,0.05616727509580865,0.1272223504964211,book_missed,True,5.877,5.264,4.659,1,88.82,86.62
2025-04-07,TSLA,Large,GapFade_weakstock,1,NO-GO,-0.0974782313694448,-0.3007246260411515,-0.06536357181639729,1.234488650111351,1.2677764989016904,-0.15323949639270046,-0.5099069697275493,0.08458129724762978,0.08886814469078176,book_missed,True,5.711,3.395,4.284,1,219.875,214.25
2025-04-09,LINE,Medium,GapFade_strongstock,2,NO-GO,-0.15210243986848934,-0.2134831460674157,-0.001020408163265248,2.0462948310339386,2.1469592845634984,-0.09843606255749772,-0.454646633277685,0.05066399416909623,0.17355637767411938,book_missed,True,2.463,2.463,1.706,1,48.99,46.6275
2025-04-09,HSAI,Medium,GapFade_strongstock,4,CAUTION,-0.223398001175779,-0.4536807278742762,-0.012869038607115949,1.442090277196214,0.6360651331464485,-0.134905042567125,-0.4536807278742762,0.12913377311560506,0.13518052057094873,surfaced,False,0.605,0.273,-2.0,2,13.42,13.04
2025-04-09,LABU,Medium,GapFade_weakstock,5,GO,-0.30192878338278933,-0.5607934655775962,-0.06269925611052071,1.6296429176508105,1.8698826214489452,-0.15301530153015297,-0.7873324975040948,0.19041483224533173,0.4046082949308757,surfaced,False,0.204,0.089,-2.0,2,36.2649,35.155
2025-04-09,CPRI,Medium,GapFade_weakstock,4,CAUTION,-0.3139087410665201,-0.47913188647746247,-0.03846153846153849,1.8519704591251063,1.2105163622007626,-0.140495867768595,-0.7545239968528717,0.1161704441391941,0.3794266441821248,surfaced,False,9.191,6.198,5.766,1,12.33,11.86
2025-04-09,SPXL,ETF,GapFade_weakstock,4,CAUTION,-0.25714948214561756,-0.454277034891974,-0.021121631463947573,1.8661793793636448,2.792470341947426,-0.053103448275862074,-0.49506146895029945,0.11914629070856311,0.30661835233933704,surfaced,False,15.269,5.163,8.38,2,95.8322,94.08
2025-04-09,ETHE,ETF,GapFade_weakstock,4,CAUTION,-0.02478017585931259,-0.405458089668616,-0.005737704918032665,1.2438133874239343,1.6528291012866636,-0.190444591904446,-0.6466840428612801,0.07216042154566742,0.12613355317394884,surfaced,False,7.476,3.587,7.048,1,12.34,12.13
2025-04-15,MLGO,Medium,GapFade_weakstock,5,GO,-0.41682926829268296,-0.6310185185185185,-0.06733584274362185,0.52138052075843,0.07424810467253408,-0.24858579509742307,-0.9765404238618525,0.5051896994682441,0.1633045148895293,surfaced,True,4.08,0.91,1.684,1,331.137,312.3
2025-04-17,MSPR,Small,GapFade_strongstock,4,CAUTION,-0.381625441696113,-0.5042492917847026,-0.017142857142857213,0.9669695481335954,0.09274642092786255,-0.381625441696113,-0.7028862478777589,0.2659265306122449,0.2535578029431356,surfaced,False,0.0,0.0,-2.0,2,12.2808,11.76
2025-04-21,JNVR,Medium,GapFade_strongstock,6,GO,-0.31044600938967143,-0.33490566037735847,-0.12794326241134754,1.8237621936886996,0.36128313373997356,-0.2897918065815984,-0.33490566037735847,0.2798880108071597,0.09902386571520352,surfaced,False,0.692,0.171,-2.0,2,44.3576,43.1
2025-04-22,JNVR,Medium,GapFade_strongstock,5,GO,-0.4868283776734481,-0.5050314465408805,-0.08513341804320207,0.8596648933686317,0.2016199534798831,-0.45407880133185347,-0.5050314465408805,0.4042679252132873,0.3862793572311496,surfaced,False,0.295,0.157,-1.0,1,39.86,35.99
2025-04-23,SMST,Medium,GapFade_weakstock,4,CAUTION,-0.36700336700336694,-0.7542483660130719,-0.07446808510638309,0.3994845360824744,1.4629832820804825,-0.16444444444444442,-0.9841216216216216,0.4127659574468085,0.06321839080459779,surfaced,False,1.923,0.348,0.692,1,36.1,34.8
2025-04-23,USAR,Small,GapFade_strongstock,4,CAUTION,-0.37232088181261475,-0.4875,-0.04390243902439017,0.9869899229082303,0.7375970577501929,-0.27253371185237757,-0.4875,0.25897909407665504,0.19296937533579675,surfaced,False,,,,0,,
2025-04-25,STSS,Small,GapFade_weakstock,4,CAUTION,-0.32278481012658233,-0.9512417407154249,-0.08411214953271029,1.010498687664042,0.5921473946568245,-0.30519480519480524,-0.9988212224033843,0.5086782376502004,0.12222222222222208,surfaced,False,0.227,0.1,0.045,1,6.06,5.4
2025-04-28,TSDD,Medium,GapFade_weakstock,5,GO,-0.3751838235294117,-0.5953571428571428,-0.0305972344807296,0.8395311261737737,2.069909811443308,-0.25165125495376484,-0.9557882414151925,0.30733472029588543,0.0670037926675094,surfaced,False,5.276,0.885,1.496,1,32.4892,31.64
2025-04-28,TSLZ,Medium,GapFade_weakstock,5,GO,-0.37783375314861467,-0.5983739837398373,-0.03036437246963563,0.8371797507147793,1.492940441894544,-0.2492401215805471,-0.959272444263433,0.30950260266049745,0.06521739130434782,surfaced,False,5.5,0.89,1.583,1,47.2,46.0
2025-04-28,TSLQ,Medium,GapFade_weakstock,4,CAUTION,-0.37334878331402077,-0.5958750560454341,-0.029031065088757444,0.8497743900972199,1.6872166348527833,-0.25013865779256794,-0.905954368391764,0.3074693575655114,0.06510710707526922,surfaced,False,5.177,0.882,1.483,1,77.52,75.4572
2025-04-30,UPXI,Medium,GapFade_strongstock,5,GO,-0.1871008939974457,-0.4359769605671245,-0.04320502749410846,0.4158454015052266,0.10372469981427164,-0.17923920051579623,-0.6142424242424243,0.285244080350129,0.032075471698113193,surfaced,False,3.215,0.34,0.85,1,10.7838,10.6
2025-05-06,CEP,Medium,GapFade_strongstock,6,GO,-0.40494997367035285,-0.43263598326359837,-0.08200589970501468,1.8117782909930713,1.4655988087610767,-0.322,-0.43263598326359837,0.2554572271386431,0.06429349800217943,surfaced,False,1.575,0.643,0.06,1,29.1531,27.53
2025-05-07,PTIR,Medium,GapFade_strongstock,4,CAUTION,-0.24300848550130916,-0.260523767679538,-0.020231607629427835,1.2886231597946862,2.019652165239096,-0.24926272963343887,-0.39357497923044793,0.13418861640932486,0.06549593241551932,surfaced,False,1.331,0.774,0.691,1,13.2887,12.784
2025-05-07,PLTU,Medium,GapFade_strongstock,4,CAUTION,-0.24171045479253483,-0.25981605942695435,-0.01553166069295098,1.2970426497047713,2.5136409597716582,-0.24878836833602583,-0.3969740634005764,0.1347021676053934,0.06572769953051652,surfaced,False,1.331,0.768,0.688,1,42.07,40.47
2025-05-13,VXX,ETF,GapFade_strongstock,4,CAUTION,-0.18139024007531768,-0.42789779581094417,-0.015526164462334718,1.0287684516754654,1.2896928516805235,-0.13682991396426203,-0.42789779581094417,0.06353541991839862,0.030526001789798227,surfaced,False,11.423,0.91,11.115,1,50.415,50.285
2025-05-13,UVXY,ETF,GapFade_weakstock,4,CAUTION,-0.2660581473968898,-0.5919939860928397,-0.023030861354214647,0.9856719367588941,1.216593644229014,-0.20592538405267002,-0.6704114164262942,0.10654734487069814,0.04673807205452772,surfaced,False,13.924,0.826,12.478,2,103.8,103.425
2025-05-13,SOXS,Medium,GapFade_weakstock,4,CAUTION,-0.30294608115619787,-0.7653003930376193,-0.011164274322169104,0.5318720489643098,2.2267287765245767,-0.23999999999999996,-0.7653003930376193,0.16491057188425612,0.01681415929203545,surfaced,False,0.335,0.029,-2.0,2,2429.02,2408.0
2025-05-14,TSLQ,Medium,GapFade_weakstock,5,GO,-0.3330985915492958,-0.6929795411551686,-0.05015839493136222,0.8477137248142619,1.6339058880823578,-0.21929101401483925,-0.9341263216471897,0.1684760144818223,0.016326530612244827,surfaced,False,2.346,0.356,-0.783,2,54.6837,53.04
2025-05-14,ASST,Medium,GapFade_strongstock,5,GO,-0.08153846153846149,-0.3307174887892377,-0.10720268006700176,1.56474456333547,0.27336942309633866,-0.2647783251231527,-0.3307174887892377,0.17448971045704714,0.03070175438596488,surfaced,False,1.109,0.779,-1.0,1,108.534,102.0
2025-05-14,TSLZ,Medium,GapFade_weakstock,5,GO,-0.3333333333333333,-0.6938053097345134,-0.05202312138728336,0.8160687829402772,0.9028632453218323,-0.21896162528216695,-0.9714742220954411,0.16999587118084225,0.009554140127388559,surfaced,False,2.911,0.374,-0.883,2,33.198,32.22
2025-05-14,TSDD,Medium,GapFade_weakstock,5,GO,-0.33417155630064266,-0.6929914970368463,-0.05371380612673091,0.8537086190436398,1.4443194429613362,-0.2189446083251394,-0.969003642039542,0.16860110305137588,0.0162337662337663,surfaced,False,2.615,0.358,-0.692,2,22.84,22.205
2025-05-14,NVDQ,Medium,GapFade_weakstock,4,CAUTION,-0.1218487394957984,-0.6287744227353463,-0.05263157894736832,1.1034147231428841,1.0329350464781675,-0.20380952380952386,-0.9291998224914211,0.11239576213260424,0.0026315789473684583,surfaced,False,1.857,0.584,-2.0,2,39.1,38.4
2025-05-14,UVXY,ETF,GapFade_weakstock,4,CAUTION,-0.27315753887762007,-0.595940612666792,-0.002325581395348837,0.4703198494825963,1.0880248563719204,-0.20340866987773243,-0.6735995141946258,0.09888372093023254,0.03216783216783219,surfaced,False,,,,0,,
2025-05-14,NVD,Medium,GapFade_weakstock,4,CAUTION,-0.13090909090909086,-0.6295650489198877,-0.053347280334728006,1.1031062648372438,1.875600603156652,-0.20860927152317876,-0.9305756016085256,0.11141512253436939,0.0011428571428571184,surfaced,False,3.433,0.699,-2.0,2,17.8753,17.67
2025-05-14,SOXS,Medium,GapFade_weakstock,4,CAUTION,-0.3613118399110617,-0.7849522740033689,-0.020887728459530075,0.6338158469708719,1.8055864030775803,-0.281875,-0.7849522740033689,0.15791184881263212,0.029038112522686052,surfaced,False,3.263,0.491,1.393,1,2230.74,2204.0
2025-05-15,MLGO,Small,GapFade_weakstock,4,CAUTION,-0.37125748502994016,-0.9102564102564102,-0.023809523809523808,0.4821648216482164,1.3932358592084075,-0.32907348242811507,-0.9958791208791209,0.5530612244897959,0.06845238095238101,surfaced,False,0.527,0.037,-2.0,2,60.579,59.4
2025-05-15,ASST,Medium,GapFade_strongstock,6,GO,-0.27692307692307694,-0.4730941704035875,-0.05106382978723401,1.0785466010988563,0.18703815569175739,-0.3295292439372325,-0.4730941704035875,0.24244604863221886,0.7570332480818415,surfaced,False,3.857,3.857,1.698,2,93.0,88.2
2025-05-15,TAOP,Small,GapFade_weakstock,4,CAUTION,-0.3924955330553901,-0.6955678256976571,-0.05196078431372557,0.8348188819167144,0.18542365815130407,-0.3084745762711864,-0.8532374100719425,0.3928291316526611,0.5046505447781027,surfaced,False,,,,0,,
2025-05-16,RYET,Small,GapFade_strongstock,5,GO,-0.4602076124567474,-0.4868421052631579,-0.01153846153846152,1.019758665652966,1.2593378081966802,-0.46058091286307057,-0.4868421052631579,0.4312106227106227,0.3086900129701686,surfaced,False,8.538,2.003,4.897,1,8.1,7.71
2025-05-19,IXHL,Small,GapFade_weakstock,5,GO,-0.6507723304231028,-0.8115942028985508,-0.13153846153846152,0.6021009268795057,2.007497685812641,-0.6285714285714286,-0.9693023365644592,0.6668956043956042,0.05044666316342622,surfaced,False,1.892,0.279,-0.252,1,6.042,5.709
2025-05-28,DFDV,Medium,GapFade_strongstock,5,GO,-0.29684329362724515,-0.5040831492513546,-0.026569620722163532,1.9563475186222237,1.1856303036078653,-0.3712949446635815,-0.5040831492513546,0.26895227666092475,0.07383847202112258,surfaced,False,0.246,0.071,-2.0,2,21.1364,20.2124
2025-05-28,ASST,Medium,GapFade_strongstock,5,GO,-0.2908539228435197,-0.39046199701937406,-0.0024449877750611594,1.5383147148417446,0.45793486170956266,-0.37125288239815524,-0.39046199701937406,0.33854086622424034,0.050000000000000086,surfaced,False,1.227,0.253,-0.825,2,169.45,160.0
2025-05-28,MLGO,Medium,GapFade_weakstock,4,CAUTION,-0.3418803418803419,-0.9066666666666667,-0.006493506493506585,0.7972027972027973,1.4247360196849772,-0.2903225806451612,-0.9969780219780219,0.46428571428571425,0.05797101449275359,surfaced,False,0.99,0.211,-2.0,2,46.95,42.3
2025-05-29,MULN,Small,GapFade_weakstock,4,CAUTION,-0.47258848022206806,-0.9131428571428573,-0.16118421052631576,0.16950787000825052,0.38844202303952086,-0.05295950155763249,-0.9999999677282378,0.43857612781954886,0.04701273261508312,surfaced,False,0.45,0.032,-2.0,2,11.98,10.99
2025-05-30,GME,Medium,GapFade_strongstock,4,CAUTION,-0.17367612127986579,-0.1742530019547613,-0.012512681772066317,1.177796749247819,1.2446943510422077,-0.1553841759497286,-0.5438840043189881,0.058287356877143814,0.021072468733938737,surfaced,False,1.868,0.999,0.242,1,29.64,29.185
2025-05-30,SYTA,Medium,GapFade_weakstock,4,CAUTION,-0.3883792048929664,-0.6165773893431068,-0.01764705882352943,0.8150399827011923,0.1707313365786366,-0.2811839323467231,-0.9961607169070735,0.5052079831932773,0.27666666666666667,surfaced,False,0.944,0.115,-2.0,2,14.18,13.24
2025-05-30,MULN,Small,GapFade_weakstock,4,CAUTION,-0.6290770298403887,-0.9230381569474442,-0.059869036482693996,0.38805097499972907,0.8530391254707989,-0.33145716072545345,-0.9999999773036093,0.6171254844313779,0.09612817089452612,surfaced,False,0.56,0.045,-2.0,2,9.35,8.8
2025-06-02,IONX,Medium,GapFade_strongstock,4,CAUTION,-0.24598993092143787,-0.3328498912255257,-0.015838509316770197,0.5539927062958155,1.431977775186778,-0.2946330777656079,-0.3328498912255257,0.2149836586808636,0.12004801920768307,surfaced,False,9.566,1.067,8.303,1,88.605,87.465
2025-06-02,HOLO,Small,GapFade_weakstock,5,GO,-0.33109619686800884,-0.6923868312757202,-0.025083612040133835,1.352896964151498,1.5313090693390043,-0.425,-0.9991287878787879,0.2558612040133779,0.05384615384615389,surfaced,False,0.054,0.014,-2.0,2,5.8393,5.64
2025-06-05,IMNN,Medium,GapFade_strongstock,5,GO,-0.2916626736942981,-0.46200596841109254,-0.07062166001488192,0.6284407729753655,0.15607280036364393,-0.32268853660771557,-0.5342323324616403,0.32754805229945594,0.0,surfaced,False,3.123,0.484,-2.0,2,20.0865,19.404
2025-06-05,PONY,Medium,GapFade_strongstock,5,GO,-0.2969502407704655,-0.3871268656716418,-0.04109589041095897,0.5240210013049944,1.2579455975840654,-0.24699140401146125,-0.4497487437185929,0.21494020439225925,0.10764174198849634,surfaced,False,2.533,1.001,1.467,1,12.705,12.17
2025-06-06,MCTR,Small,GapFade_strongstock,6,GO,-0.8078920041536864,-0.8652340193043162,-0.13513513513513511,2.301712932576606,4.180080161197835,-0.7750759878419453,-0.8652340193043162,0.900034749034749,0.07462686567164169,surfaced,False,2.351,0.302,0.139,1,5.73,5.36
2025-06-06,RSLS,Small,GapFade_weakstock,4,CAUTION,-0.25828970331588136,-0.698474636395885,-0.0117647058823529,1.028815748452323,0.15882968749696255,-0.37037037037037035,-0.9941379310344828,0.22641680672268905,0.017031630170316153,surfaced,False,3.564,0.337,-0.667,2,17.1512,16.8
2025-06-09,MULN,Small,GapFade_weakstock,4,CAUTION,-0.5427960057061341,-0.9140750670241288,-0.03260530421216857,0.40235814296241723,1.3390691832521442,-0.6018633540372671,-0.9999999863906581,1.2097169601069757,0.03826086956521735,surfaced,False,5.643,0.421,-1.0,1,6.16,5.88
2025-06-09,SBET,Medium,GapFade_strongstock,5,GO,-0.29647218453188606,-0.6658072832742509,-0.07762777242044357,0.4032917518535348,0.2793142116798489,-0.29932432432432443,-0.6658072832742509,0.4853979542636728,0.008913267055193623,surfaced,False,0.333,0.041,-2.0,2,33.33,32.7
2025-06-10,SYTA,Medium,GapFade_weakstock,4,CAUTION,-0.3168316831683169,-0.6887510572314632,-0.010869565217391235,0.3908209420703912,0.12743007793120653,-0.2540540540540541,-0.9968834054892715,0.593325569358178,0.020161290322580575,surfaced,False,3.4,0.21,-2.0,2,11.0,10.7608
2025-06-10,RSLS,Small,GapFade_weakstock,4,CAUTION,-0.5462478184991274,-0.8155374246186591,-0.05384615384615389,0.44531465367950096,0.7741067662519077,-0.388235294117647,-0.9964137931034482,0.38866208791208784,0.025000000000000022,surfaced,False,1.004,0.21,-1.275,2,9.9924,9.84
2025-06-10,LYRA,Small,GapFade_strongstock,5,GO,-0.2639888089528378,-0.5089333333333333,-0.04805864784143351,1.1314707313804462,0.3042873217423819,-0.272996446900908,-0.9457584683357879,0.27495636321321903,0.011089367253750811,surfaced,False,6.42,0.693,-2.0,2,17.7801,17.52
2025-06-11,LYRA,Small,GapFade_strongstock,4,CAUTION,-0.38049560351718625,-0.5866666666666667,-0.03999999999999995,0.7756702056843928,0.30460580387179875,-0.36161449752883035,-0.9543446244477173,0.3426797235023042,0.07741420590582607,surfaced,False,0.894,0.238,-2.0,2,13.8999,13.22
2025-06-11,RSLS,Small,GapFade_weakstock,4,CAUTION,-0.5706806282722513,-0.8254700248315006,-0.012195121951219433,0.20308544820233132,0.115527032323365,-0.41148325358851673,-0.9966068965517241,0.4003281068524971,0.02690582959641258,surfaced,False,0.5,0.021,-2.0,2,9.72,9.28
2025-06-12,LYRA,Small,GapFade_strongstock,4,CAUTION,-0.46043165467625896,-0.64,-0.012592592592592588,0.4343568021965867,0.2946540430783807,-0.2669019820798262,-0.9602356406480118,0.4065952380952381,0.029539530842745427,surfaced,False,0.381,0.148,-1.0,1,12.7,11.65
2025-06-13,GMEU,Small,GapFade_weakstock,4,CAUTION,-0.5141843971631206,-0.6654456654456655,-0.004379562043795527,1.168203134254517,10.690783584073447,-0.5087845105772679,-0.6654456654456655,0.29929301355578725,0.005143277002204283,surfaced,False,0.645,0.24,-1.0,1,14.4,13.64
2025-06-13,LYRA,Small,GapFade_strongstock,4,CAUTION,-0.5263788968824941,-0.6839999999999999,-0.03037974683544299,0.35644462617718087,0.19486171672210453,-0.23548387096774195,-0.9650957290132547,0.4717239300783604,0.032786885245901586,surfaced,False,2.951,0.419,-1.117,2,11.5,11.12
2025-06-16,VTAK,Small,GapFade_weakstock,4,CAUTION,-0.17346014492753625,-0.5577309397021778,-0.14904109589041095,1.2374553598450457,0.15610901817955813,-0.3917680386602233,-0.956547619047619,0.2382263878875271,0.3849859494179044,surfaced,False,,,,0,,
2025-06-17,MLGO,Small,GapFade_weakstock,4,CAUTION,-0.4319282511210763,-0.8543573235226489,-0.03899589516892957,0.901577761081893,1.7789664929903364,-0.4241818181818182,-0.9987570643642072,0.3152036627723398,0.17333333333333337,surfaced,False,9.556,2.241,3.276,1,17.55,16.875
2025-06-18,IMNN,Small,GapFade_strongstock,4,CAUTION,-0.31929338413578107,-0.6424048329572749,-0.16812538164054558,0.15639445300462265,0.03493496347927194,-0.20981101728990748,-0.6904124263524372,0.3962955424384286,0.07530604674168426,surfaced,False,3.474,0.375,3.474,1,12.393,12.1305
2025-06-23,RGC,Medium,GapFade_strongstock,6,GO,-0.36662667466506704,-0.5453349282296651,-0.21073401736385158,2.1445109794244948,1.4379609223483658,-0.5126923076923077,-0.5453349282296651,0.32602830082309164,0.19696969696969688,surfaced,False,1.572,0.511,-2.0,2,31.5,27.0
2025-06-24,DFDV,Small,GapFade_strongstock,4,CAUTION,-0.21213317357906616,-0.5395330510516151,-0.25433062138375934,0.9660490979807012,0.8575736115378876,-0.20659014398131367,-0.5395330510516151,0.23686530720825427,0.08693401225469312,surfaced,False,1.367,1.367,-0.603,1,19.7636,16.4182
2025-06-24,RGC,Small,GapFade_strongstock,4,CAUTION,-0.6050789842031593,-0.7165071770334928,-0.04472573839662442,0.8848184295685179,1.1609705752577508,-0.6258879242304658,-0.7165071770334928,0.5593652802893309,0.05809128630705385,surfaced,False,1.333,0.938,-0.24,2,28.64,22.64
2025-06-26,RBNE,Small,GapFade_strongstock,4,CAUTION,-0.24489795918367346,-0.8201255232159612,-0.00810810810810803,0.3989115413657021,0.5403330277118974,-0.44776119402985076,-0.8201255232159612,0.9485270270270271,0.03682719546742222,surfaced,False,2.166,0.181,0.376,1,275.6475,264.75
2025-06-27,RBNE,Small,GapFade_strongstock,4,CAUTION,-0.2530612244897959,-0.822070112154167,-0.01639344262295086,0.13036569196044498,0.11540691856984203,-0.245360824742268,-0.822070112154167,0.9640807962529274,0.012084592145015062,surfaced,False,2.832,0.145,-1.775,2,277.5,262.5
2025-07-02,LCFY,Small,GapFade_strongstock,4,CAUTION,-0.15211267605633805,-0.5693848354792561,-0.021594684385382045,1.1762405744873101,0.14273861278189764,-0.274698795180723,-0.5693848354792561,0.22454556241101095,0.16279069767441856,surfaced,False,,,,0,,
2025-07-03,SONM,Small,GapFade_weakstock,4,CAUTION,-0.601406727828746,-0.6954672897196261,-0.0001534448365813457,0.13030816868180461,0.1194080486273863,-0.4658196721311475,-0.9390934579439252,0.5946645038251606,0.042205263977573584,surfaced,False,,,,0,,
2025-07-07,NCPL,Small,GapFade_strongstock,4,CAUTION,-0.216374269005848,-0.23428571428571426,-0.0059701492537313485,1.5191939465245576,4.658919487937563,-0.22453703703703706,-0.7067577030812325,0.18484861407249464,0.1290322580645161,surfaced,False,1.386,0.991,-1.0,1,6.7,6.26
2025-07-14,TSSI,Medium,GapFade_strongstock,4,CAUTION,-0.29366172924560807,-0.3580150281778335,-0.003169958546695817,0.7350236383653908,0.9411451325483021,-0.16612444082960556,-0.3580150281778335,0.15060716898317483,0.07705912076806479,surfaced,False,2.187,0.682,2.187,1,20.27,19.79
2025-07-18,GVH,Small,GapFade_weakstock,5,GO,-0.43168077388149934,-0.9736694677871149,-0.1957446808510639,0.7731343283582089,1.2485849801463271,-0.38642297650130547,-0.9817120622568094,0.7127659574468085,0.03235294117647055,surfaced,False,1.174,0.2,0.13,1,7.26,6.8
2025-07-22,SRPT,Medium,GapFade_weakstock,4,CAUTION,-0.21531664212076587,-0.6966909253203872,-0.06531531531531538,0.6751229688264646,2.3384574341222986,-0.39371870732817477,-0.9231168831168831,0.15012280137280137,0.11233660130718955,surfaced,False,3.845,1.953,1.886,1,12.7147,12.24
2025-07-22,SONN,Small,GapFade_strongstock,4,CAUTION,-0.45502645502645495,-0.733160621761658,-0.029126213592233077,0.5132100260710694,0.14484834710531233,-0.33889602053915274,-0.733160621761658,0.4729417475728155,0.2375048058439063,surfaced,False,7.334,0.765,6.172,2,4.825,4.57
2025-07-25,SRPT,Medium,GapFade_weakstock,4,CAUTION,-0.041666666666666574,-0.6750420704462368,-0.13509316770186336,1.4917899915192983,3.279583272176665,-0.053984575835475536,-0.9256565656565657,0.17721217834960065,0.07284172661870508,surfaced,False,1.64,0.739,0.798,1,11.565,11.12
2025-07-29,BMNR,Medium,GapFade_strongstock,4,CAUTION,-0.14843560514188692,-0.7819254658385093,-0.08003417829678161,0.5183841226348725,1.4769409742264394,-0.1590419161676647,-0.7819254658385093,0.39009989014118895,0.04575163398692805,surfaced,False,3.677,0.362,0.227,2,32.7699,31.27
2025-07-30,CYCC,Medium,GapFade_strongstock,5,GO,-0.1697994987468672,-0.3330413816362382,-0.04075471698113201,0.6593493164174554,0.043677335118321385,-0.17394014962593513,-0.3330413816362382,0.31477574123989216,0.015573770491803385,surfaced,False,3.966,0.575,-1.0,1,13.0,12.71
2025-07-31,CYCC,Medium,GapFade_strongstock,4,CAUTION,-0.2236842105263158,-0.3763307712055088,-0.020177562550443905,0.4586624194190614,0.026758828303511145,-0.1949317738791423,-0.3763307712055088,0.34313905223106195,0.004084411164057209,surfaced,False,0.723,0.128,-2.0,2,11.8786,11.51
2025-07-31,IXHL,Medium,GapFade_weakstock,4,CAUTION,-0.24137931034482757,-0.46987951807228917,-0.22647727272727272,2.0926618795832033,2.4252625118479845,-0.26050420168067234,-0.752112676056338,0.3087086038961039,0.06363636363636369,surfaced,False,1.753,0.392,-0.677,2,17.244,16.8
2025-07-31,VAPE,Small,GapFade_strongstock,5,GO,-0.31087378640776697,-0.5717905405405405,-0.056917441532826234,1.2829402997389527,0.6065303832938388,-0.3836936702266215,-0.5717905405405405,0.22929155093990256,0.011988808946849991,surfaced,False,1.748,0.56,-2.0,2,32.25,31.0201
2025-08-01,CYCC,Medium,GapFade_strongstock,5,GO,-0.2976190476190476,-0.4357278406145079,-0.04014272970562007,0.2523540302026515,0.021343575080167716,-0.15396226415094333,-0.4357278406145079,0.38375493819294,0.023157894736842172,surfaced,False,1.95,0.044,-2.0,2,10.9256,10.76
2025-08-01,IXHL,Medium,GapFade_weakstock,5,GO,-0.49568965517241376,-0.6475903614457832,-0.29247863247863254,0.5508243456506404,1.704653448191456,-0.4532710280373832,-0.8352112676056338,0.5036739926739926,0.0362903225806451,surfaced,False,0.541,0.165,-1.0,1,12.504,11.55
2025-08-01,STAI,Small,GapFade_strongstock,5,GO,-0.38980952380952383,-0.583961038961039,-0.08537537068830961,1.618744273310354,0.6115553968335642,-0.4615966386554622,-0.8767884615384616,0.2555129434324065,0.026465364120781532,surfaced,False,0.775,0.175,-2.0,2,12.3,11.6
2025-08-01,VAPE,Small,GapFade_strongstock,4,CAUTION,-0.4753398058252427,-0.6739864864864865,-0.11250925240562543,0.883792618049959,0.39330675340290955,-0.34065397755002436,-0.6739864864864865,0.32244871523739027,0.021582733812949603,surfaced,False,7.216,1.282,-2.0,2,23.69,23.0033
2025-08-01,AEVA,Medium,GapFade_strongstock,4,CAUTION,-0.18460192475940504,-0.5195876288659793,-0.07162017167381979,0.6521299049349849,0.9305121520586426,-0.08761625061184529,-0.5195876288659793,0.13326256897608826,0.04038082731451085,surfaced,False,2.789,0.46,-2.0,2,16.5,16.2201
2025-08-04,VAPE,Small,GapFade_strongstock,4,CAUTION,-0.5864077669902913,-0.7430019305019305,-0.037558685446009425,0.8445134030830185,0.5592530652783956,-0.3998309382924768,-0.7430019305019305,0.433346747149564,0.0005740528128586687,surfaced,False,1.001,0.156,-2.0,2,24.0,20.5
2025-08-05,XBP,Small,GapFade_weakstock,4,CAUTION,-0.35846774193548386,-0.6892456736591273,-0.04387177875549971,1.2141427618412277,0.3658030395369483,-0.38333333333333336,-0.7928385416666667,0.3095716979437909,0.07633333333333336,surfaced,False,0.697,0.189,-1.0,1,7.12,6.8
2025-08-06,FIG,Medium,GapFade_strongstock,5,GO,-0.3058286516853933,-0.4466834592779177,-0.027567020738492574,1.1256118504415615,2.7468800099510586,-0.3518032786885246,-0.4466834592779177,0.16851398222414915,0.1783431180691453,surfaced,False,7.022,2.005,6.378,1,78.5,76.65
2025-08-07,SDM,Small,GapFade_strongstock,5,GO,-0.5808477237048666,-0.636734693877551,-0.06273408239700375,2.0289413630386015,1.3871759982230396,-0.466,-0.636734693877551,0.553322632423756,0.22064295020011515,surfaced,False,3.515,0.888,0.729,2,10.2,9.62
2025-08-13,BBAI,Large,GapFade_strongstock,4,CAUTION,-0.14957264957264957,-0.3153669724770643,-0.014237855946398655,2.019522776572668,2.460745727134951,-0.1638655462184874,-0.42374517374517373,0.11031347212251735,0.0375,surfaced,False,2.059,0.539,-2.0,2,5.7392,5.65
2025-08-15,PSIX,Medium,GapFade_strongstock,4,CAUTION,-0.21032672112018677,-0.33314173099031047,-0.0016007880802856233,0.9282245783409471,1.3443705978510823,-0.14918805657412268,-0.33314173099031047,0.1224444561718296,0.08305941845764865,surfaced,False,1.504,0.854,1.326,1,81.92,79.1
2025-08-15,BTAI,Small,GapFade_strongstock,4,CAUTION,-0.3484224965706447,-0.4121287128712871,-0.021052631578947295,1.3616142453187006,0.3748176281649199,-0.3014705882352941,-0.8587184124113644,0.25047669172932335,0.3365853658536588,surfaced,False,0.035,0.011,-1.0,1,4.475,4.2901
2025-08-19,TNXP,Medium,GapFade_strongstock,6,GO,-0.3787596899224806,-0.4273259968557953,-0.07911155477913655,1.9403473179596444,3.72472756183051,-0.3274588788183954,-0.9357852564102563,0.18205854041142286,0.07441176470588239,surfaced,False,4.366,1.17,1.811,1,34.9001,34.0
2025-08-20,PLTU,Medium,GapFade_strongstock,5,GO,-0.31235758106923756,-0.3157154332072503,-0.07137394850879422,1.9609779569950077,2.1837670815418124,-0.21594883581492955,-0.3157154332072503,0.11049060485779832,0.2145460307399779,surfaced,False,0.313,0.204,-2.0,2,75.08,72.46
2025-08-20,PTIR,Medium,GapFade_strongstock,5,GO,-0.31382831907259173,-0.31590533847000557,-0.07200321802091711,1.9451940666147465,3.0589470588452263,-0.21602018290760017,-0.31590533847000557,0.11104786806114242,0.21449999999999997,surfaced,False,0.34,0.211,-2.0,2,23.78,22.9401
2025-08-20,NNE,Medium,GapFade_strongstock,4,CAUTION,-0.1375,-0.32971428571428574,-0.011082693947144052,1.0725612526456925,1.0059808254514886,-0.1829200334354974,-0.38969823100936524,0.08792205577883332,0.04216002870470042,surfaced,False,7.102,1.058,5.211,1,28.06,27.87
2025-08-20,TZUP,Small,GapFade_weakstock,4,CAUTION,-0.49085365853658536,-0.6961795027289266,-0.0015968063872255503,2.50648133630387,7.0169121228079065,-0.49648241206030147,-0.6961795027289266,0.39100228115198177,0.10736842105263153,surfaced,False,2.498,0.65,0.887,1,5.0044,4.75
2025-08-20,PLTR,Large,GapFade_strongstock,2,NO-GO,-0.16534391534391535,-0.16973684210526316,-0.03454833597464335,1.9187691398556639,2.098403681402547,-0.1096122368346785,-0.16973684210526316,0.05087783563504646,0.09603765631586333,book_missed,True,0.452,0.343,-2.0,2,154.43,151.49
2025-08-26,NEGG,Medium,GapFade_strongstock,5,GO,-0.36128644424406375,-0.3833403221430158,-0.062352941176470555,0.8708384552424808,0.8165708276463876,-0.2658490240110555,-0.3833403221430158,0.27248789915966387,0.0004477611940298677,surfaced,False,0.664,0.225,-2.0,2,75.0566,72.0
2025-08-27,NEGG,Medium,GapFade_strongstock,5,GO,-0.4963180042079952,-0.5137094328617218,-0.042219901536625366,0.5347197953990039,0.9372944275368243,-0.33468982630272953,-0.5137094328617218,0.3543302572408943,0.009782736678711977,surfaced,False,2.093,0.317,-2.0,2,69.888,63.05
2025-08-28,NEGG,Medium,GapFade_strongstock,4,CAUTION,-0.5424556657649534,-0.5582540260622144,-0.014616521596321244,0.49115751543606406,0.771090856542163,-0.2836470588235294,-0.5582540260622144,0.39489301550805905,0.013716188132292898,surfaced,False,8.194,0.192,-2.0,2,55.54,54.5716
2025-08-28,RAY,Small,GapFade_weakstock,4,CAUTION,-0.6511627906976744,-0.7146739130434782,-0.07380952380952382,3.000657462195923,3.627963343705215,-0.6645367412140576,-0.7737068965517242,0.5173469387755102,0.10541493111182308,surfaced,False,3.628,0.706,1.758,2,12.9984,10.56
2025-08-29,RAY,Small,GapFade_weakstock,4,CAUTION,-0.770764119601329,-0.8125,-0.05797101449275352,0.6650218159152296,2.1997733373855217,-0.7294117647058823,-0.8512931034482759,0.7971842650103521,0.34761904761904755,surfaced,False,9.526,0.768,9.478,1,10.4144,10.08
2025-08-29,NEGG,Medium,GapFade_strongstock,5,GO,-0.6279681394649835,-0.6408138746976555,-0.040395879620278734,0.509571900075249,1.1038159548575912,-0.26137550350589295,-0.6408138746976555,0.464740745015437,0.010361445783132523,surfaced,False,1.824,0.19,-2.0,2,45.62,44.5029
2025-08-29,VERB,Small,GapFade_strongstock,5,GO,-0.352157943067034,-0.5260329190460195,-0.009213323883770306,1.4386032315212052,0.1866341083557252,-0.2966101694915254,-0.564237183446572,0.16602055279943304,0.09488499932041626,surfaced,False,0.0,0.0,-2.0,2,13.9,13.82
2025-09-02,NEGG,Medium,GapFade_strongstock,5,GO,-0.6849263600841599,-0.6958054083230194,-0.10624850942046264,0.30858327529028867,1.0513455792637552,-0.3113811791755625,-0.6958054083230194,0.5410043950802358,0.03704697986577188,surfaced,False,0.14,0.093,-0.816,1,43.9489,37.25
2025-09-04,MSOX,Small,GapFade_strongstock,4,CAUTION,-0.32363013698630133,-0.3992395437262357,-0.016455696202531744,1.1456628477905073,0.9166795364870717,-0.30518909410729983,-0.8893557422969188,0.23092043399638335,0.05825242718446601,surfaced,False,1.027,0.424,-2.0,2,7.9699,7.6
2025-09-05,AEMD,Small,GapFade_weakstock,4,CAUTION,-0.6273604060913704,-0.7320802919708028,-0.017844980247922658,0.28587663825497206,0.7322548068367064,-0.5523780487804877,-0.9130213270142181,0.5308249168077528,0.02396823145653093,surfaced,False,1.183,0.122,-1.0,1,7.27,7.073
2025-09-08,AEMD,Small,GapFade_weakstock,4,CAUTION,-0.633502538071066,-0.7364963503649635,-0.002770083102493016,0.1165227318761854,0.11184462478174391,-0.4651851851851852,-0.9144549763033175,0.5372675108824693,0.12333333333333336,surfaced,False,0.461,0.111,0.262,1,6.466,6.0
2025-09-09,SOGP,Medium,GapFade_strongstock,6,GO,-0.3458646616541353,-0.3651351351351352,-0.08301404853128988,1.84077286668274,0.19844844867461384,-0.3456824512534819,-0.3651351351351352,0.2169300006081615,0.23348837209302323,surfaced,False,5.304,2.611,3.922,1,22.65,21.5
2025-09-09,RAY,Small,GapFade_weakstock,4,CAUTION,-0.38430295066300324,-0.859945652173913,-0.12689173457508723,0.2218221769229751,0.4347862755832842,-0.20561035758323068,-0.8889224137931035,1.04699539885803,0.6378048780487805,surfaced,False,,,,0,,
2025-09-10,NEGG,Medium,GapFade_strongstock,4,CAUTION,-0.19790956600772555,-0.7439048631958642,-0.008781869688385133,0.3101838431265805,0.8487251655385769,-0.19990933816863102,-0.7439048631958642,0.44603905301497376,0.04969307220111066,surfaced,False,2.428,0.285,0.848,1,35.1271,34.21
2025-09-11,RAPP,Small,GapFade_strongstock,4,CAUTION,-0.2982456140350878,-0.470054532334954,-0.0022321428571427304,0.563641024670478,4.753304162111389,-0.2882109945980299,-0.470054532334954,0.18533832908163267,0.051677243880326414,surfaced,False,6.143,0.519,4.629,2,22.91,22.074
2025-09-15,TSLQ,Medium,GapFade_weakstock,4,CAUTION,-0.2461873638344227,-0.46328852119958636,-0.1377649325626204,1.6107462446997765,2.974063864797146,-0.24945770065075923,-0.9579184981039,0.10289154968345723,0.09173272933182346,surfaced,False,3.344,2.033,1.911,1,27.33,26.49
2025-09-15,TSLZ,Medium,GapFade_weakstock,4,CAUTION,-0.2499193548387097,-0.4654597701149425,-0.140307493817869,1.5669149013086547,2.9411874269030274,-0.2468825910931174,-0.9688408710217756,0.10621745741625323,0.0903812168644282,surfaced,False,3.806,1.936,2.287,1,16.276,15.844
2025-09-16,TSLZ,Medium,GapFade_weakstock,4,CAUTION,-0.30338709677419357,-0.4888757396449704,-0.018985876360268546,1.0299078667611634,2.434039250925471,-0.21472727272727274,-0.9707978363759298,0.11667714087255647,0.011509900990099006,surfaced,False,0.239,0.077,-2.0,2,17.024,16.706
2025-09-17,WLDS,Medium,GapFade_strongstock,5,GO,-0.30697568734378555,-0.46490758690865713,-0.07868852459016394,0.7945108235095769,0.13600286728024877,-0.35244161358811044,-0.8789682539682541,0.26392154566744735,0.06936416184971102,surfaced,False,4.145,0.771,0.946,2,50.85,49.77
2025-09-18,AMDL,Medium,GapFade_strongstock,4,CAUTION,-0.027131782945736545,-0.2899726314151751,-0.10358565737051785,1.0759835486685227,1.1863283901677575,-0.026188166828322146,-0.5360443622920518,0.06850028457598178,0.1132394366197184,surfaced,False,4.093,2.855,3.651,1,9.09,8.875
2025-09-18,NAOV,Small,GapFade_strongstock,4,CAUTION,-0.2233333333333333,-0.5982758620689654,-0.025751072961373477,0.7387401505394247,0.12250684304358994,-0.34672897196261676,-0.5982758620689654,0.2086644185571224,0.04843749999999994,surfaced,False,4.0,0.451,2.333,2,6.6894,6.53
2025-09-18,WLDS,Medium,GapFade_strongstock,4,CAUTION,-0.3694614860259032,-0.5131536241545979,-0.03423423423423425,0.4246248221830158,0.09261907723576455,-0.15781487101669195,-0.8898809523809524,0.30127284427284434,0.02313617248804172,surfaced,False,2.5,0.124,-2.0,2,47.8485,46.71
2025-09-19,TURB,Medium,GapFade_strongstock,5,GO,0.07732772225144655,-0.49926650366748165,-0.057617187499999986,1.67833932740236,0.35337734275760396,-0.17419354838709677,-0.49926650366748165,0.18794154575892857,0.0235294117647058,surfaced,False,3.6,0.794,-0.55,2,9.2853,8.7501
2025-09-25,OUST,Medium,GapFade_strongstock,4,CAUTION,-0.16647887323943664,-0.18372413793103448,-0.04528556944913822,1.2373331644861643,1.1347706803663984,-0.15505425471159345,-0.18372413793103448,0.09149833437937528,0.04065335753176047,surfaced,False,,,,0,,
2025-09-25,ASST,Small,GapFade_strongstock,4,CAUTION,-0.2900943396226415,-0.7611111111111112,-0.08637873754152828,0.19028978415701625,0.916821655829069,-0.2658536585365853,-0.7757078986587184,0.5237683910773612,0.04562737642585549,surfaced,False,0.84,0.292,-0.58,1,57.6,52.6
2025-09-26,OKLL,Medium,GapFade_strongstock,5,GO,-0.3140153755174453,-0.33102652825836226,-0.027442528735632136,1.2252492163078506,2.411338065485254,-0.315970515970516,-0.33102652825836226,0.18621592775041054,0.036738978306508074,surfaced,False,1.686,0.495,-2.0,2,63.05,61.2
2025-09-30,EPSM,Small,GapFade_strongstock,6,GO,-0.3263013698630137,-0.8413548387096774,-0.13176087840585599,1.0118858410775164,1.352740740262104,-0.3350459707950243,-0.8413548387096774,0.6524725498169988,0.18645948945615978,surfaced,False,0.044,0.009,-2.0,2,22.99,20.21
2025-09-30,IONX,Medium,GapFade_strongstock,4,CAUTION,-0.278830963665087,-0.29468580906964964,-0.018150524174620507,1.0874366423614812,0.7978886410653067,-0.150245977928467,-0.29468580906964964,0.16517867387919025,0.029151826935760437,surfaced,False,2.373,0.307,-2.0,2,186.105,183.795
2025-10-01,ORIS,Small,GapFade_weakstock,4,CAUTION,-0.37620793068977004,-0.5199999999999999,-0.17948717948717952,0.8240660295395307,0.3016342396152897,-0.30279329608938543,-0.9966577396893412,0.35134310134310126,0.14583333333333331,surfaced,False,,,,0,,
2025-10-01,NVNI,Small,GapFade_weakstock,4,CAUTION,-0.4466666666666666,-0.4939024390243902,-0.08433734939759048,2.720981213752531,3.430650336567248,-0.4275862068965517,-0.9319114027891715,0.3101290877796903,0.02993103448275857,surfaced,False,1.722,0.51,-1.461,2,8.073,7.424
2025-10-01,IONX,Medium,GapFade_strongstock,4,CAUTION,-0.3397088693297225,-0.35422531869364027,-0.004443305135435365,0.7952751190353945,0.8225752425253657,-0.16994113057663676,-0.35422531869364027,0.18821893450193888,0.09546709413126715,surfaced,False,3.771,1.269,1.989,1,173.97,168.435
2025-10-03,IONZ,Medium,GapFade_weakstock,5,GO,-0.24756335282651074,-0.8020512820512821,-0.03626943005181347,1.009529983792544,1.7600153736942519,-0.24609374999999997,-0.8318222020834877,0.1998056994818653,0.005917159763313483,surfaced,False,1.583,0.511,-2.0,2,22.65,22.14
2025-10-07,IONZ,Medium,GapFade_weakstock,5,GO,-0.4366471734892788,-0.8314868804664722,-0.048442906574394456,0.9991130323080529,2.1714326066807867,-0.25129533678756477,-0.8740844984511086,0.24242956005931782,0.09615384615384627,surfaced,False,0.542,0.195,-2.0,2,17.01,16.29
2025-10-13,CYCU,Small,GapFade_strongstock,4,CAUTION,-0.2614882893566558,-0.533869760479042,-0.004415897230028031,0.4077363034316678,0.2901822284675578,-0.23518575376112996,-0.9771526580327988,0.3810288467052819,0.07005253940455335,surfaced,False,2.797,0.349,1.712,1,7.029,6.852
2025-10-13,ASST,Small,GapFade_weakstock,4,CAUTION,-0.4042145593869732,-0.8765873015873016,-0.34726688102893893,0.811237436809399,2.747427594812235,-0.21859296482412052,-0.8841281669150521,0.22988975654570504,0.14893617021276598,surfaced,False,4.31,1.252,1.835,2,19.808,19.0
2025-10-14,ASST,Small,GapFade_weakstock,4,CAUTION,-0.5862068965517241,-0.9142857142857143,-0.06481481481481491,0.5228541195510092,6.216066818270527,-0.40331491712707185,-0.9195230998509687,0.31876322751322744,0.02709664125283329,surfaced,False,,,,0,,
2025-10-14,MFH,Small,GapFade_strongstock,5,GO,-0.40686274509803927,-0.5063910796845255,-0.044628099173553655,1.332976678916374,1.4237194824540749,-0.4228934817170112,-0.5063910796845255,0.3347093663911846,0.18647058823529422,surfaced,False,9.0,1.427,6.087,1,17.46,17.0
2025-10-14,BETR,Medium,GapFade_strongstock,5,GO,-0.1711256117455138,-0.45981288539230275,-0.029718559338712952,1.0688897999457998,0.6111814067501321,-0.14805499664654592,-0.45981288539230275,0.16184778024573337,0.0559492332099419,surfaced,False,3.565,0.925,1.643,1,48.31,47.275
2025-10-14,XBIO,Small,GapFade_strongstock,4,CAUTION,-0.4169381107491857,-0.6145010768126346,-0.02607076350093104,0.8256715341626099,0.14927703372644405,-0.43234672304439753,-0.6145010768126346,0.2582402234636872,0.025278058645096056,surfaced,False,3.812,0.903,-0.881,2,5.29,5.13
2025-10-14,HYPD,Small,GapFade_strongstock,4,CAUTION,-0.34511784511784516,-0.48133333333333334,-0.02442159383033424,1.074369738759706,0.9888300583888813,-0.07270560190703221,-0.5241590214067278,0.1688321704002938,0.08584773971867278,surfaced,False,6.752,1.155,3.836,2,7.66,7.48
2025-10-14,BQ,Small,GapFade_strongstock,4,CAUTION,-0.2608024691358025,-0.7948608137044968,-0.03966597077244267,0.2804986240250818,0.025182195073305418,-0.2342126298960831,-0.7948608137044968,0.6925111840143156,0.05443272852523866,surfaced,False,0.622,0.072,0.27,1,9.37,9.0001
2025-10-14,CORT,Medium,GapFade_strongstock,4,CAUTION,-0.21395604395604395,-0.21395604395604395,-0.0032154340836013416,1.6556519882654126,1.1056380324441082,-0.19047080126754184,-0.39035199863632486,0.0523859120049529,0.03874405876422292,surfaced,False,4.21,1.826,1.333,2,71.34,70.804
2025-10-17,CRMLW,Small,GapFade_strongstock,5,GO,-0.32348993288590605,-0.5163147792706334,-0.12599206349206346,1.780158450139526,1.7577511352814181,-0.4606741573033708,-0.5163147792706334,0.30929563492063494,0.2576617480136208,surfaced,False,1.78,1.333,1.225,1,9.83,8.81
2025-10-17,STI,Medium,GapFade_strongstock,6,GO,-0.36031238906638274,-0.4698440717858194,-0.0843507214206437,1.7973264004664864,0.1728998524078582,-0.35642857142857143,-0.6723636363636364,0.24608014904074837,0.35879332477535314,surfaced,False,19.857,4.108,14.452,1,16.0,15.58
2025-10-17,UAMY,Medium,GapFade_strongstock,6,GO,-0.2130325814536341,-0.36276002029426685,-0.12340764331210197,1.105270914181854,1.0838719831239283,-0.2810532341156267,-0.36276002029426685,0.162078025477707,0.04775280898876402,surfaced,False,3.032,0.43,-2.0,2,12.27,10.9
2025-10-17,USAR,Medium,GapFade_strongstock,6,GO,-0.32031436056203866,-0.35106866757617095,-0.09635599159074983,1.098609092796346,1.234929274837211,-0.23984551871088033,-0.35106866757617095,0.18083642006206826,0.08193523214982448,surfaced,False,0.566,0.566,-0.228,1,28.35,25.63
2025-10-17,USARW,Small,GapFade_strongstock,6,GO,-0.4390563564875491,-0.47306863650353953,-0.1728971962616823,1.0309962190487922,0.7855600400648997,-0.34631538755250096,-0.47306863650353953,0.308203855140187,0.15285714285714289,surfaced,False,0.747,0.747,-0.125,1,16.57,14.0
2025-10-17,QUBX,Medium,GapFade_strongstock,6,GO,-0.329042904290429,-0.4805825242718446,-0.04082636497786528,1.0697009591058622,1.1713711697282938,-0.23686186186186176,-0.4805825242718446,0.3237225072025859,0.06605399195864446,surfaced,False,1.286,0.314,0.494,1,90.9,87.05
2025-10-17,IONX,Medium,GapFade_strongstock,5,GO,-0.33477555435370476,-0.4083978644605839,-0.010325203252032527,1.1008943285473816,1.2308155477738314,-0.29314407217975974,-0.4083978644605839,0.24998153310104534,0.0626300851466413,surfaced,False,0.334,0.126,-2.0,2,176.25,172.5
2025-10-17,CRML,Large,GapFade_strongstock,5,GO,-0.2681364235914829,-0.3959564541213063,-0.07389289392379002,1.5755570299574198,1.5734071555506002,-0.3520186853520186,-0.3959564541213063,0.218973444166544,0.1845542305508234,surfaced,False,0.791,0.791,0.228,1,20.245,17.61
2025-10-17,MFH,Small,GapFade_strongstock,4,CAUTION,-0.3897280966767372,-0.6703834647810716,-0.05033003300330029,0.8300321452079986,1.1486619034722862,-0.39910758552305414,-0.6703834647810716,0.5457063295615276,0.1319073083778965,surfaced,False,1.562,0.363,1.089,1,11.95,11.22
2025-10-17,CCCX,Medium,GapFade_strongstock,4,CAUTION,-0.25649717514124304,-0.28218181818181826,-0.0020263424518743235,1.7570985445001195,1.3906634788307175,-0.18865598027127004,-0.28218181818181826,0.15165002171081202,0.16703539823008867,surfaced,False,2.113,0.972,-2.0,2,20.01,19.26
2025-10-17,OKLL,Medium,GapFade_strongstock,4,CAUTION,-0.23885148011688476,-0.29499607252444016,-0.056501418794858926,1.3390248625529366,0.7186642267896687,-0.13605883625351506,-0.29499607252444016,0.17701105229272482,0.0973281146870849,surfaced,False,0.761,0.761,-1.0,1,124.56,112.86
2025-10-17,UMAC,Medium,GapFade_strongstock,4,CAUTION,-0.2173112338858195,-0.27059496567505725,-0.025882352941176478,1.0698764250613317,0.9383736726784119,-0.1617357001972387,-0.46020321761219307,0.14751932773109244,0.044877222692633306,surfaced,False,2.615,0.371,-2.0,2,12.67,12.41
2025-10-17,UUUU,Medium,GapFade_strongstock,4,CAUTION,-0.18626899268429936,-0.20636663007683853,-0.10073766712770872,1.7272091271122578,1.5034986765744012,-0.1730842546702249,-0.20636663007683853,0.12238688006322863,0.0963040083289952,surfaced,False,0.309,0.309,-0.039,1,21.0886,19.21
2025-10-20,GNPX,Small,GapFade_strongstock,4,CAUTION,-0.455758848230354,-0.6700909090909092,-0.05400936897216867,0.6112960497114961,0.9008033058071261,-0.5679761904761905,-0.9085894206549118,0.3547612486714168,0.048689138576779055,surfaced,False,0.084,0.053,-0.658,1,335.5,293.7
2025-10-20,HSDT,Small,GapFade_weakstock,6,GO,-0.5076142131979695,-0.695686274509804,-0.16237113402061853,1.845676918282186,1.526383433239857,-0.5125628140703518,-0.9935333333333334,0.3337417157584682,0.1262295081967214,surfaced,False,2.333,0.516,2.271,1,6.34,6.1
2025-10-21,ASTX,Medium,GapFade_strongstock,4,CAUTION,-0.25131677953348375,-0.35383616290936076,-0.036755204594400605,0.8679414679059778,0.5340848035953123,-0.1492610235739587,-0.35383616290936076,0.22365798379653368,0.0790140131690022,surfaced,False,2.107,0.475,-2.0,2,67.9885,65.6
2025-10-21,RGTX,Medium,GapFade_strongstock,4,CAUTION,-0.4021459807943735,-0.47146273415703466,-0.03532916069678015,0.8316790345359264,0.6276922797863753,-0.1953764941447727,-0.47146273415703466,0.3269139636097256,0.05196451204055764,surfaced,False,1.712,0.444,-2.0,2,248.975,238.1387
2025-10-21,GNPX,Small,GapFade_weakstock,4,CAUTION,-0.5800839832033594,-0.7454545454545455,-0.07357142857142852,0.6249667853536698,0.29654189460481806,-0.4111461619348054,-0.929471032745592,0.4800255102040816,0.13748763600395655,surfaced,False,0.0,0.0,-1.0,1,241.34,232.32
2025-10-21,CWVX,Medium,GapFade_strongstock,5,GO,-0.15738025415444765,-0.31587301587301586,-0.058004640371229696,1.1313043664822369,0.9208029100141034,-0.1970190964136003,-0.41539504916920983,0.17380303281405368,0.09847907989962074,surfaced,False,1.898,0.839,0.401,2,81.295,79.25
2025-10-21,QBTX,Medium,GapFade_strongstock,6,GO,-0.4202631577250596,-0.4747646867426032,-0.04040892726660022,1.2818444876458852,0.6566254725842305,-0.2985754372333479,-0.4747646867426032,0.32192392957596766,0.07270984526906754,surfaced,False,2.158,0.686,-2.0,2,83.77,80.43
2025-10-22,OKLO,Medium,GapFade_strongstock,4,CAUTION,-0.1659788264848376,-0.280643829962856,-0.04754733218588637,0.9892684666809716,0.909392933606283,-0.1465817981516616,-0.280643829962856,0.12867505737234652,0.05368421052631583,surfaced,False,1.469,0.337,-2.0,2,127.38,124.855
2025-10-22,CWVX,Medium,GapFade_strongstock,4,CAUTION,-0.189149560117302,-0.3416666666666666,-0.028330319469560078,0.5948364224523,0.6639281783589301,-0.16675037669512802,-0.4374364191251271,0.18314130715577367,0.1427530954115076,surfaced,False,1.555,0.227,-2.0,2,79.176,78.1
2025-10-22,DFLI,Medium,GapFade_strongstock,4,CAUTION,-0.16551724137931037,-0.5363984674329503,-0.04132231404958678,0.3906431660698504,0.41314629156792665,-0.11029411764705882,-0.8554049855404986,0.3808087367178278,0.009009009009008978,surfaced,False,2.636,0.525,-1.0,1,11.64,11.2
2025-10-22,STI,Medium,GapFade_strongstock,4,CAUTION,-0.3668181818181818,-0.5901735804648426,-0.03804737975592242,0.8127741850802933,0.0984931764257347,-0.3419933868682098,-0.7467272727272727,0.4062906368577581,0.06699999999999999,surfaced,False,1.498,0.11,-2.0,2,13.6002,13.4
2025-10-22,QBTS,Medium,GapFade_strongstock,4,CAUTION,-0.2798657718120806,-0.31144385026737975,-0.06461634047840939,0.559868450489954,0.61913449389844,-0.1601878424210801,-0.31144385026737975,0.15869347179692006,0.03488813045127031,surfaced,False,1.793,0.435,-2.0,2,30.05,29.47
2025-10-22,AQMS,Medium,GapFade_strongstock,4,CAUTION,-0.13752743233357723,-0.700761421319797,-0.10856658184902455,0.5412248433873585,0.1671421758418548,-0.19024725274725282,-0.8213636363636364,0.4685599176057192,0.08555555555555551,surfaced,False,0.0,0.0,-2.0,2,9.44,9.3
2025-10-22,BKKT,Medium,GapFade_strongstock,4,CAUTION,-0.31030042918454936,-0.35448885318337015,-0.051026757934038595,0.5948927861035294,0.5372925712383639,-0.09971988795518213,-0.35448885318337015,0.23172770912970042,0.03881700554528653,surfaced,False,1.885,0.325,-2.0,2,29.98,29.37
2025-10-22,NVA,Small,GapFade_strongstock,4,CAUTION,-0.4137341988384011,-0.5783783783783784,-0.09236596736596729,0.7880539382421652,0.8249703858760913,-0.40817382307294364,-0.5783783783783784,0.3438769563769564,0.10561403508771919,surfaced,False,2.558,0.478,0.87,2,6.2745,6.148
2025-10-22,IONX,Medium,GapFade_strongstock,4,CAUTION,-0.46149269875608445,-0.5210908566206532,-0.04117706136386447,0.4130206645272636,1.1233894736740595,-0.11351495726495728,-0.5210908566206532,0.30515004997680506,0.14187263932144992,surfaced,False,0.323,0.073,-2.0,2,142.35,137.385
2025-10-22,ASTX,Medium,GapFade_strongstock,4,CAUTION,-0.3130173062452973,-0.40708785601632813,-0.18682522296980125,0.6004487219429395,0.5987280715049387,-0.10125158205596967,-0.40708785601632813,0.24573496211189846,0.1757938334100322,surfaced,False,0.395,0.077,-2.0,2,51.73,50.0
2025-10-22,RGTX,Medium,GapFade_strongstock,5,GO,-0.49483792434966867,-0.5534077321642089,-0.07572512271307452,0.6144021170863616,0.6717686665471497,-0.26692836113837093,-0.5534077321642089,0.39582383502263013,0.1343368540889253,surfaced,False,1.195,0.252,-2.0,2,205.2,196.55
2025-10-22,QBTX,Medium,GapFade_strongstock,5,GO,-0.4948846919886288,-0.542370990269688,-0.118585652284912,0.5061041355503261,0.3680135478535725,-0.3092118895973518,-0.542370990269688,0.37757075385681454,0.08565182829888716,surfaced,False,2.351,0.417,-2.0,2,67.57,65.26
2025-10-22,CRMLW,Small,GapFade_strongstock,5,GO,-0.3491414554374489,-0.6180422264875239,-0.16331658291457285,0.49323408959965104,0.49850273543593737,-0.2815884476534296,-0.6180422264875239,0.46101220387652553,0.11201298701298693,surfaced,False,1.426,0.513,-2.0,2,7.2123,6.66
2025-10-22,OKLL,Medium,GapFade_strongstock,6,GO,-0.3224515420230715,-0.4919876556648319,-0.09659485753995833,1.0091658819839047,0.8720772606082159,-0.2876237623762376,-0.4919876556648319,0.2872099506932725,0.12890909090909097,surfaced,False,1.537,0.314,-2.0,2,71.46,68.2
2025-10-22,CRML,Large,GapFade_strongstock,5,GO,-0.2723613595706619,-0.49393468118195955,-0.10356484326982168,0.48867290107883327,0.6203492897954597,-0.22003835091083412,-0.49393468118195955,0.30435025024146106,0.07345116332149326,surfaced,False,1.794,0.509,-2.0,2,15.14,14.51
2025-10-22,HOND,Medium,GapFade_strongstock,6,GO,-0.2897853441894892,-0.39079365079365075,-0.09171443460135495,1.294152521218173,1.4035436690728584,-0.2596450617283951,-0.39079365079365075,0.1908613116950793,0.08806995627732667,surfaced,False,2.98,0.896,0.9,2,17.0455,16.25
2025-10-22,GNPX,Small,GapFade_weakstock,5,GO,-0.6550689862027594,-0.7909090909090909,-0.11356521739130428,0.41229470215723646,0.2208527852364053,-0.3662165885918986,-0.9420654911838791,0.6031987577639751,0.2398049795816791,surfaced,False,0.0,0.0,-2.0,2,220.0,214.7222
2025-10-23,BKKT,Medium,GapFade_strongstock,4,CAUTION,-0.3969957081545064,-0.43562964450692904,-0.002491103202846985,0.6094717995010571,0.5227768855568573,-0.20374043638424477,-0.43562964450692904,0.2382262328418912,0.04842259721203216,surfaced,False,1.443,0.458,0.142,1,28.32,27.26
2025-10-23,CRMLW,Small,GapFade_strongstock,4,CAUTION,-0.43990188062142277,-0.6713051823416507,-0.01605839416058386,0.4887025478552863,0.516222186823753,-0.32312252964426874,-0.6713051823416507,0.5496454640250261,0.010344827586206983,surfaced,False,0.112,0.016,-2.0,2,7.0,6.74
2025-10-23,HOND,Medium,GapFade_strongstock,4,CAUTION,-0.35529237601776453,-0.44698412698412693,-0.01836969001148107,0.5278824637293964,1.4228848442582323,-0.23226090788893783,-0.44698412698412693,0.21640519927833357,0.1140350877192982,surfaced,False,,,,0,,
2025-10-23,CRML,Large,GapFade_strongstock,4,CAUTION,-0.32692307692307687,-0.5318818040435458,-0.009634551495016701,0.4464857033908995,0.5660061619483114,-0.231358529111338,-0.5318818040435458,0.33481110583768386,0.0029411764705883033,surfaced,False,0.733,0.115,-2.0,2,14.8624,14.41
2025-10-23,EVAX,Small,GapFade_strongstock,4,CAUTION,-0.21839080459770108,-0.5522596893801595,-0.007352941176470594,0.6320039224174107,0.13360903142716793,-0.23272214386459794,-0.6935211267605633,0.29725709033613446,0.03888888888888888,surfaced,False,3.324,0.766,-0.081,1,5.585,5.4
2025-10-23,OKLL,Medium,GapFade_strongstock,5,GO,-0.512752099191713,-0.634671224695731,-0.006281204702850709,1.0353869167998162,1.5169042286783,-0.4594288699286087,-0.634671224695731,0.417812737270782,0.1413675213675213,surfaced,False,2.807,0.745,1.465,1,61.92,58.5
2025-10-23,OKLO,Medium,GapFade_strongstock,5,GO,-0.28153597703211913,-0.38031366075113493,-0.0010822510822511627,1.1811197439263914,1.3539960828611832,-0.24476579691920783,-0.38031366075113493,0.1563462727748442,0.0713058419243986,surfaced,False,2.969,1.019,1.562,1,119.62,116.4
2025-10-27,QBTZ,Medium,GapFade_strongstock,4,CAUTION,0.03893294881038206,-0.386024712398807,-0.0777238029146426,0.5998202114683113,2.649036065814546,-0.35812917594654786,-0.386024712398807,0.34297809061167844,0.18287699419088718,surfaced,False,3.176,0.801,1.393,2,35.0274,33.78
2025-10-27,USAR,Medium,GapFade_strongstock,4,CAUTION,-0.18724137931034482,-0.4640745793542519,-0.09418752651675855,0.37301181473208284,0.4868881078090791,-0.03638593622240395,-0.4640745793542519,0.2252075883386872,0.07196029776674953,surfaced,False,0.758,0.192,-1.0,1,20.7886,20.18
2025-10-27,USARW,Small,GapFade_strongstock,4,CAUTION,-0.31054007959067653,-0.6267282240689442,-0.16801345690820935,0.3507670815470195,0.40519288492204525,-0.06133126934984525,-0.6267282240689442,0.46544835157586245,0.17882352941176466,surfaced,False,3.632,0.588,-1.0,2,9.26,8.51
2025-10-27,BENF,Small,GapFade_strongstock,4,CAUTION,-0.1863157894736842,-0.45493589743589746,-0.08267670234035038,1.2043373493975904,0.07502863406085074,-0.42932885906040275,-0.7446546546546547,0.24403151828766317,0.04036924772664645,surfaced,False,3.222,1.283,-2.0,2,6.5432,6.24
2025-10-28,NTLA,Medium,GapFade_strongstock,5,GO,-0.43355036384527,-0.47646017699115045,-0.001014198782961379,1.1030948883079528,6.092478032896276,-0.42873696407879497,-0.47646017699115045,0.2176248430406646,0.017492711370262405,surfaced,False,0.357,0.124,-0.616,1,14.28,13.72
2025-10-28,METC,Medium,GapFade_strongstock,4,CAUTION,-0.24711879432624112,-0.41228373702422144,-0.1463055637327053,0.6258871598944035,1.467155446208699,-0.05665093029713966,-0.41228373702422144,0.15850330123217962,0.02394775036284471,surfaced,False,1.764,1.289,-0.613,1,29.2386,27.56
2025-10-28,GDXU,Medium,GapFade_strongstock,4,CAUTION,-0.11266107844363829,-0.48735092157571375,-0.06379978850898825,0.7205266307600242,1.4042031084968085,-0.15384156525888806,-0.48735092157571375,0.21035802406969126,0.11859939759036144,surfaced,False,,,,0,,
2025-10-29,METC,Medium,GapFade_strongstock,4,CAUTION,-0.3745567375886525,-0.5117647058823529,-0.0007087172218284754,0.8432570804733284,1.7780924829747409,-0.19070834528247774,-0.5117647058823529,0.2017085147311937,0.06387665198237893,surfaced,False,,,,0,,
2025-10-29,STI,Medium,GapFade_strongstock,4,CAUTION,-0.18108108108108117,-0.6434245366284203,-0.023102310231023052,0.21917638073405982,0.02550618892187969,-0.17099863201094392,-0.7796363636363637,0.5409164309288073,0.02773988176443852,surfaced,False,1.0,0.051,-2.0,2,11.9096,11.5001
2025-10-29,NTLA,Medium,GapFade_strongstock,4,CAUTION,-0.4653389505936422,-0.5058407079646018,-0.013610315186246509,0.3746742235139335,1.892527542377571,-0.4546875,-0.5058407079646018,0.20457122390503477,0.039207920792079146,surfaced,False,3.15,0.447,-2.0,2,13.37,13.17
2025-10-30,ASST,Medium,GapFade_weakstock,5,GO,-0.12280701754385964,-0.7165532879818595,-0.08823999999999999,1.0611038395051289,1.4894728041259304,-0.23780487804878042,-0.9068554396423248,0.19602228571428576,0.11009174311926599,surfaced,False,2.5,1.79,0.438,1,23.4,21.8
2025-10-30,NTLA,Medium,GapFade_strongstock,4,CAUTION,-0.4975105323630793,-0.5355752212389381,-0.10213414634146341,0.4956052047557503,1.8314612503486485,-0.11291413116970926,-0.5355752212389381,0.21146232578397214,0.05460017196904555,surfaced,False,0.384,0.239,-0.178,1,12.4029,11.63
2025-10-30,STI,Medium,GapFade_strongstock,4,CAUTION,-0.23648648648648649,-0.6675492791997646,-0.028318584070796484,0.1633617100077864,0.04082581978842975,-0.14393939393939384,-0.7945454545454546,0.5836984829329963,0.01569186875891575,surfaced,False,0.681,0.083,-2.0,2,11.3727,10.98
2025-10-30,CODX,Small,GapFade_strongstock,4,CAUTION,-0.45147491806010775,-0.681483870967742,-0.03301600162041731,0.45138636051036846,0.19312251695119145,-0.6081746031746031,-0.7785999372169156,0.35764055672907197,0.09648711943793901,surfaced,False,2.11,0.517,0.722,1,13.437,12.81
2025-10-30,BMNU,Medium,GapFade_strongstock,4,CAUTION,-0.1288699690402476,-0.4710996240601504,-0.06752554420257677,0.7084748425662207,0.8030843014294348,-0.14410646387832696,-0.4710996240601504,0.17369200990036174,0.01355166572557868,surfaced,False,4.0,0.132,-2.0,2,206.45,202.4
2025-10-31,FMC,Medium,GapFade_weakstock,6,GO,-0.488471673254282,-0.5838692390139335,-0.03348358016741788,3.60681323711488,10.008639435923245,-0.491486574983628,-0.7707749077490774,0.11675692208628462,0.03549488054607505,surfaced,False,1.846,0.548,1.0,1,14.91,14.65
2025-11-03,RGTZ,Medium,GapFade_strongstock,4,CAUTION,-0.30421118793211815,-0.45708680725846,-0.0018066847335139634,0.4967258228684585,0.6238902351704355,-0.2323162274618585,-0.45708680725846,0.29097496451154986,0.23793175481140383,surfaced,False,4.21,1.387,3.965,1,11.54,11.0103
2025-11-03,QBTZ,Medium,GapFade_strongstock,4,CAUTION,-0.26264044943820225,-0.5526203664252237,-0.03142857142857138,0.38809112998255857,0.6674750564476573,-0.1613418530351438,-0.5526203664252237,0.3631204081632653,0.2507374631268435,surfaced,False,5.096,1.435,3.865,1,32.07,30.51
2025-11-03,SOC,Medium,GapFade_weakstock,4,CAUTION,-0.20213577421815399,-0.5789897363654658,-0.05449330783938817,1.6027739685128215,1.9025805117704606,-0.21116138763197578,-0.7011428571428571,0.16582149685878173,0.07069219440353454,surfaced,False,0.643,0.329,-2.0,2,8.895,8.21
2025-11-03,FMC,Medium,GapFade_weakstock,4,CAUTION,-0.5003293807641633,-0.5806843938305046,-0.009887936717205033,0.4058719802987549,3.7801982357598707,-0.4776170798898072,-0.7760885608856088,0.12018688200395515,0.004957507082152995,surfaced,False,3.636,0.443,-1.455,2,14.3401,14.21
2025-11-04,USAR,Medium,GapFade_strongstock,5,GO,-0.4168965517241379,-0.615507048658481,-0.04376108811354219,0.7328707174176149,0.728516952424679,-0.14075203252032517,-0.615507048658481,0.20172932330827067,0.03909726636999354,surfaced,False,2.143,0.644,0.265,1,16.22,15.73
2025-11-04,SOC,Small,GapFade_weakstock,4,CAUTION,-0.4454614797864226,-0.707385791909841,-0.08528198074277844,1.6568416132131822,2.598438092413885,-0.43335931410756046,-0.7922857142857143,0.26483493810178815,0.057347670250896106,surfaced,False,0.338,0.089,-2.0,2,6.2716,5.94
2025-11-04,QURE,Medium,GapFade_strongstock,6,GO,-0.503115490508622,-0.5204195804195805,-0.1014873140857393,1.8805608252073287,8.351746040457403,-0.4946949602122016,-0.5204195804195805,0.20687164104486935,0.06807017543859653,surfaced,False,3.807,0.992,0.265,2,30.0,29.01
2025-11-04,CDE,Medium,GapFade_strongstock,5,GO,-0.20315789473684207,-0.3588820664831674,-0.04293262879788642,0.7142131377961423,2.0762482322169893,-0.14463276836158184,-0.3588820664831674,0.11143800717116438,0.0032667876588021727,surfaced,False,0.75,0.037,-2.0,2,13.925,13.885
2025-11-04,INTS,Medium,GapFade_weakstock,5,GO,-0.37094155844155846,-0.6436781609195402,-0.1430645161290322,0.7308508131039358,0.29973659468332553,-0.5303030303030303,-0.8646288209606987,0.293294930875576,0.028846153846153848,surfaced,False,3.34,0.909,-0.052,1,13.53,13.0
2025-11-04,UUUU,Large,GapFade_strongstock,4,CAUTION,-0.20179372197309417,-0.34870106110501276,-0.10112359550561802,0.8492455211190755,1.0534011938319734,-0.1842346471127406,-0.34870106110501276,0.16471990369181377,0.07931472081218285,surfaced,False,1.905,1.214,0.494,1,16.6,15.76
2025-11-05,ASTX,Medium,GapFade_strongstock,4,CAUTION,-0.2565789473684211,-0.5596994155301976,-0.0073746312684366076,0.5788101999910471,0.901514640501856,-0.2489317930052223,-0.5596994155301976,0.2420793450123413,0.06863402638050527,surfaced,False,6.874,0.765,2.862,2,46.33,45.07
2025-11-05,QURE,Medium,GapFade_strongstock,5,GO,-0.5589045065932474,-0.5742657342657344,-0.09494086727989488,0.5568004210392016,2.2207998529200825,-0.5503028512335648,-0.5742657342657344,0.23541205181152616,0.02115987460815044,surfaced,False,1.658,0.204,-2.0,2,26.17,25.79
2025-11-05,WOLF,Medium,GapFade_strongstock,4,CAUTION,-0.17327293318233297,-0.40163934426229514,-0.013698630136986172,0.8193133873706694,0.7390021022419395,-0.16793313069908822,-0.40163934426229514,0.1304132420091324,0.007462686567164108,surfaced,False,0.205,0.064,-2.0,2,21.735,21.53
2025-11-05,STI,Medium,GapFade_strongstock,4,CAUTION,-0.16626506024096374,-0.6946160635481023,-0.03275529865125256,0.3698741845293574,0.016873002974178083,-0.1794466403162055,-0.8112727272727273,0.3307899807321772,0.09661354581673313,surfaced,False,5.161,0.59,3.816,1,10.23,10.04
2025-11-06,WOLF,Medium,GapFade_strongstock,4,CAUTION,-0.23556058890147222,-0.44672131147540983,-0.008395061728395145,0.6120643541949553,0.5350695361758174,-0.1477272727272728,-0.44672131147540983,0.13715978835978831,0.06267806267806256,surfaced,False,2.308,0.436,-2.0,2,20.06,19.49
2025-11-07,WOLF,Medium,GapFade_strongstock,5,GO,-0.2959607399018498,-0.4904371584699454,-0.055764075067024084,0.9584766271812505,1.3145300072364037,-0.14840182648401828,-0.4904371584699454,0.1443309076981999,0.05588235294117643,surfaced,False,3.028,0.858,-2.0,2,17.86,17.5
2025-11-07,PTIR,Medium,GapFade_strongstock,4,CAUTION,-0.17387543252595158,-0.2974497302599314,-0.023036649214659692,1.7631321370309945,1.8437637183468354,-0.16179052077238154,-0.2974497302599314,0.11462228870605837,0.11244828883038731,surfaced,False,7.656,1.764,6.074,2,27.78,27.1
2025-11-07,CWVX,Medium,GapFade_weakstock,4,CAUTION,-0.3723290598290598,-0.5337301587301587,-0.07744680851063825,1.2608707888885762,1.1507343715504144,-0.1410818713450293,-0.6015598507968802,0.19439452887537992,0.08885616102110959,surfaced,False,1.364,0.427,-2.0,2,52.6,51.4005
2025-11-07,UMAC,Medium,GapFade_strongstock,4,CAUTION,-0.30194805194805197,-0.38501144164759726,-0.06976744186046512,0.9336921247664424,0.5802041401009224,-0.11009933774834438,-0.5448772226926334,0.1486471760797342,0.12360742705570282,surfaced,False,,,,0,,
2025-11-07,KTOS,Medium,GapFade_strongstock,5,GO,-0.17930409157882815,-0.3567672245318552,-0.02913962159922662,1.5495557058057812,1.7167590776529693,-0.1974063400576369,-0.3567672245318552,0.08199400240692882,0.13445010924981776,surfaced,False,7.017,2.946,6.653,1,69.86,68.65
2025-11-07,RKLX,Small,GapFade_strongstock,5,GO,-0.39571124577570577,-0.5760595281645742,-0.06536115711279944,1.40982965357214,1.179079549543491,-0.24679796552229602,-0.5760595281645742,0.21860789128435723,0.24211233505304924,surfaced,False,41.099,2.191,36.525,2,24.3017,23.7
2025-11-07,LEU,Medium,GapFade_strongstock,5,GO,-0.2592533333333334,-0.40165858912224023,-0.08495932032543728,0.863524077056332,1.480866716686156,-0.15103911980440105,-0.40165858912224023,0.14132671795768492,0.15806464312428659,surfaced,False,,,,0,,
2025-11-07,RKLB,Medium,GapFade_strongstock,4,CAUTION,-0.2129144851657941,-0.3293226983912397,-0.039367063092118584,1.6300253407300862,1.0876528651039747,-0.12303340993459433,-0.3293226983912397,0.08409018918996755,0.11507226160579916,surfaced,False,3.347,0.769,-2.0,2,46.99,46.5
2025-11-07,REZI,Medium,GapFade_strongstock,4,CAUTION,-0.3037580609295086,-0.30867741223228085,-0.02363462152666875,1.4885168027638183,4.263735951247158,-0.24426743905382575,-0.30867741223228085,0.06973217137381946,0.0443399395364461,surfaced,False,,,,0,,
2025-11-07,PONY,Medium,GapFade_strongstock,4,CAUTION,-0.32529023446391986,-0.4052969502407705,-0.06815114709851551,0.6861222074271347,1.1337749775970423,-0.10615199034981895,-0.4052969502407705,0.10424522845575473,0.06202723146747341,surfaced,False,1.071,0.208,-2.0,2,13.7,13.48
2025-11-07,SMCX,Medium,GapFade_weakstock,4,CAUTION,-0.4331797235023041,-0.5700803914715135,-0.029674796747967497,0.6268806306622462,1.2941107304078912,-0.29754426042261567,-0.940320232896652,0.20685075493612076,0.09277879341864723,surfaced,False,1.112,0.137,-2.0,2,46.9798,45.6
2025-11-07,QNRX,Small,GapFade_weakstock,4,CAUTION,-0.35466867469879515,-0.7949760765550239,-0.009101516919486512,1.103365438685674,0.07221252988146117,-0.13083164300202832,-0.8440400363967243,0.18527171195199207,0.11924075477323254,surfaced,False,3.574,1.271,2.449,1,8.3299,8.0501
2025-11-07,CRWV,Medium,GapFade_strongstock,4,CAUTION,-0.20103112040945942,-0.30202304309598116,-0.03563078649583842,1.4513390610652845,1.1425314870835062,-0.07619870410367165,-0.42818181818181816,0.07951456894363469,0.039892021595680956,surfaced,False,1.511,0.525,-2.0,2,101.45,100.33
2025-11-07,BETR,Medium,GapFade_strongstock,4,CAUTION,-0.16717074511960403,-0.34642356241234223,-0.05926048200726306,0.4683895308015617,0.5899273336493406,-0.06642009554630918,-0.3559430150967468,0.18220240060368817,0.09469054087334702,surfaced,False,0.825,0.434,0.778,1,55.1083,52.3801
2025-11-07,TEM,Medium,GapFade_strongstock,4,CAUTION,-0.19899999999999995,-0.30895322085889565,-0.010264946594534734,1.4724782661065507,1.7176082676855773,-0.14676293052432232,-0.30895322085889565,0.07979202584071494,0.06503944039291568,surfaced,False,2.192,0.277,-2.0,2,70.37,69.0913
2025-11-07,DYN,Medium,GapFade_strongstock,4,CAUTION,-0.23700754400670584,-0.27180000000000004,-0.021697335896731645,2.047075698805965,1.7215131394060237,-0.1540427509293681,-0.6163329820864069,0.10585769215678584,0.07841409691629962,surfaced,False,0.107,0.018,-2.0,2,17.875,17.38
2025-11-07,NVTS,Large,GapFade_strongstock,4,CAUTION,-0.3306818181818181,-0.5033726812816188,-0.1182795698924732,0.6301064119575056,0.35668892615413844,-0.15535372848948373,-0.5033726812816188,0.18401325895383616,0.09192200557103067,surfaced,False,1.0,0.133,-2.0,2,7.855,7.62
2025-11-07,PLTU,Medium,GapFade_strongstock,4,CAUTION,-0.1752293577981651,-0.2978482446206115,-0.024026696329254846,1.7752984904171591,1.7677827678990605,-0.16239634771266181,-0.2978482446206115,0.11479183219450179,0.11036629159683982,surfaced,False,7.621,1.755,6.034,2,87.1688,85.07
2025-11-11,IRE,Medium,GapFade_strongstock,5,GO,-0.3850214450676344,-0.4019890920757138,-0.03433476394849788,1.04288252064096,1.438941509087882,-0.19516407599309152,-0.4019890920757138,0.276758507050889,0.04909881914232437,surfaced,False,0.728,0.219,-2.0,2,71.8,69.48
2025-11-11,PSIX,Medium,GapFade_strongstock,4,CAUTION,-0.2683338965866846,-0.3694174757281553,-0.01462663587374908,0.8997580654158845,2.2101312354536793,-0.20051698670605606,-0.4666611923140089,0.12814153744638737,0.06093253811923418,surfaced,False,1.397,0.266,-2.0,2,62.78,62.0
2025-11-11,AAOI,Medium,GapFade_strongstock,4,CAUTION,-0.19250317662007618,-0.3480379584508848,-0.027537372147915136,1.1334908075919599,1.645526060745706,-0.12646048109965635,-0.4287640449438202,0.13882460379903333,0.009778911564625868,surfaced,False,,,,0,,
2025-11-11,RGTX,Medium,GapFade_strongstock,4,CAUTION,-0.2246426529445397,-0.7297528895974492,-0.11562569132069911,0.3987382356898251,0.5096786449897014,-0.08680134680134671,-0.7297528895974492,0.3214179843458657,0.08229968713249157,surfaced,False,2.794,0.442,-2.0,2,120.0,116.95
2025-11-12,RGTX,Medium,GapFade_strongstock,4,CAUTION,-0.3028016009148085,-0.7569948186528498,-0.014843365589634266,0.39131460456640205,0.8575058444359948,-0.14265626098572728,-0.7569948186528498,0.33223447128564393,0.01645661910217684,surfaced,False,1.675,0.159,-2.0,2,121.385,118.944
2025-11-13,TLRY,Medium,GapFade_strongstock,4,CAUTION,-0.046511627906976716,-0.4698275862068965,-0.04065040650406504,1.1454545454545462,0.6401281471719371,-0.06106870229007626,-0.4698275862068965,0.06387921022067362,0.008928571428571556,surfaced,False,0.714,0.663,-1.0,1,11.95,11.6
2025-11-13,NBIS,Medium,GapFade_strongstock,5,GO,-0.18076054870637268,-0.3312544294826364,-0.03677405680373038,1.2911610145438603,1.8512700242363724,-0.1417917235106867,-0.3312544294826364,0.11441720159874039,0.04887573964497036,surfaced,False,1.748,0.795,0.742,1,86.865,84.5
2025-11-13,CLSK,Medium,GapFade_strongstock,4,CAUTION,-0.18966565349544068,-0.43540872511647605,-0.025881470367591947,1.0335226231910608,1.2672862601553538,-0.11310711909514301,-0.43540872511647605,0.11700782338441752,0.012679628064243479,surfaced,False,0.598,0.263,-2.0,2,13.0,12.6655
2025-11-13,RGTX,Medium,GapFade_weakstock,5,GO,-0.4420240137221269,-0.805520127540853,-0.08955835638897437,0.6962819615862992,1.0140390290988455,-0.28036280510286854,-0.805520127540853,0.39168415967678183,0.0365739481521675,surfaced,False,1.91,0.22,-2.0,2,84.6,82.0
2025-11-13,IRE,Medium,GapFade_strongstock,5,GO,-0.4764104256021115,-0.4908565928777671,-0.10901071203528663,0.591291909543228,1.135957254355614,-0.14860515021459234,-0.4908565928777671,0.3058461607705464,0.024347826086956466,surfaced,False,0.26,0.071,-2.0,2,54.12,52.8
2025-11-13,NEBX,Medium,GapFade_weakstock,5,GO,-0.33376961418667245,-0.5877820298538362,-0.08493353028064983,1.0967705299408326,1.5515202051696135,-0.26942314644450804,-0.5877820298538362,0.28798797214602245,0.10684161199625122,surfaced,False,1.852,0.654,0.726,1,11.3,10.67
2025-11-13,NBIL,Small,GapFade_strongstock,5,GO,-0.3366029943211152,-0.6669258683255572,-0.07704280155642025,1.0922522711491807,2.9255494432314917,-0.27195467422096314,-0.6669258683255572,0.2864177765425237,0.10893032384690886,surfaced,False,1.915,0.665,0.814,1,10.78,10.19
2025-11-13,APLD,Medium,GapFade_strongstock,4,CAUTION,-0.12981878088962112,-0.3430348258706468,-0.0369178341537297,1.1734513691050783,0.9724002594639924,-0.1599872773536896,-0.3430348258706468,0.11487261318764534,0.0034812880765882634,surfaced,False,0.895,0.233,-2.0,2,24.87,24.49
2025-11-13,RGTI,Medium,GapFade_strongstock,5,GO,-0.2374023174346537,-0.5133284379562546,-0.046289752650176756,0.9344824005814553,0.6539071403394552,-0.14449818621523572,-0.5133284379562546,0.13612720848056534,0.018181818181818153,surfaced,False,1.58,0.297,-2.0,2,26.66,26.01
2025-11-13,CORZ,Medium,GapFade_strongstock,4,CAUTION,-0.2482853223593964,-0.3042742276766821,-0.022506082725060887,1.124474348191758,1.1466348003439089,-0.14774494556765153,-0.3042742276766821,0.10331942996176571,0.018796664045751768,surfaced,False,1.024,0.238,-2.0,2,15.7227,15.53
2025-11-13,APLX,Small,GapFade_strongstock,4,CAUTION,-0.24779126236015436,-0.5928883333333334,-0.09074905738392822,0.9909334964846858,1.0186754591156555,-0.29463759745885076,-0.5928883333333334,0.2772127572346185,0.0016882386043894843,surfaced,False,0.51,0.215,-2.0,2,21.3267,20.4367
2025-11-14,IONQ,Medium,GapFade_strongstock,6,GO,-0.22393162393162397,-0.4636105860113422,-0.05330396475770929,1.1031408558909697,1.2753176046727845,-0.16574788680632127,-0.4636105860113422,0.11181529263687852,0.10182157870154132,surfaced,False,3.195,1.889,2.066,1,44.2406,42.82
2025-11-14,QBTX,Small,GapFade_weakstock,4,CAUTION,-0.42,-0.7899369518776868,-0.17908787541713017,0.5811181087482775,1.223393157876012,-0.3608247422680412,-0.7899369518776868,0.4267644605116796,0.21612466124661245,surfaced,False,1.64,1.062,0.584,1,33.5988,29.52
2025-11-14,RKLB,Medium,GapFade_strongstock,4,CAUTION,-0.19196428571428573,-0.3882655130458294,-0.0340331491712707,1.1289595673448372,1.425445649149369,-0.11690085870413743,-0.3882655130458294,0.09807103393843729,0.05173210161662822,surfaced,False,1.761,1.166,0.556,1,44.7199,43.3
2025-11-14,APLX,Small,GapFade_weakstock,4,CAUTION,-0.4518573720564279,-0.7033333333333334,-0.1097359550561798,0.7748653877409785,1.0887340564556047,-0.370357269189954,-0.7033333333333334,0.3826906099518459,0.314772559729838,surfaced,False,3.562,1.707,2.085,1,15.6967,14.2433
2025-11-14,BTDR,Medium,GapFade_weakstock,4,CAUTION,-0.5165361183637946,-0.6003597122302159,-0.05580558055805574,0.5367996096002843,4.700198393396153,-0.2603195739014647,-0.6003597122302159,0.2028892889288929,0.030362389813907806,surfaced,False,0.897,0.493,-0.47,1,10.795,10.21
2025-11-14,MARA,Large,GapFade_weakstock,4,CAUTION,-0.2482352941176471,-0.4550106609808102,-0.030516431924882535,1.330656179828678,1.2909254684654434,-0.1264524948735476,-0.5779392338177014,0.09408562486027273,0.002508361204013324,surfaced,False,0.756,0.428,-2.0,2,12.4408,12.111
2025-11-14,EOSE,Medium,GapFade_strongstock,4,CAUTION,-0.19889357218124343,-0.23439073514602213,-0.06412364353830974,1.2876978862651451,0.8627472896015446,-0.17899568034557234,-0.23439073514602213,0.13279231455818105,0.0050983248361252936,surfaced,False,1.109,0.751,-1.0,1,14.59,13.95
2025-11-14,COIN,Medium,GapFade_strongstock,4,CAUTION,-0.09308135810377964,-0.2959518599562364,-0.04810341173977539,1.2271650206749438,1.1669559538368959,-0.06864905759678959,-0.36322234591640523,0.06944694194694198,0.059069212410501094,surfaced,False,3.96,2.099,2.22,1,273.12,268.16
2025-11-14,NXT,Medium,GapFade_strongstock,4,CAUTION,-0.16676125614831627,-0.21864466915025715,-0.04336474060619829,1.3877627165817255,1.3143047276428268,-0.16762732684493994,-0.21864466915025715,0.08040948380714533,0.12870214302913555,surfaced,False,2.829,2.705,2.306,1,86.3,83.06
2025-11-14,CIFR,Large,GapFade_strongstock,4,CAUTION,-0.3794679966749792,-0.41496865203761757,-0.06630944407233759,0.8665581226368129,1.1591928238755504,-0.2003213711837173,-0.41496865203761757,0.1777748540809492,0.059778597785977765,surfaced,False,2.946,1.332,0.438,1,14.11,13.55
2025-11-14,QBTS,Medium,GapFade_strongstock,5,GO,-0.2231816672201926,-0.49967914438502675,-0.07738349722103473,0.7303866525099906,0.9516469858202602,-0.1931700586409106,-0.49967914438502675,0.14985005802235385,0.09967396367023758,surfaced,False,1.816,1.404,0.712,1,22.72,21.47
2025-11-14,TLRY,Medium,GapFade_strongstock,4,CAUTION,-0.12403100775193796,-0.5129310344827586,-0.05309734513274349,1.2068965517241381,1.051731809859745,-0.12403100775193796,-0.5129310344827586,0.07332490518331225,0.018867924528301987,surfaced,False,0.812,0.76,-0.728,1,10.967,10.6
2025-11-14,PGY,Medium,GapFade_strongstock,4,CAUTION,-0.16008614501076815,-0.26966064188714706,-0.039743589743589734,1.2359698063669173,1.4555268340067922,-0.15736406193734248,-0.47988441875972443,0.093009768009768,0.08431550317316423,surfaced,False,5.125,2.354,2.875,1,22.54,22.06
2025-11-14,MOD,Medium,GapFade_strongstock,4,CAUTION,-0.1933199649078833,-0.22888462920809877,-0.050104870659519844,2.0585689896356127,2.4721086890264163,-0.15141727092946605,-0.22888462920809877,0.0798869172465071,0.10009607716838179,surfaced,False,3.256,2.328,2.454,1,123.5,120.0077
2025-11-14,SOLT,Medium,GapFade_weakstock,4,CAUTION,-0.2459415584415584,-0.6846635845841564,-0.05382131324004305,1.0774756285274494,1.1140736619307303,-0.17932862190812718,-0.736826449933286,0.22478087036752278,0.0348432055749129,surfaced,False,1.627,0.56,-0.191,1,178.998,172.2
2025-11-14,NBIS,Medium,GapFade_strongstock,4,CAUTION,-0.23050876888348681,-0.3718639262934089,-0.07074354056188645,0.6526863198363346,2.0117780671614867,-0.13294854235961656,-0.3718639262934089,0.12066190100095098,0.018780487804878124,surfaced,False,1.389,0.819,-0.468,1,84.9302,82.0
2025-11-14,OUST,Medium,GapFade_strongstock,4,CAUTION,-0.16820702402957488,-0.45978391356542614,-0.04222222222222219,0.6945846168316598,1.214368905263617,-0.09310761789600963,-0.45978391356542614,0.1350063492063492,0.04009433962264158,surfaced,False,1.61,0.776,0.227,1,21.901,21.2
2025-11-14,SEDG,Medium,GapFade_strongstock,4,CAUTION,-0.19956043956043953,-0.25061574200769954,-0.04420647995606808,1.6830498023141938,1.149346507010689,-0.1852348993288591,-0.25061574200769954,0.11354612850082371,0.0537628771396367,surfaced,False,2.469,1.313,0.747,1,35.385,34.3341
2025-11-14,KRMN,Medium,GapFade_strongstock,5,GO,-0.16506610995128732,-0.324589056518802,-0.04184030671778638,1.495498836311508,1.5928447230361027,-0.13534159700201778,-0.324589056518802,0.08605029409663517,0.05148342059336829,surfaced,False,1.553,1.195,0.56,1,59.204,57.3
2025-11-14,PTIR,Medium,GapFade_strongstock,6,GO,-0.18567164179104476,-0.3310446297204512,-0.06341642228739004,1.03809967396367,1.0588623695671857,-0.1921824104234528,-0.3310446297204512,0.1405399036447424,0.12212817412333742,surfaced,False,2.14,1.537,1.337,1,26.1,24.81
2025-11-14,LFS,Small,GapFade_strongstock,6,GO,-0.44646464646464645,-0.5612489991993594,-0.19525547445255478,1.0789599574769664,0.3186716819968648,-0.5180299032541776,-0.5612489991993594,0.2942648592283629,0.18140589569160992,surfaced,False,2.517,2.25,0.465,1,4.99,4.41
2025-11-14,PLTU,Medium,GapFade_strongstock,6,GO,-0.18575233022636486,-0.33135470769711406,-0.06015652377058762,1.0454292859127536,1.1377210439937864,-0.19281538751650013,-0.33135470769711406,0.1405319805763679,0.11964606309310077,surfaced,False,2.114,1.503,1.331,1,82.0,77.98
2025-11-14,HUT,Medium,GapFade_strongstock,6,GO,-0.21259154005902273,-0.37126788491514207,-0.06440866185452526,1.1067409699110902,1.4130785640616836,-0.17968572079253003,-0.37126788491514207,0.14223070516379788,0.10598802395209579,surfaced,False,2.571,1.953,0.94,1,35.22,33.4
2025-11-14,FLNC,Medium,GapFade_strongstock,6,GO,-0.22729434141702334,-0.3155848695820645,-0.058769230769230775,1.4579547455143864,1.9094977545742398,-0.21611191509889052,-0.3229166666666667,0.14730857142857143,0.1767411300919842,surfaced,False,2.675,1.971,2.241,1,16.05,15.22
2025-11-14,BE,Medium,GapFade_strongstock,5,GO,-0.24216920374707254,-0.29967536859191135,-0.07407049734427815,1.6933462929535377,2.0344983605215288,-0.18509482962146845,-0.29967536859191135,0.14605408015451468,0.19197650350007942,surfaced,True,3.711,2.788,2.412,1,99.13,93.8693
2025-11-14,TSLT,Medium,GapFade_strongstock,6,GO,-0.16785312851255152,-0.2926751592356687,-0.0814948221521838,1.2286986241439024,1.3559752421507596,-0.16878742514970052,-0.6096660808435852,0.12129253232134816,0.11764705882352956,surfaced,False,3.032,1.963,1.959,1,20.861,20.06
2025-11-14,RGTI,Medium,GapFade_strongstock,5,GO,-0.32093775262732416,-0.5666387504062762,-0.0634920634920634,0.7063920513822447,0.8868639570698679,-0.19745222929936304,-0.5666387504062762,0.14942913832199545,0.09028669234060759,surfaced,False,1.849,1.274,0.721,1,24.5844,23.37
2025-11-14,RGTX,Medium,GapFade_weakstock,5,GO,-0.5663807890222985,-0.8488640892785971,-0.13027426160337566,0.49964765263449734,1.6468745404627325,-0.3780547810398556,-0.8488640892785971,0.47860467525617845,0.19136135750096414,surfaced,False,1.752,0.841,0.677,1,72.4,64.825
2025-11-14,NEGG,Medium,GapFade_strongstock,5,GO,-0.1661702127659575,-0.1860006231176655,-0.04006124011227355,1.7000239095278522,0.3444305373101873,-0.1539291882556132,-0.4313672288184656,0.14521807676885504,0.017501764290755246,surfaced,False,3.431,0.597,-2.0,2,76.518,73.0
2025-11-14,CLSK,Medium,GapFade_strongstock,5,GO,-0.2717325227963525,-0.49258788648877594,-0.06594323873121877,0.8873056994818648,1.131499923993904,-0.1470274118903524,-0.49258788648877594,0.128881469115192,0.004582951420715005,surfaced,False,2.767,0.825,-1.0,1,11.145,10.93
2025-11-14,MSTX,Medium,GapFade_weakstock,5,GO,-0.31099656357388317,-0.7046040515653775,-0.07855361596009972,1.0369385623397587,1.5486206306862587,-0.19477911646586338,-0.9637087651024934,0.18758460990381184,0.05627705627705636,surfaced,False,0.375,0.173,-2.0,2,74.0,70.801
2025-11-14,NBIL,Small,GapFade_strongstock,5,GO,-0.4166236448115643,-0.7071021254536028,-0.14336283185840715,0.5006266921587201,2.154696833049139,-0.25706771860618016,-0.7071021254536028,0.3199529582806574,0.044979079497907914,surfaced,False,1.975,0.759,-0.294,1,10.155,9.56
2025-11-14,IRE,Medium,GapFade_strongstock,5,GO,-0.6113493896403828,-0.6220725056143728,-0.14601018675721553,0.6146746953514859,1.878078597219192,-0.30213270142180093,-0.6220725056143728,0.4115528741207859,0.08295165394402049,surfaced,False,1.575,0.799,-0.186,1,43.502,39.3
2025-11-14,IONX,Medium,GapFade_weakstock,5,GO,-0.4022165006156947,-0.7431580972536194,-0.11816479400749051,0.896684839039898,1.8272218809162508,-0.31556011279159196,-0.7431580972536194,0.29217067950775816,0.21148936170212762,surfaced,False,3.269,1.521,2.066,1,75.3,70.5
2025-11-14,IREN,Medium,GapFade_strongstock,5,GO,-0.3578405491024288,-0.3671133081826461,-0.06187050359712226,0.7405148239461383,1.2461028311297635,-0.1521436040432207,-0.3671133081826461,0.14822331522537072,0.040852974186307525,surfaced,False,1.617,1.028,-0.156,1,46.7012,44.55
2025-11-14,MSTU,Medium,GapFade_weakstock,5,GO,-0.31237721021611,-0.7038917089678511,-0.07999999999999992,1.073384446878423,1.2984975297643113,-0.1972477064220184,-0.9444443915343411,0.18632653061224488,0.05960264900662254,surfaced,False,6.547,1.388,0.516,2,16.05,15.4
2025-11-14,APLD,Medium,GapFade_strongstock,5,GO,-0.2401976935749589,-0.4263681592039802,-0.08152645273200343,0.9793157760637435,1.138665959223503,-0.19285964298214917,-0.4263681592039802,0.13372878205922437,0.15085158150851571,surfaced,False,3.218,2.397,1.967,1,21.605,20.55
2025-11-14,RIOT,Medium,GapFade_strongstock,5,GO,-0.17430101130279585,-0.4200960935867975,-0.04827089337175792,0.9599808003839921,1.2111463673135667,-0.1400247831474597,-0.4200960935867975,0.12007925072046108,0.09411764705882347,surfaced,False,2.306,1.57,1.278,1,13.29,12.75
2025-11-14,TSLR,Medium,GapFade_strongstock,6,GO,-0.16876574307304795,-0.29285840560999,-0.07954545454545447,1.227228634741516,0.8734814545145954,-0.16876574307304795,-0.5922779922779923,0.12160930735930735,0.11762243616575968,surfaced,False,3.032,1.949,1.958,1,24.84,23.89
2025-11-17,MSTU,Medium,GapFade_weakstock,5,GO,-0.37131630648330055,-0.7292724196277496,-0.03125,0.7376509330406148,1.6965987070528699,-0.21951219512195122,-0.9492063008313976,0.20334821428571428,0.06293706293706283,surfaced,False,1.286,0.286,-2.0,2,16.35,15.4
2025-11-17,CORZW,Small,GapFade_strongstock,4,CAUTION,-0.416445623342175,-0.4780545670225385,-0.04090909090909104,1.0060016631114646,0.5289954121571985,-0.13385826771653536,-0.4780545670225385,0.1796038961038961,0.0581113801452785,surfaced,False,1.135,0.554,-2.0,2,8.81,8.44
2025-11-17,IRE,Medium,GapFade_strongstock,4,CAUTION,-0.648960739030023,-0.6586461341033044,-0.012218045112782027,0.5584038526474419,2.711615157146418,-0.32955261499684935,-0.6586461341033044,0.45527859828141776,0.08551992225461622,surfaced,False,1.222,0.414,0.074,1,44.4,41.16
2025-11-17,IREN,Medium,GapFade_strongstock,4,CAUTION,-0.3879355860612461,-0.3967737739039938,-0.005607073538925987,0.7677404838459886,1.2407736900592035,-0.1675044883303412,-0.3967737739039938,0.15814550663914478,0.043124312431242984,surfaced,False,1.243,0.603,0.102,1,47.22,45.45
2025-11-17,MSTX,Medium,GapFade_weakstock,4,CAUTION,-0.3711340206185567,-0.7303867403314918,-0.02868852459016405,0.7252456826638687,2.4431807065950695,-0.21878335112059766,-0.9668763292456674,0.20454722872755654,0.06544901065449006,surfaced,False,1.129,0.241,-2.0,2,75.445,71.0
2025-11-17,ASST,Medium,GapFade_weakstock,4,CAUTION,-0.32499999999999996,-0.6058394160583941,-0.03611111111111116,0.7414330218068534,0.6110575257696564,-0.16279069767441856,-0.9195230998509687,0.21230158730158724,0.07161257083977333,surfaced,False,0.333,0.181,-2.0,2,22.0,20.8
2025-11-18,NEGG,Medium,GapFade_strongstock,4,CAUTION,-0.2859574468085106,-0.3029390383217364,-0.03367103694874858,0.541019857562665,0.2276549898336469,-0.14365909670834387,-0.5130564990851673,0.16357664311254894,0.0037557152188111833,surfaced,False,0.706,0.181,-2.0,2,65.8,64.4401
2025-11-18,LFS,Small,GapFade_strongstock,4,CAUTION,-0.6101010101010101,-0.6909527622097679,-0.0025906735751294787,0.800599463637798,0.06384370092440828,-0.29562043795620446,-0.6909527622097679,0.46920799407846037,0.6883116883116883,surfaced,False,109.0,5.394,48.217,1,3.8947,3.85
2025-11-18,SYM,Medium,GapFade_strongstock,4,CAUTION,-0.17419073885905065,-0.3227380952380952,-0.04394445420987871,0.5520560869098534,0.7142589747952041,-0.04418682795698929,-0.3227380952380952,0.11112359691635486,0.008380952380952338,surfaced,False,0.146,0.124,-2.0,2,56.055,53.49
2025-11-18,TLRY,Medium,GapFade_strongstock,4,CAUTION,-0.2015503875968992,-0.5560344827586207,-0.024271844660194174,1.0090090090090098,0.9469446933619814,-0.08849557522123894,-0.5560344827586207,0.07697642163661582,0.030000000000000072,surfaced,False,0.025,0.025,-0.488,1,10.488,10.0
2025-11-18,GLTO,Medium,GapFade_strongstock,4,CAUTION,-0.1540170307293595,-0.31994047619047616,-0.04004376367614891,1.3672542604619369,0.12669496647014375,-0.17923850574712638,-0.31994047619047616,0.21125570490778367,0.12749255811691992,surfaced,False,1.007,0.234,-2.0,2,22.0,21.51
2025-11-18,EOSE,Medium,GapFade_strongstock,4,CAUTION,-0.31506849315068497,-0.34541792547834843,-0.02584615384615387,0.6256144427562784,0.9879315615191734,-0.14501808615586978,-0.34541792547834843,0.15369505494505498,0.10401310401310397,surfaced,False,0.19,0.061,-2.0,2,12.891,12.58
2025-11-19,GLTO,Medium,GapFade_strongstock,5,GO,-0.2273232136245835,-0.3788690476190476,-0.049353138476281797,0.7601195623882248,0.0909956474834191,-0.2221393961982854,-0.3788690476190476,0.24457731535354924,0.09322234410961257,surfaced,False,2.126,0.237,-2.0,2,20.11,19.84
2025-11-19,METC,Medium,GapFade_strongstock,4,CAUTION,-0.16652789342214822,-0.6536332179930796,-0.047952047952047994,0.49238083110488573,0.9167623200552754,-0.0727188513200556,-0.6536332179930796,0.11767732267732266,0.0020213687554143885,surfaced,False,2.796,0.611,-2.0,2,18.615,18.37
2025-11-20,GLTO,Medium,GapFade_strongstock,4,CAUTION,-0.2473158089596447,-0.3949404761904763,-0.050664043285784444,0.4210836655779147,0.08440194819187086,-0.11028446389496731,-0.3949404761904763,0.257410933876748,0.03151010701545785,surfaced,False,1.273,0.18,-2.0,2,19.3519,19.0
2025-11-21,IRE,Medium,GapFade_strongstock,5,GO,-0.23546391752577323,-0.7025986525505293,-0.03451995685005397,1.022152092059249,2.784756723721849,-0.2163989856297549,-0.7025986525505293,0.5171312991215904,0.15039577836411616,surfaced,False,0.171,0.026,-2.0,2,36.6,35.2
2025-11-21,GLTO,Medium,GapFade_strongstock,4,CAUTION,-0.3576453165494261,-0.4836309523809524,-0.021902017291066427,0.5458996680375222,0.060207758677975114,-0.16866315285098224,-0.4836309523809524,0.3146327706875257,0.04615691729933055,surfaced,False,97.0,0.363,-2.0,2,16.98,16.97
2025-11-21,MSTX,Medium,GapFade_weakstock,5,GO,-0.2449799196787149,-0.7310443490701001,-0.05496453900709222,1.050356691094758,2.6374140294421515,-0.27692307692307694,-0.9744784831892845,0.24729863221884493,0.054878048780487715,surfaced,False,0.455,0.114,-2.0,2,54.85,53.101
2025-11-21,BMNU,Small,GapFade_weakstock,4,CAUTION,-0.3423147581139007,-0.8524725274725274,-0.009310986964618215,0.8857857414986051,2.0929497131327683,-0.36374407582938384,-0.8738251879699249,0.43292897047087,0.14099783080260292,surfaced,False,0.494,0.112,-2.0,2,54.809,52.2
2025-11-21,MSTU,Medium,GapFade_weakstock,5,GO,-0.25308641975308643,-0.7352297592997812,-0.04132231404958678,1.0256895044076288,1.901838279356071,-0.2840236686390532,-0.9615872650037444,0.2497815820543093,0.056074766355140325,surfaced,False,0.25,0.083,-2.0,2,11.38,10.9
2025-11-21,AVAV,Medium,GapFade_strongstock,4,CAUTION,-0.16771469364196961,-0.3336341116682131,-0.01073071027082268,1.3348975715821105,1.1195885971103083,-0.024808684819362773,-0.34432585076341354,0.06728911390821019,0.04710311971722779,surfaced,False,0.746,0.266,-2.0,2,272.22,268.5
2025-11-24,GLTO,Medium,GapFade_strongstock,4,CAUTION,-0.3791188448722696,-0.5008928571428571,-0.025044722719141214,0.3474294311839324,0.034949935117643216,-0.17511067388096405,-0.5008928571428571,0.32951784649459065,0.021929824561403376,surfaced,False,3.24,0.301,0.44,1,16.21,15.96
2025-11-26,IONZ,Medium,GapFade_strongstock,4,CAUTION,-0.2126929674099485,-0.36951415502534307,-0.021786492374727594,0.7348336102300763,0.5326426689167133,-0.25,-0.8000165563635255,0.21637254901960784,0.057652426379095845,surfaced,False,,,,0,,
2025-12-03,HUT,Medium,GapFade_strongstock,4,CAUTION,-0.0984567532001436,-0.3216921692169217,-0.008492569002123149,1.775513818390302,1.833481982764005,-0.16266666666666668,-0.3422924459634247,0.12630535335153165,0.083545647270965,surfaced,False,3.396,1.102,3.004,1,37.7,36.9343
2025-12-03,BRR,Small,GapFade_weakstock,4,CAUTION,-0.46699507389162564,-0.4881740775780511,-0.1127541589648799,1.4502097974548043,2.0918245653041727,-0.46699507389162564,-0.4881740775780511,0.076462899392659,0.15624999999999983,surfaced,False,3.318,3.318,0.818,2,4.822,4.71
2025-12-08,AHMA,Small,GapFade_strongstock,5,GO,-0.4574257425742574,-0.5483516483516483,-0.04501216545012177,2.1174442939800566,0.3656011136450545,-0.4534574468085106,-0.5483516483516483,0.3458698296836983,0.07227488151658774,surfaced,False,0.924,0.269,-2.0,2,7.525,7.13
2025-12-09,PLRZ,Medium,GapFade_weakstock,4,CAUTION,-0.12092283214001587,-0.3928571428571428,-0.03981900452488699,1.1903341699887164,0.132272620531682,-0.23793103448275857,-0.9984652777777777,0.19701680672268315,0.05098039215686288,surfaced,False,2.11,0.993,0.443,1,10.6919,10.2
2025-12-09,AHMA,Small,GapFade_strongstock,4,CAUTION,-0.5221122112211221,-0.6021978021978022,-0.038674033149171304,0.43347569268937075,0.048912516113625015,-0.4515151515151515,-0.6021978021978022,0.4040321625887925,0.04880105323885733,surfaced,False,5.166,0.129,-2.0,2,7.11,6.8642
2025-12-10,TGL,Small,GapFade_weakstock,6,GO,-0.6931485457739606,-0.7289655172413794,-0.3085241730279899,1.616265465726723,1.9226013020492105,-0.38207547169811323,-0.9897254901960784,0.4408074336604871,0.08266360505166462,surfaced,False,0.303,0.034,-2.0,2,10.5186,10.25
2025-12-11,TGL,Small,GapFade_weakstock,4,CAUTION,-0.8159281670895959,-0.8374137931034483,-0.04029692470837742,0.42887610148706207,0.8130949808208945,-0.5232558139534884,-0.9938366013071895,0.7788736555067414,0.17416378316032294,surfaced,False,13.037,0.999,-0.134,2,9.27,9.0
2025-12-15,BBGI,Small,GapFade_strongstock,4,CAUTION,-0.16741573033707866,-0.7189988623435722,-0.0985155195681512,1.5552522474446866,0.37049468404764263,-0.5560215698022768,-0.7189988623435722,0.3757239251976094,0.06261510128913442,surfaced,False,1.757,0.434,-2.0,2,6.98,6.67
2025-12-16,EOSE,Medium,GapFade_strongstock,4,CAUTION,-0.164828431372549,-0.3136958710976837,-0.013939838591342719,1.135561745589601,0.7176403065502163,-0.17092457420924576,-0.3136958710976837,0.10272193690388846,0.03461688059120967,surfaced,False,0.384,0.145,-2.0,2,13.645,13.3
2025-12-16,ASTS,Medium,GapFade_strongstock,4,CAUTION,-0.18320886533365446,-0.2064365125804564,-0.03251732782775399,1.5928999487352824,1.3578997331617444,-0.19988200589970498,-0.3403054771864968,0.09410769587292225,0.04781609195402306,surfaced,False,1.269,0.658,0.944,1,66.85,65.25
2025-12-16,BMNU,Small,GapFade_weakstock,4,CAUTION,-0.3798748194511314,-0.6392156862745098,-0.00931677018633548,1.1576440460947506,1.5585314838478335,-0.3698630136986301,-0.8486842105263158,0.25987133984028393,0.06634304207119744,surfaced,False,2.667,0.483,0.7,2,66.6,63.7
2025-12-16,ASTX,Small,GapFade_strongstock,4,CAUTION,-0.35711887172599066,-0.4002192982456141,-0.06189605641159565,1.7024282198676266,1.8332999101650453,-0.37951709609463624,-0.6447722423230355,0.20019643323508565,0.09323223813535525,surfaced,False,1.475,0.628,1.255,1,37.14,35.61
2025-12-16,UUUU,Medium,GapFade_strongstock,4,CAUTION,-0.12375000000000003,-0.2951231774761187,-0.04707560627674751,1.2035147355089335,0.6944924695902946,-0.11378002528445011,-0.48701061105012805,0.0776375585897697,0.053892215568862326,surfaced,False,0.289,0.289,-0.052,1,14.1088,13.36
2025-12-16,CRWU,Small,GapFade_weakstock,4,CAUTION,-0.34641255605381166,-0.7444103463393248,-0.041166380789022336,1.040702680674806,1.4341996018263792,-0.3260115606936416,-0.8378754171301447,0.22085618720901745,0.05304518664047161,surfaced,False,1.516,0.307,-2.0,2,5.48,5.355
2025-12-16,QS,Medium,GapFade_strongstock,4,CAUTION,-0.1438735177865613,-0.3936170212765957,-0.028624192059095152,1.4594622490581612,1.297558543978948,-0.15324472243940573,-0.43208931352550356,0.06389988128215277,0.032380952380952364,surfaced,False,0.28,0.28,-0.306,1,10.961,10.5
2025-12-16,USAR,Medium,GapFade_strongstock,4,CAUTION,-0.19708423326133911,-0.21819137749737122,-0.009078681909885662,1.5652093203785198,0.9790897358345791,-0.20777836973894515,-0.6618917689859027,0.11385771928139107,0.02739726027397263,surfaced,False,1.466,0.524,0.25,1,14.9001,14.6
2025-12-16,CETX,Small,GapFade_weakstock,4,CAUTION,-0.6046128500823723,-0.7525773195876289,-0.08750000000000006,0.4462030644889713,0.24136448102001445,-0.31034482758620685,-0.9995223167636961,0.49491666666666667,0.1342592592592592,surfaced,False,7.0,0.904,2.357,2,23.0,21.8
2025-12-16,LEU,Medium,GapFade_strongstock,5,GO,-0.16132580479577618,-0.3682611577551922,-0.026842703506164266,1.3028543591338546,1.1556296833797985,-0.16246201164366006,-0.5072913301023155,0.07871619680485645,0.0708188026736414,surfaced,False,0.901,0.901,0.771,1,229.0,220.224
2025-12-16,CIFR,Large,GapFade_strongstock,5,GO,-0.20108401084010835,-0.42241379310344823,-0.03256445047489826,1.391954609841956,1.2241645049282939,-0.2192796610169491,-0.42241379310344823,0.12623425082380305,0.09656181419166059,surfaced,False,1.0,0.211,-2.0,2,14.78,14.25
2025-12-16,OKLL,Medium,GapFade_weakstock,5,GO,-0.3768076398362892,-0.6863499038725625,-0.03984238178633976,0.7291346231684616,1.005352749686059,-0.3858564130142511,-0.8656126714777016,0.2704246935201401,0.12482065997130556,surfaced,False,2.24,0.651,1.031,2,22.99,21.92
2025-12-16,OKLO,Medium,GapFade_strongstock,4,CAUTION,-0.19838372036414975,-0.37680720611611546,-0.01919106036681645,0.8509365500441057,0.776057399795855,-0.20067961165048545,-0.5752682624845233,0.10848215370200066,0.06152281682979539,surfaced,False,2.05,0.803,0.828,2,82.74,80.4223
2025-12-16,BBGI,Small,GapFade_strongstock,4,CAUTION,-0.351685393258427,-0.7811907470610543,-0.07279029462738301,0.7198450552444825,0.09514076401087442,-0.3472850678733032,-0.7811907470610543,0.504296855657341,0.044859813084112195,surfaced,False,0.966,0.287,-0.077,1,5.75,5.35
2025-12-16,CRWG,Small,GapFade_weakstock,5,GO,-0.3465140478668054,-0.7453365774533658,-0.04140127388535023,1.0192108899237493,1.1934656329338362,-0.32905982905982906,-0.8400407539480387,0.2222588717015469,0.050909090909090855,surfaced,False,1.126,0.284,-2.0,2,29.7,28.901
2025-12-16,BEX,Small,GapFade_strongstock,4,CAUTION,-0.29536152796725784,-0.5315192743764172,-0.023233301064859654,0.6405447089875511,0.9494105198987873,-0.3428753180661578,-0.5315192743764172,0.28110150739870005,0.1112359550561798,surfaced,False,0.769,0.212,-2.0,2,10.19,9.865
2025-12-16,SERV,Medium,GapFade_strongstock,4,CAUTION,-0.16067329762815605,-0.22418670438472418,-0.019781221513217914,1.215028633126956,0.7922104856760649,-0.14630350194552522,-0.5494866529774127,0.09528193775231147,0.01488238118098907,surfaced,False,3.167,0.371,-2.0,2,10.98,10.75
2025-12-16,IREN,Medium,GapFade_strongstock,5,GO,-0.18135671435163836,-0.53844152465201,-0.01662908680947002,1.2070211667527095,1.206754927578837,-0.1925352753755121,-0.53844152465201,0.11698743759059434,0.09748050389922015,surfaced,False,0.184,0.069,-2.0,2,35.79,34.7
2025-12-16,CWVX,Medium,GapFade_weakstock,6,GO,-0.3494041170097509,-0.7433760683760684,-0.044962531223979946,1.048089303549439,0.8949155306969918,-0.329237643116448,-0.8370973211258054,0.22241019388604732,0.05476190476190469,surfaced,False,0.719,0.235,-2.0,2,23.18,22.11
2025-12-16,TGL,Small,GapFade_weakstock,4,CAUTION,-0.39455095862764883,-0.896551724137931,-0.02166666666666665,0.3294860718902186,0.306806801091038,-0.4106090373280943,-0.996078431372549,1.271879761904762,0.36363636363636376,surfaced,False,0.217,0.019,-1.0,1,5.1201,4.8001
2025-12-16,HUT,Medium,GapFade_strongstock,5,GO,-0.22670739690159286,-0.362016201620162,-0.0025395033860044105,1.5236463595735201,1.4457322658815879,-0.24192513368983962,-0.3813918334645375,0.11481900999677523,0.07811585722644826,surfaced,False,5.245,1.215,3.617,2,36.24,35.01
2025-12-16,IRE,Medium,GapFade_weakstock,6,GO,-0.43536711478800416,-0.8248315688161694,-0.031135531135531122,1.012396694214876,2.081088198247451,-0.3658536585365853,-0.8248315688161694,0.3165881737310309,0.20416666666666677,surfaced,False,0.167,0.048,-2.0,2,22.2,20.92
2025-12-17,BBGI,Small,GapFade_strongstock,4,CAUTION,-0.3719101123595506,-0.7880166856276072,-0.01073345259391764,0.2680453021972004,0.06572810783205094,-0.24561403508771934,-0.7880166856276072,0.5249693329925887,0.02589641434262964,surfaced,False,2.273,0.086,-2.0,2,5.535,5.48
2025-12-18,AEHL,Small,GapFade_weakstock,4,CAUTION,-0.39730639730639733,-0.5468354430379747,-0.01675977653631282,1.491556723547064,0.022152159585477744,-0.3537906137184116,-0.9491477272727272,0.2247286512370311,0.1193181818181818,surfaced,False,2.125,0.86,1.875,1,11.04,10.56
2025-12-19,AMCI,Medium,GapFade_strongstock,4,CAUTION,-0.15333333333333332,-0.3267064280980782,-0.004921259842519755,1.0342842547301174,0.23677717230348785,-0.30648464163822525,-0.3267064280980782,0.2559779246344207,0.026567481402763018,surfaced,False,0.338,0.244,-1.0,1,10.684,9.7501
2025-12-22,PLTZ,Medium,GapFade_strongstock,4,CAUTION,-0.12549263638249333,-0.4375727046669727,-0.015654648956356657,1.0311422776092594,0.7581917351905454,-0.17040535222353412,-0.7199787460148778,0.09171218487394955,0.05323957810145649,surfaced,False,3.212,1.114,2.182,1,20.24,19.91
2025-12-23,TLRY,Medium,GapFade_strongstock,4,CAUTION,-0.2646436132674665,-0.33628459505079783,-0.021113243761996223,0.6091039283577755,0.5809507172105299,-0.15559157212317665,-0.5508620689655173,0.15125582670688237,0.07230142566191436,surfaced,False,1.825,0.292,-2.0,2,10.1536,10.0301
2025-12-24,LHAI,Small,GapFade_strongstock,6,GO,-0.33741830065359485,-0.48215642579384593,-0.14426633785450052,1.4141485742060922,3.150903609372458,-0.3664062500000001,-0.6368114643976713,0.34790206094768367,0.1939102564102564,surfaced,False,,,,0,,
2025-12-26,ASTX,Medium,GapFade_strongstock,4,CAUTION,-0.09253675084809657,-0.2934837633324677,-0.028245067497403936,2.016228533548775,2.3308939932877104,-0.18884770889487873,-0.5532980795992207,0.21483311081441925,0.029306829765545325,surfaced,False,0.709,0.11,-2.0,2,44.64,43.4301
2025-12-29,ASTX,Medium,GapFade_strongstock,4,CAUTION,-0.23878627968337732,-0.4073480623260305,-0.037137905422134194,0.7232138389699746,1.1093969246634916,-0.30410062026188833,-0.6252899155765841,0.26154882750327174,0.05018489170628628,surfaced,False,3.507,0.871,0.37,1,39.1225,37.86
2025-12-29,CWVX,Medium,GapFade_strongstock,4,CAUTION,-0.16409912926992629,-0.36,-0.07251602564102573,0.4879896405598944,0.4983871197522125,-0.11300639658848613,-0.8307222787385554,0.19539874656593403,0.04163052905464011,surfaced,False,0.891,0.579,-0.374,1,24.53,23.06
2025-12-30,CRWG,Medium,GapFade_strongstock,4,CAUTION,-0.17571059431524558,-0.37573385518591,-0.0689655172413793,0.6311094239347058,0.8187108828690093,-0.09887005649717515,-0.8374936321956189,0.18875055978504257,0.01041666666666669,surfaced,False,5.2,0.464,-2.0,2,29.9,29.2
2026-01-06,ASPC,Small,GapFade_strongstock,4,CAUTION,-0.4333554376657825,-0.7328852766489529,-0.04798127559976596,0.5015764976727893,0.1826880953853291,-0.2704375667022412,-0.7328852766489529,0.5261234640140433,0.06245141228297484,surfaced,False,0.506,0.1,-0.953,2,16.5822,15.6187
2026-01-06,BMNZ,Medium,GapFade_weakstock,4,CAUTION,-0.3552425665101721,-0.699520733486143,-0.03606102635228846,0.6091300911272185,0.9075079740174952,-0.39640016743407286,-0.699520733486143,0.22426880324945508,0.10108303249097476,surfaced,False,4.241,1.184,2.218,1,14.285,13.85
2026-01-07,ASPC,Small,GapFade_strongstock,4,CAUTION,-0.4698275862068966,-0.7500781494216943,-0.020012507817385883,0.1688659214314562,0.09428752489322129,-0.26074895977808593,-0.7500781494216943,0.5674095416778343,0.07851226032144158,surfaced,False,7.571,0.54,1.155,2,15.915,15.6085
2026-01-13,MNTS,Medium,GapFade_weakstock,4,CAUTION,-0.3051075268817205,-0.448312658396692,-0.032882011605415845,1.2387017473217974,0.2687083310852679,-0.19595645412130636,-0.952440746413508,0.2607709311964631,0.13500597371565123,surfaced,False,0.375,0.08,-1.0,1,9.4263,9.15
2026-01-14,MSTZ,Medium,GapFade_strongstock,6,GO,-0.1991122384273937,-0.283607487237663,-0.06690419635787812,1.106189325293219,1.4016118213680477,-0.1851612903225806,-0.9290449438202247,0.13993100328017194,0.15217391304347835,surfaced,False,4.974,2.05,3.62,1,10.4598,10.12
2026-01-14,OKLL,Medium,GapFade_strongstock,5,GO,-0.12069481880802639,-0.36339982653946223,-0.051430517711171596,1.755889810244796,1.1332761543165428,-0.15364658402997977,-0.8272499139485692,0.13481291358505254,0.10300925925925918,surfaced,False,2.168,1.236,0.551,2,26.74,26.2
2026-01-14,TVTX,Medium,GapFade_strongstock,4,CAUTION,-0.18913649025069637,-0.30904343698077386,-0.0020611473720370567,2.3930851051559516,6.4656582962590035,-0.15818392134181605,-0.30904343698077386,0.1063696815036561,0.05738304093567253,surfaced,False,2.732,0.858,2.237,1,27.845,27.36
2026-01-21,SPHL,Small,GapFade_strongstock,4,CAUTION,-0.6137005649717515,-0.7821585025886102,-0.07495429616087754,0.6429635409277912,0.16259667382054455,-0.6858127512923607,-0.9123397435897436,0.5154661791590494,0.13241106719367607,surfaced,False,3.018,1.319,0.147,1,5.63,5.06
2026-01-21,KOLD,Medium,GapFade_weakstock,4,CAUTION,-0.4022717531075867,-0.4362239741257327,-0.1939763356041592,1.0807705779334504,3.430188738191242,-0.3957972270363951,-0.6679761904761905,0.18279721354300055,0.009463722397476218,surfaced,False,5.739,1.038,-2.0,2,23.05,22.48
2026-01-22,KOLD,Medium,GapFade_weakstock,5,GO,-0.5199314187741105,-0.5472003234283405,-0.08749999999999988,0.47897429083903537,3.9182964881719102,-0.5048629531388152,-0.7333333333333334,0.2400031887755102,0.14477611940298507,surfaced,False,0.036,0.004,-1.0,1,20.64,20.36
2026-01-26,IVF,Small,GapFade_strongstock,4,CAUTION,-0.2200956937799042,-0.6441048034934498,-0.17791411042944788,0.5407130023005485,0.07658427426272309,-0.18905472636815923,-0.9787760416666668,0.2609596844872918,0.0,surfaced,False,2.667,0.458,-1.503,2,6.8,6.65
2026-01-27,IMSR,Medium,GapFade_strongstock,4,CAUTION,-0.17660910518053374,-0.2243992606284658,-0.0028598665395614263,1.2279579149157107,1.017424110985087,-0.20949510173323282,-0.5004761904761905,0.1534475010213809,0.0645786574168538,surfaced,False,1.871,0.648,1.277,1,10.08,9.802
2026-01-28,CORD,Small,GapFade_weakstock,4,CAUTION,-0.3437643810400368,-0.7706591699341571,-0.09046283309957918,0.819157892683815,4.1868150491010425,-0.3050682261208577,-0.7888814864164632,0.3081877379282709,0.17238689547581895,surfaced,False,4.521,1.254,2.97,1,13.3742,12.82
2026-01-28,ZSL,Medium,GapFade_weakstock,4,CAUTION,-0.3781818181818181,-0.7872208050768369,-0.0233918128654972,0.6543188506145057,3.0397276647491744,-0.23999999999999994,-0.9599156118143459,0.2413116123642439,0.012903225806451568,surfaced,False,2.534,0.605,-2.0,2,16.154,16.0
2026-01-29,ZSL,Medium,GapFade_weakstock,4,CAUTION,-0.42909090909090913,-0.7930125247198417,-0.08280254777070058,0.5348371839185014,2.7044936943229034,-0.15591397849462377,-0.9631973745897797,0.250090991810737,0.09722222222222224,surfaced,False,10.964,2.18,3.162,1,14.758,14.4
2026-01-29,LVLU,Small,GapFade_strongstock,4,CAUTION,-0.33698630136986296,-0.47585011912497294,-0.020661157024793472,0.8634809386656038,0.04229643263262188,-0.27451820128479654,-0.47585011912497294,0.2878166638556249,0.14684838160136268,surfaced,False,5.969,0.813,4.862,1,15.0,14.675
2026-01-30,XTKG,Small,GapFade_weakstock,6,GO,-0.37572762218561234,-0.9812779973649539,-0.09078114004222379,1.8380503144654086,0.28645537206912103,-0.5272787757817698,-0.9849150743099788,0.3836332562581683,0.02163461538461535,surfaced,False,2.039,0.851,-2.0,2,8.196,7.575
2026-01-30,APLX,Medium,GapFade_strongstock,4,CAUTION,-0.18209944751381218,-0.18831845287049284,-0.05160767360172917,0.7822335015687331,0.7463290787757718,-0.15470053650592805,-0.3831666666666667,0.20213494422356895,0.034439389026853874,surfaced,False,0.646,0.074,-2.0,2,36.42,35.0
2026-01-30,MSTX,Medium,GapFade_weakstock,4,CAUTION,-0.2538011695906433,-0.4517675769501779,-0.043887147335423156,1.51980512603262,1.48090810570446,-0.22572815533980592,-0.9855649576903932,0.16913569189431252,0.14521452145214528,surfaced,False,3.08,1.493,2.6,1,31.55,30.3
2026-01-30,CRWG,Medium,GapFade_strongstock,4,CAUTION,-0.24015444015444012,-0.24539877300613497,-0.006097560975609842,1.2005287217051277,1.0339646246671934,-0.16751269035532992,-0.7493632195618951,0.18452235772357722,0.014193976446055702,surfaced,False,2.474,0.521,-2.0,2,45.25,44.3
2026-01-30,CWVX,Medium,GapFade_strongstock,4,CAUTION,-0.23879739563385674,-0.24415288077581293,-0.010314465408804945,1.203595456147572,0.6762016043168426,-0.16806195060694853,-0.7304170905391658,0.1837241563342318,0.014516129032257989,surfaced,False,2.438,0.54,-2.0,2,36.56,35.7601
2026-01-30,HYMC,Medium,GapFade_strongstock,4,CAUTION,-0.16914970930232562,-0.22135062378788323,-0.20642904001749396,1.5372680640871381,1.3923081966592272,-0.16627164995442123,-0.22135062378788323,0.13812376995407832,0.03462603878116343,surfaced,False,0.493,0.493,-0.758,1,41.05,36.1
2026-02-02,IRE,Medium,GapFade_strongstock,6,GO,-0.2485754985754985,-0.29807052561543573,-0.05118483412322283,1.1495924612913981,1.31538997387656,-0.2837746096401901,-0.6615335258261148,0.22344617467840217,0.14319558366671878,surfaced,False,4.343,1.52,1.338,2,38.08,36.0
2026-02-02,SMU,Small,GapFade_strongstock,4,CAUTION,-0.2328471096704484,-0.40890964642806593,-0.02464788732394376,1.041619770872084,0.7468018371544057,-0.2784552845528455,-0.9453846153846154,0.2122912474849095,0.015384615384615394,surfaced,False,0.0,0.0,-2.0,2,42.03,39.51
2026-02-02,APLX,Medium,GapFade_strongstock,5,GO,-0.35838011049723756,-0.36325874460213126,-0.03880371848876978,1.1651990611748972,0.8391966044904121,-0.2961624242424242,-0.5161116666666666,0.25209599223748497,0.14204846784294398,surfaced,False,3.564,1.322,1.897,1,27.8917,26.5867
2026-02-02,OKLL,Medium,GapFade_strongstock,5,GO,-0.29053030303030297,-0.5435047526200342,-0.037373198077949775,1.12064728587232,1.0945712795325795,-0.3013800820589332,-0.8897953299814954,0.2382118068797193,0.008911521323997376,surfaced,False,0.226,0.042,-2.0,2,17.58,16.7101
2026-02-02,BNAI,Medium,GapFade_strongstock,5,GO,-0.6113989637305699,-0.7131432545201669,-0.015353535353535314,1.001698973768082,0.5403511890058503,-0.6071428571428571,-0.7131432545201669,0.5352522366522366,0.03368794326241142,surfaced,False,,,,0,,
2026-02-02,HL,Medium,GapFade_strongstock,5,GO,-0.3297619047619048,-0.340942347088089,-0.008880994671403165,1.1648470159854816,1.6029498192632494,-0.17175432144170658,-0.340942347088089,0.10940687642730273,0.028639618138424888,surfaced,False,0.287,0.102,-2.0,2,22.315,21.88
2026-02-02,RKLX,Medium,GapFade_strongstock,5,GO,-0.1750591416018925,-0.3741025641025641,-0.028267103646046756,1.4549968849506072,0.9204548101144482,-0.18970954356846473,-0.3741025641025641,0.207367150465266,0.005571705426356513,surfaced,False,1.622,0.506,-2.0,2,44.4626,43.4
2026-02-02,SLV,ETF,GapFade_strongstock,5,GO,-0.31123892997352326,-0.3131202767914049,-0.02173913043478262,2.700974439301407,3.1069261621099935,-0.2856060606060606,-0.3131202767914049,0.11297521208907742,0.06123644887196004,surfaced,False,1.049,0.23,-2.0,2,73.9602,73.045
2026-02-02,NUGT,Medium,GapFade_strongstock,5,GO,-0.3248216652989079,-0.3273058901223309,-0.007760273012014382,1.788588953259664,2.6343186787928365,-0.30887531905269616,-0.3273058901223309,0.12197950406379186,0.04900805342761746,surfaced,False,0.618,0.39,-2.0,2,220.4178,212.25
2026-02-02,GDXU,Medium,GapFade_strongstock,5,GO,-0.4741294729632167,-0.47470320647952957,-0.015101911500686523,1.8547752124368617,2.8409351998688863,-0.4589142857142857,-0.47470320647952957,0.2201614793134489,0.07115774960744507,surfaced,False,0.523,0.294,-2.0,2,296.3514,279.06
2026-02-02,AGQ,Medium,GapFade_strongstock,5,GO,-0.6270507550970505,-0.6288270331656894,-0.03777708398376529,2.955674178181694,3.331756586862798,-0.6000948885060055,-0.6288270331656894,0.36964096159850146,0.1261192897252998,surfaced,False,0.276,0.059,-2.0,2,157.0,151.12
2026-02-02,SIVR,Medium,GapFade_strongstock,4,CAUTION,-0.3108249216846502,-0.31285788651743884,-0.020959595959595914,2.8764962712377167,3.3583926258265713,-0.2856498601966267,-0.31285788651743884,0.11447709235209237,0.06195925202344401,surfaced,False,1.01,0.221,-2.0,2,77.6801,76.71
2026-02-02,SVM,Medium,GapFade_strongstock,4,CAUTION,-0.23305407463823308,-0.2807142857142857,-0.018867924528301838,1.251784506724774,1.9139142096512278,-0.21081504702194354,-0.2807142857142857,0.09440346148389843,0.0340909090909091,surfaced,False,0.206,0.15,-2.0,2,10.19,9.85
2026-02-02,PSLV,Medium,GapFade_strongstock,4,CAUTION,-0.29422768572955643,-0.30728777327510465,-0.006058311245740256,2.678112408986022,2.815466795686593,-0.27365236523652364,-0.30728777327510465,0.11310785957700006,0.10068259385665526,surfaced,False,0.849,0.34,-2.0,2,26.155,25.56
2026-02-02,IREX,Small,GapFade_strongstock,4,CAUTION,-0.24270225187656383,-0.2944065399499558,-0.05561674008810562,1.1560429952865936,1.7847066234651856,-0.280221957986524,-0.6491438220525474,0.22314269981120205,0.1500326157860404,surfaced,False,3.46,1.483,0.841,2,48.975,46.3248
2026-02-02,CWVX,Medium,GapFade_strongstock,4,CAUTION,-0.33751436231328996,-0.34217531850161637,-0.010261598496892524,0.7168554817807198,0.48782105326876035,-0.23580737795449533,-0.7653780942692437,0.2148380092085975,0.011235955056179822,surfaced,False,0.008,0.004,-2.0,2,34.7965,33.1
2026-02-02,CRWG,Medium,GapFade_strongstock,4,CAUTION,-0.33899613899613906,-0.343558282208589,-0.007009345794392457,0.7358907752729071,0.7484959670162061,-0.2370766488413548,-0.7819663779928681,0.21586782376502003,0.010362694300518097,surfaced,False,0.06,0.025,-2.0,2,42.986,41.099
2026-02-03,ETHU,Medium,GapFade_weakstock,4,CAUTION,-0.43151935719503287,-0.5619195046439629,-0.010921940250562154,0.4617414248021103,2.5265848553726173,-0.3316874194933448,-0.8759760956175299,0.19514386673397272,0.19607843137254902,surfaced,False,0.152,0.026,-2.0,2,30.66,30.23
2026-02-03,ETHE,ETF,GapFade_weakstock,4,CAUTION,-0.23186055938386713,-0.3193247126436782,-0.0063324538258575725,0.5159252434851269,1.7069060837885104,-0.17104111986001752,-0.5278435280926872,0.07159819072747836,0.0889018012783264,surfaced,False,0.03,0.007,-2.0,2,18.79,18.665
2026-02-04,IT,Medium,GapFade_weakstock,4,CAUTION,-0.3206938965941384,-0.37349397590361444,-0.018606393606393542,1.7656779356578736,5.27144058436406,-0.23591431706502558,-0.7257581205801271,0.08069564364207218,0.059261744966443035,surfaced,False,0.966,0.227,-2.0,2,155.15,153.66
2026-02-04,NVOX,Small,GapFade_weakstock,4,CAUTION,-0.2695810564663023,-0.4069801833776989,-0.09226932668329184,2.9804794546836266,2.9293175213966363,-0.3059882312218761,-0.8811465886403406,0.1392301389383683,0.019020172910662724,surfaced,False,0.25,0.103,-2.0,2,18.9001,18.16
2026-02-04,MSTX,Medium,GapFade_weakstock,5,GO,-0.0930232558139535,-0.5308230360733497,-0.047619047619047644,1.0835768712385072,1.421091465315759,-0.21325648414985596,-0.9876464998416217,0.19606750392464675,0.1434977578475336,surfaced,False,2.831,0.638,-2.0,2,24.275,23.701
2026-02-04,ETHE,ETF,GapFade_weakstock,5,GO,-0.2403729225780301,-0.3268678160919541,-0.04215581643543219,1.2974061949131195,2.32457491014334,-0.14194139194139202,-0.5330758689423197,0.07567845708187228,0.04435245416913069,surfaced,False,0.892,0.264,-2.0,2,17.9508,17.75
2026-02-04,ETHU,Medium,GapFade_weakstock,5,GO,-0.44302410518626734,-0.570785251899803,-0.08491803278688524,0.9725869423255945,2.4506772228627085,-0.2801510502714184,-0.8784860557768924,0.2022660421545667,0.0996745321399513,surfaced,False,0.83,0.204,-2.0,2,27.974,27.2801
2026-02-04,GLXY,Medium,GapFade_strongstock,5,GO,-0.34378265412748166,-0.3671177656205009,-0.02138307552320286,1.780976517641468,2.5316463791397736,-0.22222222222222224,-0.5213414634146342,0.13130378265956066,0.022312373225152195,surfaced,False,0.684,0.184,-2.0,2,21.34,20.96
2026-02-04,FIGR,Medium,GapFade_strongstock,5,GO,-0.34711228378774556,-0.428974358974359,-0.0008980691513246329,1.3561469477719956,1.5641790760644705,-0.21694796061884675,-0.428974358974359,0.1653069472063635,0.08816822903471001,surfaced,False,4.482,0.569,-2.0,2,42.89,41.95
2026-02-04,IGV,Medium,GapFade_weakstock,1,NO-GO,-0.13812768104970982,-0.21793286623620461,-0.015692704063707735,1.9065321153159192,2.840051243341852,-0.05447901672018604,-0.27629460123739297,0.03114274003312531,0.028333128909603853,book_missed,True,8.028,2.208,4.375,2,82.53,82.21
2026-02-04,FIG,Medium,GapFade_weakstock,2,NO-GO,-0.2783400809716599,-0.46764559482329515,-0.0172978027115475,1.3384906839727295,2.6382239945873085,-0.17476851851851855,-0.850335852225021,0.086548119949242,0.1340050377833753,book_missed,True,12.045,2.913,10.136,2,20.5,20.22
2026-02-05,MUU,Medium,GapFade_strongstock,6,GO,-0.2708342447176167,-0.3308711360899237,-0.051235901127909884,1.7179846440676922,1.7314075134171962,-0.2588706091596265,-0.3308711360899237,0.16724073502691209,0.09599962724622986,surfaced,False,1.081,0.762,-2.0,2,8.3208,7.808
2026-02-05,NVOX,Small,GapFade_weakstock,4,CAUTION,-0.35591985428051004,-0.47707778763679387,-0.10067873303167417,0.5820067851301225,2.467216321950772,-0.37746478873239436,-0.895195595369637,0.163267210730446,0.007525599374922887,surfaced,False,3.0,0.393,-2.0,2,15.09,14.92
2026-02-05,GLXY,Medium,GapFade_strongstock,5,GO,-0.39811912225705326,-0.41952202706593716,-0.05307539682539684,0.6971631484723896,1.5314890120678657,-0.2375189107413011,-0.5609756097560976,0.14407879818594105,0.01019190046850339,surfaced,False,1.338,0.165,-2.0,2,18.88,18.5
2026-02-05,FIGR,Medium,GapFade_strongstock,5,GO,-0.3704192318968044,-0.4493589743589743,-0.054831199068684604,0.6871496217275355,1.4898521898692054,-0.17893328235519018,-0.4493589743589743,0.1711105937136205,0.016414302074055122,surfaced,False,,,,0,,
2026-02-05,AHMA,Small,GapFade_strongstock,6,GO,-0.7630747630747631,-0.8291139240506329,-0.15407407407407409,2.8232523033443924,0.6089941853499496,-0.775,-0.8291139240506329,1.1734719576719574,0.2119089316987741,surfaced,False,2.761,0.758,0.207,1,6.63,5.71
2026-02-05,BMNG,Small,GapFade_weakstock,4,CAUTION,-0.5198776758409787,-0.677618069815195,-0.10828025477707003,0.7130165289256198,1.292879219733616,-0.22277227722772278,-0.9095100864553315,0.3082802547770701,0.027522935779816415,surfaced,False,1.0,0.232,-2.0,2,27.002,26.202
2026-02-05,SEI,Medium,GapFade_strongstock,4,CAUTION,-0.17328767123287667,-0.19264214046822736,-0.04722452361226183,2.1198321406358365,1.803469917189883,-0.1504487066690128,-0.19264214046822736,0.10347304414723633,0.03362474781439139,surfaced,False,2.078,0.838,-2.0,2,45.865,44.905
2026-02-05,ETHE,ETF,GapFade_weakstock,4,CAUTION,-0.2841507904337252,-0.3656609195402299,-0.04246885617214043,0.8520828136692432,1.723533902109094,-0.06807387862796829,-0.5599850504547154,0.08107506875910049,0.022192333557498323,surfaced,False,0.522,0.088,-2.0,2,17.09,16.84
2026-02-05,IBIT,ETF,GapFade_weakstock,4,CAUTION,-0.18474210629535207,-0.2523381294964029,-0.044984363723839245,1.0286843317243306,1.6744211378502347,-0.059927634554500196,-0.42119186856028956,0.048874703598061814,0.02266288951841372,surfaced,False,0.464,0.134,-2.0,2,40.04,39.57
2026-02-05,ETHU,Medium,GapFade_weakstock,4,CAUTION,-0.5063915266617969,-0.6196172248803827,-0.08546059933407334,0.6597220573642459,2.0851735153271167,-0.13170575008030833,-0.8923107569721116,0.2226298821415358,0.04989154013015174,surfaced,False,1.973,0.523,-2.0,2,23.01,22.6501
2026-02-06,IRE,Medium,GapFade_weakstock,4,CAUTION,-0.45482079757698124,-0.6407185628742514,-0.005555555555555601,0.7037678940601558,2.5161518173165875,-0.4981412639405204,-0.8267564966313764,0.490744708994709,0.31696428571428564,surfaced,False,3.782,1.248,2.276,1,19.66,17.92
2026-02-06,HYMC,Medium,GapFade_strongstock,4,CAUTION,-0.2241141279337322,-0.42584611926803895,-0.008896797153024827,0.5346679130851141,0.8733246001468531,-0.1984787259329689,-0.42584611926803895,0.22297407219115406,0.10936497754971147,surfaced,False,1.385,0.589,1.148,1,32.765,31.18
2026-02-10,HIMS,Large,GapFade_weakstock,4,CAUTION,-0.3425170068027211,-0.46968449931412903,-0.032591826176927005,1.209989639565952,5.0250642224560425,-0.17674616695059633,-0.7351329131268841,0.13553322001330276,0.0023255813953487877,surfaced,False,0.346,0.166,-2.0,2,19.17,18.563
2026-02-10,HIMZ,Small,GapFade_weakstock,4,CAUTION,-0.5977777777777777,-0.750210458039497,-0.06629834254143645,0.9419361198738173,8.323367699549012,-0.36155202821869487,-0.9682456140350877,0.40031570639305447,0.0,surfaced,False,0.351,0.115,-2.0,2,24.794,23.24
2026-02-12,KRMN,Medium,GapFade_strongstock,5,GO,-0.19244439930943438,-0.32826490961311033,-0.002263581488933509,1.6546630606532253,2.2383948273163834,-0.18415922848055816,-0.32826490961311033,0.10624811368209257,0.02273908523908524,surfaced,False,1.237,0.346,-2.0,2,80.65,78.39
2026-02-12,FTRE,Small,GapFade_strongstock,4,CAUTION,-0.2163624070317782,-0.3792179967862882,-0.02070750647109579,1.8079520306748813,1.958010698742221,-0.22110215053763446,-0.5373253493013972,0.1083316898804388,0.11630434782608699,surfaced,False,0.322,0.322,-2.0,2,10.41,9.51
2026-02-12,RKLX,Medium,GapFade_strongstock,4,CAUTION,-0.1309553504614617,-0.5533333333333333,-0.06027554535017225,0.7422284743171704,1.0302533362777673,-0.16249999999999995,-0.5533333333333333,0.2521342463506642,0.07268960485652738,surfaced,False,1.055,0.207,-2.0,2,33.505,31.94
2026-02-12,DKI,Small,GapFade_strongstock,4,CAUTION,-0.24549214226633584,-0.6167226890756303,-0.010962508221881176,0.8253543276385304,0.019402787634391606,-0.2661303298471441,-0.9695933333333334,0.30123993798352494,0.024315561959654116,surfaced,False,2.36,0.299,0.279,1,7.3552,7.2176
2026-02-17,UPB,Small,GapFade_weakstock,4,CAUTION,-0.5394736842105263,-0.7402019002375297,-0.007428571428571372,1.2518306790720413,4.402891192827754,-0.40435670524166095,-0.7402019002375297,0.3806995918367347,0.04648241206030152,surfaced,False,0.579,0.075,-2.0,2,8.405,8.19
2026-02-17,QNCX,Small,GapFade_weakstock,5,GO,-0.4859933179131328,-0.946236559139785,-0.13100000000000006,0.28137025650316977,1.2360461028538758,-0.6721311475409836,-0.9560429899558232,1.8923464285714284,0.17088607594936703,surfaced,False,4.311,0.118,1.956,2,33.0,32.42
2026-02-18,HRI,Medium,GapFade_strongstock,4,CAUTION,-0.18550268569258313,-0.20297318821343238,-0.01119104716227023,1.2169201388227995,2.5582410435088163,-0.1406491499227202,-0.3649477558272346,0.06749357656731755,0.010368742704113101,surfaced,False,0.538,0.381,-0.585,1,149.18,145.63
2026-02-18,QNCX,Small,GapFade_weakstock,4,CAUTION,-0.5245438190696479,-0.9502688172043011,-0.12702702702702712,0.07697994244832872,0.3758490738362602,-0.1796008869179601,-0.9593397657091365,1.895895752895753,0.11738857501569372,surfaced,False,,,,0,,
2026-02-19,QNCX,Small,GapFade_weakstock,4,CAUTION,-0.5425340529426882,-0.9521505376344086,-0.10000000000000006,0.22776493389052826,0.8241804289526014,-0.10999999999999996,-0.9608782610606826,1.921456661316212,0.013749999999999929,surfaced,False,,,,0,,
2026-02-23,KLAR,Medium,GapFade_weakstock,4,CAUTION,-0.3144654088050314,-0.6048338368580061,-0.004587155963302791,0.6159717018940912,3.418449769803106,-0.30976253298153034,-0.7713286713286713,0.12535823503713409,0.01988862370723946,surfaced,False,,,,0,,
2026-02-23,GRAL,Medium,GapFade_weakstock,4,CAUTION,-0.49282828282828284,-0.5774991585324806,-0.033061143198566095,0.8369031360656081,9.900773326834377,-0.5090926867422761,-0.5774991585324806,0.20822730247247279,0.0368674698795181,surfaced,False,1.869,0.336,0.346,2,43.9,41.98
2026-02-25,NVOX,Small,GapFade_weakstock,4,CAUTION,-0.4110032362459547,-0.6770186335403726,-0.04212454212454204,0.22378975239672302,1.846073747774907,-0.36474694589877843,-0.9352678677283053,0.15958856619570902,0.025911708253358885,surfaced,False,1.279,0.214,0.857,1,10.56,10.42
2026-02-26,BMNZ,Small,GapFade_strongstock,4,CAUTION,-0.2668863261943987,-0.4743680604772029,-0.004943820224719076,0.9432721544240151,1.497249863576384,-0.2203924316748423,-0.5363617420295895,0.2310865714285715,0.10631531122217172,surfaced,False,6.315,1.136,4.087,1,22.47,22.01
2026-02-26,RGTZ,Medium,GapFade_strongstock,5,GO,-0.24298724954462653,-0.4354794892692203,-0.07603464870067381,0.7791910793586069,0.9912069136405585,-0.18923136948888014,-0.44557097118463174,0.23267633713735736,0.07322788517867604,surfaced,False,0.0,0.0,-2.0,2,18.87,18.07
2026-02-27,UCTT,Medium,GapFade_strongstock,4,CAUTION,-0.16894913359418673,-0.19417344173441733,-0.0465781066083739,1.1357901785775657,2.851344186290706,-0.17356864924958304,-0.19417344173441733,0.08734860313723605,0.07398230088495575,surfaced,False,2.925,1.264,2.869,1,57.57,56.5
2026-03-02,CRWG,Medium,GapFade_weakstock,6,GO,-0.41431670281995664,-0.5858895705521473,-0.08148148148148146,1.0176661522907466,2.7216721216918613,-0.3778801843317972,-0.8624554253693326,0.27841481481481484,0.07438016528925623,surfaced,False,1.923,0.362,0.692,2,26.799,24.8
2026-03-02,CWVX,Small,GapFade_weakstock,4,CAUTION,-0.41479099678456594,-0.5847119224187108,-0.0796703296703296,1.0219364974954395,3.267115498628645,-0.3767123287671233,-0.851881993896236,0.2764449241234956,0.06972010178117054,surfaced,False,0.505,0.199,-0.6,2,21.6676,20.04
2026-03-03,EZRA,Small,GapFade_strongstock,4,CAUTION,-0.37435603892386954,-0.4916279069767442,-0.0526075022872826,0.8160384339530276,0.0955879762842321,-0.2756792577866136,-0.4916279069767442,0.28701803685792715,0.08164251207729471,surfaced,False,2.344,0.757,2.156,1,8.664,8.28
2026-03-03,CRWG,Medium,GapFade_weakstock,5,GO,-0.4360086767895879,-0.6012269938650306,-0.07692307692307693,0.4581478925196945,1.3409482856644568,-0.3953488372093023,-0.8675496688741722,0.2770351648351648,0.1100478468899522,surfaced,False,0.0,0.0,-2.0,2,24.1,23.3
2026-03-03,ALUR,Small,GapFade_weakstock,5,GO,-0.43911999999999995,-0.6612879849268081,-0.030095564113536,1.6118787945386113,0.4373351321240506,-0.43911999999999995,-0.9582926829268292,0.37085600179310063,0.04858982219497244,surfaced,False,1.028,0.706,-0.242,1,11.085,9.786
2026-03-03,QURE,Small,GapFade_weakstock,4,CAUTION,-0.49760765550239233,-0.6313202247191011,-0.12666666666666668,0.7448836088137063,4.5236836336091155,-0.3865030674846625,-0.8531468531468531,0.2723340136054422,0.03436426116838476,surfaced,False,1.412,0.192,-2.0,2,9.17,8.86
2026-03-04,CRCD,Small,GapFade_weakstock,4,CAUTION,-0.39176829268292673,-0.8908643326039387,-0.06516290726817048,0.3406665443008102,4.338052250840148,-0.3538461538461538,-0.8908643326039387,0.8534058360186181,0.024495677233429384,surfaced,False,0.143,0.017,-1.0,1,7.415,7.03
2026-03-04,KORU,Medium,GapFade_strongstock,6,GO,-0.25407606181178866,-0.3942590922753231,-0.06614399841214713,1.6568993118051003,6.001340693335036,-0.3602222222222222,-0.3942590922753231,0.17167546838116982,0.13710810810810817,surfaced,False,8.231,2.981,2.662,2,19.474,18.656
2026-03-04,PLTZ,Medium,GapFade_strongstock,5,GO,-0.2272498743086979,-0.28227877655848704,-0.015614834092387668,1.0711401408350918,0.6155844062594076,-0.14182021217197102,-0.5916578108395325,0.12299993029091924,0.020180180180180134,surfaced,False,0.227,0.081,-2.0,2,29.45,28.79
2026-03-05,VCIG,Small,GapFade_weakstock,5,GO,-0.6086324499608632,-0.8381877022653722,-0.2585714285714285,5.178959245984337,19.61246649685429,-0.2045454545454546,-0.9999189814814815,0.461204081632653,0.02404809619238479,surfaced,False,,,,0,,
2026-03-06,LITX,Medium,GapFade_strongstock,5,GO,-0.22042493491225967,-0.33499131981400276,-0.0989945477243062,1.0601298895654225,1.84248447557743,-0.13584659784182174,-0.33499131981400276,0.20540233079578024,0.04488261665655103,surfaced,False,0.592,0.293,-2.0,2,26.9103,25.0
2026-03-06,VSCO,Medium,GapFade_strongstock,4,CAUTION,-0.16532066508313537,-0.20124261251704798,-0.0483779169038134,1.6783894899741632,4.794617560779223,-0.15148100450740498,-0.2119780531926026,0.08161151313114887,0.0036512027491407773,surfaced,False,1.0,0.335,-2.0,2,48.995,48.31
2026-03-09,UCTT,Medium,GapFade_strongstock,4,CAUTION,-0.16978653530377663,-0.3149051490514905,-0.024129746835443014,1.1661347939359938,0.7917997068700426,-0.14261488892657279,-0.3149051490514905,0.10753093919529833,0.08601929788544442,surfaced,False,8.263,1.48,7.905,1,49.185,48.71
2026-03-09,HYMC,Medium,GapFade_strongstock,4,CAUTION,-0.2240448089617924,-0.339518711933785,-0.023201856148491844,0.7598305660907114,0.9088057204475168,-0.18619532151473828,-0.339518711933785,0.15871708466836074,0.10056925996204935,surfaced,False,0.552,0.14,-2.0,2,38.295,37.25
2026-03-09,ASTX,Medium,GapFade_weakstock,4,CAUTION,-0.2610869214642799,-0.5987038010159398,-0.03251855085115674,1.2969239928557257,1.4241525854577166,-0.2840625,-0.5987038010159398,0.19638180457691587,0.07845433255269307,surfaced,False,2.967,0.432,-2.0,2,44.43,43.67
2026-03-09,SOXL,Medium,GapFade_strongstock,5,GO,-0.1342312211877429,-0.33817025981205084,-0.04969722280225522,1.136133089876243,1.4965893629518672,-0.15418580007064636,-0.33817025981205084,0.12056737165528145,0.19739501459690095,surfaced,False,9.277,3.044,7.877,2,45.62,44.76
2026-03-11,BNAI,Medium,GapFade_strongstock,5,GO,-0.2308175442269444,-0.5741770978210478,-0.04109961894393046,0.7149633608653627,0.811695927522136,-0.34707659498844856,-0.5741770978210478,0.19529648495217358,0.06775631500742946,surfaced,False,4.497,1.748,0.675,1,34.9872,33.65
2026-03-13,PLYX,Small,GapFade_strongstock,4,CAUTION,-0.15913200723327303,-0.9049274177059906,-0.01935483870967758,1.877568678347393,0.2202163744658723,-0.22110552763819086,-0.9049274177059906,0.17753456221198158,0.4654377880184333,surfaced,False,0.389,0.173,-1.0,1,4.73,4.55
2026-03-16,NUGT,Medium,GapFade_strongstock,5,GO,-0.1664549449176368,-0.37613333595187126,-0.00024983760555630317,1.017009763316469,1.4729208606725361,-0.15549835429150138,-0.37613333595187126,0.1255563169654011,0.043940322910279966,surfaced,False,0.391,0.277,-2.0,2,206.89,198.0
2026-03-17,BATL,Medium,GapFade_strongstock,5,GO,-0.2880952380952381,-0.49663299663299665,-0.06488294314381264,0.4878879490973155,0.31053234042449546,-0.33437221727515587,-0.49663299663299665,0.44693358815097944,0.027198549410698162,surfaced,False,1.25,0.106,-2.0,2,12.185,11.85
2026-03-19,GSIT,Small,GapFade_strongstock,4,CAUTION,-0.3795811518324608,-0.41394658753709196,-0.024472573839662375,2.2329886253865787,3.9253849143885384,-0.39355168884339814,-0.6735537190082644,0.16099216395418925,0.1327272727272728,surfaced,False,,,,0,,
2026-03-19,AG,Medium,GapFade_strongstock,4,CAUTION,-0.22179732313575515,-0.3647572967067269,-0.10319410319410326,0.5960213638826525,0.977877377559233,-0.08374606033318323,-0.3647572967067269,0.09522604422604418,0.0568878973786949,surfaced,False,2.662,0.995,2.108,1,18.255,17.93
2026-03-19,NPT,Small,GapFade_strongstock,5,GO,-0.5704375667022411,-0.6402588348855084,-0.05465838509316775,2.3513604299630506,0.28123839183902216,-0.5492721164613661,-0.6402588348855084,0.4226441881100265,0.10877192982456142,surfaced,False,3.872,0.437,0.7,2,6.35,6.05
2026-03-19,CRDU,Small,GapFade_strongstock,4,CAUTION,-0.28442879499217527,-0.5284867233823151,-0.04264625478403486,0.49851520404187,1.3849955850092082,-0.25801217038539553,-0.816916916916917,0.23251113020385855,0.15693012600229087,surfaced,False,3.229,1.11,2.8,1,4.54,4.365
2026-03-20,AGQ,Medium,GapFade_strongstock,5,GO,-0.2019292604501607,-0.42608264019456366,-0.03088906795594953,1.0579130629058888,2.1897482564859483,-0.16915866993974565,-0.7411407513848008,0.14827564815880687,0.009254498714653015,surfaced,False,2.914,0.551,-2.0,2,108.0,106.29
2026-03-23,SMCY,Small,GapFade_weakstock,4,CAUTION,-0.3437908496732027,-0.41355140186915895,-0.010956175298804726,1.4334549898436086,3.4196127882464102,-0.32253711201079627,-0.863882863340564,0.08615964712578257,0.09583333333333333,surfaced,False,4.418,2.169,3.429,1,4.905,4.8
2026-03-23,UGL,Medium,GapFade_strongstock,6,GO,-0.2505566470203012,-0.3013431013431014,-0.041419084236280976,1.2763908931486512,1.1476294397979172,-0.14071181859138016,-0.36703539823008857,0.06591626304488939,0.023063941496343596,surfaced,False,5.331,1.355,-0.015,2,55.1101,54.6505
2026-03-24,UGL,Medium,GapFade_strongstock,4,CAUTION,-0.2853962017026849,-0.33382173382173386,-0.018695014662756654,1.2660825839886103,3.629976295471802,-0.10439921208141824,-0.39646017699115044,0.061235599078341016,0.023251453215826026,surfaced,False,,,,0,,
2026-03-25,BATL,Small,GapFade_strongstock,5,GO,-0.2605177993527507,-0.6922558922558922,-0.15754923413566743,0.5895183277794607,0.22539348604524592,-0.28313725490196073,-0.6922558922558922,0.515942482025633,0.07172131147540994,surfaced,False,0.95,0.096,-2.0,2,6.1,5.72
2026-03-26,MUU,Medium,GapFade_strongstock,4,CAUTION,-0.19567661488143917,-0.35102901835046996,-0.06919118114238508,0.6147911076232816,1.658319761412692,-0.1112930547713157,-0.3681653954235247,0.1485087544135133,0.020630242575379654,surfaced,False,2.217,0.343,-2.0,2,7.1425,7.0753
2026-03-31,VSA,Small,GapFade_weakstock,4,CAUTION,-0.6412532637075717,-0.7631034482758621,-0.06972343522561865,0.5187361180769504,0.41404131607365124,-0.4985401459854014,-0.9967599688730635,0.507896652110626,0.03145951521402782,surfaced,False,1.615,0.212,-2.0,2,6.3,6.087
2026-04-06,RKLZ,Medium,GapFade_strongstock,4,CAUTION,-0.21222100256128787,-0.34846421546376155,-0.00023223409196481922,1.134982656036411,1.310515275210684,-0.11234796949082655,-0.8944967795301211,0.20993464269126139,0.08350858964047903,surfaced,False,3.995,0.781,1.332,2,21.1293,20.3
2026-04-08,CRCD,Small,GapFade_weakstock,4,CAUTION,-0.019943019943019898,-0.8509945249151015,-0.14098837209302323,1.133561521476601,0.6697493410216171,-0.08753315649867376,-0.9059080962800876,0.14528965946843853,0.18652849740932645,surfaced,False,2.133,2.03,1.675,1,6.1986,5.79
2026-04-08,SWMR,Medium,GapFade_strongstock,4,CAUTION,-0.250529402182766,-0.3328983616064956,-0.03770919365355357,0.30989254232764757,0.31233594342715626,-0.3079121540312877,-0.3328983616064956,0.2966723072623964,0.06502590673575125,surfaced,False,3.09,0.287,-2.0,2,44.4722,42.5001
2026-04-10,CORD,Small,GapFade_strongstock,4,CAUTION,-0.2528571428571428,-0.5206232813932172,-0.0344168260038242,1.053972183704197,4.16257288502242,-0.1482084690553745,-0.8451402768524687,0.22948784485113355,0.11627906976744194,surfaced,False,0.344,0.134,-2.0,2,9.82,9.37
2026-04-10,BTU,Medium,GapFade_strongstock,4,CAUTION,-0.1804199940845904,-0.326444643764326,-0.004330566582461241,1.1987177051949303,1.2972220570274895,-0.13297872340425532,-0.326444643764326,0.08820925916378822,0.025743292240754202,surfaced,False,0.896,0.493,0.06,1,28.25,27.58
2026-04-10,PLTU,Medium,GapFade_weakstock,4,CAUTION,-0.29718309859154934,-0.37367760444683523,-0.03277984540509599,1.2302199454744793,3.845896949234154,-0.2518740629685157,-0.7271839731323466,0.14753936444317206,0.09378052751546735,surfaced,False,0.024,0.006,-2.0,2,32.365,31.75
2026-04-10,SOXS,Medium,GapFade_weakstock,4,CAUTION,-0.4506213211249182,-0.49356913183279744,-0.03253968253968255,0.3696740764868001,1.4590604939186247,-0.24618606042476818,-0.9764177428411005,0.179265589569161,0.02977613562269082,surfaced,False,6.0,0.343,3.16,2,241.3,235.914
2026-04-14,ONCO,Small,GapFade_weakstock,5,GO,-0.38461538461538464,-0.8811292719167905,-0.09999999999999998,0.30681443591929525,0.4401397277711401,-0.34426229508196715,-0.9981900452488688,1.178236607142857,0.35618479880774956,surfaced,False,11.513,0.518,10.508,2,7.327,7.0
2026-04-14,CORD,Small,GapFade_weakstock,4,CAUTION,-0.5110714285714286,-0.6862969752520623,-0.07962016070124177,0.6444193821243002,4.450748804205867,-0.345602294455067,-0.898660152490932,0.3627027027027027,0.025951557093425514,surfaced,False,,,,0,,
2026-04-14,SOXS,Medium,GapFade_weakstock,4,CAUTION,-0.5112273817309788,-0.5494372990353698,-0.03657448706512044,0.4100324830928159,1.375234390138376,-0.11031746031746023,-0.9790192775594235,0.1854686504396585,0.002380952380952415,surfaced,False,1.996,0.15,-2.0,2,220.4,214.5
2026-04-14,DKI,Small,GapFade_strongstock,4,CAUTION,-0.12056737588652484,-0.508099173553719,-0.10887096774193544,1.5860320387230618,0.2885289567580727,-0.3821880838696285,-0.96032,0.20826132872503844,0.04211926402128135,surfaced,False,1.254,0.259,-2.0,2,7.9792,7.736
2026-04-15,RGTZ,Small,GapFade_strongstock,5,GO,-0.30613073487616727,-0.5067821067821068,-0.12463428905792856,1.1530114834778533,2.525843919706575,-0.28193277310924375,-0.5440234791889007,0.2496781743709772,0.0622866894197951,surfaced,False,0.586,0.137,-2.0,2,13.96,13.51
2026-04-15,IONZ,Small,GapFade_weakstock,5,GO,-0.4627466774063632,-0.5730844806287883,-0.14542728635682156,1.6693758822774514,6.17820226724573,-0.44090528080469404,-0.9031307502501608,0.30041122295994865,0.006480435319021838,surfaced,False,1.423,0.271,-2.0,2,9.566,9.24
2026-04-15,DKI,Small,GapFade_strongstock,4,CAUTION,-0.30540780141843965,-0.6114876033057851,-0.09827696234843654,0.7455889494415364,0.1695744781311195,-0.26627126580302796,-0.96866,0.28159662077977327,0.23529411764705868,surfaced,False,1.808,0.472,-2.0,2,7.1056,6.72
2026-04-16,DKI,Small,GapFade_strongstock,4,CAUTION,-0.37943262411347517,-0.6528925619834711,-0.0797619047619047,0.7436407197838607,0.11346138707768512,-0.2943548387096774,-0.972,0.3336224489795918,0.08921052631578943,surfaced,False,2.205,0.684,0.0,1,6.4,6.08
2026-04-16,UGRO,Medium,GapFade_strongstock,5,GO,-0.2406015037593986,-0.6724324324324324,-0.05033003300330029,0.2715387152685553,0.021490599408388374,-0.17326057298772174,-0.6724324324324324,0.47705150872230084,0.021286412720384066,surfaced,False,0.0,0.0,-2.0,2,11.92,11.51
2026-04-16,IONZ,Small,GapFade_weakstock,5,GO,-0.6878775674587193,-0.7519793646831416,-0.06064516129032255,1.0345406666473247,11.046066747344666,-0.6529332736229287,-0.9437228871393363,0.5400433179723503,0.03448275862068969,surfaced,False,0.75,0.305,-2.0,2,7.9902,7.19
2026-04-17,SOXS,Medium,GapFade_weakstock,4,CAUTION,-0.5578809679529103,-0.5924437299035369,-0.05177514792899412,0.40267723041401654,1.421035243243015,-0.0365795724465558,-0.981021897810219,0.182445054945055,0.000530222693531366,surfaced,False,1.25,0.114,-2.0,2,196.3,191.6
2026-04-20,AIXI,Medium,GapFade_weakstock,4,CAUTION,-0.09322916666666663,-0.6787822878228783,-0.03262492820218273,0.43404631661698706,0.12839367042842126,-0.23640350877192984,-0.8568256578947369,0.5010092721752688,0.03743902439024395,surfaced,False,3.903,0.191,0.573,2,16.87,16.608
2026-04-21,XNDU,Medium,GapFade_strongstock,5,GO,-0.2823376623376624,-0.3489632422243167,-0.029677886355410795,1.2038222635345341,0.7797326322847334,-0.15426997245179072,-0.3489632422243167,0.17076443824000825,0.10414657666345228,surfaced,False,1.836,0.585,-2.0,2,24.0999,23.1296
2026-04-22,CTNT,Small,GapFade_weakstock,5,GO,-0.9641129032258065,-0.9738235294117648,-0.16853932584269662,0.08205503915014424,3.662110159461335,-0.5330535152151101,-0.9824803149606299,5.258186195826646,0.22324159021406728,surfaced,False,1.382,0.048,0.176,2,7.7,7.24
2026-04-23,BIRD,Small,GapFade_strongstock,4,CAUTION,-0.24732142857142855,-0.6532291238173591,-0.03202846975088963,0.6066770158628196,0.25033672978305177,-0.23502722323049002,-0.6532291238173591,0.33240213523131673,0.042968750000000014,surfaced,False,1.28,0.155,-0.298,2,8.3,7.81
2026-04-23,CTNT,Small,GapFade_weakstock,4,CAUTION,-0.967741935483871,-0.9764705882352941,-0.21499999999999997,0.0355736804956474,2.8726083815198558,-0.27007299270073,-0.984251968503937,5.692410714285715,0.06774193548387096,surfaced,False,5.3,0.059,1.6,1,6.4,6.2
2026-04-24,SOXS,Large,GapFade_weakstock,4,CAUTION,-0.657728362764334,-0.6844855305466239,-0.1092356687898089,0.7262416992066052,2.4040142093968546,-0.13736263736263737,-0.9853078794684633,0.12804777070063697,0.016541353383458562,surfaced,False,4.006,0.91,0.755,2,138.45,135.0
2026-04-27,RKLX,Medium,GapFade_strongstock,4,CAUTION,-0.22020833333333334,-0.27178988326848247,-0.004808976756612336,1.329828400276761,0.8045681172639646,-0.22408789386401332,-0.5201282051282051,0.1442477386359299,0.14212034383954159,surfaced,False,3.679,1.493,2.459,2,37.7297,36.61
2026-04-27,CRWG,Medium,GapFade_strongstock,4,CAUTION,-0.19292035398230087,-0.22972972972972974,-0.002192982456140382,1.7506838608831572,0.7247000082804518,-0.20140105078809106,-0.7677024961793174,0.16033834586466164,0.14527845036319614,surfaced,False,10.818,1.631,8.818,2,42.5,41.5
2026-04-27,SKYQ,Small,GapFade_strongstock,4,CAUTION,-0.3031358885017421,-0.6915151234710718,-0.0016666666666666312,0.35202782903009716,0.039818345963133155,-0.26739926739926734,-0.6915151234710718,0.5064940476190476,0.04494209678656337,surfaced,False,1.626,0.145,-2.0,2,6.02,5.815
2026-04-27,CWVX,Medium,GapFade_strongstock,4,CAUTION,-0.1860109289617486,-0.22384326802834506,-0.002416756176154764,1.7641660151602698,1.0962479789106132,-0.19672131147540978,-0.7474398101051203,0.1579967776584318,0.14391571835944586,surfaced,False,13.643,1.673,10.948,2,34.7399,33.77
2026-04-27,SMU,Small,GapFade_strongstock,4,CAUTION,-0.2804761904761905,-0.2919400187441425,-0.03176704169424214,1.1258705667469386,1.435110255166779,-0.22789984670413904,-0.9806282051282051,0.2145556395953484,0.16102280580511402,surfaced,False,0.654,0.637,0.487,1,16.0,14.47
2026-04-27,CAR,Medium,GapFade_strongstock,5,GO,-0.7367707970425424,-0.7593487978469738,-0.06598039215686279,0.36057772465931226,1.1016713579837478,-0.5404784430328423,-0.7593487978469738,0.5764646008403362,0.02785714285714282,surfaced,False,0.205,0.061,-1.0,1,199.4645,183.16
2026-04-28,UGRO,Small,GapFade_strongstock,4,CAUTION,-0.5614035087719298,-0.8108108108108109,-0.07000000000000003,0.5908229995577269,0.13637901029147553,-0.24650161463939713,-0.8108108108108109,0.30224183673469385,0.10371517027863776,surfaced,False,2.516,0.233,-2.0,2,6.601,6.51
2026-04-28,AIXI,Medium,GapFade_weakstock,4,CAUTION,-0.09952606635071093,-0.7476014760147601,-0.042982456140350817,0.2910939477243968,0.07530275588378536,-0.3666666666666667,-0.8776386404293381,0.47863408521303263,0.14960629921259846,surfaced,False,,,,0,,
2026-04-28,CAR,Medium,GapFade_strongstock,4,CAUTION,-0.7586162402095512,-0.7793204883001636,-0.0029935318330037005,0.20795885510147608,0.6267128675989331,-0.1835995461290041,-0.7793204883001636,0.6197461607190586,0.02163849473000569,surfaced,False,1.252,0.164,-2.0,2,191.7066,184.14
2026-04-28,SKLZ,Small,GapFade_strongstock,5,GO,-0.2604651162790697,-0.682,-0.023584905660377412,1.3426707085238658,2.2186734603947373,-0.48915662650602404,-0.682,0.3278807277628032,0.07809847198641766,surfaced,False,3.694,0.742,1.469,1,6.0945,5.89
2026-04-29,ERAS,Small,GapFade_strongstock,4,CAUTION,-0.5592163846838825,-0.5922570016474464,-0.015151515151515187,0.7088650100738753,5.442315270180648,-0.539320614239181,-0.5922570016474464,0.2707272727272727,0.007587320547702789,surfaced,False,2.5,0.216,-2.0,2,9.415,9.18
2026-04-29,CAR,Medium,GapFade_strongstock,4,CAUTION,-0.7651518084104311,-0.7852954801575416,-0.13650723881212054,0.20142689981026726,0.6210583624175604,-0.10781862745098042,-0.7852954801575416,0.628190355837948,0.1687089234135978,surfaced,False,0.792,0.313,0.335,1,174.515,155.0001
2026-04-29,RMBS,Medium,GapFade_strongstock,4,CAUTION,-0.28896415106396584,-0.31229913473423987,-0.020400826817650725,1.6435975510997378,3.561631621016504,-0.29753787878787885,-0.31229913473423987,0.09512305973885914,0.03420931304748726,surfaced,False,0.785,0.64,-0.125,1,112.68,108.45
2026-04-30,HTCO,Small,GapFade_weakstock,4,CAUTION,-0.7683360258481422,-0.8732991694645696,-0.006973500697350045,0.21390281617035944,0.5141897035061574,-0.8124018838304552,-0.9220652173913043,0.9193554492926878,0.0514705882352942,surfaced,False,,,,0,,
2026-04-30,PBM,Small,GapFade_weakstock,4,CAUTION,-0.48373983739837395,-0.7004593349961378,-0.09842519685039369,0.575495078578308,0.05084642056691185,-0.27943262411347514,-0.9358601245677187,0.4788413948256468,0.43886462882096067,surfaced,False,14.793,1.956,12.614,1,4.725,4.58
2026-05-06,IREZ,Small,GapFade_weakstock,4,CAUTION,-0.392578125,-0.7508578447734889,-0.06002143622722406,1.5354099400182466,1.6668770263950334,-0.3420310296191819,-0.7648096798588354,0.23663604348491807,0.022792022792022814,surfaced,False,1.588,0.52,-2.0,2,24.6,23.58
2026-05-06,DKI,Small,GapFade_strongstock,4,CAUTION,-0.2091596810468207,-0.6803305785123966,-0.017580144777662805,1.233016950896417,0.04860426553774059,-0.22624524904981003,-0.9742133333333334,0.17948090559905452,0.1394736842105263,surfaced,False,1.543,0.95,1.276,1,6.416,6.08
2026-05-06,AKAN,Medium,GapFade_weakstock,4,CAUTION,-0.2979171542241984,-0.6197713812058063,-0.08633333333333333,0.7154102023715813,0.18828936114942932,-0.4745139253809774,-0.8564764980265519,0.3750761904761905,0.23950419832067166,surfaced,False,4.518,1.731,1.787,1,26.98,25.01
2026-05-08,ASBP,Small,GapFade_weakstock,4,CAUTION,-0.27502338634237594,-0.8755020080321285,-0.21677419354838717,2.266590389016018,4.188302057598817,-0.22499999999999995,-0.9996069979716025,0.3222119815668203,0.6772438803263825,surfaced,False,18.69,4.014,16.619,1,3.435,3.309
2026-05-08,PLNT,Medium,GapFade_weakstock,4,CAUTION,-0.31565852900015556,-0.4244049176039759,-0.03385594183140184,1.8516428808496506,7.055951856196251,-0.31565852900015556,-0.6155324539180572,0.09780244749569908,0.10554216867469886,surfaced,False,,,,0,,
2026-05-11,CRWU,Small,GapFade_strongstock,4,CAUTION,-0.27537437603993337,-0.33764258555133075,-0.026406429391504064,1.3359554155777698,2.6833354798801845,-0.3361280487804877,-0.7577864293659622,0.19508134328358204,0.05363528009535152,surfaced,False,2.575,1.027,0.333,1,8.72,8.39
2026-05-11,CRWG,Medium,GapFade_strongstock,5,GO,-0.2724003127443315,-0.33442998140466307,-0.03030303030303038,1.3456863202893528,1.1101144822100049,-0.331849511774842,-0.7629648497198166,0.19527816155475727,0.05981941309255092,surfaced,False,2.1,1.012,0.246,1,46.4227,44.3
2026-05-12,AKAN,Medium,GapFade_weakstock,4,CAUTION,-0.2985285795132995,-0.6858044180030647,-0.11254538120209759,0.194317805703548,0.03840189037558472,-0.3334229631621403,-0.8814017462026074,0.5397395263066905,0.16233470132238936,surfaced,False,,,,0,,
2026-05-13,INBX,Medium,GapFade_strongstock,4,CAUTION,-0.2756666666666666,-0.30034129692832756,-0.01969627243442246,1.9312626618809279,1.8746085984994487,-0.19129140305173048,-0.30034129692832756,0.12295568996121227,0.12494039103481172,surfaced,False,4.198,1.686,3.996,1,107.48,104.85
2026-05-15,DXYZ,Medium,GapFade_strongstock,5,GO,-0.2248616432524478,-0.361033127456485,-0.00812829525483314,1.1657712915314942,1.8784445290559435,-0.14756554307116096,-0.361033127456485,0.1539594840572433,0.08721461187214613,surfaced,False,3.361,1.151,2.059,1,44.99,43.8
2026-05-15,LMRI,Small,GapFade_strongstock,4,CAUTION,-0.3172348484848485,-0.3261682242990654,-0.005547850208044388,1.4470556935680245,3.383060250879821,-0.31333333333333335,-0.629305912596401,0.10303575391321582,0.08992248062015505,surfaced,False,4.636,0.69,-2.0,2,7.295,7.115
2026-05-15,HCAI,Small,GapFade_weakstock,4,CAUTION,-0.6157489638839551,-0.7502885725278954,-0.021571648690292846,0.7123755160131456,0.03298704199397037,-0.3974001857010213,-0.9802870976168346,0.5753444860224521,0.05323193916349815,surfaced,False,12.87,0.07,-2.0,2,6.36,6.35
2026-05-18,ASTN,Small,GapFade_strongstock,4,CAUTION,-0.2703962703962703,-0.5496402877697841,-0.09158679446219395,0.6982305815263274,1.7195026491546168,-0.23221586263286997,-0.6252992817238627,0.3126722957553629,0.08624999999999994,surfaced,False,1.797,0.862,0.047,1,8.64,8.0
2026-05-19,CRCA,Medium,GapFade_strongstock,5,GO,-0.19554580732242285,-0.37492379917329477,-0.04739932885906036,0.5862497814298899,0.5990622821224451,-0.19527426160337552,-0.857117171111777,0.23611219289309682,0.040581580494766276,surfaced,False,0.65,0.403,-0.409,1,48.73,45.4073
2026-05-19,LITX,Medium,GapFade_strongstock,5,GO,-0.23431908080617828,-0.35260288677000606,-0.026568265682656786,1.0981581941398586,1.3371385852080193,-0.23330818559034333,-0.35260288677000606,0.223789667896679,0.10800347124268875,surfaced,False,0.858,0.438,-2.0,2,41.22,38.96
2026-05-19,IRE,Medium,GapFade_strongstock,5,GO,-0.2199130014499758,-0.42109038737446197,-0.07393638992151999,0.7875829593041725,0.9561228560651469,-0.26413373860182365,-0.8058229066410009,0.24334749513188172,0.08463476070528965,surfaced,False,0.65,0.191,-2.0,2,22.35,21.55
2026-05-19,SGML,Medium,GapFade_strongstock,5,GO,-0.2876447876447876,-0.3970588235294118,-0.012872628726287229,1.0581130820566695,1.5128507510461036,-0.17380352644836267,-0.3970588235294118,0.12805942702284165,0.12237237237237229,surfaced,False,18.778,1.812,16.111,2,13.625,13.45
2026-05-19,MULL,Medium,GapFade_strongstock,5,GO,-0.2633031364190013,-0.31374321880651,-0.050272546436229276,1.6995839872723757,1.2143241495219366,-0.23650887573964505,-0.31374321880651,0.1716581230647727,0.1426274592764969,surfaced,False,14.373,2.503,7.517,2,15.8604,14.6402
2026-05-19,MUU,Medium,GapFade_strongstock,5,GO,-0.2594704888695623,-0.31490507357378267,-0.04871603767192898,1.6971169057290465,1.2828006163016221,-0.23597114853672005,-0.31490507357378267,0.172390744630395,0.15088048605794174,surfaced,False,20.799,2.509,11.826,2,22.5755,20.9
2026-05-19,MRAM,Medium,GapFade_strongstock,6,GO,-0.3357896833300139,-0.3524271844660194,-0.07046476761619194,1.2320667830484848,0.9578303911940848,-0.17917794732955947,-0.3524271844660194,0.17887813236239025,0.07525423728813556,surfaced,False,4.844,1.066,1.787,2,33.185,30.992
2026-05-19,AAOX,Medium,GapFade_strongstock,6,GO,-0.37586206896551727,-0.45524271844660197,-0.08679379789698802,1.1533383438809537,1.6997497047301011,-0.28064102564102567,-0.45524271844660197,0.3348589505308451,0.1405061312764798,surfaced,False,0.235,0.031,-2.0,2,57.06,50.02
2026-05-19,LWLG,Medium,GapFade_strongstock,4,CAUTION,-0.3192364170337738,-0.38051205302260943,-0.01423641069887827,0.867638300638182,1.0016704663645162,-0.22371064969859344,-0.38051205302260943,0.20385985455441888,0.08622305529522024,surfaced,False,0.445,0.103,-2.0,2,11.6369,11.17
2026-05-19,CRWG,Medium,GapFade_strongstock,4,CAUTION,-0.10456588597113796,-0.458589615219568,-0.10145310435931316,0.7304165487859668,0.7981150041768533,-0.18338727076591155,-0.8071828833418238,0.22679373466691835,0.11383147853736095,surfaced,False,0.537,0.178,-2.0,2,35.315,33.65
2026-05-19,POET,Large,GapFade_strongstock,4,CAUTION,-0.22442964741840402,-0.3171552138395002,-0.0302603800140747,1.5976273332164441,1.0028407886086212,-0.3091881380651434,-0.3171552138395002,0.16914597366040013,0.10574360623006575,surfaced,False,0.151,0.063,-2.0,2,13.205,12.95
2026-05-19,KORU,Medium,GapFade_strongstock,4,CAUTION,-0.048239999999999936,-0.29170463303280736,-0.13434759463169998,1.0688919406851094,1.1556989424191817,-0.22400747923642209,-0.29170463303280736,0.15907020377285988,0.1364909390444811,surfaced,False,14.196,2.585,7.275,2,32.4,30.896
2026-05-19,INTW,Medium,GapFade_strongstock,4,CAUTION,-0.25061548791405547,-0.34346494427319857,-0.023818412603598876,1.1624844824459852,1.1179248880645016,-0.13671522495810223,-0.34346494427319857,0.18353212232402855,0.17189972516032329,surfaced,False,6.612,1.882,4.126,2,33.95,31.9225
2026-05-19,USAR,Medium,GapFade_strongstock,4,CAUTION,-0.18921493902439024,-0.25844466829559043,-0.02608695652173912,1.3917090514745956,1.001265880545558,-0.14317358034635522,-0.5162573897226012,0.11888433775390299,0.030983733539891634,surfaced,False,0.133,0.016,-2.0,2,20.73,20.3
2026-05-19,NBIL,Medium,GapFade_strongstock,4,CAUTION,-0.16790123456790115,-0.2691390153979613,-0.09732937685459943,1.6919738992891533,0.9770642652067366,-0.18853840597158675,-0.2691390153979613,0.18432108732513777,0.17473309608540913,surfaced,False,0.49,0.282,-2.0,2,31.9507,30.34
2026-05-19,COHX,Medium,GapFade_strongstock,4,CAUTION,-0.1991341991341991,-0.2313753581661891,-0.05442684063373722,1.2285867757363174,1.9133152928246993,-0.20056623454030698,-0.2313753581661891,0.15429270403408338,0.10613310134841242,surfaced,False,0.687,0.516,-2.0,2,52.48,49.54
2026-05-19,APLX,Small,GapFade_strongstock,4,CAUTION,-0.23394768133174795,-0.3385931051475269,-0.0787737679472255,1.5106523837913766,0.9592445530039398,-0.30029866956285634,-0.5705000000000001,0.20549705360607576,0.06332703213610585,surfaced,False,1.595,0.549,-2.0,2,23.9,23.06
2026-05-19,AKAN,Medium,GapFade_weakstock,4,CAUTION,-0.29130434782608694,-0.7934091171218215,-0.0987730061349694,0.41617356409712825,0.016347990659828796,-0.3453815261044176,-0.9220188972610931,0.7296831726555654,0.05027068832173243,surfaced,False,2.229,0.2,-2.0,2,14.3,13.96
2026-05-19,INFQ,Medium,GapFade_strongstock,4,CAUTION,-0.11723602484472061,-0.46569548872180455,-0.02638522427440624,1.4488104048696813,1.2560584248850393,-0.18611309949892638,-0.46569548872180455,0.10950056539766305,0.030038759689922527,surfaced,False,1.187,0.346,-2.0,2,11.13,10.9531
2026-05-19,CRCG,Medium,GapFade_strongstock,4,CAUTION,-0.19342037890424996,-0.37724846807669504,-0.03634343754959529,0.5776744248386599,0.6180078423344341,-0.2005836082212636,-0.8494024856596558,0.23681796540231706,0.04323747247614597,surfaced,False,2.416,0.757,0.24,1,31.1,29.974
2026-05-19,VICR,Medium,GapFade_strongstock,4,CAUTION,-0.2056778309409888,-0.21400164131052327,-0.040558991245683164,1.2358792171642643,0.9972095148504745,-0.14290631238383703,-0.21400164131052327,0.10904649081542503,0.05380952380952384,surfaced,False,14.095,1.255,8.241,2,243.38,232.0
2026-05-20,AKAN,Medium,GapFade_weakstock,5,GO,-0.40956521739130436,-0.8278831785591617,-0.04197349042709869,0.1627763713459628,0.009992431483336806,-0.3369140625,-0.9350316947733525,0.8188181148748159,0.22550675675675674,surfaced,False,,,,0,,
2026-05-22,WOK,Small,GapFade_weakstock,5,GO,-0.8709677419354839,-0.9781718963165075,-0.18312499999999998,0.03350643134242794,2.4018158324728622,-0.3191489361702128,-0.9999851851851852,8.020848214285714,0.0008944543828264568,surfaced,False,0.455,0.002,-2.0,2,13.68,12.59
2026-05-22,BEZ,Small,GapFade_weakstock,5,GO,-0.3622047244094488,-0.8687196110210696,-0.07407407407407403,1.100083702020806,2.1557603600366018,-0.31355932203389836,-0.9471624266144815,0.25811728395061734,0.1394557823129252,surfaced,False,1.471,0.646,1.355,1,15.55,14.7
2026-05-26,SOXS,Large,GapFade_weakstock,4,CAUTION,-0.27351672415251443,-0.678251821019771,-0.1073738680465718,0.44193912063134194,0.9752586266981994,-0.09484777517564388,-0.9927662361968931,0.16392533727591943,0.016155088852988633,surfaced,False,9.0,0.875,-1.0,1,63.15,62.6
2026-05-27,POEL,Medium,GapFade_strongstock,4,CAUTION,-0.216839291680588,-0.6501492537313434,-0.02645051194539253,0.6752460438390798,1.131102376390891,-0.21355477268914608,-0.6501492537313434,0.4842755058508045,0.10030466369814861,surfaced,False,2.791,0.386,0.654,2,44.39,42.91
2026-05-27,CRCG,Medium,GapFade_strongstock,4,CAUTION,-0.19676470588235298,-0.4601699940699744,-0.022702306847308586,0.721677685014181,1.0382214458047154,-0.18404541380340605,-0.8694550669216061,0.25165637913898625,0.007990867579908573,surfaced,False,1.597,0.366,-1.0,1,27.27,26.5
2026-05-28,WOK,Small,GapFade_weakstock,4,CAUTION,-0.9153225806451613,-0.985675306957708,-0.11428571428571421,0.01157988318835035,1.5666652756101302,-0.06166219839142087,-0.9999902777777778,12.089931972789115,0.14642451759364347,surfaced,False,0.5,0.001,-1.0,1,9.42,9.26
2026-05-29,SMCZ,Small,GapFade_weakstock,5,GO,-0.4729773462783171,-0.7399393165122963,-0.1568928461774639,1.5220920793227413,3.5658061528564824,-0.21805226109419865,-0.9646592881944444,0.2420597394622571,0.15799256505576217,surfaced,False,2.712,1.077,1.545,1,5.71,5.38
2026-05-29,FLY,Medium,GapFade_strongstock,4,CAUTION,-0.1585137208113176,-0.20588708380247714,-0.05934778205387887,1.4327675806430173,1.9175723455964844,-0.1605169188913451,-0.33102981029810297,0.11974145663937036,0.056590909090909136,surfaced,False,5.383,0.91,3.085,2,45.76,44.33
2026-05-29,AXTX,Medium,GapFade_strongstock,4,CAUTION,-0.34391891891891896,-0.3658568443051202,-0.0010298661174046788,0.8073226828840938,0.8697923820560111,-0.2484520123839009,-0.3658568443051202,0.33167058996616156,0.0681624538483385,surfaced,False,0.725,0.062,-2.0,2,39.49,38.8
2026-06-01,LWLG,Medium,GapFade_strongstock,4,CAUTION,-0.19136262099776621,-0.41953070714629326,-0.042357274401473216,0.5195936841935405,0.8959308632561173,-0.06379310344827588,-0.41953070714629326,0.1630399894764536,0.07827788649706446,surfaced,False,2.12,1.25,0.58,1,10.72,10.22
2026-06-01,LITX,Medium,GapFade_strongstock,4,CAUTION,-0.2226838388034898,-0.40404428100697726,-0.07188669160876549,0.49362154072679465,0.8903285795323422,-0.1047846889952152,-0.40404428100697726,0.22142437199358636,0.2590994309376139,surfaced,False,3.747,2.231,2.747,1,35.52,33.2301
2026-06-01,AXTX,Medium,GapFade_strongstock,5,GO,-0.4917567567567568,-0.5087513061650993,-0.13586812018080296,0.8473584377198834,2.1042170980095642,-0.3161818181818182,-0.5087513061650993,0.41701770045960423,0.388943408570494,surfaced,False,2.42,1.725,1.442,1,35.4,30.57
2026-06-01,AAOX,Medium,GapFade_strongstock,5,GO,-0.25176780134846244,-0.558252427184466,-0.08483516483516482,0.6066123102860879,1.371489601400356,-0.23102923778942033,-0.558252427184466,0.3590467817896389,0.5189205206162335,surfaced,False,2.289,2.275,1.805,1,47.59,40.1601
2026-06-02,INTW,Medium,GapFade_strongstock,4,CAUTION,-0.24138790802986598,-0.33777853596555213,-0.03342068250795772,0.7269901407044743,1.0140541202938613,-0.18716064001848426,-0.33777853596555213,0.18221122426318961,0.0718791836734695,surfaced,False,2.473,0.699,1.749,1,31.465,30.625
2026-06-02,NBIZ,Small,GapFade_weakstock,4,CAUTION,-0.4591194968553459,-0.8473824312333629,-0.046511627906976785,0.9552899352474923,2.5555242429894474,-0.3409961685823755,-0.9784999999999999,0.4579152823920266,0.1524050632911391,surfaced,False,7.16,0.572,7.027,1,24.15,23.7
2026-06-02,FLY,Medium,GapFade_strongstock,4,CAUTION,-0.24595193454917333,-0.2884027666076886,-0.004746835443037994,1.0523603976593319,1.7015363873128326,-0.10390925663358307,-0.40054200542005414,0.1346194458796177,0.007899121777546418,surfaced,False,2.187,0.79,-0.673,1,44.1,43.0301
2026-06-03,RDWU,Medium,GapFade_strongstock,5,GO,-0.2774957698815568,-0.423848878394333,-0.1170960187353629,0.684802927256095,1.2150585943317527,-0.3168000000000001,-0.423848878394333,0.25761270491803284,0.033622026398396405,surfaced,False,0.323,0.167,-2.0,2,31.53,29.52
2026-06-03,MNTS,Medium,GapFade_strongstock,6,GO,-0.16735659373151981,-0.36576576576576575,-0.07528409090909094,1.1449282820373388,0.4977653053329968,-0.1643916913946588,-0.6767231482757038,0.18237545657467533,0.049599999999999936,surfaced,False,2.179,0.358,-2.0,2,14.31,13.0
2026-06-03,CELC,Medium,GapFade_weakstock,4,CAUTION,-0.3085766147330207,-0.39464971526950077,-0.05217676657186607,1.0300184833990202,4.288447102322081,-0.3120108368452739,-0.39464971526950077,0.11692330530987277,0.06183597946758991,surfaced,False,0.853,0.827,-2.0,2,90.66,85.75
2026-06-03,LITZ,Small,GapFade_strongstock,5,GO,-0.40009380863039407,-0.5784442979564931,-0.0007818608287724619,1.2401778244393777,2.1392169352056887,-0.3563160543532965,-0.5784442979564931,0.23830727130570759,0.219055374592834,surfaced,False,2.337,1.297,2.183,1,13.125,12.28
2026-06-04,DLLL,Medium,GapFade_strongstock,4,CAUTION,-0.18947194991350194,-0.19678485361059042,-0.09332655757698954,1.2460665053196842,1.3833928177396237,-0.18860300181428338,-0.19678485361059042,0.10966677798266374,0.12340328467153276,surfaced,False,2.385,2.121,1.461,1,23.0076,21.92
2026-06-04,CRWG,Medium,GapFade_weakstock,4,CAUTION,-0.2748934689973041,-0.403661850951223,-0.058047493403693806,1.403603095418568,1.153874164469477,-0.2167950403907571,-0.78762098828324,0.15551245588184903,0.06385266258829597,surfaced,False,3.864,1.045,0.75,2,39.33,37.8
2026-06-04,AVEX,Medium,GapFade_strongstock,6,GO,-0.1888563049853373,-0.3279883381924198,-0.04229934924078097,1.2707368827160501,1.6936651727094088,-0.2836052836052836,-0.3467170524326878,0.1499349240780911,0.012340600575894723,surfaced,False,0.296,0.06,-2.0,2,25.4,24.83
2026-06-04,BRAI,Small,GapFade_strongstock,4,CAUTION,-0.34964028776978423,-0.5137170521785906,-0.012168141592920293,0.5549845255590197,0.2405650583634916,-0.22833973538198896,-0.7260332093815443,0.2790478824273072,0.008663366336633699,surfaced,False,0.147,0.044,-1.0,1,8.925,8.55
2026-06-04,CWVX,Medium,GapFade_weakstock,4,CAUTION,-0.27713382507903067,-0.3978230337078652,-0.055393586005830865,1.387334322736782,1.1235219605079803,-0.21384368553747432,-0.7673787724652424,0.15319771137026245,0.06213211249182468,surfaced,False,5.0,1.108,1.236,2,32.42,31.04
2026-06-05,HYMC,Medium,GapFade_strongstock,4,CAUTION,-0.0803760994843797,-0.34514038876889847,-0.05211081794195257,1.5625458924428002,1.147945015959927,-0.10348905972797161,-0.48373826619830784,0.08020872597059932,0.009549274255156608,surfaced,False,2.438,0.581,-2.0,2,27.46,26.92
2026-06-05,IREX,Medium,GapFade_strongstock,4,CAUTION,-0.1996904024767802,-0.2340841602085898,-0.08102299591661301,0.6424850579506092,0.6460155316537923,-0.14103747461694666,-0.7003425484600775,0.16638328574498784,0.15869601191461188,surfaced,False,0.628,0.15,-2.0,2,38.3175,37.47
2026-06-05,IRE,Medium,GapFade_strongstock,4,CAUTION,-0.19432288586635119,-0.23460674157303366,-0.08954785672342926,0.6604090138457197,0.5439877431507312,-0.14292903875188726,-0.7268206608918832,0.16624779800352318,0.16689342403628116,surfaced,False,0.748,0.253,-2.0,2,28.19,27.34
2026-06-05,IONL,Medium,GapFade_strongstock,4,CAUTION,-0.13117907289863434,-0.20570583508153073,-0.06331636041620543,1.0014975189636808,0.45665005052633967,-0.15570093457943923,-0.6965197527546358,0.1642437474303425,0.04239164821259106,surfaced,False,1.426,0.371,-2.0,2,39.12,38.0
2026-06-05,ASTX,Medium,GapFade_strongstock,4,CAUTION,-0.12118652022904343,-0.3949851363577614,-0.0651570177312541,0.7742538939620822,0.5568909486950918,-0.1843526746820003,-0.5900332807847258,0.2538433484908597,0.07026695305308374,surfaced,False,1.417,0.367,-2.0,2,39.8999,38.74
2026-06-05,AVGX,Medium,GapFade_strongstock,5,GO,-0.3004716981132075,-0.3004716981132075,-0.052764666217127484,1.1485274608649516,7.863433787990876,-0.2615461222457363,-0.3004716981132075,0.11345848184182641,0.0,surfaced,False,1.46,0.289,-2.0,2,53.7601,53.13
2026-06-05,XE,Medium,GapFade_strongstock,4,CAUTION,-0.12212323682256876,-0.362533692722372,-0.0016913319238900275,1.1135679196390167,1.8198295414545729,-0.14249456127628715,-0.362533692722372,0.09056085774690427,0.02488038277511977,surfaced,False,0.228,0.061,-2.0,2,22.935,22.65
2026-06-09,ASTC,Medium,GapFade_strongstock,5,GO,-0.306015485407981,-0.5769063180827887,-0.07071747339512525,0.8952190457152023,0.0802035455204327,-0.2423927178153447,-0.5769063180827887,0.42195772644794266,0.03814935064935056,surfaced,False,1.652,0.191,1.015,1,25.2999,24.64
2026-06-10,ASTC,Medium,GapFade_strongstock,5,GO,-0.3905896366885051,-0.6284676833696442,-0.06020328381548082,0.38644107678593237,0.04539128019082485,-0.23641791044776125,-0.6284676833696442,0.4936691611750252,0.08942351339083063,surfaced,False,8.459,0.948,1.158,2,23.435,23.02
2026-06-10,NVTS,Medium,GapFade_strongstock,4,CAUTION,-0.20452567449956482,-0.331284752707053,-0.03194748358862146,1.0826773423688332,1.0939108961655661,-0.08891547049441774,-0.331284752707053,0.1738133791809941,0.004404681995678615,surfaced,False,1.187,0.231,-2.0,2,22.67,21.8
2026-06-10,BKSY,Medium,GapFade_strongstock,4,CAUTION,-0.16512793458190447,-0.40147503782148264,-0.008530805687203779,1.1242213521883946,1.1307103019452904,-0.08947065592635212,-0.40147503782148264,0.1544843150530354,0.03348504551365401,surfaced,False,1.051,0.425,0.01,1,31.74,30.76
2026-06-10,GDXU,Medium,GapFade_weakstock,4,CAUTION,-0.2404401015618989,-0.5742258259294402,-0.10636142625607779,1.1113857364720705,1.0338110473489226,-0.05250023994625203,-0.8174488701505233,0.1879397719379486,0.007904191616766426,surfaced,False,1.485,0.452,-2.0,2,91.8557,87.39
2026-06-10,DXYZ,Medium,GapFade_strongstock,5,GO,-0.2245810055865921,-0.5238095238095238,-0.04755043227665722,0.8343902008315807,1.0130402542096204,-0.1696578128738932,-0.5238095238095238,0.20515767805681345,0.09338993329290496,surfaced,False,2.238,1.248,0.627,1,34.87,32.98
2026-06-10,STI,Medium,GapFade_strongstock,4,CAUTION,-0.429963798384851,-0.555,-0.02442598925256473,0.7442729924101464,0.3957050069601234,-0.4269316909294513,-0.555,0.2822398632144602,0.41486453915620947,surfaced,False,6.0,3.194,5.488,1,21.0,19.5001
2026-06-10,RCAX,Small,GapFade_strongstock,4,CAUTION,-0.3662551440329218,-0.49673202614379086,-0.0064935064935064705,1.1165293834736603,0.7458868862730452,-0.1894736842105263,-0.756483238456673,0.304747680890538,0.005797101449275368,surfaced,False,0.769,0.086,-2.0,2,7.76,7.59
2026-06-10,HYMC,Medium,GapFade_strongstock,4,CAUTION,-0.24628450106157104,-0.46328293736501075,-0.03501006036217308,1.3531725888324866,1.2464773257012525,-0.05978055240257277,-0.5768765143478876,0.09513078470824948,0.0013071895424837097,surfaced,False,1.233,0.649,-2.0,2,24.58,23.98
2026-06-11,SMCL,Small,GapFade_weakstock,5,GO,-0.6411666666666668,-0.7303594782647973,-0.007614232523432773,1.485967838945063,4.237658005616127,-0.6245483133218982,-0.9297684491978611,0.5271817223611518,0.2344427903866515,surfaced,False,10.214,0.788,9.214,2,13.0363,12.68
2026-06-11,QCML,Medium,GapFade_strongstock,4,CAUTION,-0.2251235003528581,-0.47589498806682573,-0.005919854280510135,0.6288659793814432,0.6015796963816661,-0.23617391304347823,-0.47589498806682573,0.2650273224043716,0.13101236830050403,surfaced,False,2.093,0.702,1.918,1,22.8,21.83
2026-06-11,DLLL,Medium,GapFade_strongstock,4,CAUTION,-0.16731734523145564,-0.39058836591148055,-0.008637642330877476,0.8450359105992088,0.36367170423641826,-0.1518009317123054,-0.39058836591148055,0.19712142378719735,0.1358189947161631,surfaced,False,2.701,1.089,2.332,1,19.1875,18.4525
2026-06-11,RCAX,Small,GapFade_strongstock,4,CAUTION,-0.4288065843621399,-0.5464052287581699,-0.004322766570605223,0.5403439961612627,0.28312052921110203,-0.23819978046103174,-0.7805186590765338,0.345334499794154,0.19971056439942098,surfaced,False,2.452,0.863,2.405,1,7.33,6.91
2026-06-11,SMCX,Small,GapFade_weakstock,5,GO,-0.6399552739470742,-0.7318156579677957,-0.006211180124223654,1.5117995121262378,4.211987309719131,-0.6252909231962762,-0.9361195609046422,0.5341008577343981,0.23529411764705885,surfaced,False,10.1,0.788,8.95,2,9.58,9.3107
2026-06-11,IREX,Small,GapFade_strongstock,4,CAUTION,-0.24884792626728108,-0.49021247456823613,-0.023248304811107488,0.7416019070053139,0.8064774019901836,-0.24866569626394955,-0.8005503702086525,0.28648853729415563,0.237,surfaced,False,,,,0,,
2026-06-11,IRE,Medium,GapFade_strongstock,4,CAUTION,-0.24879025529784743,-0.4941573033707865,-0.008884940026654947,0.748135434064792,0.8449268826556104,-0.2541418157720344,-0.8194578119987167,0.2885895157707686,0.23741994510521508,surfaced,False,,,,0,,
2026-06-16,ASTC,Medium,GapFade_strongstock,5,GO,-0.32548863183087356,-0.7543936092955701,-0.14015375517445305,0.36787326571538836,0.04495886443028025,-0.3618867924528302,-0.7543936092955701,0.8471665117850805,0.2671394799054373,surfaced,False,2.919,0.426,1.467,2,13.49,13.07
2026-06-16,LUNL,Small,GapFade_strongstock,4,CAUTION,-0.2919431279620854,-0.7364149611856035,-0.04551539491298526,0.3485924352986663,1.035546327949938,-0.3153070577451879,-0.7364149611856035,0.5453179384203483,0.026271186440677857,surfaced,False,0.31,0.023,-2.0,2,13.84,13.47
2026-06-17,STI,Medium,GapFade_strongstock,5,GO,-0.20191570881226065,-0.5471739130434783,-0.04704752760441656,0.41368558207249895,0.1502347481940065,-0.1757024139295608,-0.5471739130434783,0.3655534599821686,0.04720812182741115,surfaced,False,8.2,0.565,2.52,1,19.95,19.7
2026-06-17,ASTC,Medium,GapFade_strongstock,5,GO,-0.35859593139210216,-0.7664488017429194,-0.07089552238805963,0.2633219945578145,0.038024950366740085,-0.1541294055760128,-0.7664488017429194,0.8328811300639658,0.056317689530686006,surfaced,False,0.885,0.093,-2.0,2,14.84,14.51
2026-06-18,NBIZ,Small,GapFade_weakstock,4,CAUTION,-0.4989075018208303,-0.7619377162629758,-0.11773255813953483,0.7657611395464364,3.3930468195436423,-0.15375153751537524,-0.9828,0.3720078903654485,0.08940397350993377,surfaced,False,2.99,0.742,0.964,1,18.96,18.12
2026-06-18,STI,Medium,GapFade_strongstock,4,CAUTION,-0.20957854406130277,-0.5515217391304348,-0.055744062045564646,0.29654816098697134,0.06389669635750186,-0.01291866028708132,-0.5515217391304348,0.3759528426009279,0.056928789044281856,surfaced,False,1.03,0.191,0.382,1,17.19,16.5101
2026-06-22,STI,Medium,GapFade_strongstock,5,GO,-0.3314176245210729,-0.6206521739130435,-0.044126074498567314,0.37075751893397385,0.07324115022880551,-0.1622659625540086,-0.6206521739130435,0.46059189521080635,0.03481228668941978,surfaced,False,2.048,0.336,-2.0,2,16.01,15.38
2026-06-22,ASTC,Medium,GapFade_strongstock,5,GO,-0.45552453131232545,-0.8017429193899782,-0.08351648351648355,0.2754153768110185,0.01867112566171732,-0.1511194029850745,-0.8017429193899782,0.6849461015175302,0.05976829910479201,surfaced,False,1.064,0.137,-2.0,2,12.0,11.45
2026-06-23,STI,Medium,GapFade_strongstock,5,GO,-0.4191570881226054,-0.6704347826086956,-0.12862796833773082,0.32268557899882244,0.059575353064752035,-0.26514784294716426,-0.6704347826086956,0.5417103279306444,0.03709488481062082,surfaced,False,1.857,0.044,-2.0,2,13.9416,13.18
2026-06-23,RKLX,Medium,GapFade_strongstock,4,CAUTION,-0.15744601983134088,-0.604110424105199,-0.08600967883853945,0.9717544931220939,0.9246077785962596,-0.14404067030691017,-0.604110424105199,0.23743683615109049,0.005174963035978336,surfaced,False,3.619,0.53,-2.0,2,44.184,41.47
2026-06-23,ASTX,Medium,GapFade_weakstock,4,CAUTION,-0.2763061074319352,-0.7457670931885744,-0.05083884087442806,0.5450551197603708,1.1396591773223264,-0.28237869390733306,-0.8277281485373971,0.4020059554070738,0.04445634708087832,surfaced,False,1.265,0.516,-0.448,1,20.2,18.67
2026-06-23,MSTX,Medium,GapFade_weakstock,4,CAUTION,-0.2902857142857143,-0.7217118530136679,-0.05797101449275367,1.0435406601847548,1.0242346806250195,-0.12226148409893996,-0.9750376846548086,0.2276098458707154,0.005430594464238832,surfaced,False,0.79,0.17,-2.0,2,11.7582,11.49
2026-06-23,HKIT,Small,GapFade_weakstock,4,CAUTION,-0.45567223274229646,-0.9640681818181818,-0.11448450347881091,0.07306576632269723,0.056775145051259676,-0.09657142857142854,-0.9994956937799042,1.9001536098310292,0.04909747292418771,surfaced,False,1.018,0.022,-2.0,2,7.325,7.0
2026-06-23,SPCM,Small,GapFade_strongstock,5,GO,-0.48183139534883723,-0.542068079640334,-0.0434782608695652,1.6850639226691613,2.9162655585300876,-0.37910014513788104,-0.542068079640334,0.2141855339611301,0.12652005174644246,surfaced,False,5.267,1.935,1.037,2,21.2135,19.83
2026-06-23,RKLB,Medium,GapFade_strongstock,4,CAUTION,-0.07847100983184777,-0.33582737472011565,-0.042576528068601155,1.0629561185802086,0.928529434885796,-0.07121689201704016,-0.33582737472011565,0.10224769596740882,0.0024766822996258567,surfaced,False,4.425,0.18,-1.0,1,95.83,95.63
2026-06-23,SDOT,Small,GapFade_weakstock,5,GO,-0.4279529993815709,-0.7679377822378324,-0.09297297297297291,0.9922346576352578,0.21202733372789914,-0.4615832363213038,-0.9832730560578662,1.165559073359073,0.20580506450071676,surfaced,False,5.417,0.851,1.085,1,9.14,8.372
2026-06-23,BRAI,Small,GapFade_strongstock,4,CAUTION,-0.3000000000000001,-0.593329747175901,-0.05158730158730155,1.3093966605530813,0.1434848283709778,-0.1923076923076923,-0.7708861795270436,0.19833238851095994,0.08749999999999994,surfaced,False,0.426,0.059,-2.0,2,7.37,7.17
2026-06-23,ASTC,Medium,GapFade_strongstock,5,GO,-0.5504587155963303,-0.8363108206245462,-0.10115350488021285,0.23290984641207435,0.01635928378124422,-0.229665071770335,-0.8363108206245462,0.7431157307643553,0.17682317682317678,surfaced,False,,,,0,,
2026-06-24,IRE,Medium,GapFade_strongstock,4,CAUTION,-0.19148936170212771,-0.4449438202247191,-0.02813765182186236,0.7811590608884008,0.5693998149719462,-0.17252931323283088,-0.8018928456849534,0.22856101792943898,0.0682170542635659,surfaced,False,2.027,0.447,-2.0,2,22.395,21.71
2026-06-24,GDXU,Medium,GapFade_weakstock,4,CAUTION,-0.3132653061224489,-0.5936340895367894,-0.12099341965612402,0.42441899013363665,0.5924810922822065,-0.17553377668883446,-0.8257701838085727,0.18980334778785216,0.037283454682400186,surfaced,False,0.689,0.394,-2.0,2,86.5,82.0
2026-06-24,QH,Small,GapFade_weakstock,4,CAUTION,-0.3458110516934047,-0.42701014832162376,-0.14986376021798362,0.8589759248216459,0.02734061289884257,-0.3510167992926614,-0.9565870565551179,0.27090112884390816,0.22745098039215692,surfaced,False,0.0,0.0,-2.0,2,6.46,5.85
2026-06-24,VELO,Medium,GapFade_strongstock,4,CAUTION,-0.29307100085543203,-0.34929133858267714,-0.01403678606001932,0.7346301659233269,0.8041409203573493,-0.30810448760884124,-0.34929133858267714,0.2219343797538376,0.014044943820224719,surfaced,False,1.626,0.288,-2.0,2,19.3,18.9002
2026-06-24,STI,Medium,GapFade_strongstock,4,CAUTION,-0.49118773946360156,-0.711304347826087,-0.03915662650602406,0.1547526475677032,0.04361139932433132,-0.23896848137535817,-0.711304347826087,0.630135004302926,0.02869565217391305,surfaced,False,0.25,0.022,-2.0,2,12.5519,12.31
2026-06-24,WOLF,Medium,GapFade_strongstock,4,CAUTION,-0.18210702341137125,-0.39482801286810193,-0.015334287466775712,0.8687990918272802,0.6039017759449229,-0.14805782964640307,-0.39482801286810193,0.1749583783625902,0.051822976381563815,surfaced,False,2.506,0.47,-2.0,2,46.4,45.5
2026-06-24,QCML,Medium,GapFade_strongstock,4,CAUTION,-0.17934964800536365,-0.4157517899761336,-0.014297385620915091,0.6104303282866695,1.1006662861352277,-0.1923457604750907,-0.4157517899761336,0.18603612278244633,0.06641721234798886,surfaced,False,0.394,0.126,-2.0,2,23.66,22.73
2026-06-25,PLTU,Medium,GapFade_weakstock,4,CAUTION,-0.3008437590922315,-0.5369942196531792,-0.03828547648772375,0.8042543961060168,1.1996063438929787,-0.10967024824008882,-0.8123169445854649,0.1247009690268117,0.019011406844106567,surfaced,False,0.677,0.073,-2.0,2,22.35,22.0301
2026-06-25,STI,Medium,GapFade_strongstock,4,CAUTION,-0.5467432950191571,-0.7428260869565217,-0.019442096365173325,0.14885472993498994,0.04299242215838817,-0.21965699208443273,-0.7428260869565217,0.7155222799178843,0.10784313725490187,surfaced,False,5.434,0.36,2.071,2,12.0,11.6
2026-06-26,RVI,Small,GapFade_strongstock,4,CAUTION,-0.2534403669724771,-0.579403023646466,-0.01689708141321036,1.1580535592565742,2.0847977933330135,-0.11860276198212842,-0.579403023646466,0.1522762782532368,0.07218141168955611,surfaced,False,5.437,1.071,2.0,1,31.79,31.31
2026-06-26,AXTX,Medium,GapFade_weakstock,5,GO,-0.34307992202729043,-0.8239289446185998,-0.08902077151335319,0.46873454041753254,1.6423580051217739,-0.2208092485549133,-0.8239289446185998,0.5998219584569733,0.15969899665551823,surfaced,False,,,,0,,
2026-06-26,CBRS,Medium,GapFade_strongstock,5,GO,-0.18980769230769226,-0.5638039032976134,-0.03477332067410404,1.0674056985253517,2.6867751484966127,-0.25670430486944246,-0.5638039032976134,0.1592735495574921,0.12922011739312392,surfaced,False,,,,0,,
2026-06-26,VELO,Medium,GapFade_strongstock,5,GO,-0.40530367835757064,-0.45259842519685045,-0.0408515535097812,0.9380118700674336,1.6428848551057285,-0.1587608906098742,-0.45259842519685045,0.27047756041426924,0.057851239669421496,surfaced,False,3.069,0.585,0.988,1,16.16,15.73
2026-06-26,INOD,Medium,GapFade_strongstock,5,GO,-0.3029812363082197,-0.41521495924564483,-0.016261273572014373,1.1856181073368608,1.397476885048703,-0.1591405262553142,-0.41521495924564483,0.14937151056104322,0.03313295120928288,surfaced,False,3.561,0.649,1.347,1,72.51,71.53
2026-06-26,IRE,Medium,GapFade_weakstock,5,GO,-0.393126022913257,-0.5833707865168539,-0.04746494066882411,0.7978496230967989,1.0355121771394353,-0.2493927125506073,-0.8512993262752647,0.28866697488056714,0.09872029250457044,surfaced,False,3.305,0.765,1.739,1,17.0,16.41
2026-06-26,ALOY,Small,GapFade_strongstock,4,CAUTION,-0.21227197346600332,-0.30791646430305974,-0.02666666666666672,1.4563474050537146,1.3369788865029437,-0.25665101721439754,-0.4702602230483271,0.1590135338345865,0.07624633431085037,surfaced,False,2.142,1.088,0.821,1,14.2,13.64
2026-06-26,RUBI,Small,GapFade_weakstock,4,CAUTION,-0.41707317073170735,-0.9321022727272728,-0.022594142259414193,0.33825957395401285,0.12311178814948319,-0.3887468030690538,-0.9999847329219527,0.7421697549312611,0.27394636015325685,surfaced,False,,,,0,,
2026-06-26,ARMG,Medium,GapFade_strongstock,4,CAUTION,-0.38816529988744175,-0.4230468886230305,-0.07017082785808133,0.9349827591329907,0.6605946155225811,-0.10638797557538754,-0.4230468886230305,0.26534672423502914,0.04526503871352005,surfaced,False,1.667,0.213,-2.0,2,34.8,34.2
2026-06-26,PAVS,Small,GapFade_weakstock,4,CAUTION,-0.4470899470899471,-0.9968677407268639,-0.06937799043062191,0.00843361881419877,0.5821256197188841,-0.4293515358361775,-0.9999502380952382,24.82091592617909,0.11280487804878053,surfaced,False,5.357,0.008,2.214,2,6.97,6.7
2026-06-26,INFQ,Medium,GapFade_strongstock,4,CAUTION,-0.17928644763860374,-0.38361445783132536,-0.00860046911649722,0.8860838481355691,0.7548676842020831,-0.19862155388471187,-0.3989661654135339,0.1252976655869541,0.07605829504365812,surfaced,False,1.283,1.007,0.561,1,13.29,12.6666
2026-06-26,IONX,Medium,GapFade_weakstock,4,CAUTION,-0.20730250810441903,-0.5688967245058921,-0.03271631510977192,0.7321742142962689,0.9621449476527743,-0.24097369710831562,-0.8510252833758197,0.27780379435459074,0.0167441860465116,surfaced,False,4.458,0.871,-0.459,1,44.22,43.0
2026-06-26,MSTX,Small,GapFade_weakstock,4,CAUTION,-0.5811428571428572,-0.826631977294229,-0.051841746248294664,0.7341813279675775,2.0759013177407875,-0.33904418394950403,-0.9852678122801729,0.3419089846033911,0.005952380952380958,surfaced,False,3.4,0.505,-1.6,2,7.1,6.81
2026-06-26,ORCX,Medium,GapFade_weakstock,4,CAUTION,-0.3056396148555709,-0.6447072072072073,-0.04714738510301101,0.44479336380015083,0.5711697168425782,-0.15045439246045111,-0.8610055619802852,0.22980275073579354,0.0063237774030355035,surfaced,False,1.333,0.206,-2.0,2,24.9,24.05
2026-06-26,ASST,Medium,GapFade_weakstock,4,CAUTION,-0.3078324225865209,-0.42278481012658226,-0.04736842105263166,1.2169680111265648,1.186671385308444,-0.1827956989247311,-0.9575260804769002,0.1243383458646616,0.04511312842726138,surfaced,False,,,,0,,
2023-08-03,SANA,Small,GapFade_strongstock,0,NO-GO,-0.03454231433506048,-0.13467492260061922,-0.0017889087656529135,0.8095238095238093,0.8721212215990163,-0.04607508532423216,-0.4146596858638744,0.05635062611806797,0.03133903133903135,nogo_control,False,0.6,0.095,-2.0,2,5.54,5.44
2022-08-24,CLVT,Medium,GapFade_weakstock,0,NO-GO,-0.10661764705882348,-0.18945963975983987,-0.0008230452674896944,0.45040214477211704,0.8110332694735256,-0.01539708265802265,-0.6507617131359587,0.04933862433862436,0.020833333333333332,nogo_control,False,1.412,0.801,0.5,1,12.17,12.0
2024-01-05,BGC,Small,GapFade_strongstock,0,NO-GO,-0.07252440725244066,-0.09153005464480873,-0.009022556390977519,0.8263998201034402,0.6970780438035917,-0.047277936962750726,-0.09153005464480873,0.03821267454350162,0.014448669201520874,nogo_control,False,2.182,0.953,0.545,1,6.63,6.575
2025-08-14,CCI,Medium,GapFade_strongstock,0,NO-GO,-0.04232505643340858,-0.12042156185210791,-0.004714201532115398,0.5723659305993664,1.0402211233644734,-0.018886105222586318,-0.15795567317234543,0.027797654123523276,0.013032581453634057,nogo_control,False,0.826,0.135,-2.0,2,100.13,99.9
2022-03-07,WBS,Medium,GapFade_strongstock,1,NO-GO,-0.048631185172589686,-0.11513522062312184,-0.008757819481680107,1.0082175407141807,1.1375866193066972,-0.04846938775510195,-0.13923076923076919,0.042723094599770195,0.0007670182166826299,nogo_control,False,2.164,0.502,-2.0,2,55.82,55.46
2022-04-22,NNOX,Small,GapFade_weakstock,1,NO-GO,-0.1078947368421053,-0.31144211238997965,-0.0009832841691248561,0.6061520409018526,0.33588202612798124,-0.10317460317460317,-0.84109375,0.11731563421828907,0.02551020408163265,nogo_control,False,3.06,0.462,-2.0,2,10.2,10.1
2026-06-17,KNX,Medium,GapFade_strongstock,0,NO-GO,-0.06639304683727668,-0.06661839246922516,-0.0007757951900698509,0.8054556726596382,1.173072886935153,-0.051508462104488624,-0.06661839246922516,0.03724278695186375,0.004471348971589776,nogo_control,False,0.5,0.132,-2.0,2,75.78,74.95
2024-12-20,GUNR,Small,GapFade_weakstock,1,NO-GO,-0.07531273934133272,-0.1073321010474431,-0.011043622308117023,1.0692833471416667,1.5232288842398716,-0.03618946248004256,-0.1681212677997244,0.015233888143882626,0.012307692307692243,nogo_control,False,3.167,1.741,1.733,1,35.9,35.75
2022-05-18,TENB,Medium,GapFade_weakstock,1,NO-GO,-0.041729081960196784,-0.2960226379500078,-0.022778025904421687,1.1552501024077189,1.2547642282222433,-0.050667797328810694,-0.2960226379500078,0.08761484718943406,0.02924791086350987,nogo_control,False,2.915,0.449,-2.0,2,44.825,43.74
2023-10-09,CHD,Medium,GapFade_weakstock,1,NO-GO,-0.06093698809653816,-0.11642005754212904,-0.0008140481451330757,2.9824382621692322,3.293664716351164,-0.06583378598587726,-0.14454834858734583,0.01711768810326782,0.017618040873854827,nogo_control,False,0.5,0.462,-2.0,2,86.32,85.64
2025-03-28,GEV,Medium,GapFade_strongstock,1,NO-GO,-0.11885305493355049,-0.20947585379216785,-0.0033003300330033004,0.6851188414581346,0.8560141915929913,-0.098750743604997,-0.3229050279329609,0.060984818481848176,0.012703506836492533,nogo_control,False,2.638,0.482,-2.0,2,305.04,301.0101
2022-04-04,MTN,Medium,GapFade_weakstock,0,NO-GO,-0.025480100717802146,-0.051640273561789136,-0.001041224788862681,0.8010621053186309,0.5005859398242629,-0.01910273868966565,-0.3107856687220923,0.035022532324796046,0.005658978261717943,nogo_control,False,4.5,0.241,-2.0,2,257.4,257.26
2024-10-30,RARE,Small,GapFade_strongstock,0,NO-GO,-0.034205231388330065,-0.11853088480801338,-0.00946969696969697,0.6871932173136958,1.0226289245866824,-0.01895206243032336,-0.12539340732151733,0.03031655844155844,0.006601941747572882,nogo_control,False,1.183,0.612,-2.0,2,52.71,52.3
2022-12-06,ATEC,Small,GapFade_strongstock,1,NO-GO,-0.07142857142857142,-0.10714285714285714,-0.0030769230769230114,1.1303549377829836,0.9428941858481086,-0.09217877094972068,-0.32943603851444286,0.04627545787545789,0.018318965517241374,nogo_control,False,1.722,0.689,-2.0,2,9.67,9.59
2022-02-22,BUD,Medium,GapFade_weakstock,0,NO-GO,-0.006617299511580301,-0.07156530702400235,-0.02458366375892145,0.7431635388739914,0.8632501854308522,-0.018218623481781403,-0.208610518388352,0.021128356179902556,0.006554153694904122,nogo_control,False,1.96,0.754,-2.0,2,61.51,61.41
2022-05-09,RSP,Medium,GapFade_weakstock,0,NO-GO,-0.03067605819235071,-0.08673675070549206,-0.013446519524617928,0.78924966785743,1.1250333125251641,-0.038963581777835786,-0.10703456640388118,0.025813776376424978,0.003934794828555384,nogo_control,False,0.904,0.251,-2.0,2,145.56,144.97
2024-04-16,OMC,Medium,GapFade_strongstock,1,NO-GO,-0.016188613646240864,-0.07118678838855265,-0.002871341800110336,1.4076983503534966,1.2008604799833025,-0.021926982069561472,-0.08747354630656058,0.02008361599747575,0.013481894150417758,nogo_control,False,6.381,1.478,3.313,2,90.75,90.04
2024-03-13,BIP,Small,GapFade_weakstock,0,NO-GO,-0.018780889621087322,-0.08425584255842564,-0.0036937541974479326,0.6812191660471705,0.5672579821407737,-0.01910408432147557,-0.20203644158628078,0.035491221337426854,0.0027054447074737332,nogo_control,False,0.165,0.123,-1.0,1,30.065,29.67
2022-04-19,MCW,Small,GapFade_weakstock,0,NO-GO,-0.03858520900321552,-0.10692951015531657,-0.0006688963210702199,0.6325581395348833,1.8902030328207502,-0.03298835705045288,-0.389544261103557,0.0359531772575251,0.02744310575635878,nogo_control,False,0.0,0.0,-0.114,1,15.38,14.94
2023-02-07,PPLT,Small,GapFade_strongstock,0,NO-GO,-0.02451724886092418,-0.11739301138594421,-0.00856316725978667,0.5578036481354673,0.8834603362567969,-0.04997358689910185,-0.18139941372466903,0.025519509405185548,0.011670968465941083,nogo_control,False,2.462,1.19,1.164,1,8.966,8.911
2022-05-11,CARG,Small,GapFade_weakstock,2,NO-GO,-0.3645401822700911,-0.4962784588441331,-0.012603215993046618,1.8185198330206696,4.48549688737972,-0.27527559055118106,-0.5400759544273436,0.12857235984354634,0.03568118628359607,nogo_control,False,1.654,1.212,-0.28,1,22.65,21.58
2025-01-27,AMX,Small,GapFade_weakstock,0,NO-GO,-0.0070274068868587235,-0.07161629434954006,-0.007077140835102719,0.6032064128256512,0.8098486731755137,-0.0042283298097250685,-0.30428360413589356,0.025224951976544317,0.018024513338139873,nogo_control,False,0.313,0.283,-2.0,2,14.1,13.94
2024-03-28,NS,Small,GapFade_strongstock,1,NO-GO,-0.03387703889585942,-0.057142857142857086,-0.00043290043290050055,1.0541799460652121,0.8059532621657518,-0.014505119453924908,-0.057142857142857086,0.017658008658008643,0.007795582503248147,nogo_control,False,20.069,1.565,3.36,1,23.1059,23.09
2022-04-06,BBBY,Medium,GapFade_strongstock,1,NO-GO,-0.04173815542098208,-0.2744508239013733,-0.022927983134365382,0.661356983249901,0.36517035984031604,-0.04509333641565043,-0.5099966389545171,0.10398901658679846,0.03390346914332534,nogo_control,False,,,,0,,
2026-06-25,WLK,Medium,GapFade_weakstock,1,NO-GO,-0.13439817455790073,-0.23756406391317456,-0.008171872940556274,1.00831988078977,2.0630218249730463,-0.026683771648492602,-0.3892779521854624,0.03790788755201565,0.025180819716046205,nogo_control,False,5.324,1.269,3.529,2,75.5,74.7
2025-02-28,ALKS,Medium,GapFade_strongstock,1,NO-GO,-0.034600113442994865,-0.06611796982167362,-0.0011750881316098458,1.0590905270236204,0.6846291269763269,-0.025479530489550546,-0.06611796982167362,0.0324536259862347,0.01778831900385418,nogo_control,False,4.154,0.979,2.692,2,34.175,33.96
2022-06-30,BIGC,Small,GapFade_weakstock,0,NO-GO,-0.10629514963880284,-0.14847590953785642,-0.02540415704387998,0.440284537626359,0.5121609120185752,-0.0811671087533157,-0.7601108033240997,0.08261506103596172,0.02726696258719085,nogo_control,False,5.176,1.262,0.529,2,16.38,16.12
2022-12-16,SM,Medium,GapFade_weakstock,1,NO-GO,-0.03427638737758428,-0.2687950566426364,-0.032112676056338045,0.7059238363892805,0.7611743893459267,-0.026864035087719215,-0.35419319628888485,0.05706237424547284,0.019982105577095188,nogo_control,False,0.4,0.133,-2.0,2,34.695,34.19
2025-06-18,RNST,Small,GapFade_weakstock,0,NO-GO,-0.06410256410256396,-0.06486781139274996,-0.0026231419411251356,0.7224085577629117,0.7281006518429052,-0.01634174311926606,-0.1342417360585415,0.0209797226964233,0.009351256575102287,nogo_control,False,2.0,1.17,0.619,1,34.43,34.22
2025-06-12,UNFI,Small,GapFade_weakstock,1,NO-GO,-0.1955652490003636,-0.3047439522463085,-0.03027564392227737,1.1748855900197965,2.8118853688949423,-0.14687740940632235,-0.36334867663981585,0.06538022077335225,0.03801732435033682,nogo_control,False,0.0,0.0,-2.0,2,21.505,21.46
2025-03-28,AMSC,Small,GapFade_weakstock,0,NO-GO,-0.09345794392523366,-0.41531042796865586,-0.009278350515463904,0.6899564296994878,0.6336289119462297,-0.09683426443202987,-0.4897422409258286,0.06574447717231219,0.004278074866310259,nogo_control,False,0.876,0.332,-2.0,2,19.36,19.1202
2022-04-07,TTE,Medium,GapFade_strongstock,0,NO-GO,-0.04014740108611327,-0.09656809054399414,-0.0004041220448576101,0.7574242869744205,0.8842918583934691,-0.04680277349768874,-0.1756475389356208,0.02454319776000924,0.016726526423807033,nogo_control,False,1.682,0.394,-2.0,2,49.472,49.33
2025-03-20,SU,Medium,GapFade_weakstock,0,NO-GO,-0.00819672131147547,-0.0793962449380292,-0.009064249533457646,0.8894981627888059,0.8014254597226868,-0.003188944990699031,-0.10573369889140546,0.0304210305823209,0.020568335588633233,nogo_control,False,6.0,1.167,6.0,1,37.06,36.95
2025-03-31,PFG,Medium,GapFade_strongstock,1,NO-GO,-0.03474723997675764,-0.08027903886612778,-0.001926318324103017,1.8031496062992138,0.922227785185939,-0.02967289719626159,-0.09692851318293007,0.022935227546352036,0.02670004222649227,nogo_control,False,3.876,2.177,2.108,2,83.15,82.625
2024-01-11,SWKS,Medium,GapFade_strongstock,0,NO-GO,-0.00571809777947211,-0.09372828353022937,-0.0032588900603853486,0.8700186867150475,0.6153075511777166,-0.016404261336852976,-0.1565203330907915,0.02363140310279197,0.010290082320658537,nogo_control,False,1.095,0.459,-2.0,2,104.015,103.5
2022-03-08,JELD,Small,GapFade_weakstock,1,NO-GO,-0.1326446280991736,-0.17117472852912147,-0.0014292520247735868,1.5056603773584925,1.7848885215461372,-0.11509274873524454,-0.3330155703844932,0.05410739808071867,0.038435474788352075,nogo_control,False,6.871,2.61,2.739,1,21.17,20.9546
2022-12-15,AIZ,Medium,GapFade_weakstock,1,NO-GO,-0.06864343958487772,-0.07841267512653129,-0.01130213307863739,1.5031012575992762,0.8630121339043976,-0.04890234670704008,-0.3527714815577993,0.024940476190476187,0.015430845447900639,nogo_control,False,1.726,1.181,0.821,1,124.19,123.13
2022-03-04,VCYT,Small,GapFade_weakstock,1,NO-GO,-0.07237076648841359,-0.2169726151068311,-0.010376633358954635,1.3054861008971903,1.1276320637490922,-0.07203994293865905,-0.5986426037328398,0.09332107170308553,0.01600328272466149,nogo_control,False,0.622,0.233,-2.0,2,26.5,25.75
2025-02-11,ONON,Medium,GapFade_strongstock,1,NO-GO,-0.0665214477211796,-0.1302107728337236,-0.004846526655896664,1.0125661790863623,1.4968522336739933,-0.06714668452779635,-0.1302107728337236,0.049016078159858464,0.0026007802340702315,nogo_control,False,2.474,0.173,-2.0,2,54.92,54.5
2022-07-13,AVLR,Medium,GapFade_weakstock,1,NO-GO,-0.043014452856159666,-0.10164746419726496,-0.03152343281793131,0.9571658982886347,0.762751888767727,-0.04825462012320317,-0.5647206135545468,0.07197924693070325,0.026587153683687425,nogo_control,False,3.563,1.262,0.078,2,81.88,80.5
2023-05-03,OVV,Medium,GapFade_weakstock,1,NO-GO,-0.0390492359932089,-0.16947909024211297,-0.019140164899882173,1.418189663791693,1.0381743289017415,-0.058758314855875765,-0.4635071090047393,0.039969501935049695,0.00457456541628541,nogo_control,False,1.536,0.646,-2.0,2,33.04,32.87
2024-03-14,OLO,Small,GapFade_weakstock,1,NO-GO,-0.03565062388591803,-0.2090643274853801,-0.0018484288354897942,1.3003095975232188,0.8555667669745799,-0.03565062388591803,-0.406830765857135,0.04264589384737259,0.009257713214968192,nogo_control,False,,,,0,,
2022-08-17,TFX,Medium,GapFade_weakstock,0,NO-GO,-0.00850047007207767,-0.06173892091264609,-0.009086958239500656,0.5718614828978095,0.9819326149681892,-0.014944541739637966,-0.4091116013586861,0.03320831710662217,0.0007763023493360479,nogo_control,False,4.64,0.479,-2.0,2,250.74,250.33
2025-01-06,AEE,Medium,GapFade_strongstock,0,NO-GO,-0.018340514860236558,-0.07148082349252799,-0.004501969611705025,0.7041875228909794,0.7879756283361427,-0.003253309400942408,-0.07148082349252799,0.016462336200659202,0.0006911646123718727,nogo_control,False,2.187,0.481,-2.0,2,87.725,87.32
2022-06-29,HYS,Medium,GapFade_weakstock,0,NO-GO,-0.013665148316853726,-0.061422983402050976,-0.0025906735751295784,0.8253920764945546,0.19204394052364243,-0.013555555555555543,-0.11352970544183728,0.013445998133427723,0.00158209967227936,nogo_control,False,0.0,0.0,-2.0,2,88.63,88.55
2025-03-07,MGNI,Small,GapFade_weakstock,0,NO-GO,-0.22950819672131148,-0.3597933302019727,-0.008070432868672135,0.7402524274511414,0.7727014515546718,-0.06962457337883957,-0.3597933302019727,0.07631589980085945,0.02705076822926886,nogo_control,False,1.118,0.368,-2.0,2,13.67,13.5
2023-06-22,FYBR,Small,GapFade_weakstock,1,NO-GO,-0.05670103092783516,-0.13633980073413746,-0.003035822707953683,1.1383177570093475,0.8130685422852941,-0.06260671599317026,-0.4657800843334415,0.046404718535866064,0.002237136465324394,nogo_control,False,4.167,0.656,-2.0,2,15.985,15.86
2025-02-20,CDE,Small,GapFade_strongstock,0,NO-GO,-0.13251366120218588,-0.1527685123415611,-0.03622047244094481,0.7087033747779753,1.2256717098001348,-0.03933434190620282,-0.17746113989637308,0.06332958380202476,0.021775544388609697,nogo_control,False,3.687,1.617,-0.294,2,6.05,5.98
2026-06-05,MARA,Large,GapFade_strongstock,1,NO-GO,-0.047684391080617394,-0.09369898792033945,-0.03530259365994238,0.8535145166485179,0.8312276006744402,-0.028011204481792618,-0.4081023454157782,0.06710683408810209,0.04054054054054058,nogo_control,False,0.279,0.078,-2.0,2,12.825,12.7
2025-10-28,KBR,Medium,GapFade_weakstock,0,NO-GO,-0.018817204301075346,-0.1614014933946008,-0.0018264840182648013,0.5709301403536583,1.2069241229044918,-0.012846517917511839,-0.39669421487603307,0.028792237442922388,0.0026784674507975984,nogo_control,False,21.0,0.334,-2.0,2,43.54,43.53
2022-09-26,COOP,Small,GapFade_weakstock,1,NO-GO,-0.07015539305301646,-0.1384713106076646,-0.010076185795035553,1.0774569749049763,2.1110853222654904,-0.05875549386999767,-0.2225831104317922,0.03717919460730961,0.006547469151347217,nogo_control,False,0.624,0.624,-2.0,2,41.14,40.21
2022-06-10,EFAV,Medium,GapFade_weakstock,1,NO-GO,-0.03639904134212113,-0.07305475504322777,-0.011503186693610988,1.1325301204819245,0.9305922102875077,-0.04285076625502151,-0.19234149403640938,0.01290222291310431,0.0026894478721721515,nogo_control,False,0.217,0.029,-2.0,2,63.4479,63.37
2025-03-28,WFC,Medium,GapFade_strongstock,0,NO-GO,-0.0294078152276084,-0.1071031500926498,-0.00020752628666298518,0.6469921710524038,0.5816662307423887,-0.026400862068965435,-0.11312883435582821,0.028867993517274086,0.010578984989277982,nogo_control,False,1.19,0.24,-2.0,2,72.3,72.09
2025-03-10,ALLY,Medium,GapFade_weakstock,1,NO-GO,-0.005738880918221028,-0.1444444444444445,-0.021933621933621878,1.2807717897538244,1.3824123632287633,-0.023943661971831027,-0.23779146502419715,0.03717996289424862,0.021497179448086545,nogo_control,False,3.295,0.595,-2.0,2,33.485,33.3712
2025-07-17,FTI,Medium,GapFade_strongstock,1,NO-GO,-0.06338828880045472,-0.08117453501017803,-0.004248861911987877,1.619321369690376,1.2398099026477494,-0.039358600583090216,-0.08117453501017803,0.0251140255798829,0.002762430939226624,nogo_control,False,1.75,0.51,-2.0,2,32.88,32.76
2022-10-07,ARW,Medium,GapFade_weakstock,0,NO-GO,0.006293850598431691,-0.12505606889746118,-0.01189377627396695,0.5034444750620033,0.7683129991210211,-0.010249644814288665,-0.2930047118521203,0.026577902769843707,0.008923385606420753,nogo_control,False,12.56,1.226,2.206,2,95.41,95.305
2023-10-23,COLB,Small,GapFade_weakstock,1,NO-GO,-0.07461953853706428,-0.11126826968411124,-0.0037135278514589007,1.5544441655241652,1.3356816402955702,-0.06031904287138571,-0.46946242611877287,0.03924744221295943,0.0021447721179626116,nogo_control,False,0.523,0.312,-1.0,1,18.97,18.75
2022-05-27,SH,Medium,GapFade_strongstock,0,NO-GO,-0.03364485981308417,-0.06227327690447397,-0.0058027079303674955,0.8109028960817712,0.8695027874206601,-0.02880400751408897,-0.10486523922202354,0.027033250437505763,0.0,nogo_control,False,1.8,0.216,-2.0,2,61.1,61.0
2025-01-13,AVDX,Small,GapFade_weakstock,0,NO-GO,-0.09999999999999987,-0.1755136986301369,-0.018691588785046884,0.8244803695150141,1.3407912793879764,-0.04841897233201566,-0.2898230088495575,0.032116896602877906,0.02933333333333337,nogo_control,False,10.8,1.779,9.0,2,9.49,9.43
2025-12-10,ROP,Medium,GapFade_weakstock,1,NO-GO,-0.01722945847087167,-0.05235709062755393,-0.0005787102704052004,1.527935384820774,0.9357674717205309,-0.015472785771740128,-0.25964452318240866,0.014570854724269677,0.0065314854008783315,nogo_control,False,10.344,1.499,-2.0,2,441.21,440.02
2022-04-07,RELY,Small,GapFade_strongstock,2,NO-GO,-0.05678793256432998,-0.13011456628477902,-0.004703668861712202,1.0253429435015122,0.7537060207618892,-0.05762411347517718,-0.8018639328984156,0.05780137078349686,0.024900398406374504,nogo_control,False,0.529,0.294,-2.0,2,10.71,10.54
2025-02-26,OPRT,Small,GapFade_strongstock,0,NO-GO,-0.19574944071588357,-0.2222823147647376,-0.004172461752433971,0.7151776592121696,0.856456132801137,-0.08871989860583007,-0.2222823147647376,0.1050149016491158,0.0014430014430015404,nogo_control,False,0.2,0.032,-2.0,2,7.2671,7.15
2022-04-06,PRG,Small,GapFade_weakstock,0,NO-GO,-0.05283018867924526,-0.15124500461112825,-0.012495472654835164,0.9418017657393208,7.733375095610649,-0.048914915604547075,-0.5133086550326106,0.04653282972008071,0.013145713756711737,nogo_control,False,1.0,0.568,-1.0,1,27.46,27.1
2025-05-22,W,Medium,GapFade_weakstock,0,NO-GO,-0.04459601259181521,-0.10537951363301398,-0.012355848434925942,0.5892537313432822,0.4913582708721522,-0.05794102431453686,-0.5218903839842468,0.06570173374127246,0.027517730496453868,nogo_control,False,8.815,1.007,6.333,1,35.385,35.25
2022-11-03,PPG,Medium,GapFade_weakstock,1,NO-GO,-0.04601785250021668,-0.09024793388429754,-0.017714389534883745,1.3449604933513202,0.8284458888671071,-0.03590821509896662,-0.37920144371757275,0.03367031769102989,0.02131819028113938,nogo_control,False,7.575,1.664,3.6,2,108.06,107.54
2024-10-03,BIGC,Small,GapFade_weakstock,0,NO-GO,-0.0643564356435643,-0.1161340607950117,-0.019400352733686125,0.43163538873994733,0.2783807883691465,-0.030769230769230722,-0.5552941176470588,0.046989166036785074,0.010791366906474911,nogo_control,False,1.128,0.811,-0.255,1,5.654,5.56
2025-10-22,ORCX,Medium,GapFade_weakstock,0,NO-GO,-0.1886956521739131,-0.3834462250123906,-0.0002679528402999904,0.49847331004131495,0.708335632992819,-0.11142857142857147,-0.3834462250123906,0.11646493645689786,0.0274432931951834,nogo_control,False,1.582,0.408,-0.268,2,109.2,107.88
2024-12-19,BCE,Medium,GapFade_weakstock,0,NO-GO,-0.13075780089153058,-0.18750000000000006,-0.0021367521367520155,0.9523809523809542,1.5263410497321703,-0.019279128248114036,-0.43978932248024905,0.02535256410256411,0.0010829542993285068,nogo_control,False,7.065,1.184,-2.0,2,23.5568,23.32
2024-04-03,ROKU,Medium,GapFade_weakstock,0,NO-GO,-0.04570300637716365,-0.08087159988300664,-0.009546539379474963,0.8182116231665083,0.7365539974136311,-0.03559920208684978,-0.42254685777287765,0.03189135128991929,0.011707317073170713,nogo_control,False,0.141,0.045,-1.0,1,62.08,61.76
2026-03-24,DBX,Medium,GapFade_weakstock,1,NO-GO,-0.024760383386581368,-0.09354120267260577,-0.003685503685503825,1.1808683983513881,0.9558555022629315,-0.02979737783075089,-0.26732673267326723,0.030516555516555525,0.005435964340073929,nogo_control,False,1.929,0.727,-2.0,2,23.61,23.47
2023-07-03,STGW,Small,GapFade_strongstock,1,NO-GO,-0.03221476510067117,-0.1109741060419235,-0.0027739251040221325,1.3136922206797237,0.3783033102577369,-0.03351206434316354,-0.21885157096424707,0.038535763820091155,0.02538787023977429,nogo_control,False,0.5,0.5,0.286,1,7.23,7.09
2024-06-27,AAOI,Small,GapFade_weakstock,0,NO-GO,-0.05862831858407073,-0.3473926380368098,-0.0011750881316098458,0.7255278310940487,0.9501491158871612,-0.018454440599769337,-0.6561616161616163,0.06559509820379386,0.014285714285714192,nogo_control,False,1.5,0.791,-2.0,2,8.7895,8.46
2025-03-31,RIO,Medium,GapFade_weakstock,2,NO-GO,-0.020385232744783245,-0.057233335907932316,-0.03178764542028507,1.1009890026927047,1.376954218149601,-0.029266740893908006,-0.17793642241379304,0.018603028955314713,0.02403272541332873,nogo_control,False,8.688,2.529,7.781,1,58.83,58.67
2024-06-10,NEP,Small,GapFade_strongstock,1,NO-GO,-0.019975786924939364,-0.07880512091038396,-0.003397158739962922,0.6197123387594541,0.6023785201815097,-0.03140891414896791,-0.49743908117336644,0.03538273184505425,0.03094390929190432,nogo_control,False,3.867,1.743,2.857,1,32.325,32.0677
2023-10-04,VWO,Medium,GapFade_weakstock,0,NO-GO,-0.016322366743177774,-0.06338028169014083,-0.0023334197562873585,0.8333475059099679,1.5166788687552908,-0.016322366743177774,-0.1074858266805508,0.01088910700396311,0.002610284521012642,nogo_control,False,0.5,0.095,-2.0,2,38.45,38.41
2023-05-25,SHO,Small,GapFade_weakstock,0,NO-GO,-0.05253104106972308,-0.07462686567164185,-0.0030241935483870325,0.8196721311475407,0.714971185685742,-0.03501945525291823,-0.22012578616352205,0.030745967741935495,0.02663934426229506,nogo_control,False,1.4,0.23,-2.0,2,9.905,9.88
2023-02-21,QRVO,Medium,GapFade_strongstock,1,NO-GO,-0.020710621318639624,-0.10042229884515803,-0.012029491656965414,0.48294579155703954,0.6107759529131961,-0.02080364776289539,-0.3712717291857273,0.04092840512223516,0.001247567243874445,nogo_control,False,0.9,0.389,-2.0,2,102.4,100.87
2026-05-04,WH,Medium,GapFade_strongstock,0,NO-GO,-0.05028195488721805,-0.105257332595462,-0.005813953488372079,0.9008964093191002,1.1189395501421298,-0.038649066476394336,-0.2850446625983903,0.03048258641408073,0.005576790525722078,nogo_control,False,37.385,1.984,-2.0,2,80.88,80.19
2022-09-26,MRO,Medium,GapFade_weakstock,1,NO-GO,-0.177927927927928,-0.215475550779151,-0.011415525114155252,1.4384952948352774,1.1576121213474133,-0.13026211278792696,-0.34105611554084553,0.05507403783431181,0.0009492168960607296,nogo_control,False,1.593,0.704,-2.0,2,21.56,21.29
2025-11-17,STZ,Medium,GapFade_weakstock,1,NO-GO,-0.02232987661797,-0.12493224932249321,-0.001238773614121993,1.0166438668490654,1.2941992292241757,-0.009357263383954586,-0.5052478357465717,0.024255629783657053,0.016351178202154204,nogo_control,False,4.815,2.407,1.72,1,129.635,128.8531
2026-03-27,UPST,Medium,GapFade_weakstock,1,NO-GO,-0.07588471360817227,-0.24093497153131554,-0.019739439399921045,0.5054910281427875,0.6791401798702225,-0.047744360902255756,-0.7373207756140763,0.0695090519429248,0.013743032307175966,nogo_control,False,3.015,0.614,-0.09,2,24.705,24.51
2023-02-10,PACW,Small,GapFade_strongstock,1,NO-GO,-0.02792140641158229,-0.06218822746923847,-0.008865248226950355,0.9775901266645012,0.485693336276968,-0.046330740615488704,-0.4557035321366532,0.03899442755825733,0.009061254077564335,nogo_control,False,3.714,0.477,-2.0,2,28.055,27.76
2022-05-03,GPN,Medium,GapFade_weakstock,1,NO-GO,-0.12410198619523871,-0.152341353690955,-0.017288517208105546,2.3472298683749573,3.533396734817785,-0.135728681631802,-0.4368008695258367,0.050496484859624095,0.047950249570411586,nogo_control,False,4.478,2.278,2.726,1,123.78,122.21
2025-03-12,LINE,Medium,GapFade_strongstock,2,NO-GO,-0.04324235448865509,-0.06597110754414125,-0.008420690840350489,1.600611593414352,0.9223252556752715,-0.050114267058439445,-0.3523650528658876,0.03564542263029974,0.028772507181106414,nogo_control,False,0.512,0.214,-2.0,2,57.9,57.0
2023-05-26,COLB,Medium,GapFade_weakstock,0,NO-GO,-0.01881467544684864,-0.08105726872246696,-0.0009587727708532873,0.9166969807202602,0.6038293358016752,-0.0302185030218504,-0.42119866814650386,0.04706547048349543,0.0323529411764706,nogo_control,False,4.286,1.223,2.786,2,20.69,20.5
2024-12-12,BERY,Medium,GapFade_strongstock,1,NO-GO,-0.01021876799078883,-0.06192879552584922,-0.001744946924530905,1.1032167161315478,0.6593936345463093,-0.012918042198937931,-0.06192879552584922,0.02425258106732589,0.00014566642388916102,nogo_control,False,0.575,0.39,-0.947,1,69.215,68.65
2024-10-02,PPTA,Small,GapFade_strongstock,1,NO-GO,-0.08225966303270565,-0.09126594700686946,-0.008639308855291584,1.6234236845919678,0.710324232591365,-0.028331584470094397,-0.09126594700686946,0.058538259796359154,0.009922822491730965,nogo_control,False,1.2,0.558,0.0,2,9.32,9.12
2023-09-07,WBA,Medium,GapFade_weakstock,0,NO-GO,-0.11527940601797575,-0.2770237905157273,-0.001766784452296782,0.610505450941528,1.649548876598811,-0.033717456252667484,-0.470285446888161,0.0318336698637052,0.005474452554744409,nogo_control,False,0.826,0.264,-2.0,2,22.655,22.54
2026-01-20,TMF,Medium,GapFade_weakstock,2,NO-GO,-0.028966931556011166,-0.052526263131565644,-0.04012671594508984,1.1470560954746345,1.078463611069113,-0.01916105644743643,-0.2687258687258686,0.018296688791672948,0.00454984144491932,nogo_control,False,5.467,1.563,0.735,1,36.3601,36.265
2024-05-29,BZ,Medium,GapFade_strongstock,1,NO-GO,-0.04719101123595509,-0.06772207563764289,-0.013915094339622555,1.115478593434611,0.9592873591686177,-0.01119402985074636,-0.06772207563764289,0.034886455525606465,0.0014705882352941736,nogo_control,False,2.625,0.288,-2.0,2,20.575,20.535
2023-04-27,LHX,Medium,GapFade_weakstock,1,NO-GO,-0.03218745336052932,-0.05736990018412639,-0.0014906960008224121,1.406642291867538,1.4919455674443391,-0.03759770456119518,-0.3044939401523006,0.015384717061493053,0.020934309580282574,nogo_control,False,5.8,2.329,5.783,1,194.54,193.94
2025-04-21,INTU,Medium,GapFade_weakstock,0,NO-GO,-0.0038628435293116344,-0.063392,-0.011872629744781246,0.3574867489178631,0.8078003886367643,-0.014644492324266168,-0.18103472397101203,0.043389837126555135,0.017420854945448056,nogo_control,False,3.955,0.277,-2.0,2,576.635,574.545
2022-04-25,CLSK,Small,GapFade_weakstock,1,NO-GO,-0.19348268839103872,-0.4306254493170381,-0.0075757575757575265,1.0457757709029267,1.3357733573111243,-0.12097669256381796,-0.7505511811023622,0.10745490620490618,0.02204928664072632,nogo_control,False,1.7,0.568,-2.0,2,7.94,7.78
2022-06-29,ABNB,Medium,GapFade_weakstock,1,NO-GO,-0.06185071181223541,-0.22293044378933952,-0.007177278786014589,1.2338429717651942,0.9475717118987501,-0.057772195923099255,-0.5412162168518956,0.06947173763384161,0.020423682781097335,nogo_control,False,2.13,0.488,-2.0,2,95.015,94.16
2024-11-12,MNKD,Small,GapFade_strongstock,1,NO-GO,-0.037333333333333364,-0.053735255570117976,-0.0069252077562326625,1.0391596752063703,1.4654775540811646,-0.0230040595399188,-0.053735255570117976,0.04398397309062128,0.005396194262993505,nogo_control,False,,,,0,,
2024-03-13,FWRD,Small,GapFade_weakstock,0,NO-GO,-0.0673198482932996,-0.36111712491881354,-0.002372077261945113,0.5191638387010404,0.7319044509759135,-0.029595527786912153,-0.7568792222771461,0.06690371302706105,0.014442916093535135,nogo_control,False,1.179,0.335,2.091,2,29.72,29.44
2022-09-16,TENB,Small,GapFade_weakstock,0,NO-GO,-0.025877083851704383,-0.138234646709223,-0.022222222222222157,0.9865672200256932,0.9393873637192717,-0.0366633858267717,-0.3845307341612954,0.04388451012588944,0.010866612333604959,nogo_control,False,0.0,0.0,-1.0,1,37.21,36.85
2026-03-06,AUB,Small,GapFade_strongstock,0,NO-GO,0.0019183337900794816,-0.13323850165955423,-0.039387308533916976,0.7038491751767487,0.8673408554172217,-0.026364846870838746,-0.14917384221549912,0.03730658018130664,0.02350396539293453,nogo_control,False,6.304,1.107,6.174,1,34.79,34.675
2023-09-06,OLN,Medium,GapFade_weakstock,1,NO-GO,-0.13328811259962692,-0.14745621351125943,-0.021717863431813724,1.2009507346585995,2.1705846488626364,-0.11909686315063776,-0.21004636785162292,0.03233921234312547,0.0036144578313252957,nogo_control,False,,,,0,,
2022-08-29,HALO,Medium,GapFade_weakstock,1,NO-GO,-0.047967863894139914,-0.22519230769230772,-0.00868701911144208,1.4221624933299089,0.8726204508397938,-0.049539985845718365,-0.239524348810872,0.04485249796120977,0.024260803639120566,nogo_control,False,,,,0,,
2024-09-05,TGI,Small,GapFade_weakstock,1,NO-GO,-0.03338171262699558,-0.22513089005235606,-0.0022522522522523377,1.0134718389871769,0.6213108965869097,-0.04379038047379752,-0.25461667599328486,0.033038395538395535,0.0037821482602117193,nogo_control,False,2.143,0.342,-1.0,1,13.295,13.26
2024-03-18,ARQT,Medium,GapFade_strongstock,1,NO-GO,-0.034420289855072374,-0.13684210526315785,-0.021575984990619176,0.9156221935886917,2.718116077698375,-0.03616636528028936,-0.3931665774822675,0.1029656928437416,0.0689295039164491,nogo_control,False,1.05,0.196,-2.0,2,10.13,10.03
2022-02-23,OZON,Small,GapFade_weakstock,1,NO-GO,-0.18304611085235212,-0.3777935438098617,-0.03021664766248561,1.220692532332082,1.5349300893296225,-0.1506053268765133,-0.7414885777450257,0.0976136178530705,0.005280528052805285,nogo_control,False,1.7,0.205,-2.0,2,16.19,16.09
2025-09-25,NWG,Small,GapFade_strongstock,0,NO-GO,-0.014184397163120517,-0.10413900668995477,-0.013669064748201403,0.6247954538692637,0.9265602164288516,-0.006433166547533942,-0.10413900668995477,0.01727183967112023,0.004424778761061852,nogo_control,False,0.667,0.169,-1.0,1,13.67,13.64
2022-04-25,GRPN,Small,GapFade_weakstock,1,NO-GO,-0.11247637051039693,-0.11310507674144035,-0.020500532481363236,1.017462987188273,0.9123455646043713,-0.04863221884498467,-0.7096923790384913,0.05495093564582382,0.0936309199782253,nogo_control,False,5.687,2.928,5.649,1,18.6302,18.37
2026-03-10,LIND,Small,GapFade_strongstock,1,NO-GO,-0.11656746031746039,-0.16089517078916385,-0.02470522178551363,1.8031501162046037,1.596362386991984,-0.021965952773201652,-0.16089517078916385,0.05573875030079416,0.016119746689694736,nogo_control,False,,,,0,,
2025-02-12,ILMN,Medium,GapFade_weakstock,0,NO-GO,-0.1977049964140568,-0.34221873774990197,-0.010627731426301225,0.8646212604631957,1.678094711050755,-0.09346299297676927,-0.3573343546533895,0.06048243373630741,0.042476094614997476,nogo_control,False,1.689,0.928,1.562,1,101.005,99.35
2025-03-10,QFIN,Medium,GapFade_strongstock,0,NO-GO,-0.05657741559953433,-0.12389189189189183,-0.03282329713721632,0.8638579515453658,0.871532094268849,-0.06678949792722244,-0.12389189189189183,0.05742278945141726,0.01963906581740982,nogo_control,False,0.11,0.084,-2.0,2,39.76,38.9
2026-04-23,TMUS,Medium,GapFade_weakstock,1,NO-GO,-0.04552114383873096,-0.13735159817351603,-0.0020114334109675816,1.4621068319845425,1.6582520035025499,-0.04759023996773556,-0.31672031538211154,0.03115256646804389,0.030533135089209858,nogo_control,False,,,,0,,
2026-06-10,ZM,Medium,GapFade_strongstock,1,NO-GO,-0.12275774596847253,-0.15609203416419729,-0.013735412578746239,1.3081287430792667,0.8932147380348155,-0.04713639047431614,-0.15609203416419729,0.06457923311842552,0.0024527873116533608,nogo_control,False,0.643,0.233,-2.0,2,96.13,95.01
2023-06-29,WEC,Medium,GapFade_weakstock,0,NO-GO,-0.017196807912779603,-0.05528689286192751,-0.006518755718206692,0.88033340677095,0.9167340171882467,-0.016644174538911427,-0.19328351323922874,0.017797673506731167,0.0085539244018032,nogo_control,False,,,,0,,
2023-08-29,UVXY,ETF,GapFade_weakstock,1,NO-GO,-0.10465753424657534,-0.21818181818181817,-0.0030599755201958386,0.4200725579872887,0.7222978022124433,-0.12197743148844707,-0.9097237569060773,0.09615404791047386,0.014193548387096775,nogo_control,False,0.964,0.081,-2.0,2,398.655,397.0
2025-11-13,PENG,Small,GapFade_weakstock,0,NO-GO,-0.07155635062611797,-0.30335570469798656,-0.00963391136801555,0.7666047793016717,0.8814404949784364,-0.07651245551601418,-0.30335570469798656,0.04021435452793834,0.003731343283581915,nogo_control,False,1.231,0.387,-2.0,2,20.255,20.22
2023-09-21,SEE,Medium,GapFade_weakstock,1,NO-GO,-0.06542583192329386,-0.17346302531487712,-0.006638503319251626,1.0684318782852875,0.9446288856817731,-0.03746732500726108,-0.46668812359188927,0.026406586774721966,0.0003140703517588431,nogo_control,False,1.067,0.368,-2.0,2,32.625,32.5101
2025-04-07,KURA,Small,GapFade_weakstock,0,NO-GO,-0.06359300476947541,-0.2825822168087699,-0.04074702886247866,0.8263888888888886,1.2647366823288433,-0.09662576687116563,-0.7563094745552338,0.06985204947853504,0.06469500924214411,nogo_control,False,5.1,2.584,2.4,1,5.51,5.41
2024-10-03,NWG,Small,GapFade_strongstock,0,NO-GO,-0.04184549356223182,-0.05352411234764184,-0.015677491601343848,0.4840955421362362,1.2431794189462024,-0.045940170940170916,-0.07700258397932826,0.020795872660374356,0.008625646923519182,nogo_control,False,4.25,0.93,1.524,2,8.7788,8.765
2025-03-27,SDVY,Medium,GapFade_weakstock,0,NO-GO,-0.004640371229698278,-0.07865771812080537,-0.004370629370629329,0.7495689589404757,0.5139398897550382,-0.002905287623474765,-0.1546110890786689,0.019096445221445164,0.003838204901092488,nogo_control,False,4.001,0.981,0.589,1,33.95,33.87
2026-05-11,MDLN,Medium,GapFade_strongstock,1,NO-GO,-0.0819976771196282,-0.1956853566703978,-0.0005060728744940062,1.5353251318101928,1.9260319931689254,-0.059271601999523804,-0.22321242545630363,0.051420618854829354,0.017630282603059363,nogo_control,False,2.55,0.502,1.4,2,39.56,39.16
2024-06-13,LKQ,Medium,GapFade_weakstock,1,NO-GO,-0.009030418250950462,-0.08592722490135894,-0.006954436450839478,1.1742671009771992,1.127884870324806,-0.007615421227986679,-0.29774334792859547,0.021034600890716012,0.006590187942396952,nogo_control,False,0.68,0.195,-2.0,2,41.455,41.31
2022-04-14,FIGS,Small,GapFade_weakstock,0,NO-GO,-0.11669580419580412,-0.15545340576681985,-0.0024740227610094362,0.5883733420511859,0.6888002202271774,-0.04714757190004715,-0.5990079365079365,0.06054145755283802,0.014077163712200186,nogo_control,False,0.2,0.016,-2.0,2,20.23,20.07
2022-05-12,ZS,Medium,GapFade_weakstock,3,NO-GO,-0.33768186226964114,-0.46177189248837397,-0.030973127333967856,1.0089707493905489,1.8414757699838802,-0.10791037951531784,-0.6368881444258329,0.10414010606805514,0.0784359818210311,nogo_control,False,10.714,2.254,5.876,1,129.07,127.62
2023-03-17,ICL,Small,GapFade_weakstock,0,NO-GO,-0.03907380607814768,-0.1882640586797066,-0.007530120481927685,0.7449728336974197,1.1169259268101794,-0.05681818181818187,-0.4876543209876544,0.03841006884681582,0.02964118564742582,nogo_control,False,1.667,0.395,-2.0,2,6.625,6.58
2024-07-29,ARM,Medium,GapFade_strongstock,0,NO-GO,-0.10858510320071794,-0.21059602649006623,-0.017583892617449696,0.8885760280651529,0.9197501935900476,-0.05504819888381536,-0.21059602649006623,0.07477464046021089,0.01968134957825672,nogo_control,False,0.844,0.356,-2.0,2,148.0,145.69
2025-11-14,NVTS,Small,GapFade_strongstock,2,NO-GO,-0.1647307286166843,-0.5553681843732433,-0.051833122629582826,0.5077096652877013,0.48152662611732927,-0.13267543859649114,-0.5553681843732433,0.16807838179519594,0.09005376344086008,nogo_control,False,1.73,1.015,0.811,1,7.81,7.44
2025-09-16,BIRK,Medium,GapFade_weakstock,0,NO-GO,-0.013484589041095793,-0.13898748365402575,-0.00607507051421135,0.8283185840707977,1.388038341159349,-0.027637130801687664,-0.2885149737573325,0.03064656107615534,0.022162525184687594,nogo_control,False,7.094,1.617,4.063,2,45.24,44.82
2022-04-08,PLTR,Medium,GapFade_weakstock,1,NO-GO,-0.12114989733059546,-0.13593539703903093,-0.010903426791277303,1.166666666666666,0.9016551567429444,-0.07559395248380134,-0.5616251280300444,0.05740987983978637,0.010342084327764439,nogo_control,False,0.491,0.253,-2.0,2,12.8378,12.65
2022-04-07,FHI,Small,GapFade_weakstock,1,NO-GO,-0.04217568353694016,-0.0582010582010583,-0.008806559368357095,1.2228725799189626,0.7800215292347801,-0.03061524874889606,-0.17302862882973383,0.024087892065420162,0.010374096196164787,nogo_control,False,3.556,0.407,-2.0,2,32.0,31.933
2026-01-26,HAE,Small,GapFade_strongstock,0,NO-GO,-0.014040114613180573,-0.21186440677966104,-0.0002906131938389425,0.7573933863974641,1.3556292282081253,-0.018399657680787423,-0.27546454703374224,0.04009683646780424,0.004997795090401344,nogo_control,False,,,,0,,
2025-11-18,DLB,Small,GapFade_weakstock,1,NO-GO,-0.02961515333734214,-0.11526864035087715,-0.0034082106893880536,1.0816505706760264,1.6509003392247574,-0.019146026439750875,-0.28005799687709126,0.01890561026889454,0.014652798495514683,nogo_control,False,1.136,0.987,0.871,1,64.55,64.0219
2023-06-22,CNNE,Small,GapFade_weakstock,0,NO-GO,-0.045410156249999986,-0.080865068171133,-0.004092071611253291,0.9960400026847456,0.9807404735455267,-0.020541082164328664,-0.2404817404817404,0.027217756667884556,0.021232522009321603,nogo_control,False,2.529,1.623,0.471,2,19.58,19.39
2025-08-01,DOCS,Medium,GapFade_strongstock,1,NO-GO,-0.04065969954278253,-0.1034640622615596,-0.02825531914893611,1.0745640512617085,1.0355094148859991,-0.015912897822445607,-0.31052693345851423,0.028195501519756826,0.017752529735487306,nogo_control,False,0.075,0.068,-2.0,2,57.73,57.0005
2025-03-21,DE,Medium,GapFade_strongstock,0,NO-GO,-0.010598801153215966,-0.07383749150567902,-0.00716951071233902,0.8309734260133327,0.7856154569071665,-0.00862481035808557,-0.07383749150567902,0.03140838659055926,0.008813747524303197,nogo_control,False,1.193,0.175,-2.0,2,471.59,470.5
2025-10-27,SPXU,ETF,GapFade_weakstock,1,NO-GO,-0.03871928518242737,-0.11026264826084259,-0.024786986831913268,0.32248011598444487,1.1348108163248016,-0.03943452380952377,-0.6624836601307189,0.040833794400796736,0.0008045052292839732,nogo_control,False,2.5,0.195,-2.0,2,50.5008,50.28
2026-06-17,KVYO,Medium,GapFade_weakstock,0,NO-GO,-0.13119899560577525,-0.41156462585034015,-0.0065028901734103944,0.5508969035794715,0.8563849325325874,-0.026038001407459602,-0.6337655464408574,0.07607142857142855,0.006355140186915952,nogo_control,False,2.833,0.975,-1.0,1,13.56,13.38
2024-05-21,TWI,Small,GapFade_weakstock,0,NO-GO,-0.032438478747203486,-0.3046623794212218,-0.0034682080924856805,0.61712846347607,0.6706709746114361,-0.0313549832026875,-0.43574690150032613,0.06556564822460775,0.001194743130227188,nogo_control,False,1.0,0.106,-2.0,2,8.55,8.52
2023-04-21,TRMD,Small,GapFade_strongstock,0,NO-GO,-0.04718847131958185,-0.07575923692577576,-0.03321470937129293,0.8740935326328216,0.8119960295254659,-0.057837384744342,-0.078688524590164,0.045802406371801385,0.01750547045951856,nogo_control,False,4.455,1.313,0.818,2,32.6526,32.325
2025-12-19,LEN,Medium,GapFade_weakstock,1,NO-GO,-0.09983796584818647,-0.19011662679425834,-0.005261700360011014,1.1864447445450605,0.7617810224861464,-0.07859147741770856,-0.40994000266896885,0.03847423876778625,0.0262282619024992,nogo_control,False,0.322,0.046,-2.0,2,107.22,106.685
2023-12-08,GDRX,Small,GapFade_strongstock,0,NO-GO,-0.07763975155279502,-0.11077844311377236,-0.008417508417508537,0.42734561823041084,0.48995349683209677,-0.024630541871921097,-0.36606189967982916,0.05984006734006732,0.01877133105802038,nogo_control,False,2.667,0.511,1.333,2,5.9,5.8615
2025-09-25,EXTR,Small,GapFade_strongstock,1,NO-GO,-0.0480205929344932,-0.06290956749672351,-0.011188811188811116,1.4554455445544554,1.629272231932092,-0.034653465346534636,-0.06290956749672351,0.026906426906426903,0.009096831793065233,nogo_control,False,1.379,0.911,0.0,1,20.91,20.7215
2023-09-14,CBRL,Small,GapFade_weakstock,1,NO-GO,-0.05516879022724273,-0.2298715203426124,-0.00013902405116092195,2.8054238948619394,3.5619963908627637,-0.034431841063158566,-0.4063712139968639,0.03567943039860181,0.026488138553340236,nogo_control,False,1.583,0.296,-2.0,2,70.99,70.75
2022-01-26,EQX,Small,GapFade_weakstock,0,NO-GO,-0.11216216216216217,-0.12632978723404248,-0.018264840182648418,0.9467849223946778,2.0597310618480305,-0.05057803468208087,-0.31204188481675393,0.049032398347466824,0.00928270042194103,nogo_control,False,2.0,0.379,-2.0,2,6.33,6.255
2024-06-20,WEC,Medium,GapFade_weakstock,0,NO-GO,-0.0038289725590299577,-0.09201954397394134,-0.0005124919923125182,0.7931769722814447,0.6156999028693934,-0.010271366979457295,-0.21368124118476733,0.015022421524663656,0.017928384082040456,nogo_control,False,1.575,1.562,1.42,1,78.435,77.8542
2023-09-26,JCI,Medium,GapFade_weakstock,0,NO-GO,-0.03923962329961632,-0.09002312520647499,-0.007442367035759733,0.5790562135739779,0.7767398070021737,-0.002354219485693507,-0.21780491267925603,0.020689521043487254,0.0005540166204986359,nogo_control,False,1.714,0.414,-2.0,2,55.12,54.54
2022-09-19,AI,Small,GapFade_weakstock,0,NO-GO,-0.05074424898511502,-0.40511020089721084,-0.00213827512473267,0.5817840962349635,1.2044733009378767,-0.061538461538461535,-0.7917779756604333,0.06843549536707057,0.02408759124087592,nogo_control,False,1.088,0.25,-2.0,2,13.9501,13.84
2025-04-30,SLAB,Medium,GapFade_weakstock,0,NO-GO,-0.0025495195136301736,-0.20717069368667193,-0.026838379866299684,0.6738564505120225,0.4887450857472529,-0.01012066952121454,-0.36425,0.06141979383180721,0.0408632946350944,nogo_control,False,11.437,1.336,8.972,2,100.145,98.99
2022-06-24,PSLV,Small,GapFade_weakstock,1,NO-GO,-0.036241610738255096,-0.06290785695640827,-0.005571030640668529,1.2458155006568092,1.5198856844634936,-0.027100271002710053,-0.296078431372549,0.023476920015917193,0.016949152542372895,nogo_control,False,5.4,1.611,4.2,1,7.105,7.08
2024-09-25,DXD,Small,GapFade_weakstock,0,NO-GO,-0.0042857142857143215,-0.12327044025157238,-0.01614060258249639,0.4384911727550827,0.6079468578346411,-0.006768792304951952,-0.3969284014709063,0.02453960852633737,0.01790281329923268,nogo_control,False,3.203,1.313,2.551,1,27.508,27.37
2022-04-06,BRSP,Small,GapFade_strongstock,1,NO-GO,-0.03525641025641026,-0.06230529595015591,-0.003322259136212554,1.1557731723980846,1.136299770694585,-0.027987082884822368,-0.15449438202247195,0.027786742604018328,0.014573991031390222,nogo_control,False,6.527,0.485,-2.0,2,9.0093,9.0
2022-12-07,FSLR,Medium,GapFade_strongstock,1,NO-GO,-0.0874478442280946,-0.0933325656379549,-0.006096399314155128,1.4124090221229348,1.2683861412010913,-0.06446055133079845,-0.0933325656379549,0.042803436482232435,0.009623854108896506,nogo_control,False,3.013,1.003,-0.731,2,155.335,154.1
2026-03-12,FHB,Small,GapFade_weakstock,0,NO-GO,-0.03456591639871381,-0.14546942260485973,-0.018734388009991644,0.5895630495569852,0.8816273294122433,-0.015977058582548158,-0.15273368606701945,0.03530748186035448,0.015090329436769414,nogo_control,False,,,,0,,
2023-04-26,RWT,Small,GapFade_weakstock,1,NO-GO,-0.03268945022288271,-0.09331476323119776,-0.001536098310291826,1.02270483711747,0.9530710468894577,-0.03982300884955759,-0.4758454106280193,0.02778692122010096,0.011075949367088512,nogo_control,False,1.0,0.166,-2.0,2,6.56,6.46
2022-07-11,MDRX,Small,GapFade_weakstock,0,NO-GO,-0.018072289156626477,-0.18213292151932614,-0.0006816632583503604,0.5993311036789302,0.6515559321616742,-0.02004008016032069,-0.3690322580645161,0.036395948972636094,0.0020949720670390614,nogo_control,False,3.556,0.6,-2.0,2,14.415,14.395
2026-02-03,FETH,Medium,GapFade_weakstock,0,NO-GO,-0.23148455662570572,-0.3190111830488522,-0.004753673292999111,0.5117246808749921,2.3644289223074253,-0.1712034383954155,-0.5234761120263591,0.07136035313001607,0.08887832699619777,nogo_control,False,0.05,0.012,-2.0,2,22.94,22.8
2023-02-17,BLK,Medium,GapFade_strongstock,0,NO-GO,-0.028292629742695148,-0.08796704913209766,-0.006367461430574984,0.7767031439397105,0.7348119961171976,-0.022149077693204386,-0.24101701590883684,0.02363714686435583,0.013845239106429928,nogo_control,False,4.287,0.683,-2.0,2,710.78,708.46
2024-01-16,DNUT,Small,GapFade_weakstock,0,NO-GO,-0.04058782365290401,-0.11031797534068782,-0.0021881838074399077,0.9555325749741477,1.020815619362912,-0.043265875785066236,-0.15474722564734883,0.025190163592789395,0.01931649331352153,nogo_control,False,2.417,1.396,1.613,1,13.5595,13.46
2024-01-03,RXST,Small,GapFade_strongstock,1,NO-GO,-0.10522460937500006,-0.11537533188510744,-0.024010914051841623,2.4053065265913736,1.179004952278203,-0.1012751348700344,-0.11537533188510744,0.046452543363866707,0.01689576174112246,nogo_control,False,1.015,0.818,-0.149,1,35.59,34.92
2024-10-03,VSH,Small,GapFade_weakstock,0,NO-GO,-0.034446210916799266,-0.12864658058345296,-0.010428100987925232,0.7150537634408586,0.4039449018042243,-0.03648863035430996,-0.39461198017038585,0.02916732005645287,0.0073737946681793854,nogo_control,False,5.667,0.647,-2.0,2,18.06,18.01
2022-04-28,VCLT,Medium,GapFade_weakstock,1,NO-GO,-0.019871353089823157,-0.09646336298178737,-0.004218914801359421,1.0520966242079548,0.693086319239018,-0.013640041613686357,-0.22413166030187312,0.015483082486481052,0.009919697685403746,nogo_control,False,0.741,0.152,-2.0,2,85.32,84.79
2022-09-19,MAXR,Small,GapFade_weakstock,0,NO-GO,-0.07797961896322558,-0.286106346483705,-0.006246996636232533,0.8040856242529602,3.025227101857159,-0.04890310786106034,-0.5045238095238096,0.044223930802498757,0.04978712649934874,nogo_control,False,1.78,1.575,1.508,1,20.98,20.5756
2024-05-30,ASAN,Small,GapFade_weakstock,0,NO-GO,-0.10614886731391579,-0.15379901960784312,-0.013034033309196214,0.5310480472042699,1.0987178285166919,-0.04429065743944628,-0.4743052912066996,0.03681597186303921,0.018619084561675735,nogo_control,False,0.222,0.08,-2.0,2,13.33,13.24
2024-01-17,IART,Small,GapFade_weakstock,0,NO-GO,-0.030247056107134664,-0.06894258479272887,-0.013571428571428578,0.696727102930065,1.0449288274775714,-0.030694668820678474,-0.3079584775086505,0.02768044217687075,0.016747572815533924,nogo_control,False,11.5,1.203,5.205,2,41.525,41.265
2025-01-23,VYX,Small,GapFade_weakstock,0,NO-GO,-0.052710843373493924,-0.1796543853928921,-0.013513513513513507,0.9633429250594265,1.2472065889375972,-0.04042715484363077,-0.2765957446808511,0.03630706336588687,0.021969080553295474,nogo_control,False,17.0,1.509,8.123,1,12.31,12.29
2023-04-05,PPBI,Small,GapFade_weakstock,1,NO-GO,-0.04852758191621726,-0.3123501199040767,-0.016129032258064557,1.0125396742806576,0.7171280194843869,-0.044962531223979946,-0.4853040161543639,0.059842446132768706,0.024630541871921215,nogo_control,False,1.7,0.662,1.167,1,22.593,22.33
2022-07-14,FNDX,Medium,GapFade_weakstock,0,NO-GO,-0.018716747813098813,-0.1086781618261844,-0.016519174041297793,0.8755622188905519,0.6555938704642063,-0.009542285824475675,-0.1565149886540069,0.017707964601769873,0.016092148214296498,nogo_control,False,1.887,0.383,-2.0,2,16.6167,16.5867
2026-06-11,U,Medium,GapFade_weakstock,0,NO-GO,-0.13861066235864294,-0.1815809669992326,-0.01725431357839463,0.9173033690941056,1.1393876557817377,-0.07430555555555557,-0.48878235858101626,0.07115019826385167,0.036476523088863066,nogo_control,False,2.229,0.837,1.7,1,26.12,25.77
2024-04-12,HUM,Medium,GapFade_weakstock,0,NO-GO,-0.0016098484848484562,-0.1065254237288135,-0.0011065794049765175,0.5783078237412858,0.5551497729433937,-0.01041862211376004,-0.41558729513497533,0.028866185191709227,0.007282570167241295,nogo_control,False,1.161,0.15,-2.0,2,315.77,314.055
2025-01-24,LEG,Small,GapFade_weakstock,1,NO-GO,-0.006457564575645783,-0.12367778681855164,-0.00371402042711227,1.0930797968018013,0.7250123676706268,-0.012832263978001884,-0.6094982215308975,0.03355285846929301,0.01039697542533076,nogo_control,False,1.867,0.778,-0.429,2,10.6,10.59
2023-04-06,DPST,Medium,GapFade_weakstock,2,NO-GO,-0.1322207958921696,-0.7413925019127774,-0.002958579881656637,0.38384115325507373,0.7065111474288192,-0.09746328437917237,-0.9001329590781504,0.14644864750633982,0.04599406528189902,nogo_control,False,,,,0,,
2025-11-21,STOK,Small,GapFade_strongstock,0,NO-GO,-0.03423236514522828,-0.27816400899387483,-0.003938417472252038,0.6633576778971434,0.5536290944228787,-0.03423236514522828,-0.27816400899387483,0.08743721548769885,0.06574645840900831,nogo_control,False,4.147,1.279,3.8,1,27.905,27.53
2024-02-29,BUD,Medium,GapFade_strongstock,0,NO-GO,-0.019623233908948195,-0.05328583339649815,-0.018574859887910387,0.6639411283728511,0.9305781092649252,-0.010301109350237696,-0.06916082873751678,0.013988333523962039,0.00970061883258067,nogo_control,False,0.376,0.175,-2.0,2,61.13,60.93
2023-10-03,VECO,Small,GapFade_strongstock,1,NO-GO,-0.03655536028119505,-0.09298477829252147,-0.009850419554906953,1.4645223292878957,1.4703358472311925,-0.026979055733049397,-0.11836603409456416,0.030640798457288787,0.008829607364268383,nogo_control,False,1.0,0.301,-2.0,2,27.39,27.14
2025-10-29,MSOX,Small,GapFade_strongstock,1,NO-GO,-0.11756373937677043,-0.4043977055449331,-0.003210272873194295,0.5647371480774019,0.4512310900096687,-0.12253521126760553,-0.894047619047619,0.1932744783306581,0.06574931282777692,nogo_control,False,0.0,0.0,-2.0,2,6.175,6.1
2023-11-09,QFIN,Small,GapFade_weakstock,0,NO-GO,-0.02155992390615091,-0.12379329926178306,-0.0032404406999351223,0.6825484764542931,0.8236549413724916,-0.03562500000000002,-0.39466457434287955,0.04177853902416442,0.0,nogo_control,False,1.692,0.685,-2.0,2,15.28,15.15
2022-12-27,VTYX,Small,GapFade_strongstock,0,NO-GO,-0.005997474747474788,-0.14891891891891895,-0.006033661479834796,0.42702433305854387,0.2428664233072258,-0.03670847353930864,-0.23734560426253332,0.07236560359297738,0.030469017459774067,nogo_control,False,1.714,0.212,-2.0,2,31.01,30.7579
2022-08-24,META,Medium,GapFade_strongstock,0,NO-GO,-0.10215113687026295,-0.12368778895838989,-0.0031655390726833795,0.7434608407333568,0.6359987033852215,-0.040783519885687035,-0.19222862872900465,0.0363168908554049,0.021843900607122615,nogo_control,False,2.924,1.454,1.407,1,161.22,159.77
2022-05-05,CCXI,Small,GapFade_weakstock,1,NO-GO,-0.09144385026737972,-0.3714391416944137,-0.01883460859328998,1.3634496919917873,1.9261831824945503,-0.09483217900905706,-0.7580116792479704,0.07165979988228366,0.02356020942408385,nogo_control,False,1.114,0.326,-2.0,2,16.695,16.52
2022-09-23,TEAM,Medium,GapFade_weakstock,1,NO-GO,-0.11745181156522436,-0.24483301396112786,-0.018985907834519,1.0484937682806417,1.024551135600247,-0.06165228113440197,-0.5432078322604682,0.05211932704569436,0.01275486453775258,nogo_control,False,0.179,0.139,-2.0,2,221.035,216.5
2022-08-24,FIGS,Small,GapFade_weakstock,0,NO-GO,-0.22007722007722005,-0.2654545454545455,-0.002970297029702907,0.47850606677334606,0.8784203633396482,-0.06481481481481491,-0.7996031746031745,0.09104243281471004,0.015075376884422148,nogo_control,False,1.5,0.458,0.071,1,10.09,9.95
2022-12-28,RYAAY,Small,GapFade_strongstock,0,NO-GO,-0.02389210019267822,-0.05520328235732924,-0.005263850506645616,0.40674425057534863,0.4223476957195119,-0.008092938258712882,-0.4028290766208251,0.02879467223130861,0.0,nogo_control,False,0.28,0.064,-2.0,2,30.18,30.08
2025-09-02,RYAN,Medium,GapFade_weakstock,1,NO-GO,-0.05987028105770832,-0.1508186870962895,-0.0022996638952768895,1.0343136081931514,0.790796315276852,-0.015156794425087064,-0.2673665111456713,0.02112203381264056,0.005259339862169009,nogo_control,False,6.273,1.158,-2.0,2,56.62,56.33
2023-01-05,STR,Small,GapFade_strongstock,1,NO-GO,-0.11502347417840375,-0.21575037147102522,-0.007957559681697646,1.1082568807339461,1.2309208903861455,-0.08526863084922012,-0.21575037147102522,0.05162940507768094,0.0,nogo_control,False,1.786,0.37,-2.0,2,26.52,26.095
2022-01-20,DB,Small,GapFade_strongstock,1,NO-GO,-0.05496074232690932,-0.06364922206506367,-0.001510574018126856,1.0340388714204316,1.1314893444314342,-0.0398839738941261,-0.13689700130378094,0.025564846784635283,0.0015337423312884472,nogo_control,False,0.46,0.068,-1.0,1,13.155,13.13
2024-08-20,STR,Small,GapFade_weakstock,0,NO-GO,0.0036084799278303242,-0.13221528861154447,-0.0026966292134830887,0.5012135132370557,0.5942358131547432,-0.007139669790272207,-0.1941325606664252,0.03452295345104333,0.010096372376618982,nogo_control,False,2.167,0.339,-2.0,2,22.06,21.9901
2025-04-01,CNXC,Medium,GapFade_strongstock,2,NO-GO,-0.1349502487562188,-0.15696969696969695,-0.007189072609633332,0.582883111118966,1.1734312085644336,-0.1445264452644527,-0.47558906691800185,0.06536831159494712,0.014457378895982035,nogo_control,False,0.125,0.05,-2.0,2,55.28,55.126
2022-09-26,GT,Small,GapFade_weakstock,0,NO-GO,-0.12451361867704278,-0.2829827915869981,-0.010666666666666597,0.852873563218392,1.619034248518594,-0.06561461794019927,-0.5480112494977903,0.05523809523809528,0.0,nogo_control,False,2.913,0.602,-2.0,2,11.345,11.13
2023-03-13,GNL,Small,GapFade_weakstock,1,NO-GO,-0.10068965517241385,-0.14659685863874347,-0.014570552147239227,1.8458258527827671,1.3999839789770152,-0.05643994211287996,-0.18550905683947547,0.02929009640666079,0.017133956386292885,nogo_control,False,2.167,1.382,0.875,1,12.96,12.84
2023-04-14,CGC,Small,GapFade_weakstock,1,NO-GO,-0.050314465408805076,-0.34632034632034636,-0.006622516556291367,0.6915629322268326,0.839445269039112,-0.019480519480519525,-0.8428720083246619,0.04788079470198676,0.0,nogo_control,False,0.2,0.139,-1.0,1,15.25,15.0
2022-01-07,NCR,Medium,GapFade_weakstock,1,NO-GO,-0.026561043802423124,-0.09015679442508712,-0.00023934897079937794,1.1456366237482123,0.64219813484321,-0.027240977881257313,-0.1644,0.02987588046228542,0.0058125454105110675,nogo_control,False,7.125,0.914,0.354,2,41.885,41.435
2022-08-18,SRG,Small,GapFade_strongstock,0,NO-GO,-0.050212164073550274,-0.07506887052341597,-0.01265822784810126,0.6586433260393867,0.9911383208436794,-0.02892263195950834,-0.3313417973612149,0.04861184980321244,0.026415094339622615,nogo_control,False,2.0,0.931,1.267,1,13.4,13.25
2024-03-14,VICI,Medium,GapFade_weakstock,0,NO-GO,-0.009797297297297388,-0.05664628258770523,-0.004094165813715368,0.9682242990654256,1.271965276670916,-0.011467116357504211,-0.1642429426860565,0.019556952770872948,0.005758157389635287,nogo_control,False,0.7,0.245,-2.0,2,29.13,29.03
2024-12-20,GH,Small,GapFade_strongstock,1,NO-GO,-0.11209355390758707,-0.1920581365169998,-0.014134275618374485,1.2861791038428012,1.1411149590605376,-0.10648679678530436,-0.1920581365169998,0.05394773071451514,0.0387012135126272,nogo_control,False,0.901,0.901,0.275,1,31.4,30.49
2023-10-20,GSL,Small,GapFade_weakstock,0,NO-GO,-0.023411371237458286,-0.06260032102728741,-0.000570776255707649,0.7818499127399643,0.6962130518401906,-0.029362880886426655,-0.19743472285845162,0.023361056751467758,0.014392630972941852,nogo_control,False,15.4,1.882,4.289,2,17.455,17.4175
2025-04-25,WPC,Medium,GapFade_strongstock,0,NO-GO,-0.023483995496220055,-0.05140624999999999,-0.0034590676988964066,0.3659277780751941,0.5602424419858756,-0.021437782076079923,-0.08154311649016632,0.03736134315363436,0.008652246256239534,nogo_control,False,0.241,0.062,-2.0,2,60.57,60.333
2025-03-03,PCRX,Small,GapFade_strongstock,1,NO-GO,-0.05090765588003154,-0.12830735773831095,-0.00041580041580048077,2.824418604651162,2.0954496199662147,-0.05612244897959182,-0.3310152990264256,0.05108405108405108,0.008565780803865596,nogo_control,False,1.034,0.244,-2.0,2,23.665,23.52
2023-07-18,TAL,Small,GapFade_strongstock,0,NO-GO,-0.0666666666666667,-0.07894736842105264,-0.009523809523809462,0.6897571069616204,0.41454033406658125,-0.0540540540540541,-0.3971291866028708,0.04602494331065761,0.0016694490818029693,nogo_control,False,1.182,0.453,-2.0,2,6.205,6.15
2022-07-01,MDY,Medium,GapFade_weakstock,0,NO-GO,-0.03711897166010758,-0.11864009378663534,-0.0012092190863140584,0.9080797350496776,1.1450070353174315,-0.017511761630946168,-0.2250501340030362,0.02764447576897697,0.022083943387018086,nogo_control,False,14.281,1.601,7.264,2,414.57,412.7
2025-11-05,ARWR,Medium,GapFade_strongstock,0,NO-GO,-0.09859490354846392,-0.13366903181506057,-0.0058124174372522815,0.6967605160422965,1.1577933418660562,-0.10710073130455294,-0.13366903181506057,0.05839441404038498,0.07321618743343983,nogo_control,False,3.53,2.121,3.167,1,38.22,37.56
2024-11-18,CI,Medium,GapFade_weakstock,0,NO-GO,-0.059883040935672566,-0.10410164957646013,-0.0008397611346105432,0.6910491854257724,0.7510291902988444,-0.03168292976749801,-0.13296029124249986,0.036005847225678046,0.005927312431757845,nogo_control,False,5.9,0.408,1.919,1,320.95,320.55
2025-05-21,VTR,Medium,GapFade_strongstock,0,NO-GO,-0.00930161634644708,-0.07357764152288603,-0.0020009235031552327,0.3782889181612471,0.6575431760943862,-0.010056376657016556,-0.08954596412556054,0.022785131599199634,0.0012590494176896174,nogo_control,False,1.868,0.335,-2.0,2,64.6425,64.51
2025-08-21,SHOP,Medium,GapFade_strongstock,0,NO-GO,-0.039930069930069985,-0.12470513229199874,-0.007502367251802762,0.5452314400312387,0.7782909646707189,-0.04066801760883251,-0.12470513229199874,0.05049774720872397,0.013345195729537452,nogo_control,False,0.368,0.073,-2.0,2,136.32,135.43
2025-10-13,NJR,Small,GapFade_weakstock,0,NO-GO,-0.02245989304812828,-0.053830227743271106,-0.0010940919037200057,0.8289843436370873,0.7878109867420781,-0.016781411359724486,-0.12022331311964574,0.01557361675523603,0.0017758046614873564,nogo_control,False,0.844,0.38,-2.0,2,45.66,45.5
2026-02-05,NTSK,Small,GapFade_weakstock,0,NO-GO,-0.183177570093458,-0.34548177733399904,-0.019832189168573593,0.955814667075791,1.0110337477375255,-0.07021276595744683,-0.5316184351554126,0.07102538956085866,0.0021739130434782917,nogo_control,False,0.7,0.186,-2.0,2,12.845,12.6601
2022-03-15,XOM,Medium,GapFade_strongstock,0,NO-GO,-0.026049720471036018,-0.10518550898857987,-0.03737176355642406,0.8700231725300193,0.9805825840549437,-0.04076850984067484,-0.10518550898857987,0.04141077535068745,0.011130024878879066,nogo_control,False,3.947,1.209,0.78,1,76.87,76.37
2024-06-13,TMV,Small,GapFade_weakstock,0,NO-GO,-0.047952586206896394,-0.13930832927423278,-0.022354272778721172,0.955879075986033,1.4470063180989008,-0.05178427689830962,-0.34275618374558303,0.03809564233163552,0.002966478789676696,nogo_control,False,3.091,0.517,-2.0,2,34.66,34.5
2026-03-30,LI,Medium,GapFade_weakstock,0,NO-GO,-0.00964265456608044,-0.07127659574468084,-0.0005727376861398375,0.6406884507753474,0.616907944217704,-0.03429203539822995,-0.4728260869565217,0.038886434298805395,0.012110726643598664,nogo_control,False,5.556,0.737,3.889,1,17.385,17.34
2025-10-23,FLG,Medium,GapFade_weakstock,0,NO-GO,0.0,-0.10575427682737165,-0.0008695652173912858,0.6177204870841152,0.5479648149774965,-0.0034662045060657844,-0.13825402772574003,0.03657204968944099,0.021652673442333275,nogo_control,False,1.857,0.309,-2.0,2,11.44,11.385
2026-05-12,SON,Medium,GapFade_strongstock,0,NO-GO,-0.026681913474366277,-0.11704702627939147,-0.00039161934599575343,0.4239745072705192,0.6222012478105061,-0.012376716302456016,-0.12611225188227237,0.0434086268147361,0.00019864918553829975,nogo_control,False,2.684,0.46,-1.895,2,50.75,50.61
2025-02-18,PNR,Medium,GapFade_strongstock,0,NO-GO,-0.008609203648662389,-0.08805505798057876,-0.0017574692442882424,0.5545994065281877,0.7827039993521997,-0.012858454944381988,-0.12627585583958081,0.024885173753156777,0.020203618716041635,nogo_control,False,3.653,1.536,2.812,1,95.29,94.785
2024-01-04,FIX,Medium,GapFade_strongstock,1,NO-GO,-0.06279592519967477,-0.0739349259233004,-0.0010206164523372987,1.125786163522014,0.5781583270405257,-0.04721155248699363,-0.0739349259233004,0.024341702388242487,0.011018295495310847,nogo_control,False,46.0,1.158,3.263,2,196.2,195.38
2024-01-16,AXSM,Medium,GapFade_strongstock,0,NO-GO,-0.05741150442477889,-0.07571320099793909,-0.002464499471892897,0.7548286348319229,0.8799256345022302,-0.04473094170403597,-0.07571320099793909,0.050995858970275115,0.0154195553430553,nogo_control,False,0.71,0.418,0.051,1,84.935,83.66
2024-01-16,JOBY,Small,GapFade_weakstock,1,NO-GO,-0.060606060606060594,-0.22397891963109356,-0.015280135823429518,1.0830618892508155,0.6561197768668549,-0.029654036243822172,-0.5083472454090151,0.04467620664564635,0.0035273368606702753,nogo_control,False,0.923,0.463,-1.692,2,5.74,5.6901
2024-01-05,AVTR,Medium,GapFade_strongstock,0,NO-GO,-0.049934867564046984,-0.06355660175476137,-0.006398537477148107,0.9655648061480834,1.1165718843129033,-0.03824175824175829,-0.1334653465346535,0.026506920867067137,0.013017201301720016,nogo_control,False,,,,0,,
2022-06-10,ORAN,Small,GapFade_strongstock,0,NO-GO,-0.027942421676545304,-0.09677419354838712,-0.023519163763066165,0.7575484289888544,0.7813515639996665,-0.0336700336700337,-0.12299465240641708,0.017248008959681444,0.013440860215053795,nogo_control,False,1.941,0.102,-2.0,2,11.2101,11.205
2024-08-05,SPEM,Medium,GapFade_strongstock,1,NO-GO,-0.0257826887661141,-0.05828558640350538,-0.054820415879017044,0.6522650680995719,1.5588922082823062,-0.028848675583530065,-0.05828558640350538,0.012420624204313125,0.02914285714285723,nogo_control,False,2.414,2.414,1.757,1,35.35,35.0
2025-07-01,RXO,Small,GapFade_weakstock,0,NO-GO,-0.01933873986275736,-0.09810671256454384,-0.004452926208651418,0.7066741446999429,1.0485462780048196,-0.009451795841209741,-0.5210237659963437,0.04050799709196655,0.07806451612903231,nogo_control,False,,,,0,,
2024-01-17,RKT,Small,GapFade_strongstock,0,NO-GO,-0.06117647058823524,-0.21198156682027644,-0.02339181286549717,0.7405591608716406,0.6992299367263328,-0.039325842696629226,-0.21198156682027644,0.04625193937224015,0.016378928729526385,nogo_control,False,1.056,0.351,-2.0,2,11.62,11.53
2022-04-07,PYPL,Medium,GapFade_weakstock,0,NO-GO,-0.08418138891150373,-0.0848370458354351,-0.008622988710107556,0.9263689998651055,0.9575779390449842,-0.07689151485311016,-0.6373162238844468,0.04471857815932843,0.02670299727520447,nogo_control,False,0.739,0.27,-2.0,2,112.865,111.51
2022-10-10,PG,Medium,GapFade_weakstock,1,NO-GO,-0.03815789473684205,-0.15191428376441687,-0.00724229500281638,1.0769230769230758,0.8890946561378217,-0.03815789473684205,-0.24844269730873902,0.021071629746289733,0.012931740055655576,nogo_control,False,2.488,0.823,-2.0,2,124.0258,123.16
2022-04-12,KLIC,Small,GapFade_weakstock,0,NO-GO,-0.03355325164938726,-0.1751930501930501,-0.0039009167154281806,0.7105659966733511,0.7044750968435509,-0.035915757803685534,-0.31903307212113163,0.044811084176209985,0.009681881051175697,nogo_control,False,1.375,0.331,-2.0,2,51.67,51.05
2022-11-16,JHG,Small,GapFade_weakstock,1,NO-GO,-0.0351664796109241,-0.05565726839985352,-0.00736719658782465,1.022576361221778,0.8036380420471185,-0.04552183567727611,-0.46879505664263643,0.04171051902730847,0.008757961783439445,nogo_control,False,0.212,0.066,-2.0,2,25.665,25.5
2024-04-29,HESM,Small,GapFade_strongstock,1,NO-GO,-0.016342631727247262,-0.05238870792616739,-0.00028645087367510773,1.0410177053397405,1.1277274443457974,-0.02020769014875122,-0.05238870792616739,0.02036215574743217,0.004606968039159335,nogo_control,False,2.874,0.647,-2.0,2,34.98,34.9
2022-09-15,HUBS,Medium,GapFade_weakstock,0,NO-GO,-0.023016266534444402,-0.2596121212121211,-0.021086408434563365,0.4965174311255728,0.607631888505701,-0.08312818973281295,-0.6473325635103925,0.06396670517851882,0.016784123072377432,nogo_control,False,2.975,1.104,0.476,1,301.39,297.841
2022-06-13,STKL,Small,GapFade_strongstock,1,NO-GO,-0.0469543147208122,-0.10488676996424323,-0.03062583222370167,0.48089730108657563,0.6002652610159602,-0.04816223067173636,-0.5294486215538847,0.06783812060110331,0.004329004329004365,nogo_control,False,5.125,0.83,-2.0,2,7.2,7.12
2023-08-28,LMT,Medium,GapFade_weakstock,1,NO-GO,-0.0047875391607466265,-0.059249217935349374,-0.00062071870358459,1.230856494611456,0.8843088097507797,-0.007655586598323731,-0.11220232237748484,0.011166602800201413,0.004552600761187517,nogo_control,False,3.08,0.918,1.144,1,451.02,450.2701
2025-04-09,BHC,Small,GapFade_weakstock,2,NO-GO,-0.34109589041095895,-0.3899809765377299,-0.027027027027027008,1.8976391859803379,1.8731501680347966,-0.09756097560975618,-0.5802792321116929,0.07567122067122067,0.1409090909090907,nogo_control,False,0.636,0.395,-2.0,2,4.6177,4.51
2022-03-14,CFLT,Medium,GapFade_weakstock,2,NO-GO,-0.11729622266401597,-0.6168161962966296,-0.003861003861003779,1.0502879821886655,0.788011762458879,-0.142384105960265,-0.6727387596082973,0.13295366795366798,0.023833844058563133,nogo_control,False,0.98,0.238,-2.0,2,30.8,30.2677
2022-06-10,SSO,Medium,GapFade_weakstock,2,NO-GO,-0.060421286031042055,-0.13828164717844427,-0.03303834808259586,1.1895820868923177,0.7265067740585702,-0.06816932380428804,-0.31982343499197435,0.0441393454136817,0.0004178854993732371,nogo_control,False,2.54,0.377,-2.0,2,24.495,24.355
2022-01-04,CTLT,Medium,GapFade_strongstock,1,NO-GO,-0.0313569872393403,-0.0855065011386175,-0.009318017511446676,1.1283617544752662,0.8236197653065691,-0.03128161232588901,-0.12724340998317438,0.033815108499822125,0.02361396303901442,nogo_control,False,0.643,0.259,-2.0,2,123.55,122.71
2025-03-04,ZH,Small,GapFade_strongstock,0,NO-GO,-0.007905138339920957,-0.20569620253164567,-0.021912350597609452,0.4323267154749807,0.3615498074448201,-0.07550644567219156,-0.20569620253164567,0.1105848036425726,0.0912863070539418,nogo_control,False,,,,0,,
2022-08-24,ABT,Medium,GapFade_weakstock,0,NO-GO,-0.027163439478755564,-0.05794010486092594,-0.0010376379586831378,0.8067889798601613,1.1757055023102434,-0.03679811012175174,-0.25659186535764367,0.015784359966040946,0.003044140030441335,nogo_control,False,2.962,0.939,0.321,1,105.385,105.12
2024-12-24,DBRG,Small,GapFade_weakstock,1,NO-GO,-0.14023904382470131,-0.20103665309144772,-0.0009267840593141601,1.1473919958453673,1.218176101204581,-0.033154121863799374,-0.4859456884230586,0.04079041440487225,0.02973100519112784,nogo_control,False,0.667,0.364,-2.0,2,10.745,10.71
2022-06-08,ENV,Small,GapFade_weakstock,0,NO-GO,-0.030186354535653902,-0.243694451116983,-0.005081784976973166,0.3928916020088267,0.5877023894937659,-0.028690421101341963,-0.2677055471566461,0.042440731414052066,0.008389803162310474,nogo_control,False,0.0,0.0,-2.0,2,63.08,62.65
2023-10-05,AESI,Small,GapFade_strongstock,1,NO-GO,-0.1408163265306122,-0.14742810854597005,-0.006650831353919267,1.0671138381798084,1.099330743549812,-0.04880253050158149,-0.14742810854597005,0.044518154054971164,0.01449275362318844,nogo_control,False,0.872,0.73,-0.256,1,21.09,20.7
2025-05-08,INDV,Small,GapFade_strongstock,1,NO-GO,-0.06362153344208804,-0.06362153344208804,-0.002613240418118566,0.5240641711229936,1.0831892044442561,-0.035294117647058816,-0.5055986218776916,0.04654056744649078,0.006416131989000942,nogo_control,False,2.0,0.338,-2.0,2,11.36,11.32
2022-01-31,NCLH,Medium,GapFade_weakstock,0,NO-GO,-0.07430194036914342,-0.17607413647851727,-0.0005112474437626795,0.9354035204251077,1.2452905230404838,-0.06545628284758724,-0.4327968682035668,0.061574642126789376,0.08829676071055369,nogo_control,False,6.435,2.56,6.059,1,19.3794,19.14
2022-04-19,GDRX,Small,GapFade_weakstock,1,NO-GO,-0.08842105263157893,-0.15881495871782417,-0.008660508083140795,1.4704120114193089,0.8952154749913214,-0.07823310271420963,-0.6507360354910264,0.0585058561530848,0.05824111822947,nogo_control,False,3.023,1.705,2.564,1,17.4534,17.17
2022-11-09,DNLI,Small,GapFade_weakstock,0,NO-GO,-0.09553512803676954,-0.20787809085681427,-0.006533575317604345,0.5846086991947187,0.6189984625010758,-0.02718926553672315,-0.5149647887323944,0.076369198859217,0.0026148673888681468,nogo_control,False,,,,0,,
2025-05-09,POST,Medium,GapFade_weakstock,0,NO-GO,-0.019718808029003485,-0.07501042970379637,-0.016597510373444015,0.9627592044011882,2.0203387834487128,-0.015802556818181827,-0.1190400508582327,0.020706167366820447,0.035727646838757884,nogo_control,False,,,,0,,
2023-10-25,FLR,Medium,GapFade_strongstock,0,NO-GO,-0.08421052631578942,-0.12709030100334442,-0.004420866489831966,0.7695035460992905,0.7802544125772619,-0.02247191011235958,-0.12709030100334442,0.03561955286093217,0.018748110069549365,nogo_control,False,2.143,0.748,1.952,1,33.28,33.07
2022-08-22,GME,Medium,GapFade_strongstock,2,NO-GO,-0.13479549496146995,-0.23963325692852677,-0.05974239517676075,0.7055590775734998,1.3028500628130997,-0.09945705824284307,-0.5765101839493995,0.0978798496652703,0.00877192982456132,nogo_control,False,0.923,0.569,-1.0,1,35.245,34.21
2025-07-01,YPF,Medium,GapFade_weakstock,1,NO-GO,-0.059228238109482516,-0.16511813113883733,-0.012559618441971369,1.7856156183810645,3.115367260132345,-0.057819053325344615,-0.3369035821965465,0.04932545991369525,0.027777777777777707,nogo_control,False,2.778,1.306,1.361,1,30.96,30.6
2023-02-24,PDM,Small,GapFade_weakstock,0,NO-GO,-0.09464627151051626,-0.16710642040457332,-0.016895459345300963,0.6456317165817258,0.6374097670303213,-0.03564154786150709,-0.5226814516129031,0.03951500980540048,0.01091703056768555,nogo_control,False,1.0,0.109,-2.0,2,9.22,9.21
2023-09-15,ACMR,Small,GapFade_strongstock,1,NO-GO,-0.1194108364018939,-0.16258129064532267,-0.008960573476702425,1.3510321696820824,0.8549190055669453,-0.05875737981445048,-0.17292490118577075,0.06322879330943845,0.008447043534762768,nogo_control,False,0.562,0.172,-2.0,2,16.16,16.0
2025-04-09,CATY,Small,GapFade_weakstock,1,NO-GO,-0.08146341463414643,-0.21427081160025044,-0.02363250132766844,1.405111055693419,1.150041026320332,-0.01154855643044632,-0.3188641707361187,0.046393862377664775,0.09340958605664487,nogo_control,False,15.708,4.42,10.917,2,37.34,36.77
2023-10-05,ONON,Medium,GapFade_weakstock,1,NO-GO,-0.09008354522339268,-0.19318474619943307,-0.0019960079840319646,2.0921388898354185,3.1724711375418777,-0.04096477794793263,-0.32443365695792875,0.058576846307385216,0.008140262993112098,nogo_control,False,1.264,0.19,-2.0,2,24.65,24.32
2024-07-29,INTR,Small,GapFade_strongstock,0,NO-GO,-0.047277936962750726,-0.06469760900140646,-0.012030075187969934,0.9439646515364545,1.2144053660833987,-0.0527065527065526,-0.06469760900140646,0.037436090225563906,0.012269938650306761,nogo_control,False,7.0,0.569,4.288,1,6.53,6.52
2022-06-30,PHR,Small,GapFade_weakstock,0,NO-GO,-0.06027704979408459,-0.06760772659732542,-0.021513944223107675,0.5851110143665653,0.48109906814537634,-0.03350019252984203,-0.6701708278580815,0.06536710301650543,0.03134020618556708,nogo_control,False,2.478,1.065,1.174,1,24.595,24.25
2022-06-16,CHTR,Medium,GapFade_weakstock,1,NO-GO,-0.08275622561336846,-0.129271225225924,-0.020089086859688157,1.9618890299584633,2.3722463901619246,-0.01203599797566402,-0.4561662750417868,0.03441980591791282,0.018638871857756034,nogo_control,False,0.251,0.09,-2.0,2,433.27,430.54
2024-09-04,ETSY,Medium,GapFade_weakstock,1,NO-GO,-0.021268990169794545,-0.17255968570565136,-0.00949598246895537,1.041130037390946,1.2054492518164257,-0.013333333333333369,-0.4673669876471161,0.031396744234582094,0.025087622209924356,nogo_control,False,,,,0,,
2024-06-28,AEO,Medium,GapFade_weakstock,0,NO-GO,-0.024271844660194174,-0.19438877755511014,-0.006467661691542416,0.9419953596287681,0.7094851261442423,-0.02898550724637671,-0.23978819969742812,0.030632551528073895,0.015776081424936503,nogo_control,False,2.231,0.474,-2.0,2,19.91,19.75
2024-08-05,PCT,Small,GapFade_strongstock,0,NO-GO,-0.09290322580645158,-0.12124999999999997,-0.08392603129445232,0.8698588505436617,1.2328477159150721,-0.08819714656290528,-0.4087468460891506,0.07522353180247916,0.10236472432882135,nogo_control,False,4.827,2.188,3.827,2,6.436,6.31
2024-08-12,VITL,Small,GapFade_strongstock,0,NO-GO,-0.14289732770745425,-0.3705845899607519,-0.015425008204791561,0.9132699344606517,1.7903359242321901,-0.12240783410138249,-0.3705845899607519,0.06899690562145436,0.04060231244958329,nogo_control,False,,,,0,,
2023-06-26,PYCR,Small,GapFade_weakstock,0,NO-GO,-0.050317124735729295,-0.1008807045636509,-0.0013357079252004067,0.8739219712525641,1.8321672632308432,-0.035223367697594515,-0.35736582937290234,0.03871962854598653,0.012733060482037342,nogo_control,False,1.325,0.397,-2.0,2,22.4,22.27
2022-05-09,GSK,Medium,GapFade_strongstock,0,NO-GO,-0.013205013428827291,-0.061315733446881016,-0.01451576321161256,0.6972836490120008,1.2280315934958186,-0.02369353410097441,-0.061315733446881016,0.01740090075494928,0.0025551684088269983,nogo_control,False,1.409,0.41,-2.0,2,54.275,54.1125
2022-08-17,NOV,Medium,GapFade_strongstock,0,NO-GO,-0.0201454952434247,-0.06062231759656647,-0.005711022272986945,0.9838157565724248,0.7316363898649281,-0.05961331901181522,-0.2722360764754779,0.047310516439585566,0.01798143851508134,nogo_control,False,7.929,1.348,3.357,1,17.31,17.24
2022-06-09,AZUL,Small,GapFade_weakstock,0,NO-GO,-0.0913748932536294,-0.25464098073555164,-0.0075187969924812095,0.5525333333333323,0.8991427084660831,-0.06911636045494306,-0.6387096774193548,0.06293635875402791,0.0010040160642570066,nogo_control,False,1.889,0.256,-2.0,2,10.385,10.34
2026-02-25,SE,Medium,GapFade_weakstock,1,NO-GO,-0.05977879213483148,-0.20299129399508883,-0.010363178041265983,1.0609059548719106,1.1817522901711557,-0.06860869565217392,-0.4625689914701455,0.04716913186710592,0.018821923151940635,nogo_control,False,1.785,0.564,-2.0,2,105.29,104.5
2023-09-07,KEY,Medium,GapFade_weakstock,1,NO-GO,-0.03732638888888887,-0.14953987730061344,-0.0063119927862939846,1.2914622178606499,0.7952165701162266,-0.040657439446366836,-0.4536945812807882,0.032815921679762966,0.008800370541917613,nogo_control,False,5.5,0.913,2.167,1,10.825,10.795
2026-02-05,ROBN,Small,GapFade_weakstock,3,NO-GO,-0.44119490286191765,-0.6116998112933663,-0.0979439252336449,1.1500857028090286,2.331053946012058,-0.1879174256223436,-0.7826263611246547,0.1741666221628838,0.023855890944498637,nogo_control,False,0.337,0.152,-2.0,2,25.08,24.13
2023-03-13,YMM,Small,GapFade_weakstock,1,NO-GO,-0.1166464155528555,-0.1877094972067039,-0.013067400275103131,1.0022848438690015,0.9742197893438,-0.07033248081841441,-0.34029038112522686,0.0645018667714679,0.05516265912305512,nogo_control,False,2.771,2.096,1.171,1,7.245,7.07
2024-08-05,SPOT,Medium,GapFade_strongstock,1,NO-GO,-0.04126459764119492,-0.0793739130434782,-0.0871694121202963,0.8742994395516399,1.2095759145963318,-0.03805896377275099,-0.0793739130434782,0.047189058485718596,0.0780517017666433,nogo_control,False,1.954,1.954,1.852,1,309.04,300.57
2026-06-26,FCG,Small,GapFade_strongstock,0,NO-GO,-0.00594353640416048,-0.15769593956562789,-0.0026158445440956756,0.5935039642616535,0.7841529164089011,-0.02300109529025188,-0.18982742960944593,0.028919229126628237,0.0065774859470713,nogo_control,False,2.765,0.609,-2.0,2,26.77,26.685
2025-11-06,CLDX,Small,GapFade_strongstock,1,NO-GO,-0.10317460317460318,-0.1699895068205666,-0.010113780025284534,0.7396679574597702,1.0293268496540233,-0.04121212121212119,-0.4951063829787234,0.04842664499428089,0.01086484137331595,nogo_control,False,1.459,0.475,-0.649,2,23.5,23.25
2022-09-15,BTI,Medium,GapFade_weakstock,0,NO-GO,-0.027153789187854886,-0.056273946360153294,-0.00025374270489718375,0.9939321385397241,0.9660097649195424,-0.039014874420872994,-0.1656610564200276,0.015442599775256461,0.0026748184944592247,nogo_control,False,2.5,0.575,-2.0,2,39.42,39.35
2024-11-19,MBC,Small,GapFade_strongstock,0,NO-GO,-0.014671361502347418,-0.18771165940977272,-0.010125074449076722,0.4211187709625747,0.6551415403535871,-0.012933568489124185,-0.18771165940977272,0.04807240704500982,0.01281269066503971,nogo_control,False,8.0,0.601,3.385,2,16.51,16.46
2022-01-28,CNK,Small,GapFade_weakstock,1,NO-GO,-0.11373523927905532,-0.1979752530933634,-0.018232819074333786,1.9448946515397072,1.6064894696219434,-0.0951776649746193,-0.45401220623482835,0.0584116409537167,0.07255048616305167,nogo_control,False,0.504,0.246,-2.0,2,14.01,13.84
2022-11-02,ALB,Medium,GapFade_strongstock,0,NO-GO,-0.007823613086770941,-0.062279434006654706,-0.010107526881720405,0.7053647737940126,0.888621580158287,-0.004140491147915566,-0.09486114715805868,0.045681643625191996,0.0038418079096044513,nogo_control,False,,,,0,,
2024-12-17,GNRC,Medium,GapFade_strongstock,0,NO-GO,-0.030336426914153235,-0.1468306624476881,-0.009989830711251944,0.6382720911211454,0.879959604209517,-0.03715009791498685,-0.1468306624476881,0.02820994881173144,0.006706908115358959,nogo_control,False,0.005,0.004,-2.0,2,166.77,165.0
2023-10-04,SFL,Small,GapFade_strongstock,0,NO-GO,-0.03644444444444446,-0.059027777777777755,-0.009225092250922476,0.6966292134831428,1.0527987538528627,-0.027802690582959685,-0.059027777777777755,0.020525830258302596,0.012357414448669276,nogo_control,False,0.0,0.0,-2.0,2,10.66,10.62
2022-08-19,SHAK,Medium,GapFade_weakstock,0,NO-GO,-0.030766362110759008,-0.05284256559766774,-0.014236244709503557,0.45355470258474345,0.5199363341577493,-0.03508446259513645,-0.5337698448291327,0.05302052987412741,0.005878775592945452,nogo_control,False,0.0,0.0,-2.0,2,51.24,50.995
2025-11-04,AES,Medium,GapFade_strongstock,2,NO-GO,-0.06776180698151953,-0.12185686653771764,-0.024963289280469887,1.1371841155234685,1.1001740745729651,-0.028530670470756088,-0.3290640394088671,0.029053912313824204,0.017411052233156595,nogo_control,False,1.018,1.018,-0.116,1,13.4701,13.21
2025-01-10,FLG,Small,GapFade_weakstock,0,NO-GO,-0.05882352941176474,-0.29574201918176346,-0.01754385964912263,0.7857142857142818,0.6757591407913176,-0.040000000000000084,-0.29574201918176346,0.046052631578947366,0.03738317757009349,nogo_control,False,9.857,1.672,7.143,2,8.81,8.76
2022-02-04,PK,Medium,GapFade_weakstock,0,NO-GO,-0.045161290322580636,-0.11736202569390947,-0.010135135135135318,0.6235939890218678,0.6208631427364576,-0.04155423637344843,-0.28009728415079044,0.044695141570141546,0.036529680365296836,nogo_control,False,2.698,1.476,1.93,1,17.735,17.52
2026-03-06,LINC,Small,GapFade_strongstock,0,NO-GO,-0.02864864864864871,-0.050336900515259644,-0.016138007790762337,0.8480311869729416,0.9992473819677137,-0.029173419773095767,-0.050336900515259644,0.05873042372207645,0.05071826443858118,nogo_control,False,0.431,0.431,-0.02,1,35.86,34.11
2024-12-16,KGS,Small,GapFade_strongstock,0,NO-GO,-0.03621825023518359,-0.0728506787330318,-0.01512933138116148,0.764050913627019,0.9183954738234561,-0.05879650895728072,-0.0728506787330318,0.03018127309488948,0.03026480462464495,nogo_control,False,3.357,2.061,2.314,1,40.645,40.2712
2023-05-24,WYNN,Medium,GapFade_strongstock,1,NO-GO,-0.07305977618051133,-0.13558459188868152,-0.011091480172752213,1.5513339405948017,1.4193292841040053,-0.07616974972796522,-0.13558459188868152,0.037329982051713485,0.009991008092716554,nogo_control,False,2.745,0.686,0.106,2,101.74,100.13
2025-07-30,MMYT,Medium,GapFade_weakstock,1,NO-GO,-0.0384167636786961,-0.05591008667492133,-0.0012106537530266802,1.2392652123995413,0.6808161592100993,-0.03532846715328463,-0.19414634146341458,0.031383316038279735,0.004448784722222186,nogo_control,False,0.316,0.135,-2.0,2,98.73,98.35
2022-05-11,ICE,Medium,GapFade_weakstock,1,NO-GO,-0.15871631638615158,-0.290870332255219,-0.006426868456515026,1.0085186915960374,1.2075579858482968,-0.03346358080352673,-0.30989341154589023,0.04769158435635058,0.000317393144308095,nogo_control,False,0.824,0.061,-2.0,2,95.79,95.58
2025-11-14,CNM,Medium,GapFade_weakstock,0,NO-GO,-0.07655410590943966,-0.13185425685425678,-0.015582796592561812,0.8641148325358847,1.3661480356336466,-0.03932135728542912,-0.2835665376600179,0.031017185598527793,0.010068551842330738,nogo_control,False,0.703,0.541,-0.186,1,47.245,46.68
2023-03-10,WBS,Small,GapFade_weakstock,1,NO-GO,-0.12712191358024696,-0.19196428571428573,-0.028066298342541506,2.4887295081967227,2.025831714130119,-0.09572342126298959,-0.3038461538461538,0.030812943962115206,0.06668319286068412,nogo_control,False,1.925,1.925,1.346,1,41.67,40.34
2024-11-20,DNB,Small,GapFade_strongstock,0,NO-GO,-0.05524861878453033,-0.06080816006276961,-0.003341687552213945,0.303149606299211,0.4348520397612568,-0.01237623762376226,-0.06114701637698426,0.03031387993794009,0.03625632377740301,nogo_control,False,,,,0,,
2023-10-13,SN,Small,GapFade_strongstock,1,NO-GO,-0.038417822232325635,-0.09227467811158807,-0.01725768321512995,1.3391912197034033,0.4732781927346225,-0.045146726862302484,-0.20037807183364842,0.03618676122931445,0.022065474298023125,nogo_control,False,3.692,2.087,1.082,1,41.0,40.5747
2022-09-19,MGK,Medium,GapFade_weakstock,0,NO-GO,-0.019186890686579416,-0.13481419135271616,-0.00946388918261616,0.5654995914465883,1.0357265597035246,-0.026055612770339864,-0.2901216033628583,0.024495460656505385,0.018734987990392266,nogo_control,False,2.886,1.157,2.783,1,37.654,37.47
2023-09-26,BYND,Small,GapFade_weakstock,0,NO-GO,-0.0702274975272007,-0.2741312741312741,-0.015957446808510675,0.6345415041943079,1.0350641654917407,-0.04665314401622709,-0.7891904014352994,0.0528107902735562,0.012972972972972889,nogo_control,False,2.5,1.842,-0.333,1,9.43,9.25
2026-03-19,WST,Medium,GapFade_weakstock,0,NO-GO,-0.012682281984549897,-0.08041554444016921,-0.0072803347280335105,0.6925867565685839,1.2141563869988947,-0.005451292081061971,-0.3149899684723416,0.033438404064554686,0.012939391384978596,nogo_control,False,1.008,0.778,0.007,1,240.32,237.26
2022-12-16,SCHB,Medium,GapFade_weakstock,0,NO-GO,-0.029698717948717968,-0.05572676232064889,-0.0057278006434690965,0.9423241485538236,1.7932669491576343,-0.03114578866180647,-0.20465854337762793,0.019300772295150204,0.006836974789915915,nogo_control,False,0.818,0.238,-2.0,2,15.0567,15.0233
2024-12-20,MTN,Medium,GapFade_weakstock,0,NO-GO,-0.04638715432649422,-0.08884432188518425,-0.004567215099323085,0.5621163521869903,0.643625232161966,-0.039431259580316125,-0.24782185799134954,0.03465376421850309,0.021984419616866754,nogo_control,False,2.637,1.678,1.038,1,182.35,180.355
2025-01-08,SCS,Small,GapFade_weakstock,1,NO-GO,-0.058823529411764795,-0.19366450683945294,-0.011607142857142769,1.0465733163995306,0.9112132006837247,-0.03531438415159347,-0.24016282225237456,0.03967028061224489,0.027272727272727337,nogo_control,False,1.308,0.774,1.269,1,11.13,11.0
2026-03-27,PDM,Small,GapFade_weakstock,0,NO-GO,-0.01664145234493197,-0.2721164613661814,-0.004615384615384654,0.6845425867507864,1.14449645704701,-0.01664145234493197,-0.2972972972972973,0.03483516483516481,0.011876484560569958,nogo_control,False,3.5,0.621,-2.0,2,6.45,6.43
2024-10-17,ITUB,Small,GapFade_weakstock,0,NO-GO,0.0,-0.09092117285488827,-0.012919849420708224,0.7054843304843325,1.2074426489523802,-0.011167329237441246,-0.1471807499298694,0.021991677413628355,0.014718133851707758,nogo_control,False,3.65,1.635,1.989,1,5.4281,5.4015
2023-08-15,GLW,Medium,GapFade_weakstock,0,NO-GO,-0.001850709438618207,-0.10029888093417673,-0.00803461063040785,0.48595667572687745,0.6193334383835387,-0.009185548071034819,-0.14232706069440756,0.018759270704573595,0.0025149324111915076,nogo_control,False,0.5,0.183,-2.0,2,32.15,32.04
2025-07-10,CNA,Small,GapFade_weakstock,0,NO-GO,-0.024956217162872166,-0.07918131072979116,-0.0004490345756622367,0.9182736455463756,0.957766810821642,-0.014165559982293062,-0.14935064935064934,0.01711495285136957,0.003654636820465888,nogo_control,False,0.027,0.013,-2.0,2,44.55,44.52
2022-12-16,VDE,Medium,GapFade_strongstock,0,NO-GO,-0.028448915642780598,-0.11163053722902927,-0.019351553216771237,0.6369268995518794,0.6489781146778312,-0.022078353253652146,-0.11163053722902927,0.030547930256808204,0.01395064957712101,nogo_control,False,2.966,0.487,-2.0,2,116.16,115.37
2025-05-07,VNET,Small,GapFade_strongstock,1,NO-GO,-0.025677603423680417,-0.24655267512410364,-0.02196193265007326,0.7764889552320572,0.9495308823226276,-0.03531073446327684,-0.5765654060756354,0.07636582304957121,0.014492753623188383,nogo_control,False,1.375,0.216,-2.0,2,6.42,6.36
2026-06-01,MRNA,Medium,GapFade_strongstock,0,NO-GO,-0.0011641443538998777,-0.2066240753194351,-0.0025429116338206706,0.866398157635767,0.797544531580506,-0.008821676118462544,-0.2075566750629723,0.059679108770017864,0.04208144796380089,nogo_control,False,3.411,1.36,1.074,2,44.6,44.26
2026-04-23,OSW,Small,GapFade_strongstock,0,NO-GO,-0.0692431561996779,-0.08435643564356432,-0.0012975778546713294,0.9316402154987742,1.3144176376119192,-0.07073954983922821,-0.08435643564356432,0.03389118882847257,0.01999130812690123,nogo_control,False,8.8,1.125,5.938,2,23.225,23.025
2026-03-06,POET,Small,GapFade_strongstock,1,NO-GO,-0.07905686546463249,-0.138780804150454,-0.022590361445783053,1.201492537313433,0.9447330677796156,-0.05681818181818187,-0.2943676939426143,0.07207401032702239,0.003194888178913812,nogo_control,False,3.562,2.437,-1.0,1,6.53,6.37
2022-10-11,TFC,Medium,GapFade_weakstock,0,NO-GO,-0.05539803707742637,-0.13049588436057016,-0.007619487416301209,0.748986760335046,0.7395388118393911,-0.03498217468805705,-0.3718636693255983,0.030519180657716798,0.004854943753700374,nogo_control,False,1.154,0.229,-2.0,2,42.92,42.79
2026-05-21,MNTN,Small,GapFade_weakstock,0,NO-GO,-0.02891566265060243,-0.29236172080772604,-0.007444168734491377,0.35907859078590615,0.6905801448016021,-0.015873015873015754,-0.7519236688211757,0.09156327543424318,0.030379746835443065,nogo_control,False,1.875,0.41,0.875,2,7.95,7.91
2023-02-06,AEP,Medium,GapFade_weakstock,1,NO-GO,-0.02683571051241422,-0.0631611065907241,-0.0018456193681467995,1.6365467885494336,0.9142448011522802,-0.02683571051241422,-0.12774621212121207,0.02063123284271912,0.010091082915919971,nogo_control,False,3.75,0.601,-2.0,2,91.94,91.74
2026-06-10,ORCX,Medium,GapFade_weakstock,3,NO-GO,-0.2036130339355056,-0.3360078828828829,-0.0688997244011024,1.5560580831400384,1.282499959891112,-0.07236971484759094,-0.7402389999449309,0.14577803688785246,0.06216900759843433,nogo_control,False,4.133,1.652,-1.0,1,44.94,43.66
2024-01-17,AVXL,Small,GapFade_weakstock,0,NO-GO,-0.07430340557275535,-0.4277511961722487,-0.018394648829431492,0.32912735481052285,0.5806314339215312,-0.0049916805324458175,-0.6076115485564304,0.11482680363115147,0.05217391304347823,nogo_control,False,1.866,0.609,1.821,1,5.8599,5.75
2026-02-05,PANL,Small,GapFade_strongstock,0,NO-GO,-0.04431818181818188,-0.08287895310796072,-0.005945303210463818,0.8242961989265007,0.7635844654191754,-0.04431818181818188,-0.08287895310796072,0.06202819772379821,0.003107520198881337,nogo_control,False,0.667,0.154,-2.0,2,8.16,8.1
2026-05-19,XENE,Small,GapFade_strongstock,0,NO-GO,-0.034687275341480944,-0.10468411401900318,-0.0035375162911934037,0.8969009153128139,0.735931697849788,-0.04089285714285713,-0.1601250977326036,0.035248291087054816,0.02270577105014183,nogo_control,False,2.606,0.981,2.606,1,53.205,52.85
2022-12-20,IYT,Small,GapFade_weakstock,1,NO-GO,-0.03865142552150525,-0.0792366021981768,-0.002683445914684853,1.002413191344765,0.6527358635336945,-0.023581496205276595,-0.2320363153660957,0.02295192269560735,0.0014082523588227543,nogo_control,False,0.675,0.327,-2.0,2,53.5175,53.4563
2022-10-13,IDV,Small,GapFade_weakstock,0,NO-GO,-0.0563798219584569,-0.1669099319605685,-0.006738544474393626,0.236446546191525,1.157016189722874,-0.023255813953488268,-0.33767149577341576,0.028499229880631503,0.037272727272727284,nogo_control,False,22.248,2.825,14.338,1,22.04,22.0
2024-11-19,CZR,Medium,GapFade_weakstock,0,NO-GO,-0.10528893241919696,-0.2044415414761594,-0.019173508483853352,0.48449244352160176,0.9909825969658915,-0.06283662477558355,-0.3509192645883294,0.046318906873094076,0.04911591355599214,nogo_control,False,4.515,1.795,4.273,1,35.96,35.63
2024-09-19,GDRX,Small,GapFade_strongstock,0,NO-GO,-0.04046997389033949,-0.17831190609278932,-0.001360544217687046,0.9049773755656115,0.8669222714632162,-0.042968750000000014,-0.215581643543223,0.040591836734693916,0.0028328611898017653,nogo_control,False,0.333,0.034,-2.0,2,7.35,7.335
2023-09-26,FBIN,Medium,GapFade_strongstock,0,NO-GO,-0.03483353884093709,-0.13334717320600648,-0.0059086553816671585,0.7992277992277977,0.527700027386705,-0.016336789192585598,-0.1882291936738398,0.020680293835835167,0.00032467532467526006,nogo_control,False,2.6,0.645,-2.0,2,62.57,62.13
2026-01-23,CRCA,Small,GapFade_weakstock,1,NO-GO,-0.11299435028248588,-0.43727598566308246,-0.01433121019108278,0.5358368308666519,0.8128810098580068,-0.03975535168195731,-0.9059035061432424,0.15446997270245683,0.043333333333333356,nogo_control,False,,,,0,,
2022-02-08,WRE,Small,GapFade_weakstock,0,NO-GO,-0.027586206896551713,-0.10526315789473685,-0.0004171881518564043,0.7637497216655509,0.856002932954909,-0.01923076923076933,-0.11386321626617382,0.026765599856964063,0.00042211903756851036,nogo_control,False,1.75,0.218,-2.0,2,23.93,23.89
2022-02-04,CFLT,Medium,GapFade_strongstock,1,NO-GO,-0.07832633560156359,-0.19007633587786257,-0.0009425070688029402,0.8048413270951612,0.4803393751835286,-0.0713347921225383,-0.3296830578077288,0.08041189802971144,0.08467939304943718,nogo_control,False,4.389,1.854,2.963,2,62.79,61.65
2026-04-27,WAT,Medium,GapFade_weakstock,0,NO-GO,-0.0821929980451395,-0.10643635734471414,-0.007551553877432574,0.7526125843401851,1.0236004261446212,-0.07329983850708773,-0.2674468085106383,0.036726230815687676,0.00023355131456023347,nogo_control,False,0.287,0.088,-2.0,2,311.07,307.53
2023-04-06,IR,Medium,GapFade_strongstock,0,NO-GO,-0.05638645349836687,-0.09100845234625468,-0.005283293860448153,0.5614676503231703,1.9920588642360741,-0.058329044433007356,-0.09512034289482355,0.027904900710511917,0.0017474478064931271,nogo_control,False,8.444,0.945,-0.632,2,54.62,54.37
2024-07-23,NOG,Medium,GapFade_strongstock,0,NO-GO,-0.024873219029219854,-0.05322391559202804,-0.008915304606240699,0.981704168203613,0.7272879035143657,-0.030492196878751408,-0.07702857142857138,0.02397757022571287,0.004912099276111627,nogo_control,False,0.25,0.104,-2.0,2,39.82,39.72
2023-03-09,PRU,Medium,GapFade_weakstock,1,NO-GO,-0.04351777059773831,-0.11723045382536575,-0.0005278158978148121,1.1976864270157668,1.0241574993220388,-0.038859577922077906,-0.23740138464015453,0.0221229509432824,0.005208910561897361,nogo_control,False,0.417,0.095,-2.0,2,94.4,94.1477
2022-10-11,HAYW,Small,GapFade_weakstock,0,NO-GO,-0.06827731092436978,-0.24446337308347538,-0.004509582863585023,0.5483333333333318,0.3638684917983566,-0.04828326180257522,-0.6904013961605585,0.048316959252697717,0.052447552447552365,nogo_control,False,4.756,2.285,2.488,2,8.74,8.7
2025-11-07,HNI,Small,GapFade_weakstock,0,NO-GO,-0.010693857249440431,-0.16638725901089685,-0.0025138260432378437,0.9783710122645753,0.8756341795848732,-0.010939830929885572,-0.31906881205066756,0.03083279465632409,0.011989485157402094,nogo_control,False,7.308,0.776,-2.0,2,39.715,39.65
2025-04-09,ADSK,Medium,GapFade_weakstock,1,NO-GO,-0.0705891509066854,-0.1853190981341884,-0.0031820465583653947,1.792416584233681,1.0581665715408608,-0.02716793613294769,-0.2687526789541363,0.03806346747374214,0.11079029949988506,nogo_control,False,12.068,5.685,6.531,2,239.89,238.0
2023-09-07,CADE,Small,GapFade_weakstock,1,NO-GO,-0.05694857628559285,-0.14224971008890605,-0.009914375844975322,1.391386654046378,1.314515971015834,-0.06764705882352938,-0.245494729683781,0.0340082405201829,0.004826476672029439,nogo_control,False,3.75,0.402,-2.0,2,21.92,21.89
2024-05-23,TGNA,Small,GapFade_weakstock,0,NO-GO,-0.04440026507620941,-0.08964646464646464,-0.0048543689320388545,0.3869918699186991,0.7173565766084502,-0.013679890560875466,-0.16983304548071393,0.030463641767386557,0.0014265335235377728,nogo_control,False,1.0,0.137,-2.0,2,14.23,14.2
2026-05-28,LBTYA,Small,GapFade_strongstock,0,NO-GO,-0.01063829787234049,-0.05987558320373247,-0.003308519437551625,0.8111175635727845,0.8551649801723569,-0.007389162561576343,-0.10576923076923075,0.030592230887392182,0.02432885906040276,nogo_control,False,0.7,0.7,0.12,1,12.17,11.92
2026-01-05,SYK,Medium,GapFade_weakstock,1,NO-GO,-0.016246150368716978,-0.07550150684385912,-0.008817278419208435,1.312819935872194,1.2744973019318369,-0.016773974923754653,-0.14281493882173366,0.01276423114481014,0.01207091663523206,nogo_control,False,,,,0,,
2023-09-20,CHK,Medium,GapFade_strongstock,1,NO-GO,-0.02867959160261558,-0.06545253863134651,-0.009802763670721604,1.3367209878141537,0.651301214712343,-0.009128145114101828,-0.21097754170161215,0.020851710000168715,0.001433863066077244,nogo_control,False,0.882,0.686,-0.824,1,84.37,83.69
2023-10-06,SMTC,Small,GapFade_weakstock,1,NO-GO,-0.15440060698027316,-0.1762749445676275,-0.013907581875280338,2.112702960840498,1.355420765412968,-0.11336515513126497,-0.6597466035719738,0.05032686021918861,0.030937215650591432,nogo_control,False,2.29,1.284,1.194,1,22.29,21.98
2022-04-28,OR,Small,GapFade_weakstock,0,NO-GO,-0.13427561837455831,-0.14871438498957612,-0.001632653061224455,0.7126436781609166,0.8638206923586013,-0.043715846994535554,-0.18981481481481477,0.035510204081632656,0.02553542009884668,nogo_control,False,1.538,0.921,1.308,1,12.27,12.14
2022-12-15,BMO,Medium,GapFade_weakstock,0,NO-GO,-0.09456881839172776,-0.10879446640316211,-0.01363787559596412,0.7782370011180528,0.9790161536701127,-0.01775212372032232,-0.2653742771035269,0.025217556586888,0.005920528293293818,nogo_control,False,1.053,0.357,-2.0,2,89.22,88.84
2022-06-09,BVN,Small,GapFade_weakstock,0,NO-GO,-0.0738636363636364,-0.17258883248730958,-0.0024539877300612974,0.5637905920658073,0.6981079772804045,-0.03206650831353914,-0.3448553054662379,0.05114373356704643,0.00382653061224493,nogo_control,False,1.227,0.649,-0.636,1,7.95,7.84
2022-12-20,DWAC,Small,GapFade_weakstock,2,NO-GO,-0.21418701059419631,-0.42751677852349,-0.0035169988276669826,1.6726768831253835,1.0674697710151055,-0.15292949354518381,-0.9025142857142857,0.0767455200133981,0.013229104028863646,nogo_control,False,3.401,1.09,-1.0,1,17.169,16.96
2024-07-17,AMD,Large,GapFade_strongstock,0,NO-GO,-0.0354213071114249,-0.05195429303716355,-0.043649676147564063,0.7512366415980319,0.7750018227050604,-0.022355597158746777,-0.21887373515178177,0.039135696182162005,0.00037648239944784007,nogo_control,False,0.22,0.089,-2.0,2,168.3,166.68
2022-10-12,MCHP,Medium,GapFade_weakstock,0,NO-GO,-0.1135754688895506,-0.12925866354730228,-0.009907640638119166,0.9810791871058165,1.4287029926535062,-0.06690692572861177,-0.3383333333333334,0.04279117188437087,0.0013850415512466309,nogo_control,False,1.176,0.381,-2.0,2,58.99,58.49
2023-08-21,OTIS,Medium,GapFade_strongstock,0,NO-GO,-0.06467828418230555,-0.08321471586554248,-0.00035829451809388674,0.9265480070192978,0.9596321827946017,-0.01806027911340439,-0.08321471586554248,0.017014724198529292,0.006507592190889274,nogo_control,False,2.545,0.393,-2.0,2,83.315,83.16
2022-10-31,NUGT,Medium,GapFade_weakstock,1,NO-GO,-0.04354189535309176,-0.11778602767465401,-0.030604437643458327,0.5812949640287779,0.6956654086779148,-0.0329263780984092,-0.6845281197200096,0.066469013006886,0.0036130068245684406,nogo_control,False,2.276,0.558,-1.09,2,25.29,24.92
2024-08-06,SYF,Medium,GapFade_strongstock,1,NO-GO,-0.1432765707574868,-0.1689766470476552,-0.002513136851725075,1.2652078774617104,1.3964302890425269,-0.09864085667215813,-0.1689766470476552,0.037289076014230205,0.01721763085399449,nogo_control,False,2.829,1.321,0.895,1,43.94,43.56
2025-06-02,PCOR,Medium,GapFade_weakstock,0,NO-GO,-0.018556399766218527,-0.0828782086291643,-0.0019353878219442527,0.7037413291720381,0.850570195217405,-0.0017833259028088057,-0.24460188933873145,0.030460983857589493,0.019720496894409873,nogo_control,False,2.246,0.627,-1.0,1,67.29,67.005
2025-04-29,PPBI,Small,GapFade_weakstock,0,NO-GO,-0.021904761904761944,-0.09135147091351477,-0.009250243427458508,0.3937086957395076,0.7502996888632124,-0.03295668549905835,-0.321664464993395,0.05193663931005705,0.019017041244751693,nogo_control,False,8.182,0.852,6.0,1,20.3,20.245
2022-01-06,HRT,Small,GapFade_strongstock,1,NO-GO,-0.0741876149601471,-0.22404933196300109,-0.0033112582781456247,1.2547717842323647,0.7022436834752495,-0.0741876149601471,-0.22404933196300109,0.05700094607379378,0.05544147843942509,nogo_control,False,12.943,2.013,11.144,1,14.6767,14.61
2024-08-05,SCHF,Medium,GapFade_strongstock,0,NO-GO,-0.030970053749680083,-0.05727091633466129,-0.039091389329107155,0.9549959743468818,2.3289543616622366,-0.04200404858299604,-0.05727091633466129,0.01359104973209572,0.02034622240126243,nogo_control,False,2.686,2.686,1.772,1,18.2525,18.1213
2025-08-19,FWRD,Small,GapFade_strongstock,1,NO-GO,-0.07877604166666662,-0.12842623960578992,-0.0007067137809187128,1.1728653015740356,1.3424639884576839,-0.0718268284683502,-0.30840664711632454,0.06341872791519435,0.009193776520509123,nogo_control,False,3.375,1.204,-0.188,1,28.6,28.28
2023-09-07,TXRH,Medium,GapFade_weakstock,1,NO-GO,-0.03022452504317795,-0.11767786992579664,-0.0002968239833777276,1.2395221285745501,1.0539139268221298,-0.03513126491646785,-0.144634394041977,0.018438917864563465,0.020387866732968645,nogo_control,False,2.6,1.814,2.154,1,101.2,100.55
2026-05-13,NET,Medium,GapFade_weakstock,0,NO-GO,-0.14008838965104506,-0.2784687886279357,-0.0055677498795438304,0.5110309493935586,1.1619971180251887,-0.04762147555192986,-0.2815769230769231,0.08192301515070402,0.03698519515477795,nogo_control,False,0.732,0.495,0.349,1,190.895,185.75
2025-07-30,SBSW,Small,GapFade_strongstock,0,NO-GO,-0.04188481675392674,-0.07106598984771567,-0.01639344262295086,0.7467450650986998,0.7964200409228676,-0.009740259740259724,-0.07106598984771567,0.04089149102263858,0.007067137809187337,nogo_control,False,1.25,0.326,-2.0,2,9.02,8.972
2022-05-09,ZUO,Small,GapFade_weakstock,1,NO-GO,-0.10367346938775507,-0.29952153110047847,-0.02550091074681249,1.1100539169045351,1.1422088626434184,-0.12300319488817885,-0.5277419354838709,0.06153395784543326,0.010214504596527214,nogo_control,False,1.5,0.456,-2.0,2,10.77,10.67
2025-09-04,ARM,Medium,GapFade_weakstock,0,NO-GO,-0.06575673562237862,-0.21248801534036438,-0.0021686196925886215,0.6895960501519094,0.8380137303976403,-0.049815631552310134,-0.3037350993377484,0.03740618953410002,0.04007369875633348,nogo_control,False,3.504,1.857,3.046,1,131.56,130.26
2022-06-30,IAA,Small,GapFade_weakstock,1,NO-GO,-0.0668887038578963,-0.15601857662859303,-0.008923259964306877,1.0254167805411285,1.1163598721618397,-0.061418202121719785,-0.47916343919442295,0.03886929548737997,0.024062500000000098,nogo_control,False,4.154,1.251,1.897,2,32.32,32.2
2023-12-29,CART,Small,GapFade_strongstock,0,NO-GO,-0.015689512799339347,-0.13872832369942195,-0.002936241610738267,0.6610633676456696,0.5312179593109211,-0.014468788755684225,-0.44493597206053553,0.04441694630872481,0.0038494439692044425,nogo_control,False,1.719,0.766,-2.0,2,23.9854,23.75
2026-04-07,GGG,Medium,GapFade_weakstock,0,NO-GO,0.002609417625429947,-0.11030417850752557,-0.00248432509168352,0.5085983821209621,0.5857292915765192,-0.013076474022183357,-0.11662660675096663,0.021748322658058816,0.014082826112901212,nogo_control,False,1.191,0.883,0.735,1,84.47,83.79
2025-12-10,ADP,Medium,GapFade_weakstock,0,NO-GO,-0.010082036341332498,-0.08730074576750428,-0.003369089571312413,0.6860335013026467,0.7795865114657934,-0.012995451591942733,-0.21731763907137736,0.016934377437610993,0.00977300159638668,nogo_control,False,2.462,1.051,1.699,1,257.76,256.83
2026-02-27,LILAK,Small,GapFade_strongstock,0,NO-GO,-0.04039152855007874,-0.1090875,-0.010214246629158303,0.4411044946569882,1.0776185894407682,-0.04039152855007874,-0.1412891566265061,0.04914303352702186,0.033859463175685445,nogo_control,False,2.667,1.259,2.056,1,7.0636,6.9818
2022-10-13,FLYW,Small,GapFade_weakstock,0,NO-GO,-0.17925278219395874,-0.2566594672426207,-0.049878934624697224,0.6382153249272561,0.7675192398716758,-0.03278688524590177,-0.640306566800209,0.07132480110688343,0.10900473933649292,nogo_control,False,8.727,2.744,8.5,1,19.21,18.99
2024-08-05,JBL,Medium,GapFade_weakstock,2,NO-GO,-0.10942249240121577,-0.1575831888715064,-0.03563541457538658,2.1990542167972316,2.6193657835736657,-0.11582497559243807,-0.36523512170256145,0.04304564487911204,0.017789138713547897,nogo_control,False,11.294,1.393,5.647,1,96.1,95.845
2022-09-23,NE,Small,GapFade_weakstock,0,NO-GO,-0.13784021071115016,-0.1688531527719001,-0.03869653767820776,0.7508175277959452,0.6816795773880542,-0.04226267880364111,-0.23658979010106249,0.05560808844922898,0.02238532110091741,nogo_control,False,1.027,0.483,-2.0,2,27.96,27.85
2024-04-16,TPX,Medium,GapFade_strongstock,1,NO-GO,-0.07043300501765469,-0.12445300192543321,-0.0037984806077569935,1.252933151432469,1.105100505052769,-0.02627992992018677,-0.12445300192543321,0.026168104186896683,0.018560065266163505,nogo_control,False,1.917,1.058,1.528,1,49.39,49.03
2026-04-23,ASML,Medium,GapFade_strongstock,1,NO-GO,-0.02197020506879651,-0.057650883170798535,-0.003266004460884242,1.6632061675122327,1.379637332727745,-0.022241788012190938,-0.06693295071159883,0.04110608750378502,0.01544874411808938,nogo_control,False,0.931,0.255,-2.0,2,1442.4725,1434.39
2025-07-08,PG,Medium,GapFade_weakstock,0,NO-GO,-0.0039407949855710485,-0.06134861687818006,-0.006105919003115201,0.9536853487114849,0.8619496811400102,-0.0043424317617865305,-0.11045834949842047,0.012347574543836254,0.002858231707317001,nogo_control,False,3.286,0.701,-2.0,2,159.245,158.6
2023-08-16,WNC,Small,GapFade_weakstock,0,NO-GO,-0.07529995862639637,-0.11362284354550857,-0.0017897091722596284,0.551422319474835,0.5947657574289581,-0.07986825854261004,-0.2573763955342902,0.03651326302333014,0.0018058690744922213,nogo_control,False,1.762,0.908,-1.0,1,22.52,22.31
2022-05-09,XPO,Medium,GapFade_weakstock,0,NO-GO,-0.04299060931383151,-0.3262586575305986,-0.023298491730870667,0.9408700510999551,0.9424108484671543,-0.06206214747446803,-0.40901085292012884,0.04972546777136833,0.006530201766917461,nogo_control,False,0.734,0.53,-2.0,2,31.2597,30.7011
2026-05-14,RGTX,Small,GapFade_weakstock,1,NO-GO,-0.18731671554252197,-0.23656761903450074,-0.04285069914298614,0.8325417667765547,1.1435048539298172,-0.19877123238164077,-0.9558190514149063,0.16145241317095174,0.16674722087965196,nogo_control,False,1.588,0.462,-2.0,2,21.7811,20.98
2025-12-31,GLUE,Small,GapFade_strongstock,0,NO-GO,-0.09312890403180005,-0.16692749087115288,-0.006887914840325686,0.3188814513471313,0.5909904835718922,-0.0763447079236552,-0.16692749087115288,0.08278781644154218,0.0012771392081736637,nogo_control,False,4.628,0.539,-2.0,2,15.8764,15.8
2024-01-09,NXT,Medium,GapFade_strongstock,0,NO-GO,-0.10452283055615663,-0.1694098755519871,-0.009424842919284691,0.9265387160820665,2.0534708877991674,-0.017568850902184116,-0.1694098755519871,0.059206828695712185,0.04811767638992769,nogo_control,False,8.05,2.654,3.925,1,40.51,40.11
2024-06-24,BIDU,Medium,GapFade_weakstock,0,NO-GO,-0.0625396825396825,-0.21657233816766885,-0.0010159160176092495,0.5397193764599858,0.949195159688545,-0.025090789039286906,-0.4356605937062046,0.021123635366777926,0.0037330316742081255,nogo_control,False,0.456,0.456,-0.662,1,89.375,88.4
2024-01-17,FMC,Medium,GapFade_weakstock,0,NO-GO,-0.06598984771573606,-0.13326242212429726,-0.014551192145862523,0.9075490467881062,1.2142967760380887,-0.032071949770914654,-0.5755320732251824,0.030714786615908627,0.009463148316651428,nogo_control,False,0.692,0.255,-2.0,2,56.5796,55.94
2026-02-13,HWC,Medium,GapFade_strongstock,1,NO-GO,-0.0463263101026473,-0.06390030491846754,-0.004673558985979299,1.4007840209072258,0.5771372787788783,-0.019169329073482365,-0.06390030491846754,0.027095514597284924,0.025434109085669006,nogo_control,False,2.991,1.743,2.252,1,69.95,69.395
2022-05-09,STAA,Small,GapFade_weakstock,1,NO-GO,-0.13103155511532483,-0.29511019283746565,-0.033707865168539214,1.0444695748843715,1.0849953941137347,-0.03836517381772632,-0.6234363502575424,0.07888885011747739,0.010642201834862353,nogo_control,False,0.409,0.13,-2.0,2,60.005,59.26
2026-01-08,NFG,Medium,GapFade_weakstock,1,NO-GO,-0.04628619895795477,-0.061299940369707824,-0.0016516325752762731,1.1165741475019777,1.0602046797792382,-0.03977064779797493,-0.16381599915011158,0.020026044975225494,0.0038547508293690345,nogo_control,False,1.0,0.232,-2.0,2,79.0,78.56
2022-09-07,NWBI,Small,GapFade_strongstock,1,NO-GO,-0.037921348314606806,-0.09986859395532204,-0.005109489051094782,1.5852660300136383,1.1495306151452207,-0.030431705590941365,-0.09986859395532204,0.019108446298227333,0.010286554004408565,nogo_control,False,2.167,0.998,1.5,1,13.67,13.61
2022-09-20,HES,Medium,GapFade_strongstock,0,NO-GO,-0.03937699680511188,-0.07676364473785226,-0.0064854078323771614,0.844819038175509,1.2137720307047062,-0.03745498199279717,-0.08494693194354629,0.04192649871123307,0.01626916524701871,nogo_control,False,0.679,0.212,-1.0,1,118.38,117.6
2022-07-05,PXH,Small,GapFade_weakstock,0,NO-GO,-0.023218142548596096,-0.09640359640359639,-0.02100608070757319,0.7122567516004547,0.5134763309422478,-0.009309967141292536,-0.25830258302583026,0.018626707731185306,0.014797951052931019,nogo_control,False,12.0,1.455,4.458,2,17.61,17.58
2022-02-04,RVMD,Small,GapFade_weakstock,0,NO-GO,-0.0572450805008945,-0.2502223012626712,-0.0009487666034155396,0.4343113436740788,0.5717681840421547,-0.05682326621923951,-0.5856918238993711,0.09065803740851178,0.03947368421052625,nogo_control,False,1.167,0.587,-1.0,2,20.83,20.56
2022-08-24,VOD,Medium,GapFade_weakstock,0,NO-GO,-0.05953991880920156,-0.11997467553023106,-0.007913669064748288,0.6142082667418708,1.175781962707553,-0.034722222222222224,-0.27034120734908135,0.016398252826310373,0.0021849963583393563,nogo_control,False,0.333,0.044,-2.0,2,13.775,13.76
2025-04-02,VRTX,Medium,GapFade_strongstock,0,NO-GO,-0.03971948731155532,-0.06723368226600974,-0.0063951809217312845,0.8589628967367015,0.8990552636838007,-0.016135906959751544,-0.06759252135108099,0.026370543266198698,0.006400716047583836,nogo_control,False,2.265,0.82,0.237,1,482.715,480.415
2024-06-27,GOOS,Small,GapFade_strongstock,1,NO-GO,-0.01735849056603777,-0.11728813559322036,-0.000768049155145913,1.1611687087653195,0.7472478073355493,-0.020316027088036086,-0.4251655629139073,0.029103576914636813,0.022475835565389568,nogo_control,False,4.034,1.268,3.866,1,12.94,12.8805
2026-05-22,ALKS,Medium,GapFade_strongstock,0,NO-GO,-0.04890604890604887,-0.06597573306370069,-0.0010825439783492896,0.8956721123531096,0.787194540148377,-0.0013513513513512744,-0.06597573306370069,0.03776995940460082,0.006014215418261314,nogo_control,False,1.857,0.373,-2.0,2,37.0,36.86
2025-08-22,ZTO,Small,GapFade_weakstock,1,NO-GO,-0.050273768043802965,-0.0848920863309354,-0.0052410901467504125,1.4239325723948413,1.0022091118018723,-0.03343465045592706,-0.3061818181818182,0.028337825696316283,0.01380042462845019,nogo_control,False,,,,0,,
2022-08-19,HOOD,Medium,GapFade_weakstock,2,NO-GO,-0.07755102040816331,-0.12251941328731665,-0.031465093411996096,0.6701169713106175,0.7746498889325591,-0.06697247706422021,-0.8803529411764706,0.07043194268857988,0.007616974972796549,nogo_control,False,0.86,0.173,-2.0,2,9.72,9.55
2025-04-30,CLSK,Small,GapFade_weakstock,0,NO-GO,-0.06945975744211695,-0.09051724137931033,-0.03542654028436013,0.3959445037353238,0.7375095958696404,-0.06326304106548283,-0.6585760517799354,0.07929925524712253,0.03944020356234092,nogo_control,False,2.6,0.805,1.1,2,8.005,7.92
2026-06-24,APLX,Small,GapFade_strongstock,2,NO-GO,-0.07294188861985473,-0.24649446494464944,-0.0058765915768853975,1.2610893704287782,0.8265283236710774,-0.05550416281221094,-0.4895,0.17966629354974117,0.08637873754152832,nogo_control,False,1.234,0.434,-2.0,2,27.4617,26.5
2025-04-07,CYBR,Medium,GapFade_weakstock,2,NO-GO,-0.08107946026986512,-0.20979639996586083,-0.04568296025582458,1.1866315212319323,1.5144640405609056,-0.1134831785703955,-0.27206650831353923,0.046802589011849596,0.06011156151474214,nogo_control,False,5.249,4.437,4.414,1,294.415,288.63
2024-07-30,BAC,Medium,GapFade_strongstock,1,NO-GO,-0.028145695364238357,-0.07538253825382527,-0.0009734728644440557,1.0060887678256671,0.9606738794505753,-0.014155470249520064,-0.07538253825382527,0.021698014810694295,0.011516785101690734,nogo_control,False,1.551,1.167,-2.0,2,41.3701,41.035
2025-08-28,GCT,Small,GapFade_strongstock,0,NO-GO,-0.10528097494922138,-0.2339130434782609,-0.0011350737797957298,0.27049369851038396,0.6408148641777498,-0.05943060498220646,-0.2339130434782609,0.08532484730555105,0.01406175993291358,nogo_control,False,5.236,0.568,0.971,2,26.04,25.98
2023-09-21,IMGN,Small,GapFade_strongstock,1,NO-GO,-0.07548957675300065,-0.1283502084574151,-0.00922446190638878,2.047466324567028,1.1795028965409153,-0.06842775302355195,-0.29265345577573715,0.0380448045292596,0.03608605135322689,nogo_control,False,,,,0,,
2022-09-01,OC,Medium,GapFade_weakstock,0,NO-GO,-0.08497536945812796,-0.123350852729808,-0.00624005872996458,0.9122133780381168,2.1124319474285116,-0.028180737217597986,-0.19175237341772153,0.02669163272797189,0.015210559396606009,nogo_control,False,0.95,0.175,-2.0,2,80.92,80.63
2025-01-16,TXRH,Medium,GapFade_strongstock,1,NO-GO,-0.0113592500689275,-0.1258836721759057,-0.0008366333872497389,1.1398669850243766,0.9385236549827779,-0.005712067435669927,-0.1298291593865269,0.02177457909372685,0.0016570706361465383,nogo_control,False,2.897,0.52,-2.0,2,179.15,178.8
2025-01-14,SPTL,Medium,GapFade_weakstock,0,NO-GO,-0.000390777647518623,-0.0909446286483932,-0.0015637216575449238,0.6658892843991555,1.1996742866318708,-0.008911274699728805,-0.14576723993988985,0.009099743102870539,0.003930817610062809,nogo_control,False,1.005,0.173,-2.0,2,25.55,25.53
2022-07-12,VTV,Medium,GapFade_weakstock,0,NO-GO,-0.006829780846592589,-0.08926359256710253,-0.004685256555580779,0.374344062301545,0.6948050647596268,-0.006606110652353393,-0.12877740470077012,0.017764517278233017,0.004041174227983234,nogo_control,False,2.273,0.81,-2.0,2,132.097,131.68
2022-01-25,SPG,Medium,GapFade_strongstock,1,NO-GO,-0.09864889875994823,-0.11897726587469105,-0.0232717316906229,1.7603065115920422,2.111634705000606,-0.009021230414434053,-0.14621318373071535,0.03297291483328446,0.042175518318659455,nogo_control,False,0.304,0.089,-2.0,2,143.75,142.02
2022-01-21,TASK,Small,GapFade_weakstock,2,NO-GO,-0.37876288659793816,-0.4674787336138806,-0.036840358446730816,1.7185624696331525,6.947163398610624,-0.18080478520935298,-0.6475763711244221,0.1473533734768385,0.04538852578068264,nogo_control,False,3.091,0.795,0.205,2,30.14,28.82
2026-05-13,HBAN,Medium,GapFade_weakstock,0,NO-GO,-0.04578313253012057,-0.0867685211876621,-0.005681818181818173,0.9299516908212556,1.5455693737191103,-0.017369727047146472,-0.1858134155744024,0.026136363636363635,0.0009781545484185714,nogo_control,False,0.866,0.271,-2.0,2,15.74,15.68
2026-01-13,AXS,Medium,GapFade_strongstock,1,NO-GO,-0.018968353817865033,-0.08127336580944829,-0.0026635099141758926,1.0410982068053698,0.9418572518408561,-0.02416249518675386,-0.08127336580944829,0.018334953987513936,0.0074247355573637515,nogo_control,False,1.19,0.135,-2.0,2,99.915,99.81
2025-08-11,FIVN,Medium,GapFade_weakstock,1,NO-GO,-0.07613636363636357,-0.17906428811847863,-0.0024600246002460958,1.0849882371825428,1.129360205306671,-0.05902777777777782,-0.5601442741208296,0.0583837052656241,0.011141475719991615,nogo_control,False,1.333,0.338,-2.0,2,24.49,24.31
2022-06-10,FSR,Small,GapFade_weakstock,0,NO-GO,-0.05042016806722694,-0.22001725625539265,-0.004424778761061853,0.796878586183155,0.7367790606676767,-0.04540654699049646,-0.6193684210526316,0.08606589759797724,0.009029345372460505,nogo_control,False,6.792,0.54,0.273,2,8.9172,8.9
2024-12-16,LNG,Medium,GapFade_strongstock,0,NO-GO,-0.008054378695469946,-0.06591551765711653,-0.0026753027316248623,0.6913625318015358,0.7955753412530724,-0.00994423791821555,-0.06591551765711653,0.020570027222378672,0.003096860260136289,nogo_control,False,0.867,0.35,-2.0,2,212.965,211.22
2026-02-25,UE,Small,GapFade_strongstock,0,NO-GO,-0.019440493124703657,-0.05441243712848657,-0.0009671179883945635,0.921052631578946,0.6560312713057801,-0.015238095238095252,-0.1237288135593221,0.02362531085935341,0.02090422946037918,nogo_control,False,0.293,0.246,-2.0,2,20.84,20.635
2022-07-26,SFIX,Small,GapFade_weakstock,1,NO-GO,-0.08868501529051989,-0.13748191027496384,-0.03691275167785231,0.5612866416863267,0.5403991561618726,-0.10375939849624065,-0.9138728323699422,0.07772171620325982,0.008833922261484068,nogo_control,False,0.962,0.56,-0.615,1,5.79,5.66
2024-04-16,NTLA,Small,GapFade_weakstock,1,NO-GO,-0.07692307692307679,-0.31129807692307687,-0.013089005235602124,1.3013303141805825,1.3157383363525308,-0.08356657337065172,-0.5172704296545914,0.055051732734978806,0.00045871559633018396,nogo_control,False,0.7,0.112,-2.0,2,22.005,21.94
2022-10-11,ESRT,Small,GapFade_weakstock,0,NO-GO,-0.06725146198830409,-0.15328467153284675,-0.0047021943573668104,0.4889406286379523,1.0590132330611937,-0.031866464339908945,-0.4796084828711256,0.04808553515450067,0.04487179487179477,nogo_control,False,4.833,1.9,3.667,1,6.3,6.24
2026-06-24,LABD,Small,GapFade_weakstock,1,NO-GO,-0.21917808219178087,-0.4220101401729795,-0.013415892672858516,0.7377806081834097,0.9892745600016639,-0.14171833480956597,-0.9396261682242991,0.13426876013563321,0.04457142857142864,nogo_control,False,1.625,0.304,-2.0,2,9.275,9.17
2022-11-21,HUDI,Small,GapFade_weakstock,2,NO-GO,-0.1701244813278009,-0.9585234127558133,-0.028750000000000053,0.020087714883363205,0.34213175907036586,-0.04761904761904766,-0.9585234127558133,4.044760714285714,0.0,nogo_control,False,4.008,0.015,-2.0,2,7.505,7.21
2022-02-04,APTV,Medium,GapFade_weakstock,1,NO-GO,-0.06102684611550233,-0.2504121425729065,-0.019566206582739363,1.0958193469636854,1.1689158997891944,-0.05807557682691617,-0.27072617664952153,0.053254534029598476,0.026078857497671415,nogo_control,False,1.146,0.183,-2.0,2,131.64,129.28
2023-02-24,TDS,Small,GapFade_weakstock,0,NO-GO,-0.05895522388059708,-0.12002791346824847,-0.00951625693893729,0.783822510699272,0.47675921923797066,-0.04033485540334864,-0.41267157581939534,0.059692420981080775,0.004081632653061282,nogo_control,False,0.0,0.0,-1.0,1,12.43,12.354
2022-11-28,APTV,Medium,GapFade_strongstock,1,NO-GO,-0.008244332021735015,-0.07197334969755409,-0.033345928584923495,0.502810326760028,0.3149762533468534,-0.011301018025590677,-0.41452353299043193,0.0354140239129848,0.00979906958329204,nogo_control,False,0.222,0.222,-0.655,1,103.84,101.03
2023-05-11,WHD,Small,GapFade_weakstock,1,NO-GO,-0.06529992406985569,-0.1688048615800135,-0.01787164906580007,1.4296312459087948,1.8743489548707484,-0.035518412118046475,-0.42458709878466816,0.044321302850953564,0.010841654778887377,nogo_control,False,1.042,0.156,-2.0,2,36.12,35.8101
2024-10-10,BBIO,Medium,GapFade_weakstock,1,NO-GO,-0.094149554436265,-0.2707423580786027,-0.011976047904191513,1.3769472381738006,1.1959929741498851,-0.05877616747181968,-0.4724729241877257,0.048147073200537696,0.09714285714285718,nogo_control,False,9.035,3.724,7.072,1,22.9792,22.75
2023-02-07,CI,Medium,GapFade_weakstock,1,NO-GO,-0.08431746031746032,-0.14154761904761906,-0.005061711274441754,1.08995265649658,1.428304331339845,-0.043411932477697,-0.1519214371820882,0.02589174277393662,0.016639110704611878,nogo_control,False,3.083,1.104,2.571,1,285.6,284.27
2026-03-09,SVV,Small,GapFade_weakstock,0,NO-GO,-0.005694760820045437,-0.24870912220309802,-0.027491408934707928,0.7666098807495763,0.8238576469315069,-0.01689189189189193,-0.3714902807775378,0.06723940435280638,0.03921568627450984,nogo_control,False,0.7,0.123,-2.0,2,8.345,8.3
2025-03-31,SOXX,Medium,GapFade_weakstock,1,NO-GO,-0.0798341867837113,-0.19174091843728577,-0.021093915624337597,1.1746560552779342,1.1676956481047773,-0.04932735426008965,-0.2939679688669361,0.030681198703776606,0.033219855040632455,nogo_control,False,8.508,1.952,8.246,1,182.77,182.12
2023-08-09,ULCC,Small,GapFade_weakstock,0,NO-GO,-0.14972677595628417,-0.2639545884578997,-0.008997429305912633,0.7268085106382969,1.166837158617366,-0.03831891223732999,-0.48983606557377046,0.05393867058391482,0.006693440428380164,nogo_control,False,0.253,0.049,-2.0,2,7.715,7.65
2023-03-09,IFF,Medium,GapFade_weakstock,0,NO-GO,-0.061640183427535473,-0.24769151846785226,-0.0010228435049436208,0.756640565023794,0.7142446559427222,-0.041503267973856235,-0.4205847491110234,0.02643563391943892,0.005725636831035229,nogo_control,False,0.368,0.03,-2.0,2,87.445,87.35
2025-01-10,FITB,Medium,GapFade_strongstock,0,NO-GO,-0.017600741083835063,-0.13552068473609127,-0.013672795851013633,0.6231347912060643,1.1851583982715757,-0.012109920819748394,-0.13552068473609127,0.02307688421903415,0.0028045360321910713,nogo_control,False,2.783,0.663,-1.348,2,41.335,41.09
2024-03-14,JOBY,Small,GapFade_weakstock,0,NO-GO,-0.012915129151291565,-0.1794478527607362,-0.009345794392523333,0.8252639968121156,0.9615827171903025,-0.020146520146520207,-0.5534223706176962,0.04690654205607479,0.013888888888888945,nogo_control,False,1.2,0.241,-2.0,2,5.175,5.15
2022-07-12,SXC,Small,GapFade_weakstock,0,NO-GO,-0.026706231454006024,-0.22595870206489677,-0.012195121951219388,0.4444444444444463,0.8248459555201652,-0.02235469448584208,-0.33197556008146645,0.04801829268292682,0.03400309119010829,nogo_control,False,1.231,1.028,0.769,1,6.6,6.47
2022-04-07,PFSI,Small,GapFade_weakstock,1,NO-GO,-0.1290613718411552,-0.19368315508021394,-0.0020725388601036563,1.621670377456121,2.075026314642152,-0.08007626310772169,-0.32537862687635627,0.031183863804589207,0.004684838160136262,nogo_control,False,0.48,0.393,-2.0,2,48.765,48.15
2026-02-05,CERT,Small,GapFade_weakstock,0,NO-GO,-0.24653465346534648,-0.2542871141597256,-0.0013140604467806406,0.9169823232323236,1.6968963756158026,-0.08313253012048197,-0.5149776927979604,0.05947062136286838,0.010958904109589052,nogo_control,False,2.667,0.531,-2.0,2,7.71,7.51
2023-09-25,FLNC,Small,GapFade_weakstock,0,NO-GO,-0.13408913213448007,-0.21286425017768307,-0.011286681715575621,0.648566234680114,0.7358342822830458,-0.06500633178556364,-0.2927841634738187,0.054991938084488906,0.05483271375464683,nogo_control,False,1.407,1.378,1.0,1,22.11,21.52
2024-06-17,IJR,Medium,GapFade_strongstock,0,NO-GO,-0.02186507194916828,-0.06175495204804147,-0.0037256400458540364,0.6497471142977375,1.0263027203202764,-0.024508433510390414,-0.06175495204804147,0.01654034062994703,0.01677725775163963,nogo_control,False,0.269,0.093,-2.0,2,104.54,104.17
2025-09-10,AGRO,Small,GapFade_weakstock,0,NO-GO,-0.04111245465538088,-0.15323011211959428,-0.001261034047919267,0.803472147494532,1.1198876679576857,-0.04227053140096614,-0.3432712215320911,0.02511169158710138,0.029040404040404096,nogo_control,False,1.091,1.091,1.091,1,8.03,7.92
2025-03-28,TXG,Small,GapFade_weakstock,0,NO-GO,-0.0925747348119575,-0.2827743902439024,-0.006376195536663177,0.5404239376014712,0.9042997282344447,-0.034871794871794856,-0.8280493375970762,0.06685820555639896,0.02690582959641258,nogo_control,False,0.056,0.032,-2.0,2,9.46,9.28
2026-06-04,FETH,Small,GapFade_weakstock,1,NO-GO,-0.08845958312150493,-0.2581712867190733,-0.021751254880089266,1.0317825886688168,1.3834414907744785,-0.10125313283208018,-0.6307660626029654,0.043243566249701236,0.013172966781214228,nogo_control,False,6.111,0.725,3.111,2,17.73,17.54
2024-11-19,STAA,Small,GapFade_weakstock,0,NO-GO,-0.12446067042814471,-0.21906453522794558,-0.010614101592115148,0.6002453750324314,1.1205162124125647,-0.03352262319106073,-0.4992406985573273,0.06157451532546305,0.00460797614152141,nogo_control,False,0.671,0.317,-0.711,1,26.4,26.0201
2024-03-15,CG,Medium,GapFade_strongstock,1,NO-GO,-0.03751865273928796,-0.06945589447650462,-0.00996677740863778,1.7582269979852265,1.0712806829975183,-0.03977031050616768,-0.06945589447650462,0.023556399303907644,0.0023608768971331504,nogo_control,False,0.653,0.627,-1.0,1,45.18,44.675
2026-06-25,OLOX,Small,GapFade_strongstock,2,NO-GO,-0.12457912457912461,-0.543859649122807,-0.005769230769230817,0.6504216125810129,0.007821722312288951,-0.08931698774080557,-0.7625570776255708,0.1182664835164835,0.024459340834729743,nogo_control,False,0.305,0.212,-1.283,2,5.21,5.11
2024-10-11,GH,Small,GapFade_weakstock,0,NO-GO,-0.06488203266787658,-0.24032436417250275,-0.004366812227074229,0.5603313263494946,0.5972013761444322,-0.020902612826603384,-0.4980516317584024,0.03983225895889652,0.045830849077811736,nogo_control,False,4.383,2.068,3.812,1,20.655,20.4622
2022-07-12,EQIX,Medium,GapFade_weakstock,0,NO-GO,-0.026718590244782726,-0.06829696585871387,-0.005206160881185045,0.7090256738050454,0.3816392845286394,-0.02032569543239408,-0.26879108962338755,0.033249127708737475,0.00769101218211412,nogo_control,False,0.79,0.174,-2.0,2,646.3,643.94
2024-12-19,IQV,Medium,GapFade_weakstock,1,NO-GO,-0.0753401442889653,-0.15466336151564783,-0.0020945698277216613,1.616431696645598,1.1284069371912506,-0.03105180374448224,-0.2703549459366523,0.025851180813740382,0.014030814846190532,nogo_control,False,1.668,0.356,-2.0,2,189.945,189.42
2022-08-29,CL,Medium,GapFade_strongstock,1,NO-GO,-0.01931410177045936,-0.05488605178379678,-0.0030299204645877404,1.9496567505720912,0.7757278997457085,-0.022098765432098842,-0.07475762177315741,0.013792450448175737,0.01466088730239681,nogo_control,False,,,,0,,
2024-12-10,MAXN,Small,GapFade_weakstock,1,NO-GO,-0.1811764705882353,-0.5196687370600415,-0.014367816091953972,0.6656228010675324,0.5469043401819335,-0.11787072243346004,-0.9947634919082406,0.1618914203612479,0.030830931194385205,nogo_control,False,0.706,0.089,-2.0,2,6.55,6.48
2024-11-07,GPRE,Small,GapFade_weakstock,0,NO-GO,-0.08789514263685431,-0.15716728412653175,-0.0008453085376162119,0.9932632109421455,1.8067076699092999,-0.09694656488549615,-0.6582900057770076,0.08084897355391858,0.037168141592920347,nogo_control,False,0.637,0.146,-2.0,2,11.86,11.7501
2022-01-24,TEAM,Medium,GapFade_weakstock,0,NO-GO,-0.11521025480694082,-0.2909098653730992,-0.019487632508833876,0.605993763997952,1.0364819017835463,-0.03564369931166081,-0.414236333905988,0.07597834427057046,0.09819173424835295,nogo_control,False,,,,0,,
2024-04-26,TXT,Medium,GapFade_strongstock,1,NO-GO,-0.11303802758044289,-0.12775466173524413,-0.004593639575971738,1.7968875340927342,3.9793700952115194,-0.10894206549118383,-0.12775466173524413,0.027793117953895365,0.025972485768501093,nogo_control,False,1.709,1.55,1.052,1,85.385,84.32
2026-03-24,ADC,Medium,GapFade_strongstock,0,NO-GO,-0.050294744763577134,-0.07748538011695906,-0.0034337031167459738,0.8893259621518236,1.2878640324245703,-0.03749841108427612,-0.07748538011695906,0.017745830503358238,0.002131060202450674,nogo_control,False,2.725,1.038,-2.0,2,75.465,75.3
2022-09-26,KW,Small,GapFade_weakstock,0,NO-GO,-0.08816964285714295,-0.21705797795879256,-0.00673194614443081,0.8048533260714972,1.2132885997606215,-0.01684717208182919,-0.3541501976284585,0.028894474558489227,0.0012886597938144056,nogo_control,False,5.333,0.682,-2.0,2,16.06,16.03
2025-04-21,ACMR,Small,GapFade_weakstock,0,NO-GO,-0.01475826972010174,-0.3681462140992167,-0.025826446280991736,0.40976224783861553,0.671441179857306,-0.055609756097561004,-0.4372076663013556,0.09832349468713103,0.019390581717451404,nogo_control,False,1.267,0.112,-2.0,2,18.8261,18.6
2022-01-07,TSP,Medium,GapFade_weakstock,1,NO-GO,-0.2256756756756757,-0.32809568480300194,-0.008726003490401396,1.0177033149439874,1.2463332734710015,-0.1642357059509919,-0.6411532695133086,0.10769209673398153,0.0209251101321586,nogo_control,False,2.519,0.857,-2.0,2,28.18,27.66
2026-03-20,AGNC,Medium,GapFade_strongstock,0,NO-GO,-0.010576923076923192,-0.11293103448275867,-0.00048590864917385867,0.6717508280011901,0.8437974299940129,-0.019065776930410016,-0.1558654634946678,0.026942489240594197,0.0020554984583761125,nogo_control,False,2.714,0.686,-2.0,2,9.875,9.84
2026-05-13,RPM,Medium,GapFade_weakstock,0,NO-GO,-0.029914947697722183,-0.12317752054431384,-0.006147334475461044,0.681273885350317,0.9060311098032242,-0.015673048308699516,-0.2314900867410161,0.02825326442176186,0.0032011565468814773,nogo_control,False,7.3,0.524,-2.0,2,98.43,98.33
2022-08-23,HBI,Small,GapFade_weakstock,1,NO-GO,-0.12032816773017321,-0.1801189464740866,-0.015544041450777238,1.432558139534884,1.6084330313778057,-0.0930451127819549,-0.534715525554484,0.04774241302738712,0.008501594048884174,nogo_control,False,1.459,0.965,-0.567,1,9.56,9.41
2022-09-22,BKNG,Medium,GapFade_weakstock,1,NO-GO,-0.04292457078077911,-0.16397121769510184,-0.0003874467260752449,1.1618626143618431,0.958896230111624,-0.05059932001744629,-0.3347105307733663,0.04046900821545203,0.0032536443148688866,nogo_control,False,0.408,0.049,-2.0,2,72.218,71.6776
2022-08-02,HOOD,Small,GapFade_weakstock,1,NO-GO,0.0033296337402884974,-0.06995884773662567,-0.025442477876106047,0.7949672037520958,1.016657322218602,-0.007683863885839768,-0.8936470588235295,0.0456550252844501,0.05005688282138809,nogo_control,False,2.163,1.836,1.636,1,8.9607,8.79
2024-07-25,LUV,Medium,GapFade_weakstock,0,NO-GO,-0.0410810810810811,-0.10101351351351358,-0.025178504321683507,0.8806818181818166,0.9556085425134337,-0.03796095444685469,-0.3268403743991905,0.03307027433295753,0.08963911525029099,nogo_control,False,1.943,1.943,1.263,1,26.72,25.77
2025-05-22,EZPW,Small,GapFade_strongstock,0,NO-GO,-0.03381294964028782,-0.19096385542168684,-0.001489203276247176,0.7860062810323355,0.40206678345894187,-0.03381294964028782,-0.19096385542168684,0.03031432826295076,0.0019062142584826806,nogo_control,False,0.267,0.098,-2.0,2,13.4601,13.4
2026-01-08,EVLV,Small,GapFade_strongstock,0,NO-GO,-0.027472527472527496,-0.05347593582887705,-0.002824858757062212,0.7789988275272732,0.5223714502307941,-0.03146374829001362,-0.2053872053872054,0.050767756255044386,0.015669515669515716,nogo_control,False,3.438,0.767,1.75,1,7.06,7.02
2022-06-30,MCY,Small,GapFade_weakstock,1,NO-GO,-0.03546885391265798,-0.12029923170238582,-0.0043668122270741835,1.162125255684552,0.45795777190634845,-0.02814384632566462,-0.3590159104301709,0.02897314246314476,0.03674233559560029,nogo_control,False,10.852,2.334,10.778,1,42.865,42.73
2025-02-11,EXAS,Medium,GapFade_weakstock,1,NO-GO,-0.060111250672887036,-0.13961892247043364,-0.008972890416189499,1.0356034716480957,0.567688100060893,-0.03500368459837875,-0.34212509419743786,0.04074114983908799,0.0035377358490565982,nogo_control,False,0.021,0.009,-2.0,2,52.09,51.61
2022-04-07,MPWR,Medium,GapFade_weakstock,0,NO-GO,-0.07974478255302805,-0.1621332815232175,-0.003315942028985523,0.7732548333121054,1.381162818529567,-0.09120603544559876,-0.25646551724137934,0.052928910973084865,0.03427758681995965,nogo_control,False,1.817,0.26,-2.0,2,440.32,429.82
2023-08-09,NNOX,Small,GapFade_weakstock,0,NO-GO,-0.0965811965811965,-0.3601694915254237,-0.0179754020813623,0.6649504611906415,0.9440062827293704,-0.07036059806508346,-0.5341560158660202,0.07113866738748477,0.026865671641791,nogo_control,False,0.998,0.135,-2.0,2,10.5,10.35
2025-10-28,PSLV,Large,GapFade_strongstock,0,NO-GO,-0.04726368159203968,-0.15592751555087841,-0.004569190600522212,0.949114126420383,0.3877105017204991,-0.04962779156327547,-0.15592751555087841,0.04607842223051098,0.012807881773399034,nogo_control,False,3.25,0.555,2.25,1,15.285,15.225
2024-11-20,TRNO,Small,GapFade_weakstock,0,NO-GO,-0.024028382518948475,-0.09833134684147797,-0.005948446794448224,0.5191193511008092,0.6242677771008658,-0.002307945928123862,-0.15510261063800074,0.025463837220281376,0.005368226807582625,nogo_control,False,1.723,0.529,0.362,1,59.845,59.61
2024-12-18,BUD,Medium,GapFade_weakstock,0,NO-GO,-0.039517625231910866,-0.1236563690224291,-0.006181186015066646,0.7968090010254137,0.8500118403162314,-0.031068688002994508,-0.23292339605867526,0.014666381522668965,0.0005990415335463486,nogo_control,False,0.341,0.235,-2.0,2,51.61,51.35
2025-02-07,TECS,Small,GapFade_weakstock,0,NO-GO,-0.0779405779405779,-0.1418560606060605,-0.011035091591260206,0.41751324610076296,0.4352829330331675,-0.0483091787439613,-0.6409667194928684,0.0655159693539742,0.05473087818696882,nogo_control,False,19.852,1.826,16.185,1,442.6,441.25
2024-08-06,COOP,Small,GapFade_strongstock,1,NO-GO,-0.1251578947368421,-0.13191978274493416,-0.004331608711346402,1.0579377969369,1.0856912645352743,-0.045590261828203936,-0.13191978274493416,0.03963482132114067,0.00920654149000612,nogo_control,False,2.566,0.829,-0.585,2,83.37,82.61
2026-04-10,GLL,Medium,GapFade_weakstock,0,NO-GO,-0.0466601178781925,-0.17823878069432686,-0.0020607934054610584,0.3528471111729143,0.4890868899549175,-0.02901450725362673,-0.7113033441811486,0.0635151247516008,0.015104166666666623,nogo_control,False,1.504,0.098,-2.0,2,19.43,19.35
2026-03-23,PPLT,Medium,GapFade_strongstock,1,NO-GO,-0.06014023732470326,-0.19103992571959139,-0.0285222381635581,0.9742759795570693,1.5666557002532346,-0.05211336560953046,-0.3339576484978212,0.04812461569993855,0.020075312402561662,nogo_control,False,2.748,0.822,1.42,1,16.799,16.6772
2022-06-10,AMKR,Small,GapFade_weakstock,1,NO-GO,-0.05666829506595018,-0.08047619047619053,-0.01916105644743643,1.0305389166459646,0.9518490424879728,-0.06307617661329455,-0.34542372881355937,0.040201597987719176,0.01677709200671716,nogo_control,False,0.75,0.079,-2.0,2,18.85,18.775
2025-02-20,LOW,Medium,GapFade_weakstock,0,NO-GO,-0.030726915520628655,-0.0836100000482935,-0.002026917463920869,0.7441828902966385,1.2502870830033879,-0.020294690019460604,-0.14051775199470395,0.020482087840811715,0.009462947032075597,nogo_control,False,2.153,0.696,1.736,1,244.925,244.11
2022-03-29,AAAU,Small,GapFade_strongstock,0,NO-GO,-0.014470284237726156,-0.07292173067574137,-0.011012060828526526,0.8337615021719811,0.4962054254218463,-0.022051282051282036,-0.07292173067574137,0.016037905461083215,0.011158342189160514,nogo_control,False,12.5,1.653,3.459,2,18.85,18.825
2023-02-21,CFLT,Medium,GapFade_strongstock,1,NO-GO,-0.08891683132746547,-0.14670255720053835,-0.02641955835962138,0.71546365596854,0.5119109591921162,-0.13417548651416866,-0.7033918128654971,0.07771096214511042,0.016638935108153168,nogo_control,False,0.183,0.112,-2.0,2,25.1226,24.5344
2022-10-10,VIPS,Small,GapFade_weakstock,0,NO-GO,-0.05555555555555555,-0.2898913951545531,-0.015294117647058916,0.5230651925276388,0.7490146454392183,-0.04921700223713641,-0.536279323513366,0.05510504201680669,0.03057324840764334,nogo_control,False,3.286,0.499,-2.0,2,8.095,8.06
2023-04-05,HZO,Small,GapFade_weakstock,0,NO-GO,-0.03398058252427186,-0.21188118811881193,-0.00933237616654695,0.8145342774027103,0.7035252639254097,-0.030956521739130455,-0.49483227561196735,0.0467105937852528,0.003672420124862206,nogo_control,False,1.882,0.496,-0.353,1,27.4,27.23
2022-02-24,ZI,Medium,GapFade_weakstock,2,NO-GO,-0.05094924447888407,-0.18200033394556683,-0.0626658501735048,1.1646276977712786,0.9988618514696713,-0.06756756756756752,-0.38120500189465706,0.07817003470095939,0.18858885017421595,nogo_control,False,5.097,4.09,3.75,1,47.36,45.92
2026-03-19,SIGI,Small,GapFade_weakstock,1,NO-GO,-0.03316062176165806,-0.18256488884021466,-0.002411575562701056,1.037419354838706,0.9578104360761135,-0.025078369905956133,-0.22644833661519323,0.025957931404072855,0.006827802813054759,nogo_control,False,0.511,0.119,-2.0,2,74.685,74.46
2022-06-02,AIV,Small,GapFade_weakstock,1,NO-GO,0.0,-0.11814345991561191,-0.004784688995215209,1.1182108626198084,0.627190448594149,-0.020312500000000122,-0.2316176470588236,0.03565732513100934,0.029268292682926782,nogo_control,False,3.222,1.303,2.0,2,6.275,6.23
2024-10-31,GO,Small,GapFade_weakstock,1,NO-GO,-0.17458432304038002,-0.22734852695942181,-0.002877697841726685,3.2400631367484602,3.522259232136655,-0.17458432304038002,-0.6056737588652482,0.05013669064748199,0.05069801616458496,nogo_control,False,0.957,0.957,0.438,1,14.09,13.61
2024-06-07,DLTR,Medium,GapFade_weakstock,1,NO-GO,-0.07201255264679163,-0.08768368921003489,-0.0015128593040847353,1.2059976479811823,1.5377163201167694,-0.06591853699085613,-0.30248292985723146,0.03243112676235397,0.005148121387283304,nogo_control,False,1.366,0.492,-2.0,2,112.18,111.47
2025-02-24,CRSP,Medium,GapFade_weakstock,1,NO-GO,-0.08881704069988593,-0.14262705798138878,-0.02546441243999163,1.2657673632546538,0.9966228000052382,-0.09637872500943052,-0.47409440175631173,0.06810358708292334,0.032594235033259394,nogo_control,False,0.902,0.265,-2.0,2,47.5001,46.5
2022-02-04,MAXR,Small,GapFade_weakstock,0,NO-GO,-0.06776416539050534,-0.2318611987381703,-0.01396303901437371,0.6758524287354617,0.6989254854945509,-0.07379231647014066,-0.5356598016781082,0.07051100029334115,0.0513364446330081,nogo_control,False,5.619,1.394,4.762,1,23.78,23.57
2026-03-09,DOCS,Medium,GapFade_weakstock,0,NO-GO,-0.05271028037383178,-0.3839046924386093,-0.013417521704814517,0.8618031504859792,0.4748932159909705,-0.041603630862329856,-0.7026170637249148,0.05046228436125833,0.033238751520064724,nogo_control,False,4.813,1.221,4.188,1,24.83,24.67
2022-04-08,LEVI,Small,GapFade_weakstock,1,NO-GO,-0.037943085371942166,-0.15961622328826866,-0.005708354955889955,2.0205919125976513,2.8737226308635764,-0.022323693556570334,-0.3751621271076524,0.04417414189339461,0.009672219236969357,nogo_control,False,11.688,1.654,2.005,1,18.6699,18.61
2024-05-09,RUM,Small,GapFade_strongstock,0,NO-GO,-0.014641288433382086,-0.24720357941834442,-0.01337295690936118,0.5466347796378548,0.690005966450705,-0.021802325581395273,-0.40177777777777773,0.04349182763744429,0.03765060240963856,nogo_control,False,3.25,1.801,2.25,1,6.72,6.64
2023-08-08,BNTX,Medium,GapFade_weakstock,1,NO-GO,-0.07633158289572393,-0.12343152086855926,-0.005177664974619341,1.865181311810844,4.476854835287746,-0.07641819034224102,-0.4787946133291002,0.03189630166787528,0.04433042585941501,nogo_control,False,3.54,2.515,2.901,1,98.5601,97.45
2025-05-05,VIST,Medium,GapFade_weakstock,0,NO-GO,-0.09147222795787735,-0.12871287128712872,-0.01750000000000007,0.7719576417141157,0.533060784125515,-0.025902147442993174,-0.28652505269985407,0.06532094155844156,0.010633270321361125,nogo_control,False,2.808,0.726,0.178,1,42.685,42.32
2024-10-23,LBRT,Small,GapFade_weakstock,0,NO-GO,-0.06691851052347556,-0.20035149384885767,-0.010410641989589343,0.3587876595135262,0.9985927004816633,-0.023163841807909615,-0.30141414141414147,0.05480831198876309,0.008220786846741077,nogo_control,False,7.0,0.299,1.581,2,17.31,17.07
2025-04-16,CYBR,Medium,GapFade_strongstock,0,NO-GO,-0.06187215893147767,-0.0806522576032559,-0.005712918374061461,0.6510758342096921,1.4961823730691999,-0.043240613553113594,-0.20586698337292164,0.06399472719426058,0.014452814011880788,nogo_control,False,2.582,0.674,-2.0,2,332.02,329.245
2024-11-13,BNTX,Medium,GapFade_strongstock,0,NO-GO,-0.037392485287460475,-0.1435476075398744,-0.0049849510910457764,0.7835869923194146,0.7794985070756852,-0.039045553145336295,-0.1914214008669862,0.03937056594646887,0.05378580206068624,nogo_control,False,2.677,2.591,1.819,1,107.805,105.79
2022-10-13,JBL,Medium,GapFade_weakstock,0,NO-GO,-0.07751937984496131,-0.0865184711338558,-0.022584033613445364,0.6750401526650169,0.9776793035269258,-0.03724928366762179,-0.2078768548051588,0.03682735594237697,0.0699060693641618,nogo_control,False,12.935,3.901,10.71,1,55.67,55.36
2025-11-07,RBRK,Medium,GapFade_weakstock,0,NO-GO,-0.020807665982203915,-0.18762067007382166,-0.01789458968265065,0.9781075053479611,1.023192678996628,-0.01473829201101919,-0.30553398058252423,0.043879690839008605,0.04403145103645458,nogo_control,False,5.874,1.81,4.526,2,71.21,70.0849
2023-04-05,PK,Small,GapFade_weakstock,0,NO-GO,-0.00895765472312699,-0.14924851450541768,-0.013147082990961392,0.9788926277148949,0.808117784810754,-0.015372168284789604,-0.40850546780072905,0.04029170090386195,0.008445945945945915,nogo_control,False,1.857,0.269,-2.0,2,12.01,11.94
2024-06-07,GEO,Small,GapFade_strongstock,0,NO-GO,-0.07009345794392528,-0.0954545454545455,-0.000717875089734371,0.970654287307638,0.6740390984978933,-0.07687210072895959,-0.14592274678111583,0.034020613270433805,0.005102040816326422,nogo_control,False,1.375,0.465,-0.25,1,13.8,13.72
2024-10-31,KMB,Medium,GapFade_strongstock,0,NO-GO,-0.0025972098545562062,-0.08346403000340953,-0.0003719961312401082,0.5424687865182429,0.8011834377471105,-0.00892198790738835,-0.09976223167342024,0.01728081456524285,0.002315679390453442,nogo_control,False,0.9,0.336,-2.0,2,134.7,134.04
2024-12-20,MT,Small,GapFade_weakstock,0,NO-GO,-0.10054347826086955,-0.13818114190068811,-0.015537332757876693,0.5495675316034627,0.9310436654000875,-0.033375052148518866,-0.20130989314029643,0.02316727295147667,0.01666666666666662,nogo_control,False,4.222,1.438,3.111,1,22.89,22.8
2026-05-26,EDSA,Small,GapFade_strongstock,2,NO-GO,-0.12833333333333327,-0.4852362204724409,-0.002868068833652116,0.32951819206044153,0.10095258416091456,-0.04300091491308315,-0.4852362204724409,0.20607757443321492,0.0051813471502589565,nogo_control,False,0.198,0.145,-2.0,2,11.22,10.43
2024-08-05,ROKU,Medium,GapFade_weakstock,2,NO-GO,-0.0930192865676737,-0.19717182094242422,-0.061911930748964984,1.64787984170483,2.0153807419866783,-0.087098436694726,-0.5117603822124219,0.057436286897145035,0.0691060022635997,nogo_control,False,3.044,2.434,1.935,1,49.475,48.3301
2024-10-31,TME,Medium,GapFade_weakstock,0,NO-GO,-0.04033613445378155,-0.1871538998106681,-0.000875656742556899,0.5691883258312751,0.5195015475773955,-0.035472972972972965,-0.27584020291693084,0.04307605704278208,0.004512635379061436,nogo_control,False,2.8,0.57,-1.0,1,11.17,11.12
2023-02-17,AGQ,Small,GapFade_weakstock,0,NO-GO,-0.034272658035034355,-0.23476161738080872,-0.02641955835962138,0.6701880733678085,0.7493206772977808,-0.031321619556913684,-0.46099893730074387,0.04841736142406487,0.04922701383238409,nogo_control,False,20.833,2.091,17.506,2,24.71,24.6
2025-11-17,TFX,Medium,GapFade_weakstock,0,NO-GO,-0.04998668205629047,-0.21300382465431014,-0.0022429906542055598,0.7670667866829296,0.969700310567882,-0.04027267019463625,-0.5718372981733059,0.04509105473965289,0.0012532536392557162,nogo_control,False,1.415,0.251,-2.0,2,106.4032,105.7728
2024-12-10,TSMX,Small,GapFade_strongstock,0,NO-GO,-0.027362392618517323,-0.08609592255881181,-0.002289826627412505,0.8257784052909264,3.7731233973784555,-0.04944029850746258,-0.14489510489510488,0.05030889293892238,0.017442903371624973,nogo_control,False,1.308,0.222,-2.0,2,30.37,30.24
2023-03-09,BIGC,Small,GapFade_weakstock,0,NO-GO,-0.09646609360076407,-0.2935026138909634,-0.007399577167019057,0.48240864218524837,0.3547966438219614,-0.04251012145748987,-0.7660153351471679,0.0843634853518574,0.00993377483443707,nogo_control,False,1.667,0.505,-2.0,2,9.45,9.33
2025-02-18,LULU,Medium,GapFade_strongstock,1,NO-GO,-0.07908682221161817,-0.13379948974770856,-0.002727173557325188,2.351252651986578,2.1043153222740307,-0.07207207207207211,-0.2899165359515095,0.03238388084589131,0.05194181612766555,nogo_control,False,3.74,2.517,3.577,1,358.035,354.05
2022-10-21,YMM,Small,GapFade_weakstock,0,NO-GO,-0.1252032520325204,-0.2670299727520436,-0.02788104089219321,0.9359886201991463,1.3722681970145858,-0.08658743633276737,-0.7208095485210172,0.09333510355815186,0.07587548638132308,nogo_control,False,3.1,1.27,1.8,2,5.34,5.17
2024-05-24,EMBC,Small,GapFade_weakstock,0,NO-GO,-0.09854267869535044,-0.14987467359506804,-0.016166281755196372,0.8965980200770057,0.935280140657307,-0.05113221329437541,-0.5966464834653004,0.07126415924337401,0.027386541471048628,nogo_control,False,1.703,0.692,0.946,1,12.965,12.78
2022-07-14,FERG,Medium,GapFade_weakstock,0,NO-GO,-0.020467045352087244,-0.10731306491372228,-0.014635493372606806,0.6982186534898062,0.4616557712296954,-0.016387505658669102,-0.4085043828605651,0.026611482221754666,0.032203707170941884,nogo_control,False,5.172,2.106,4.931,1,107.4,106.82
2024-03-05,VFS,Small,GapFade_strongstock,2,NO-GO,-0.1214642262895174,-0.16850393700787392,-0.009469696969696935,1.8181818181818172,1.625020832866789,-0.1155778894472361,-0.9432258064516129,0.062499999999999986,0.021524990879241125,nogo_control,False,0.76,0.428,0.109,1,5.3,5.2079
2022-06-30,NUE,Medium,GapFade_weakstock,0,NO-GO,-0.055135615829257474,-0.23007246376811594,-0.02541176470588238,0.7416983523447411,0.6100331955931965,-0.03461748137379613,-0.43453964874933476,0.05304201680672271,0.021224569640062616,nogo_control,False,0.197,0.087,-1.0,1,103.91,102.69
2024-01-04,SNAP,Medium,GapFade_strongstock,1,NO-GO,-0.073399882560188,-0.1184357541899441,-0.001901140684410606,1.1293871136720797,1.040904051046223,-0.06792675723567633,-0.1184357541899441,0.04320568531595145,0.03283391775581758,nogo_control,False,2.051,1.176,1.641,1,15.88,15.685
2024-05-03,DG,Medium,GapFade_strongstock,1,NO-GO,-0.03585237258347975,-0.16433097733365828,-0.0029165147648560386,0.8388379526484512,0.836453206797165,-0.014656225303541864,-0.41323692992213573,0.021295713764908037,0.011216121796050495,nogo_control,False,2.713,0.81,1.529,2,137.67,136.32
2023-07-07,WEN,Medium,GapFade_weakstock,0,NO-GO,-0.019806540764624583,-0.0711479703186381,-0.002349624060150409,0.8698860216306479,0.792148671285899,-0.023853211009174292,-0.10962343096234299,0.017286855531686376,0.004239284032030139,nogo_control,False,1.421,0.736,-0.053,1,21.325,21.23
2022-04-22,GTLB,Medium,GapFade_strongstock,2,NO-GO,-0.12443150809532466,-0.2626015014554925,-0.011635154789112865,1.9220478951720354,1.3956603223340354,-0.11865958615638156,-0.6486861313868614,0.1127143747588377,0.03636754895631585,nogo_control,False,0.524,0.369,-2.0,2,49.06,47.17
2025-10-01,ORCX,Medium,GapFade_strongstock,3,NO-GO,-0.25663551401869156,-0.34297042788699816,-0.014332411365350833,0.45847164258763706,1.0927403435177798,-0.01875154206760425,-0.34297042788699816,0.12114569488846581,0.08294693456980948,nogo_control,False,,,,0,,
2023-02-07,HGV,Small,GapFade_strongstock,1,NO-GO,-0.02427385892116186,-0.06352050975706885,-0.0042526047203913,1.1047256052169223,1.1185849169604956,-0.05124066975993543,-0.15641104288976296,0.030603262355335507,0.03717232488182218,nogo_control,False,1.429,0.279,-2.0,2,46.97,46.83
2024-04-05,AGIO,Small,GapFade_strongstock,1,NO-GO,-0.04644808743169397,-0.21352112676056334,-0.004656160458452813,1.1761238025055272,0.6821183195224544,-0.02615974886641088,-0.21352112676056334,0.03471653704461728,0.0036429872495446786,nogo_control,False,1.0,0.829,-0.798,1,27.85,27.45
2022-04-25,SAIA,Medium,GapFade_weakstock,0,NO-GO,-0.04938498255920686,-0.29562999489882674,-0.01791232135959834,0.6695284727345894,0.5944250035246166,-0.024399434762129094,-0.43332421340629274,0.05141601831926282,0.0594088669950739,nogo_control,False,10.623,2.153,10.462,1,204.06,203.0
2022-11-28,NARI,Small,GapFade_weakstock,0,NO-GO,-0.09790714457541497,-0.10543893129770995,-0.001466666666666659,0.2641226283631672,0.28579850382975974,-0.017295597484276642,-0.25,0.04442380952380953,0.0005420788724758373,nogo_control,False,0.7,0.084,-2.0,2,75.015,74.8878
2025-09-25,A,Medium,GapFade_strongstock,0,NO-GO,-0.014187207735594882,-0.0505343511450382,-0.005788712011577415,0.7553185704186408,0.6490110698827898,-0.015435763476608905,-0.1914976599063963,0.020064606160843514,0.00919026328862394,nogo_control,False,0.379,0.089,-2.0,2,122.89,122.355
2023-05-31,LNTH,Medium,GapFade_strongstock,1,NO-GO,-0.11210762331838564,-0.1361470691766525,-0.0004591368227732582,1.4762104798638775,1.1827020860532473,-0.10965763924374032,-0.1361470691766525,0.03864472648563558,0.020146088595664562,nogo_control,False,0.441,0.134,-2.0,2,86.34,85.83
2026-04-10,MPC,Medium,GapFade_strongstock,1,NO-GO,-0.03783737247643232,-0.12608984634632678,-0.011095204008589916,1.5479522192783184,0.9818430733119499,-0.08923478119142686,-0.12608984634632678,0.04500022369362918,0.0260404664239296,nogo_control,False,0.724,0.169,-2.0,2,221.46,220.22
2022-06-30,MAT,Medium,GapFade_strongstock,0,NO-GO,-0.026304624522698387,-0.1336353340883352,-0.010457516339869213,0.6827820186598804,0.7362177563230888,-0.026717557251908358,-0.14968506854390512,0.03669467787114846,0.0063091482649840925,nogo_control,False,13.4,1.608,0.799,2,22.565,22.45
2026-03-24,POR,Medium,GapFade_strongstock,1,NO-GO,-0.059160658162322105,-0.06435006435006435,-0.003537040675967768,1.022915974759218,0.9925076940999016,-0.026215078453884377,-0.06435006435006435,0.021131010863767778,0.020412207689258843,nogo_control,False,1.887,1.866,0.972,1,50.99,50.46
2022-09-01,SPLV,Medium,GapFade_weakstock,1,NO-GO,-0.04111667425276883,-0.060083283759666754,-0.0034810126582279425,1.013927576601675,1.8219358466728033,-0.016801493466085848,-0.09481523918647938,0.012172242314647348,0.014315253698107296,nogo_control,False,12.429,2.27,4.338,2,62.98,62.9
2025-12-17,AI,Medium,GapFade_weakstock,0,NO-GO,-0.09437499999999999,-0.16986536808937258,-0.005175983436853076,0.5902131553782408,1.1594585087745226,-0.051080550098231786,-0.6785714285714285,0.04794094449373949,0.003571428571428622,nogo_control,False,0.727,0.116,-2.0,2,14.275,14.22
2025-07-31,TCBI,Medium,GapFade_strongstock,0,NO-GO,-0.02074023146556666,-0.09671282105485685,-0.0065527732272406755,0.7166480144132538,0.791950789982478,-0.011794634597594937,-0.09671282105485685,0.03330898331717431,0.003765465303926815,nogo_control,False,0.389,0.099,-2.0,2,85.32,84.68
2025-09-04,INTA,Medium,GapFade_weakstock,0,NO-GO,-0.06731377927832871,-0.07685881370091896,-0.004524886877828118,0.8137070195167776,0.3866155517383583,-0.03892150467492931,-0.43143812709030094,0.033195378151260516,0.046011560693641665,nogo_control,False,11.541,2.923,8.865,2,44.14,44.0
2023-10-12,VERA,Small,GapFade_weakstock,1,NO-GO,-0.171945701357466,-0.4346035015447992,-0.012750455373406244,1.2118797537124222,0.925558618986873,-0.10220768601798855,-0.5305686190679778,0.08980614103564918,0.01661779081133919,nogo_control,False,0.763,0.298,-2.0,2,10.82,10.775
2022-08-05,RES,Small,GapFade_weakstock,1,NO-GO,-0.1370558375634518,-0.19811320754716988,-0.016176470588235212,1.2558433354390413,1.2219725663743695,-0.12144702842377265,-0.47327652982184354,0.08314075630252102,0.08819133034379668,nogo_control,False,2.154,2.014,1.269,1,6.95,6.69
2023-02-28,BDX,Medium,GapFade_weakstock,0,NO-GO,-0.010525876112108977,-0.08071714075051423,-0.0018574021697834342,0.8791684711996527,0.4759559649776283,-0.011805439679626283,-0.15583351151022742,0.017405607183563213,0.0016227527010292688,nogo_control,False,4.907,1.025,-2.0,2,236.01,235.58
2022-07-14,GIL,Small,GapFade_weakstock,0,NO-GO,-0.04318100035984165,-0.17371037911746426,-0.018051899210229427,0.6135693215339225,1.6518208374010372,-0.021347073978652993,-0.3905569562227825,0.031872884543061315,0.026879626022594378,nogo_control,False,1.182,0.312,-2.0,2,25.87,25.77
2024-07-05,DXC,Medium,GapFade_weakstock,0,NO-GO,-0.04662126767941333,-0.07543815087630173,-0.0087912087912088,0.652657946006124,0.14815341184048889,-0.022556390977443698,-0.370024229837314,0.028202511773940373,0.024526198439241788,nogo_control,False,4.7,1.848,3.6,1,18.04,17.94
2022-12-09,DO,Small,GapFade_strongstock,1,NO-GO,-0.12148594377510048,-0.14634146341463414,-0.006857142857142914,1.0439970171513802,0.5475910576356071,-0.047878128400435205,-0.2732558139534883,0.054734693877551,0.008933889219773802,nogo_control,False,0.214,0.063,-2.0,2,8.73,8.66
2026-02-20,INTC,Large,GapFade_strongstock,0,NO-GO,-0.028521663400827395,-0.18278388278388286,-0.01636037651277447,0.42444924678449375,0.5952196130049261,-0.033780857514075405,-0.18278388278388286,0.06600163283601204,0.02868470149253724,nogo_control,False,2.904,0.427,-2.0,2,43.66,43.4
2022-05-18,NEA,Small,GapFade_weakstock,1,NO-GO,-0.03271812080536918,-0.1281663516068053,-0.0008673026886383163,1.2778386272362172,1.5824724425052017,-0.015371477369769555,-0.27937500000000004,0.01696815760128857,0.004397537379067785,nogo_control,False,4.8,1.228,-2.0,2,11.435,11.41
2024-01-16,ROKU,Medium,GapFade_strongstock,0,NO-GO,-0.068521324962113,-0.20938993017273066,-0.011388727484020965,0.5650455880317952,0.8059428105021686,-0.04058423458579553,-0.20938993017273066,0.04319017182701085,0.0066484625430369496,nogo_control,False,3.76,1.238,-2.0,2,84.875,84.27
2024-09-03,HRB,Medium,GapFade_strongstock,0,NO-GO,-0.020575495049504924,-0.07509130752373996,-0.0037908703206444793,0.5761904761904735,1.0063107087960168,-0.011399125546533478,-0.07509130752373996,0.0331701153056389,0.003663587129659077,nogo_control,False,1.143,0.268,-2.0,2,63.6,63.07
2022-09-15,QDEL,Medium,GapFade_weakstock,1,NO-GO,-0.03768350479713334,-0.20181401547474093,-0.0015615615615615069,1.0069098342653449,0.9331265267518952,-0.02608797379503982,-0.5376541152949017,0.03555015015015018,0.015605949768349198,nogo_control,False,0.667,0.514,0.158,1,83.16,82.02
2025-09-25,COLD,Medium,GapFade_weakstock,1,NO-GO,-0.10237923576063446,-0.19987146529562988,-0.004016064257028027,1.024680851063829,0.9482523111463342,-0.028861154446177924,-0.5911330049261084,0.03370625358577166,0.0028842192006592617,nogo_control,False,0.667,0.12,-2.0,2,12.385,12.3475
2022-12-16,VRT,Small,GapFade_strongstock,1,NO-GO,-0.05424696645253389,-0.17522564581388117,-0.012830188679245277,0.8727206381706321,0.7822043519296066,-0.05894886363636364,-0.5262781551662495,0.053184366576819395,0.019394879751745538,nogo_control,False,1.875,0.216,-2.0,2,13.015,12.975
2022-09-15,PLAB,Small,GapFade_weakstock,0,NO-GO,-0.004441624365482252,-0.3920960867880666,-0.0019120458891012978,0.37481450948062683,0.4658996879062446,-0.041539401343921895,-0.3920960867880666,0.08835473003733044,0.009132420091324239,nogo_control,False,1.158,0.159,-2.0,2,15.64,15.545
2025-11-21,UNIT,Small,GapFade_strongstock,0,NO-GO,-0.0653907496012758,-0.1592539454806312,-0.0017064846416383404,0.7339449541284411,0.7667640069519274,-0.04715447154471545,-0.2982035928143712,0.08370307167235494,0.022241231822070127,nogo_control,False,0.158,0.061,-2.0,2,5.945,5.85
2024-04-12,DQ,Small,GapFade_weakstock,0,NO-GO,-0.04192307692307692,-0.1704934082364577,-0.02007226013649137,0.819168267483515,0.4597678594543086,-0.07603857566765582,-0.551978417266187,0.0552302574984229,0.013900955690703749,nogo_control,False,0.226,0.178,-2.0,2,24.53,24.0
2024-11-18,ACIW,Small,GapFade_strongstock,0,NO-GO,-0.04687500000000003,-0.08901753502810639,-0.0012893718916927664,0.6928638792832454,0.6130427311161967,-0.04233550890809664,-0.08901753502810639,0.03515564560692576,0.013179877482829049,nogo_control,False,1.8,0.755,-0.325,2,54.5,54.22
2024-01-26,ESTC,Medium,GapFade_strongstock,0,NO-GO,-0.039596715180095866,-0.06123584343333994,-0.0040636640704368775,0.8297574467600759,0.9736454042039239,-0.03362513294608524,-0.06123584343333994,0.03718972231628848,0.016240497581202447,nogo_control,False,,,,0,,
2023-08-23,DCGO,Small,GapFade_strongstock,0,NO-GO,-0.1601150527325024,-0.19038817005545292,-0.0022831050228310015,0.8944182918628101,0.9088139700761086,-0.01793721973094172,-0.23225241016652062,0.060624592302674515,0.02080924855491326,nogo_control,False,0.633,0.359,0.133,1,8.8,8.65
2024-03-18,VCYT,Small,GapFade_weakstock,0,NO-GO,-0.08855291576673854,-0.2064685972169988,-0.0009478672985783472,0.7575326080765498,3.162490071159043,-0.04395106479383774,-0.30865006553079943,0.04160426540284359,0.02859866539561477,nogo_control,False,0.861,0.707,0.694,1,21.34,20.98
2022-10-11,GOOGL,Medium,GapFade_weakstock,0,NO-GO,-0.01968444778362137,-0.12327539867407279,-0.004394032291027924,0.6872989785875386,0.6187268864899897,-0.03510155787813057,-0.3542580302032511,0.030999532860354437,0.009033329872287452,nogo_control,False,8.155,1.566,-2.0,2,97.715,97.25
2023-09-27,MORF,Small,GapFade_weakstock,2,NO-GO,-0.5855033035367276,-0.6241409691629957,-0.05954055321143927,0.5559443404670847,4.2258142946327695,-0.4184841875681571,-0.6618713589347284,0.20576317728216462,0.1525252525252525,nogo_control,False,7.625,1.478,5.6,2,20.795,20.0
2023-07-18,IMO,Small,GapFade_weakstock,0,NO-GO,-0.032578466428287656,-0.05748016257015674,-0.0016427104722793716,0.7627118644067773,1.2827313121548345,-0.0298804780876494,-0.17436636432991434,0.02422997946611913,0.015971148892323515,nogo_control,False,5.744,1.901,2.974,1,48.72,48.525
2022-05-12,AMJ,Small,GapFade_strongstock,1,NO-GO,-0.053563111318118244,-0.10286975717439287,-0.006397637795275542,1.3069132540730979,1.3784133802501406,-0.017883035282745336,-0.10286975717439287,0.03991493250843646,0.016048144433299914,nogo_control,False,8.667,1.291,2.833,2,20.15,19.99
2026-01-02,NOW,Medium,GapFade_weakstock,0,NO-GO,-0.004289892752681161,-0.12462857142857144,-0.0007180625367190105,0.3771863117870693,0.5368381859119029,-0.008992107646526165,-0.36069076613609996,0.03219041712905542,0.012427904421862142,nogo_control,False,0.773,0.471,-0.793,2,146.425,146.1
2023-10-11,TZA,Medium,GapFade_strongstock,1,NO-GO,-0.0852554744525548,-0.11082730239818366,-0.0022342802425788936,0.9904992925005052,0.9585330930529157,-0.050606060606060654,-0.3455191142678086,0.04962564406547808,0.02831031178499028,nogo_control,False,3.789,1.556,1.696,1,309.999,306.814
2022-01-24,AMP,Medium,GapFade_strongstock,1,NO-GO,-0.07695628044644504,-0.09925685230315615,-0.028392010154318928,1.072594536953487,1.7194700671929561,-0.03992560048744505,-0.09925685230315615,0.029086302167336313,0.060427750960149317,nogo_control,False,4.345,1.459,-2.0,2,288.33,286.4
2023-08-21,DXCM,Medium,GapFade_weakstock,0,NO-GO,-0.07782608695652177,-0.2400573271228951,-0.0004714757190004447,0.46544980443285666,1.0622747951139462,-0.04596977329974811,-0.2400573271228951,0.041328214454098476,0.002202010531354753,nogo_control,False,0.091,0.011,-2.0,2,105.94,105.69
2025-02-04,MODG,Small,GapFade_weakstock,1,NO-GO,-0.03827160493827156,-0.1969072164948453,-0.005134788189987168,1.0094198432960637,1.1964568013943127,-0.04534313725490197,-0.538643766656796,0.0520768384375573,0.050980392156862585,nogo_control,False,5.457,1.633,5.457,1,7.7104,7.65
2024-06-17,LYB,Medium,GapFade_weakstock,1,NO-GO,-0.04238329238329239,-0.1259577649037562,-0.000962155227710107,1.1512647280575938,0.8965640104873576,-0.02471066624960891,-0.1259577649037562,0.020661290815235645,0.014962458812726249,nogo_control,False,0.475,0.149,-2.0,2,93.71,93.22
2024-04-26,DNOW,Small,GapFade_strongstock,0,NO-GO,-0.0232867598137059,-0.05746388443017654,-0.004768392370572226,0.5604483586869499,0.7922614163243049,-0.031023102310231063,-0.05746388443017654,0.03038633709614634,0.007554940324924425,nogo_control,False,3.0,0.27,-2.0,2,14.715,14.61
2025-11-18,COWG,Small,GapFade_weakstock,1,NO-GO,-0.04427010367049589,-0.07586020048767264,-0.005570214013485715,1.2937389054367114,1.157488694832389,-0.017852001151741938,-0.08220346507879712,0.019488126649076513,0.007735792918774115,nogo_control,False,0.163,0.106,-2.0,2,34.055,33.84
2022-01-24,OGI,Small,GapFade_weakstock,0,NO-GO,-0.18181818181818185,-0.31428571428571433,-0.048611111111111,0.8965163934426237,1.2013437721017317,-0.06493506493506498,-0.6923076923076923,0.07746031746031747,0.12307692307692301,nogo_control,False,0.786,0.746,-2.0,2,5.5216,5.32
2023-12-01,PDCO,Small,GapFade_weakstock,1,NO-GO,-0.21719038817005548,-0.220073664825046,-0.001967729240456541,1.0737239550798883,1.9668551648826227,-0.19153674832962136,-0.264118158123371,0.04050092764378477,0.054562852657759474,nogo_control,False,6.303,2.454,5.803,1,25.49,25.2901
2023-08-16,ARI,Small,GapFade_weakstock,0,NO-GO,-0.023299161230195712,-0.14063140631406312,-0.0019083969465648447,0.6177695067436652,0.7290832203321299,-0.025116279069767402,-0.19999999999999996,0.03552549073064341,0.0014513788098692588,nogo_control,False,0.818,0.242,-2.0,2,10.515,10.46
2024-11-19,ADNT,Small,GapFade_weakstock,0,NO-GO,-0.0775338626809902,-0.15562206070970502,-0.021772151898734163,0.600147819660013,0.7754846154834897,-0.03186274509803915,-0.5119841858166543,0.04893309222423147,0.0,nogo_control,False,1.6,0.508,-2.0,2,19.405,19.1486
2025-05-30,GLBE,Medium,GapFade_weakstock,0,NO-GO,-0.007585335018963401,-0.2733163619532516,-0.015605095541401225,0.6664280601288469,1.387496121092748,-0.012889028607356183,-0.5069869681268645,0.063557779799818,0.032393909944930355,nogo_control,False,,,,0,,
2023-05-16,EURN,Small,GapFade_weakstock,0,NO-GO,-0.03407053197848178,-0.12221618685497013,-0.0024752475247524224,0.9350447485701116,1.1338740775286134,-0.02119927316777719,-0.23047619047619047,0.0363989568599717,0.03546981953951464,nogo_control,False,2.348,1.841,1.478,1,16.3,16.07
2024-11-13,EMXC,Medium,GapFade_weakstock,0,NO-GO,-0.0280013413816231,-0.05540166204986147,-0.0020700362256339047,0.7302030847763412,1.11766697527765,-0.02374536881104755,-0.08347826086956524,0.011200128145099703,0.0017424638438752642,nogo_control,False,0.818,0.139,-2.0,2,57.745,57.69
2022-04-08,IAS,Small,GapFade_strongstock,1,NO-GO,-0.030653950953678427,-0.2611630321910696,-0.0028109627547435643,0.957659331348573,0.5112446000875209,-0.05196535642904726,-0.5205525606469003,0.06457534384097982,0.020994475138121558,nogo_control,False,0.0,0.0,-2.0,2,14.11,14.02
2022-06-13,DDM,Small,GapFade_weakstock,0,NO-GO,-0.09680867307985948,-0.15415415415415426,-0.04327979712595089,0.746643514929769,1.2400556170189692,-0.09083922533046423,-0.28467771193614705,0.03894577949523005,0.010307414104882465,nogo_control,False,0.059,0.027,-2.0,2,28.615,28.29
2026-04-23,HMY,Medium,GapFade_weakstock,0,NO-GO,-0.06301369863013691,-0.11490683229813659,-0.01520467836257319,0.7137019845273038,0.8788083554000055,-0.06761177753544158,-0.34382194934765914,0.050801750208855474,0.02352941176470604,nogo_control,False,1.15,0.269,-2.0,2,16.86,16.76
2022-12-20,NMRK,Small,GapFade_weakstock,0,NO-GO,-0.07591933570581254,-0.12274774774774783,-0.006418485237483931,0.8032128514056223,1.3863601584828613,-0.04064039408866985,-0.5921465968586388,0.04794608472400512,0.029508196721311428,nogo_control,False,3.846,1.347,1.615,2,7.69,7.65
2022-06-10,SLGN,Small,GapFade_strongstock,0,NO-GO,-0.025038436195914792,-0.05291231064646889,-0.007659382743861307,0.6936936936936902,0.7136921113157877,-0.02972677595628414,-0.05512984248616425,0.025005631899076366,0.002386634844868717,nogo_control,False,9.062,1.053,-0.817,2,43.64,43.5954
2022-05-09,EA,Medium,GapFade_weakstock,1,NO-GO,-0.0633682671216183,-0.11123959296947265,-0.008673779165582443,1.3211156908803494,0.9693700513242898,-0.06813773035887483,-0.22587792922849662,0.03354968216794915,0.003043867502238168,nogo_control,False,0.207,0.146,-2.0,2,114.51,113.1545
2023-03-13,SMTC,Small,GapFade_weakstock,1,NO-GO,-0.04865390853065196,-0.16628766344513932,-0.01534265257415613,1.0000000000000002,1.5096965142085068,-0.048036351833820205,-0.6816800520946387,0.03170814865325604,0.013393633675421743,nogo_control,False,3.786,1.158,-2.0,2,28.99,28.77
2023-03-24,FAS,Medium,GapFade_weakstock,1,NO-GO,-0.09129066107030429,-0.43380189604445896,-0.038876058506543555,0.7077251320479795,1.2342370966089455,-0.09129066107030429,-0.6665303950870352,0.11094976905311776,0.0611930798340568,nogo_control,False,3.985,0.92,2.657,2,50.29,49.68
2022-02-24,ABCL,Small,GapFade_weakstock,1,NO-GO,-0.17234468937875758,-0.3365461847389558,-0.04237288135593216,1.276515862586821,0.7788304045426498,-0.09825327510917034,-0.8016806722689076,0.06449152542372884,0.07643312101910824,nogo_control,False,6.529,2.176,5.706,1,7.935,7.85
2026-03-27,UA,Small,GapFade_strongstock,0,NO-GO,-0.02207130730050932,-0.27150391440170996,-0.005208333333333223,0.6565438921138669,0.7164282189970315,-0.023728813559322128,-0.27150391440170996,0.048919890873015896,0.009865470852017886,nogo_control,False,2.0,0.285,-2.0,2,5.745,5.72
2022-09-26,GBDC,Small,GapFade_weakstock,0,NO-GO,-0.06434911242603544,-0.12030598052851184,-0.004743083003952609,0.8987966577410709,1.9273989324096583,-0.03802281368821293,-0.22057917436845348,0.01750254093732355,0.0024469820554648743,nogo_control,False,0.167,0.091,-2.0,2,12.62,12.56
2023-03-17,LNC,Medium,GapFade_weakstock,1,NO-GO,-0.019512195121951275,-0.39424657534246577,-0.023518769787426484,1.4112769012771869,1.596856822423961,-0.05994897959183674,-0.7106020942408378,0.0679414615235511,0.0059464816650149155,nogo_control,False,0.412,0.095,-2.0,2,20.71,20.54
2026-03-05,AXGN,Small,GapFade_strongstock,0,NO-GO,-0.07061068702290084,-0.18833107869744078,-0.019849418206707676,0.8036596048915186,0.65188343990347,-0.04665579119086459,-0.18833107869744078,0.062228170528991905,0.03440936502305778,nogo_control,False,2.596,0.83,2.298,1,28.475,28.19
2022-07-11,SHW,Medium,GapFade_weakstock,0,NO-GO,-0.01038249096723286,-0.1437964859329525,-0.008602962776448793,0.4668222740913639,0.5041468433680639,-0.01833237208535889,-0.32714951291825495,0.03146376264215871,0.025210796152705467,nogo_control,False,1.197,1.122,0.707,1,239.495,236.01
2026-06-12,TYL,Medium,GapFade_weakstock,0,NO-GO,-0.05258432730537379,-0.19406486103155765,-0.008697712197102995,0.9329573574264867,1.4482066161927634,-0.0435064094263887,-0.5244471625840924,0.04200671063064456,0.0454068425103196,nogo_control,False,2.543,1.521,2.527,1,289.54,285.86
2024-03-19,MPWR,Medium,GapFade_strongstock,1,NO-GO,-0.06791258311101281,-0.13345755959647887,-0.016758119531365794,1.1477902014736268,1.1199890513508506,-0.02698412698412705,-0.13345755959647887,0.042825490985360495,0.015094987589953262,nogo_control,False,0.955,0.06,-2.0,2,653.94,647.04
2025-10-10,MOS,Medium,GapFade_strongstock,2,NO-GO,-0.06748466257668717,-0.09609406676577915,-0.08492822966507167,1.4834009519678955,1.1364897227861037,-0.05563400169443657,-0.12529427151451739,0.03890742481203004,0.0241268770035431,nogo_control,False,0.957,0.957,-0.122,1,30.455,29.635
2026-06-11,QCOM,Medium,GapFade_strongstock,0,NO-GO,-0.11669592534417453,-0.26438904278239467,-0.0014644351464435208,0.7276013954153357,0.7934762978437774,-0.12200945952151361,-0.26438904278239467,0.10634903616258218,0.06403837584209286,nogo_control,False,,,,0,,
2023-03-08,RJF,Medium,GapFade_weakstock,1,NO-GO,-0.018325581395348827,-0.12590077031392366,-0.0013266369752677018,1.1266282565130228,1.1184254792673365,-0.02232721882527327,-0.16246031746031744,0.02161606042966794,0.013799010277883545,nogo_control,False,6.38,1.4,4.633,1,105.33,105.08
2024-02-02,EQH,Medium,GapFade_strongstock,1,NO-GO,-0.01699544764795151,-0.05178723030533676,-0.004013584439641944,1.8519685039370117,1.19562287860711,-0.027035145689396172,-0.0692528735632183,0.01750430026904245,0.01845247325166711,nogo_control,False,4.207,2.16,3.172,1,32.39,32.245
2022-08-23,TREX,Medium,GapFade_weakstock,0,NO-GO,-0.07072582142194163,-0.2489370193331952,-0.0009988014382741562,0.50758115219619,0.7046407567272951,-0.08011760382212421,-0.6449086310043142,0.06572341761314993,0.01266085512660854,nogo_control,False,0.0,0.0,-2.0,2,50.3919,49.95
2024-12-24,BTU,Medium,GapFade_weakstock,0,NO-GO,-0.051401869158878406,-0.2907058001397624,-0.002463054187192153,0.8143868436101199,0.6839718340943859,-0.058004640371229696,-0.32197728790915164,0.035688247712878235,0.012115093387178293,nogo_control,False,4.769,0.858,2.692,1,19.875,19.81
2024-11-15,AEHR,Small,GapFade_weakstock,0,NO-GO,-0.08026208026208029,-0.3549684089603676,-0.013357079252003592,0.760083003206942,0.9516302377952529,-0.06416666666666664,-0.7883328621242108,0.08429271085103678,0.00936329588014978,nogo_control,False,1.191,0.6,-2.0,2,11.055,10.82
2025-03-07,INSP,Medium,GapFade_weakstock,0,NO-GO,-0.056573275862068964,-0.1379480110279638,-0.007138777841233581,0.9373410998738754,0.699964112433029,-0.03302407775568819,-0.3197358197358197,0.045086644366484484,0.05935729973413467,nogo_control,False,0.0,0.0,1.645,1,174.815,173.07
2024-09-30,NOW,Medium,GapFade_strongstock,0,NO-GO,-0.05880155409444113,-0.06734288071414977,-0.0028691638598759353,0.44965731230729467,0.7022578537706348,-0.009258114895003517,-0.06734288071414977,0.024748846907183947,0.020736801259957464,nogo_control,False,0.876,0.257,-2.0,2,177.04,175.4074
2025-11-17,AMZU,Medium,GapFade_strongstock,0,NO-GO,-0.12089671737389919,-0.1802474402730376,-0.015742909185532054,0.6791004124406619,0.432681982862923,-0.07841726618705043,-0.24066390041493776,0.07165347013122192,0.0319497542326598,nogo_control,False,0.0,0.0,-1.0,1,37.175,36.79
2023-08-11,ORI,Medium,GapFade_strongstock,0,NO-GO,-0.020581973030518036,-0.07661425225828034,-0.0010869565217391716,0.5965138799225334,0.41916955237554804,-0.007551240560949202,-0.07661425225828034,0.020043995859213272,0.00816845162461419,nogo_control,False,1.381,0.525,1.143,1,27.65,27.545
2022-05-10,VVV,Small,GapFade_weakstock,0,NO-GO,-0.06495615459564794,-0.12359208523592091,-0.01563042723167764,0.7522811760729959,1.2046230929605561,-0.04033333333333336,-0.24166995917292253,0.03670669379248747,0.012923768495972985,nogo_control,False,1.707,1.707,-2.0,2,27.65,27.07
2023-04-06,ZUMZ,Small,GapFade_weakstock,0,NO-GO,-0.03631578947368428,-0.2568993506493507,-0.0027307482250134986,0.5476190476190483,0.5820648436936899,-0.03377308707124014,-0.6146074510629341,0.045876570180229406,0.03013392857142852,nogo_control,False,2.05,0.979,1.7,1,18.12,17.92
2022-04-01,AEO,Medium,GapFade_weakstock,0,NO-GO,-0.07488986784140966,-0.25925925925925924,-0.004761904761904872,0.7050816696914697,1.003878903891055,-0.085465432770822,-0.5691202872531418,0.046853741496598635,0.009433962264150966,nogo_control,False,0.082,0.019,-2.0,2,16.47,16.355
2026-05-13,BBVA,Small,GapFade_strongstock,0,NO-GO,-0.021534320323014826,-0.09633312616532018,-0.01375515818431899,0.3705882352941198,1.0313254541511983,-0.021095152603231707,-0.16755725190839696,0.027837820134931565,0.013482101348210094,nogo_control,False,4.571,1.069,3.143,1,21.58,21.51
2025-11-03,PK,Small,GapFade_weakstock,1,NO-GO,-0.08776595744680854,-0.14250000000000007,-0.016520894071914476,1.4796852831162137,2.591342604335983,-0.06198723792160451,-0.36598890942698714,0.03767249757045679,0.01996007984031947,nogo_control,False,4.5,1.18,3.3,1,10.07,10.02
2022-09-26,NEA,Small,GapFade_weakstock,0,NO-GO,-0.05746140651801029,-0.14073494917904605,-0.0036396724294814305,0.7835468644639157,1.1985117973085768,-0.014349775784753376,-0.313125,0.011566359027687496,0.003734827264238949,nogo_control,False,0.0,0.0,-2.0,2,10.9688,10.94
2024-04-02,RXRX,Small,GapFade_strongstock,0,NO-GO,-0.11687087653157402,-0.4047013977128336,-0.04375667022411936,0.8261836669844302,1.0240706079120856,-0.07866273352999023,-0.44042997909823833,0.08396478121664887,0.011534025374855783,nogo_control,False,0.31,0.173,-0.619,1,8.88,8.67
2022-04-22,SLB,Medium,GapFade_strongstock,1,NO-GO,-0.05750057964294004,-0.086722084924736,-0.01672816728167281,2.020901371652515,1.6109917293420954,-0.06401105226801752,-0.12146098984223047,0.040353189246178145,0.04938271604938274,nogo_control,False,2.304,2.304,1.852,1,40.84,39.69
2023-03-15,VFC,Medium,GapFade_weakstock,1,NO-GO,-0.21617535903250198,-0.3544973544973546,-0.027965284474445434,0.8393824543371661,0.7729392539896061,-0.04775022956841151,-0.7292781621198278,0.04825148092023695,0.05872129112352581,nogo_control,False,2.455,1.83,2.345,1,20.5,20.1375
2022-01-24,EGHT,Small,GapFade_weakstock,0,NO-GO,-0.017676767676767638,-0.17889182058047487,-0.02570694087403601,0.9226544622425643,1.075199046086852,-0.010178117048346065,-0.5647552447552447,0.05015148733015054,0.07590321511435197,nogo_control,False,3.87,2.498,3.707,1,15.3304,15.085
2025-07-01,TSLG,Small,GapFade_strongstock,1,NO-GO,-0.20967741935483877,-0.2958083832335329,-0.12074829931972789,0.5593762107710191,0.6304133417374487,-0.05008077544426502,-0.7100448740075941,0.1003304178814383,0.05210320248970988,nogo_control,False,,,,0,,
2022-05-09,GLNG,Small,GapFade_strongstock,0,NO-GO,-0.035080645161290364,-0.10037255779157071,-0.0342666109486001,0.7671603784228082,1.0262357108857598,-0.029208924949290015,-0.10037255779157071,0.05556116052772969,0.013221712843000505,nogo_control,False,0.091,0.047,-2.0,2,22.34,22.01
2026-05-15,URNM,Small,GapFade_strongstock,0,NO-GO,-0.06688563750373251,-0.13596460911038907,-0.018559999999999945,0.8147040386470947,1.1516648973140473,-0.04580152671755725,-0.26427310182460273,0.05341817142857142,0.012626262626262626,nogo_control,False,2.658,0.308,-2.0,2,60.6,60.37
2023-03-10,AQUA,Medium,GapFade_strongstock,1,NO-GO,-0.025865580448065237,-0.06854917234664076,-0.003136107045787133,1.4249110320284704,1.4612632095810985,-0.012592898431048709,-0.06854917234664076,0.020982049520623623,0.011456157711601824,nogo_control,False,4.294,1.459,-2.0,2,47.64,47.57
2022-05-09,LBTYA,Small,GapFade_weakstock,1,NO-GO,-0.041171477079796216,-0.14658103513411405,-0.011066843736166445,1.0622054665409988,0.8308904146095921,-0.04964240639461505,-0.2612818835840418,0.033548346297350276,0.007144503341783874,nogo_control,False,1.091,0.32,-2.0,2,22.42,22.31
2025-04-21,QMCO,Small,GapFade_weakstock,1,NO-GO,-0.17768924302788847,-0.5770491803278688,-0.031007751937984523,0.5333977623313376,0.3590299632401555,-0.07857142857142849,-0.8861429832303618,0.14896456256921373,0.025000000000000022,nogo_control,False,0.935,0.195,-2.0,2,9.855,9.7
2022-12-16,HP,Small,GapFade_strongstock,0,NO-GO,-0.02149648615130217,-0.13057851239669419,-0.034009294465568364,0.6323975828639871,0.9739412998471159,-0.021698698078115253,-0.13280820663125115,0.04776585792745488,0.0344599072233266,nogo_control,False,,,,0,,
2022-04-11,SYNA,Medium,GapFade_weakstock,1,NO-GO,-0.2697168523492888,-0.30865432716358177,-0.03159671972986016,0.7439891640073734,0.8654641315357734,-0.02681767501907161,-0.44607368315574997,0.06556810350768381,0.0036114570361146484,nogo_control,False,1.023,0.424,-0.706,1,162.78,160.6
2023-03-13,XOM,Medium,GapFade_strongstock,1,NO-GO,-0.044588245722896915,-0.09905542088104986,-0.0226387084802375,1.5905880701508088,1.105046538249769,-0.020003637024913645,-0.09905542088104986,0.022661837605704734,0.027188584650983488,nogo_control,False,8.766,3.113,8.389,1,104.1439,103.72
2022-06-30,WAL,Medium,GapFade_weakstock,0,NO-GO,-0.03172064507530315,-0.12701273732275886,-0.026015141087405373,0.533765006599229,0.5383706358501361,-0.012639304158738688,-0.4184743456335548,0.03881063808868349,0.02274373460814129,nogo_control,False,13.1,1.908,5.9,2,70.275,69.76
2024-06-10,SONO,Small,GapFade_strongstock,0,NO-GO,-0.025497512437810847,-0.13016930335831256,-0.012125079770261615,0.6182152713891459,0.7571458785979349,-0.025497512437810847,-0.28707916287534124,0.024774364117057125,0.021810971579643096,nogo_control,False,4.0,2.086,2.2,1,15.23,15.13
2022-01-19,BKNG,Medium,GapFade_strongstock,1,NO-GO,-0.03040691668903374,-0.05322743969026119,-0.005054085000901759,1.2222242046853533,1.2796433789131927,-0.03040691668903374,-0.1127827662812723,0.025186689571328517,0.004377347648443216,nogo_control,False,,,,0,,
2023-08-23,EWBC,Small,GapFade_weakstock,1,NO-GO,-0.023397199705232186,-0.1659192825112108,-0.00018864365214106793,1.5184878249804143,0.9210321730956886,-0.032487680233619295,-0.3453939244257842,0.029754628506750733,0.025052192066805853,nogo_control,False,3.469,1.408,3.094,1,53.01,52.69
2025-02-03,HOLO,Medium,GapFade_weakstock,3,NO-GO,-0.16574585635359124,-0.8367567567567569,-0.07947019867549664,0.39672082054353514,0.5116188200680049,-0.10650887573964492,-0.9992327235772358,0.25273415326395454,0.05109489051094899,nogo_control,False,,,,0,,
