date,session,source,ticker,bucket,cap,setup_type,recommendation,score,score_str,atr_pct,gap_pct,prior_day_rvol,premarket_rvol,pct_change_3,prior_day_range_atr,pct_from_9ema,pct_from_50mav,open,high,low,close,volume,outcome_pct,max_favorable_pct,atr_move,mfe_atr,outcome_filled_date
2026-07-09,morning,priority_report,AMD,bounce,Large,GapFade_strongstock,NO-GO,0,0/6,0.07091041666666667,0.02047718904919749,0.464854940667227,0,-0.04356489448419519,0.6631820452074892,,,,,,,,,,,,
2026-07-09,morning,priority_report,HQ,bounce,Small,GapFade_strongstock,NO-GO,2,2/6,0.2642057479557479,0.0,0.880275932081614,0,-0.01899256812551599,0.47469317998211324,,,,,,,,,,,,
2026-07-09,morning,priority_report,AAPL,breakout,Large,D2_continuation,CAUTION,2,2/6 [REDUCED_SIZE],0.02854985771929984,-0.0036057308784581367,,,,,0.031400658531556006,0.05865415810533144,,,,,,,,,,
2026-07-09,morning,priority_report,SPCE,bounce,Small,GapFade_weakstock,NO-GO,1,1/6,0.10567148207597649,0.007547169811320762,1.6753323165112184,0,-0.007434944237918222,0.42531645569620286,,,,,,,,,,,,
2026-07-09,morning,priority_report,RXT,breakout,Small,D2_continuation,CAUTION,3,3/6 [REDUCED_SIZE],0.16004840791738384,0.009118541033434591,,,,,0.028654103204622642,0.31438299220079985,,,,,,,,,,
2026-07-09,morning,priority_report,FJET,bounce,Micro,GapFade_weakstock,NO-GO,2,2/6,0.11716198979591833,,0.2861375019354041,0,-0.07438016528925609,0.8297044254531605,,,,,,,,,,,,
2026-07-09,morning,priority_report,GOOGL,bounce,Large,GapFade_strongstock,NO-GO,0,0/6,0.03284727670399166,-0.0038129973474800936,0.6768865142050184,0,-0.01615455984282039,0.8291987990248397,,,,,,,,,,,,
2026-07-09,morning,priority_report,NVDA,bounce,Large,GapFade_strongstock,NO-GO,1,1/6,0.03266260475397681,0.0004899078973152769,0.3813343956925276,0,0.044336486832012204,1.5141618032874649,,,,,,,,,,,,
2026-07-09,morning,priority_report,CRWD,bounce,Large,GapFade_weakstock,NO-GO,2,2/6,0.2937449761554842,-0.0031393888656341268,2.761600429632135,0,-0.04443775704684515,0.18511803636017377,,,,,,,,,,,,
2026-07-09,morning,priority_report,EWY,bounce,ETF,GapFade_strongstock,NO-GO,0,0/6,0.0669903340600154,-0.02451838879159364,2.1195878234716723,0,-0.06115354227021325,0.7277839260610796,,,,,,,,,,,,
2026-07-09,morning,priority_report,BOT,bounce,Small,GapFade_strongstock,NO-GO,0,0/6,0.14754041718210126,0.003896882494004873,0.8178489632026327,0,-0.008584961515689733,0.6941733958985664,,,,,,,,,,,,
2026-07-09,morning,priority_report,GLW,bounce,Large,GapFade_strongstock,NO-GO,1,1/6,0.11441715900333935,0.057707982394174885,1.4848833548200273,0,-0.0007700205338809326,0.3735749597015001,,,,,,,,,,,,
2026-07-09,morning,priority_report,AVGO,bounce,Large,GapFade_strongstock,NO-GO,1,1/6,0.04270957693422199,0.014690370217911393,0.8950553813949529,0,0.05482749398234822,1.0804612908204878,,,,,,,,,,,,
2026-07-09,morning,priority_report,PLTR,bounce,Large,GapFade_weakstock,NO-GO,0,0/6,0.053615572018314774,-0.00995008319467546,0.8985281580694431,0,-0.01234042553191476,0.8092880870188227,,,,,,,,,,,,
2026-07-09,morning,priority_report,ORCL,bounce,Large,GapFade_weakstock,NO-GO,3,3/6,0.053752078183531005,0.01614776852445008,2.026357777794098,0,-0.006965776293822967,0.55971330168482,,,,,,,,,,,,
2026-07-09,morning,priority_report,LITE,bounce,Medium,GapFade_strongstock,NO-GO,2,2/6,0.09011246656997624,0.02662989676141978,0.8530064603680491,0,-0.007275213675213743,0.5461257013972698,,,,,,,,,,,,
2026-07-09,morning,priority_report,MSFT,bounce,Large,GapFade_weakstock,NO-GO,0,0/6,0.03380302803177936,-0.00558251160849373,1.0368249338047986,0,-0.014324869421316699,0.30886917960088817,,,,,,,,,,,,
2026-07-09,morning,priority_report,HYLN,bounce,Small,GapFade_strongstock,NO-GO,2,2/6,0.17316475495307612,0.014814814814814939,1.5900283547803105,0,-0.04195804195804189,0.4144963317576444,,,,,,,,,,,,
2026-07-09,morning,priority_report,MU,bounce,Large,GapFade_strongstock,NO-GO,0,0/6,0.10384103502618071,0.036625210792580104,2.0763798637837194,0,-0.0012185833968012647,0.5736645946921095,,,,,,,,,,,,
2026-07-09,morning,priority_report,IONQ,bounce,Medium,GapFade_weakstock,NO-GO,0,0/6,0.09296847512816658,0.0249911268855369,0.7581676598654149,0,-0.05449969306322889,0.5842974629451648,,,,,,,,,,,,
2026-07-09,morning,priority_report,WDC,bounce,Large,GapFade_strongstock,NO-GO,0,0/6,0.11565618987493988,0.03623478102852999,0.9496714607708475,0,-0.012503030512936008,0.5573768716324152,,,,,,,,,,,,
2026-07-09,morning,priority_report,STX,bounce,Large,GapFade_strongstock,NO-GO,0,0/6,0.10089204692766399,0.02509243971070445,0.9864337997897988,0,0.015364061456245862,0.574952820718731,,,,,,,,,,,,
2026-07-09,morning,priority_report,KEEL,bounce,Medium,GapFade_strongstock,NO-GO,2,2/6,0.14838589981447128,0.013157894736842216,0.786803997334717,0,-0.04545454545454541,0.46678336250729374,,,,,,,,,,,,
2026-07-09,morning,priority_report,IREN,bounce,Medium,GapFade_weakstock,NO-GO,0,0/6,0.10199993510917882,0.023834437856063213,1.1889759634184305,0,0.0027328626736507528,0.620121256846941,,,,,,,,,,,,
2026-07-09,morning,priority_report,MP,bounce,Medium,GapFade_weakstock,NO-GO,1,1/6,0.0606087420042644,0.011320754716981159,0.6680090142770023,0,0.011129975476325287,1.0973861497598978,,,,,,,,,,,,
2026-07-09,morning,priority_report,BE,bounce,Medium,GapFade_strongstock,NO-GO,0,0/6,0.14103235344809012,0.04306107200440449,1.0785756003054672,0,-0.10103372309778004,0.9190689624423274,,,,,,,,,,,,
2026-07-09,morning,priority_report,OKLO,bounce,Medium,GapFade_weakstock,NO-GO,1,1/6,0.08297457399504611,0.01247884940778334,0.7234803907999601,0,-0.0765817901234569,0.6999005536983058,,,,,,,,,,,,
2026-07-09,morning,priority_report,SMR,bounce,Medium,GapFade_weakstock,NO-GO,1,1/6,0.09571428571428567,0.013698630136986415,1.3015739123803252,0,-0.0759625390218521,0.6114528707812296,,,,,,,,,,,,
2026-07-09,morning,priority_report,RKLB,bounce,Medium,GapFade_strongstock,NO-GO,2,2/6,0.10097042922673657,0.04619076184763058,1.1216992211624455,0,-0.0632721022666237,0.6246719458206607,,,,,,,,,,,,
2026-07-09,morning,priority_report,DGXX,bounce,Small,GapFade_strongstock,NO-GO,2,2/6,0.11847874720357944,0.006756756756756612,0.7947969001690676,0,-0.05696202531645579,0.6325528700906343,,,,,,,,,,,,
2026-07-09,morning,priority_report,APP,bounce,Large,GapFade_weakstock,NO-GO,0,0/6,0.06503825595812093,-0.0070473782986708615,0.8609140166403317,0,-0.04650692362860657,0.5990065507663731,,,,,,,,,,,,
2026-07-09,morning,priority_report,OPEN,bounce,Medium,GapFade_weakstock,NO-GO,0,0/6,0.06817953268263828,0.00835073068893529,0.6631762329737255,0,-0.051080550098231786,0.9110036223239262,,,,,,,,,,,,
2026-07-09,morning,priority_report,CRML,bounce,Small,GapFade_weakstock,NO-GO,1,1/6,0.08252951937468818,0.016568047337278177,0.6929300506604283,0,-0.07235421166306695,1.100251889168766,,,,,,,,,,,,
2026-07-09,morning,priority_report,SNDK,bounce,Large,GapFade_strongstock,NO-GO,1,1/6,0.13339596780684104,0.0276867494991836,1.3809308353327687,0,0.017524348927729937,0.6110791375327169,,,,,,,,,,,,
2026-07-09,morning,priority_report,PL,bounce,Medium,GapFade_strongstock,NO-GO,2,2/6,0.08959515396264517,0.019819819819819846,0.5306973583116659,0,-0.08295528191834085,0.855832506986388,,,,,,,,,,,,
2026-07-09,morning,priority_report,RGTI,bounce,Medium,GapFade_weakstock,NO-GO,0,0/6,0.09367811301883645,0.013002364066193785,0.5500324907552931,0,-0.04565701559020046,0.5356110147248541,,,,,,,,,,,,
2026-07-09,morning,priority_report,CRWV,bounce,Medium,GapFade_weakstock,NO-GO,0,0/6,0.08922711598844711,0.009022222222222195,0.8758354136752229,0,0.05033541522091145,0.9046151947496719,,,,,,,,,,,,
2026-07-09,morning,priority_report,NBIS,bounce,Medium,GapFade_strongstock,NO-GO,0,0/6,0.12909593335779632,0.025083148558758348,1.0739768254497573,0,0.04173317059431033,0.9012946698498387,,,,,,,,,,,,
2026-07-09,morning,priority_report,CRDO,breakout,Medium,D2_continuation,CAUTION,3,3/6 [REDUCED_SIZE],0.11300526748356246,0.034752019792029104,,,,,0.04511856084131197,0.22425672708742564,,,,,,,,,,
2026-07-09,morning,priority_report,POET,bounce,Small,GapFade_strongstock,NO-GO,1,1/6,0.11809496845170686,0.0376028202115159,0.8529983065330101,0,-0.013407821229050192,0.6664885710567237,,,,,,,,,,,,
2026-07-09,morning,priority_report,U,bounce,Medium,GapFade_weakstock,NO-GO,0,0/6,0.052147452953412984,0.0023761031907671513,0.5038171623859632,0,-0.004047217537942578,0.7727702840603359,,,,,,,,,,,,
2026-07-09,morning,priority_report,TSLA,bounce,Large,GapFade_weakstock,NO-GO,0,0/6,0.051412610643409,0.0050753692331117085,0.38545344277259985,0,-0.05648331229006356,0.4478826076112685,,,,,,,,,,,,
2026-07-09,morning,priority_report,FIG,bounce,Medium,GapFade_weakstock,NO-GO,1,1/6,0.07343820598006645,-0.007844946931241426,2.1153405825718052,0,0.01992409867172684,0.5667793113744011,,,,,,,,,,,,
2026-07-09,morning,priority_report,IBIT,bounce,ETF,GapFade_weakstock,NO-GO,1,1/6,0.03761918138041731,0.010502412716434987,0.6053956922310103,0,-0.014396456256921264,0.37707873318612545,,,,,,,,,,,,
2026-07-09,morning,priority_report,ETHE,bounce,Medium,GapFade_weakstock,NO-GO,0,0/6,0.046650333400687,0.007122507122507224,0.41002039954152797,0,-0.024827586206896513,0.4017368894086572,,,,,,,,,,,,
2026-07-09,morning,priority_report,TEAM,bounce,Medium,GapFade_weakstock,NO-GO,0,0/6,0.0560020922252908,-0.0014040014040014573,0.8850311953667406,0,-0.001754385964912347,0.6401970204836155,,,,,,,,,,,,
2026-07-09,morning,priority_report,MSTR,bounce,Medium,GapFade_weakstock,NO-GO,1,1/6,0.09852524889048819,0.015020773410035118,1.0106152856008088,0,-0.05448050014885378,0.34727083472830145,,,,,,,,,,,,
2026-07-09,morning,priority_report,KWEB,bounce,ETF,GapFade_weakstock,NO-GO,1,1/6,0.02384140343206905,-0.010223400227186655,0.6448284600731625,0,0.021492770613520933,0.48137535816619076,,,,,,,,,,,,
2026-07-09,morning,priority_report,AXTI,bounce,Medium,GapFade_strongstock,NO-GO,2,2/6,0.1586959183673469,0.04790419161676651,1.479797641930084,0,-0.008186397984886698,0.7601639782295906,,,,,,,,,,,,
2026-07-09,morning,priority_report,CBRS,bounce,Medium,GapFade_strongstock,NO-GO,1,1/6,0.12439599706206389,0.07032797710763813,0.5699882484828972,0,0.012968074579449035,0.5844342829678951,,,,,,,,,,,,
2026-07-09,morning,priority_report,SOXL,bounce,ETF,GapFade_strongstock,NO-GO,2,2/6,0.2203911401098901,0.07081569614460585,0.9000409012754118,0,-0.03827382481376839,0.43337867604476504,,,,,,,,,,,,
2026-07-09,morning,priority_report,MRVL,bounce,Large,GapFade_strongstock,NO-GO,0,0/6,0.10497358133557053,0.036165897026455465,1.4675089095974863,0,-0.03682753640630644,0.4685930164506364,,,,,,,,,,,,
2026-07-09,morning,priority_report,META,bounce,Large,GapFade_weakstock,NO-GO,0,0/6,0.03812810111699004,0.007262236370871461,1.2122398383644373,0,0.012010861416981853,0.7766540900673649,,,,,,,,,,,,
2026-07-09,morning,priority_report,INTC,bounce,Large,GapFade_strongstock,NO-GO,1,1/6,0.09447884507437551,0.034252539912917365,1.2996710065436365,0,-0.06697217675941078,0.5644210506772124,,,,,,,,,,,,
2026-07-09,morning,priority_report,BRUN,bounce,Medium,GapFade_strongstock,NO-GO,1,1/6,0.1394096099978453,,0.6989385119705077,0,-0.07660167130919224,0.8847673020779665,,,,,,,,,,,,
2026-07-09,morning,priority_report,MXL,bounce,Medium,GapFade_strongstock,NO-GO,1,1/6,0.14137448315651147,0.03590935502614763,1.3798425944434018,0,-0.06835284280936461,0.659412785942503,,,,,,,,,,,,
2026-07-09,morning,priority_report,SIMO,breakout,Medium,D2_continuation,CAUTION,3,3/6 [REDUCED_SIZE],0.0927019991015274,0.015001595914458947,,,,,0.020710416199165253,0.16716184839251158,,,,,,,,,,
2026-07-09,morning,priority_report,STM,bounce,Medium,GapFade_strongstock,NO-GO,0,0/6,0.06415622750179985,0.013276918587685971,1.7150232243119548,0,-0.027174674324135,0.6284156071504713,,,,,,,,,,,,
2026-07-09,morning,priority_report,ON,bounce,Medium,GapFade_strongstock,NO-GO,1,1/6,0.09895414494107072,0.02166329032945932,1.2015784482371756,0,0.011952687717816015,0.4882954481251994,,,,,,,,,,,,
2026-07-09,morning,priority_report,NVTS,bounce,Medium,GapFade_strongstock,NO-GO,3,3/6,0.13623989218328839,0.03143712574850299,0.5088271857569301,0,-0.09520682862770853,0.44492721641796745,,,,,,,,,,,,
2026-07-09,morning,priority_report,NOK,bounce,Medium,GapFade_strongstock,NO-GO,1,1/6,0.06462526389866291,0.01924686192468623,1.331100065387669,0,-0.02637889688249401,0.5018194357480552,,,,,,,,,,,,
2026-07-09,morning,priority_report,DXYZ,bounce,Small,GapFade_weakstock,NO-GO,0,0/6,0.06668297847985347,0.004022526146420009,0.500715548174572,0,-0.021176470588235262,0.7209774394142914,,,,,,,,,,,,
2026-07-09,morning,priority_report,QCOM,bounce,Large,GapFade_strongstock,NO-GO,0,0/6,0.07330850823741818,0.017903087478559194,1.3131968407811327,0,0.018339768339768425,0.47517162823630893,,,,,,,,,,,,
2026-07-09,morning,priority_report,WOLF,bounce,Small,GapFade_strongstock,NO-GO,2,2/6,0.17425374002015348,0.027886224205242612,0.29273063656043646,0,-0.06612617177603242,0.4966376377723338,,,,,,,,,,,,
2026-07-09,morning,priority_report,RVI,bounce,Small,GapFade_weakstock,NO-GO,0,0/6,0.10917038690476187,,0.42685092107795747,0,-0.08271125709166924,0.5068410291361392,,,,,,,,,,,,
2026-07-09,morning,priority_report,AAOI,bounce,Medium,GapFade_strongstock,NO-GO,2,2/6,0.13338096843321856,0.03687521845508562,1.2259170840629787,0,-0.0380998702983139,0.4801925102605041,,,,,,,,,,,,
2026-07-09,morning,priority_report,LWLG,bounce,Small,GapFade_strongstock,NO-GO,2,2/6,0.12441848497324,0.014619883040935752,1.2949782007310768,0,-0.06216216216216215,0.7064565496132692,,,,,,,,,,,,
2026-07-09,morning,priority_report,FCEL,bounce,Small,GapFade_strongstock,NO-GO,3,3/6,0.21823113061754348,0.02528837622005325,8.696255775918438,0,-0.2226707029936092,0.5532068577255632,,,,,,,,,,,,
2026-07-09,morning,priority_report,ARM,bounce,Large,GapFade_strongstock,NO-GO,0,0/6,0.1068190704579194,0.04166666666666664,0.9452435394819929,0,-0.029450099304865966,0.6260539444220782,,,,,,,,,,,,
2026-07-09,morning,priority_report,ALAB,bounce,Medium,GapFade_strongstock,NO-GO,0,0/6,0.11423478076902739,0.03049648997863453,1.2338357230903296,0,-0.06375652816933963,0.5647957075773163,,,,,,,,,,,,
2026-07-09,morning,priority_report,UMC,bounce,Medium,GapFade_strongstock,NO-GO,0,0/6,0.08383169697321792,-0.005661140315406412,2.3579725883557323,0,-0.0480061943476577,0.48752767681107645,,,,,,,,,,,,
2026-07-09,morning,priority_report,AMAT,bounce,Large,GapFade_strongstock,NO-GO,1,1/6,0.09181373256373257,0.04119193689745837,1.571878109661972,0,0.0020411950269067234,0.5860203294465268,,,,,,,,,,,,
2026-07-09,morning,priority_report,CAR,bounce,Medium,GapFade_weakstock,NO-GO,1,1/6,0.06584293921250443,,0.2650658499308909,0,-0.032954545454545445,0.6147243478291649,,,,,,,,,,,,
2026-07-09,morning,priority_report,INOD,bounce,Medium,GapFade_strongstock,NO-GO,2,2/6,0.0885991951710262,0.028687337003767084,0.4769135753632991,0,-0.028993435448577742,0.6279267290127131,,,,,,,,,,,,
2026-07-09,morning,watchlist_report,WOLF,bounce,Small,GapFade_strongstock,NO-GO,2,2/6,0.17397055409379353,0.029559397657557232,0.29273063656043646,0,-0.06460602989612357,0.4966376377723338,,,,,,,,,,,,
2026-07-09,morning,watchlist_report,FCEL,bounce,Small,GapFade_strongstock,NO-GO,3,3/6,0.21870431173336644,0.023070097604259078,8.696255775918438,0,-0.22435250588631017,0.5532068577255632,,,,,,,,,,,,
2026-07-09,morning,watchlist_report,CRWD,bounce,Large,GapFade_weakstock,NO-GO,2,2/6,0.2938529422795635,-0.0035056508999582246,2.761600429632135,0,-0.04478884542080453,0.18511803636017377,,,,,,,,,,,,
2026-07-09,morning,watchlist_report,INOD,bounce,Medium,GapFade_strongstock,NO-GO,2,2/6,0.0885991951710262,0.028687337003767084,0.4769135753632991,0,-0.028993435448577742,0.6279267290127131,,,,,,,,,,,,
2026-07-09,morning,watchlist_report,NVTS,bounce,Medium,GapFade_strongstock,NO-GO,3,3/6,0.1366365148679559,0.02844311377245515,0.5088271857569301,0,-0.097833223900197,0.44492721641796745,,,,,,,,,,,,
2026-07-09,morning,watchlist_report,DGXX,bounce,Small,GapFade_strongstock,NO-GO,2,2/6,0.11847874720357944,0.006756756756756612,0.7947969001690676,0,-0.05696202531645579,0.6325528700906343,,,,,,,,,,,,
2026-07-09,morning,watchlist_report,HYLN,bounce,Small,GapFade_strongstock,NO-GO,2,2/6,0.17316475495307612,0.014814814814814939,1.5900283547803105,0,-0.04195804195804189,0.4144963317576444,,,,,,,,,,,,
2026-07-09,morning,watchlist_report,AXTI,bounce,Medium,GapFade_strongstock,NO-GO,2,2/6,0.1586959183673469,0.04790419161676651,1.479797641930084,0,-0.008186397984886698,0.7601639782295906,,,,,,,,,,,,
2026-07-09,morning,watchlist_report,AAOI,bounce,Medium,GapFade_strongstock,NO-GO,2,2/6,0.13378674839907756,0.03373033904229293,1.2259170840629787,0,-0.0410173476005188,0.4801925102605041,,,,,,,,,,,,
2026-07-09,morning,watchlist_report,LWLG,bounce,Small,GapFade_strongstock,NO-GO,2,2/6,0.12441848497324,0.014619883040935752,1.2949782007310768,0,-0.06216216216216215,0.7064565496132692,,,,,,,,,,,,
2026-07-09,morning,watchlist_report,FJET,bounce,Micro,GapFade_weakstock,NO-GO,2,2/6,0.11716198979591833,,0.2861375019354041,0,-0.07438016528925609,0.8297044254531605,,,,,,,,,,,,
2026-07-09,morning,watchlist_report,RKLB,bounce,Medium,GapFade_strongstock,NO-GO,2,2/6,0.10154101520668239,0.0403119376124775,1.1216992211624455,0,-0.06853582554517144,0.6246719458206607,,,,,,,,,,,,
2026-07-09,morning,watchlist_report,POET,bounce,Small,GapFade_strongstock,NO-GO,1,1/6,0.11809496845170686,0.0376028202115159,0.8529983065330101,0,-0.013407821229050192,0.6664885710567237,,,,,,,,,,,,
2026-07-09,morning,watchlist_report,PL,bounce,Medium,GapFade_strongstock,NO-GO,2,2/6,0.08975372945638437,0.018018018018018018,0.5306973583116659,0,-0.08457550226830847,0.855832506986388,,,,,,,,,,,,
2026-07-09,morning,watchlist_report,KEEL,bounce,Medium,GapFade_strongstock,NO-GO,2,2/6,0.14711220110361745,0.02192982456140363,0.786803997334717,0,-0.037190082644628045,0.46678336250729374,,,,,,,,,,,,
2026-07-09,morning,watchlist_report,SOXL,bounce,ETF,GapFade_strongstock,NO-GO,2,2/6,0.22174148892062467,0.0642947031232125,0.9000409012754118,0,-0.04413049062419729,0.43337867604476504,,,,,,,,,,,,
2026-07-09,morning,watchlist_report,HQ,bounce,Small,GapFade_strongstock,NO-GO,2,2/6,0.2642057479557479,0.0,0.880275932081614,0,-0.01899256812551599,0.47469317998211324,,,,,,,,,,,,
2026-07-09,morning,watchlist_report,ARM,bounce,Large,GapFade_strongstock,NO-GO,1,1/6,0.10720800154842888,0.03788768984812155,0.9452435394819929,0,-0.03297107745779539,0.6260539444220782,,,,,,,,,,,,
2026-07-09,morning,watchlist_report,CBRS,bounce,Medium,GapFade_strongstock,NO-GO,1,1/6,0.12439599706206389,0.07032797710763813,0.5699882484828972,0,0.012968074579449035,0.5844342829678951,,,,,,,,,,,,
2026-07-09,morning,watchlist_report,SPCE,bounce,Small,GapFade_weakstock,NO-GO,1,1/6,0.10567148207597649,0.007547169811320762,1.6753323165112184,0,-0.007434944237918222,0.42531645569620286,,,,,,,,,,,,
2026-07-09,morning,watchlist_report,RVI,bounce,Small,GapFade_weakstock,NO-GO,0,0/6,0.10917038690476187,,0.42685092107795747,0,-0.08271125709166924,0.5068410291361392,,,,,,,,,,,,
2026-07-09,morning,watchlist_report,BOT,bounce,Small,GapFade_strongstock,NO-GO,0,0/6,0.14754041718210126,0.003896882494004873,0.8178489632026327,0,-0.008584961515689733,0.6941733958985664,,,,,,,,,,,,
2026-07-09,morning,watchlist_report,ON,bounce,Medium,GapFade_strongstock,NO-GO,1,1/6,0.09895414494107072,0.02166329032945932,1.2015784482371756,0,0.011952687717816015,0.4882954481251994,,,,,,,,,,,,
2026-07-09,morning,watchlist_report,LITE,bounce,Medium,GapFade_strongstock,NO-GO,2,2/6,0.09022805911330048,0.025314665535284935,0.8530064603680491,0,-0.008547008547008548,0.5461257013972698,,,,,,,,,,,,
2026-07-09,morning,watchlist_report,BRUN,bounce,Medium,GapFade_strongstock,NO-GO,0,0/6,0.13637002341920376,0.022289257583375202,0.6989385119705077,0,-0.05601980810894466,0.8847673020779665,,,,,,,,,,,,
2026-07-09,morning,watchlist_report,NBIS,bounce,Medium,GapFade_strongstock,NO-GO,0,0/6,0.12987285288465122,0.01895094235033269,1.0739768254497573,0,0.03550136137451882,0.9012946698498387,,,,,,,,,,,,
2026-07-09,morning,watchlist_report,BE,bounce,Medium,GapFade_strongstock,NO-GO,0,0/6,0.14140553953493393,0.040308309410515664,1.0785756003054672,0,-0.10340620233858665,0.9190689624423274,,,,,,,,,,,,
2026-07-09,morning,watchlist_report,DXYZ,bounce,Small,GapFade_weakstock,NO-GO,0,0/6,0.06668297847985347,0.004022526146420009,0.500715548174572,0,-0.021176470588235262,0.7209774394142914,,,,,,,,,,,,
2026-07-09,morning,watchlist_report,MRVL,bounce,Large,GapFade_strongstock,NO-GO,0,0/6,0.10548764081222639,0.03111648180915791,1.4675089095974863,0,-0.04152124202671811,0.4685930164506364,,,,,,,,,,,,
2026-07-09,morning,watchlist_report,INTC,bounce,Large,GapFade_strongstock,NO-GO,1,1/6,0.09490837004405285,0.02957184325108858,1.2996710065436365,0,-0.0711947626841244,0.5644210506772124,,,,,,,,,,,,
2026-07-09,morning,watchlist_report,NOK,bounce,Medium,GapFade_strongstock,NO-GO,1,1/6,0.06472889390121411,0.0176150627615064,1.331100065387669,0,-0.027937649880095845,0.5018194357480552,,,,,,,,,,,,
2026-07-09,morning,watchlist_report,EWY,bounce,ETF,GapFade_strongstock,NO-GO,0,0/6,0.06715989168601802,-0.026981173380035063,2.1195878234716723,0,-0.06352383460626812,0.7277839260610796,,,,,,,,,,,,
2026-07-09,morning,watchlist_report,WDC,bounce,Large,GapFade_strongstock,NO-GO,0,0/6,0.11559914442172672,0.03674613846992553,0.9496714607708475,0,-0.012015724032833556,0.5573768716324152,,,,,,,,,,,,
2026-07-09,morning,watchlist_report,SNDK,bounce,Large,GapFade_strongstock,NO-GO,1,1/6,0.1334689132675514,0.027125082504429146,1.3809308353327687,0,0.016968236042718788,0.6110791375327169,,,,,,,,,,,,
2026-07-09,morning,watchlist_report,GLW,bounce,Large,GapFade_strongstock,NO-GO,1,1/6,0.11480051546391755,0.05417594957343911,1.4848833548200273,0,-0.00410677618069821,0.3735749597015001,,,,,,,,,,,,
2026-07-09,morning,watchlist_report,ORCL,bounce,Large,GapFade_weakstock,NO-GO,3,3/6,0.05376284893555265,0.015944195316392486,2.026357777794098,0,-0.007164718976071238,0.55971330168482,,,,,,,,,,,,
2026-07-09,morning,watchlist_report,MXL,bounce,Medium,GapFade_strongstock,NO-GO,1,1/6,0.14210781944712933,0.03056362579895421,1.3798425944434018,0,-0.07316053511705685,0.659412785942503,,,,,,,,,,,,
2026-07-09,morning,watchlist_report,QCOM,bounce,Large,GapFade_strongstock,NO-GO,0,0/6,0.07345937266785771,0.015812607204116577,1.3131968407811327,0,0.016248391248391256,0.47517162823630893,,,,,,,,,,,,
2026-07-09,morning,watchlist_report,IONQ,bounce,Medium,GapFade_weakstock,NO-GO,0,0/6,0.09336572794734063,0.02062999112688553,0.7581676598654149,0,-0.058522611008798846,0.5842974629451648,,,,,,,,,,,,
2026-07-09,morning,watchlist_report,MSTR,bounce,Medium,GapFade_weakstock,NO-GO,1,1/6,0.09888850431144754,0.011292212634494538,1.0106152856008088,0,-0.05795375607819777,0.34727083472830145,,,,,,,,,,,,
2026-07-09,morning,watchlist_report,STX,bounce,Large,GapFade_strongstock,NO-GO,0,0/6,0.10073436382639309,0.026697053556894067,0.9864337997897988,0,0.016953447124133356,0.574952820718731,,,,,,,,,,,,
2026-07-09,morning,watchlist_report,SMR,bounce,Medium,GapFade_weakstock,NO-GO,1,1/6,0.09603874092009682,0.01027397260273971,1.3015739123803252,0,-0.07908428720083245,0.6114528707812296,,,,,,,,,,,,
2026-07-09,morning,watchlist_report,AMAT,bounce,Large,GapFade_strongstock,NO-GO,1,1/6,0.09217529559189608,0.03710780017528477,1.571878109661972,0,-0.0018893706034177442,0.5860203294465268,,,,,,,,,,,,
2026-07-09,morning,watchlist_report,OKLO,bounce,Medium,GapFade_weakstock,NO-GO,1,1/6,0.08302660654562827,0.011844331641286003,0.7234803907999601,0,-0.07716049382716049,0.6999005536983058,,,,,,,,,,,,
2026-07-09,morning,watchlist_report,STM,bounce,Medium,GapFade_strongstock,NO-GO,0,0/6,0.06425800403807325,0.011672016340822834,1.7150232243119548,0,-0.02871550637344162,0.6284156071504713,,,,,,,,,,,,
2026-07-09,morning,watchlist_report,MU,bounce,Large,GapFade_strongstock,NO-GO,0,0/6,0.10384842599747837,0.03655143338954476,2.0763798637837194,0,-0.001289667428281271,0.5736645946921095,,,,,,,,,,,,
2026-07-09,morning,watchlist_report,CRML,bounce,Small,GapFade_weakstock,NO-GO,1,1/6,0.08252951937468818,0.016568047337278177,0.6929300506604283,0,-0.07235421166306695,1.100251889168766,,,,,,,,,,,,
2026-07-09,morning,watchlist_report,GOOGL,bounce,Large,GapFade_strongstock,NO-GO,0,0/6,0.032896547619047645,-0.0053050397877984524,0.6768865142050184,0,-0.017628117666320962,0.8291987990248397,,,,,,,,,,,,
2026-07-09,morning,watchlist_report,RGTI,bounce,Medium,GapFade_weakstock,NO-GO,0,0/6,0.09384236453201969,0.011229314420803648,0.5500324907552931,0,-0.047327394209354195,0.5356110147248541,,,,,,,,,,,,
2026-07-09,morning,watchlist_report,IREN,bounce,Medium,GapFade_weakstock,NO-GO,0,0/6,0.1017918663385572,0.025927217765375998,1.1889759634184305,0,0.004782509678888655,0.620121256846941,,,,,,,,,,,,
2026-07-09,morning,watchlist_report,ALAB,bounce,Medium,GapFade_strongstock,NO-GO,0,0/6,0.11423478076902739,0.03049648997863453,1.2338357230903296,0,-0.06375652816933963,0.5647957075773163,,,,,,,,,,,,
2026-07-09,morning,watchlist_report,UMC,bounce,Medium,GapFade_strongstock,NO-GO,0,0/6,0.08420839169000935,-0.010109179134654266,2.3579725883557323,0,-0.052264808362369256,0.48752767681107645,,,,,,,,,,,,
2026-07-09,morning,watchlist_report,AVGO,bounce,Large,GapFade_strongstock,NO-GO,1,1/6,0.042781168138510565,0.012992358949291238,0.8950553813949529,0,0.05306231612730686,1.0804612908204878,,,,,,,,,,,,
2026-07-09,morning,watchlist_report,NVDA,bounce,Large,GapFade_strongstock,NO-GO,1,1/6,0.03267540483421742,9.798157946297182e-05,0.3813343956925276,0,0.04392738430069023,1.5141618032874649,,,,,,,,,,,,
2026-07-09,morning,watchlist_report,CAR,bounce,Medium,GapFade_weakstock,NO-GO,1,1/6,0.06584293921250443,,0.2650658499308909,0,-0.032954545454545445,0.6147243478291649,,,,,,,,,,,,
2026-07-09,morning,watchlist_report,AMD,bounce,Large,GapFade_strongstock,NO-GO,0,0/6,0.0710449715370019,0.01854446710024068,0.464854940667227,0,-0.04537632460827816,0.6631820452074892,,,,,,,,,,,,
2026-07-09,morning,watchlist_report,CRWV,bounce,Medium,GapFade_weakstock,NO-GO,0,0/6,0.08928807556080286,0.008333333333333333,0.8758354136752229,0,0.0496183206106871,0.9046151947496719,,,,,,,,,,,,
2026-07-09,morning,watchlist_report,OPEN,bounce,Medium,GapFade_weakstock,NO-GO,0,0/6,0.06832098399525786,0.006263048016701514,0.6631762329737255,0,-0.053045186640471434,0.9110036223239262,,,,,,,,,,,,
2026-07-09,morning,watchlist_report,FIG,bounce,Medium,GapFade_weakstock,NO-GO,1,1/6,0.07343820598006645,-0.007844946931241426,2.1153405825718052,0,0.01992409867172684,0.5667793113744011,,,,,,,,,,,,
2026-07-09,morning,watchlist_report,TEAM,bounce,Medium,GapFade_weakstock,NO-GO,0,0/6,0.056232689075630234,-0.005499005499005486,0.8850311953667406,0,-0.005847953216374269,0.6401970204836155,,,,,,,,,,,,
2026-07-09,morning,watchlist_report,KWEB,bounce,ETF,GapFade_weakstock,NO-GO,1,1/6,0.023823176059414565,-0.00946611132146914,0.6448284600731625,0,0.022274325908558042,0.48137535816619076,,,,,,,,,,,,
2026-07-09,morning,watchlist_report,MP,bounce,Medium,GapFade_weakstock,NO-GO,1,1/6,0.060722029372496676,0.009433962264150943,0.6680090142770023,0,0.009243538954914206,1.0973861497598978,,,,,,,,,,,,
2026-07-09,morning,watchlist_report,TSLA,bounce,Large,GapFade_weakstock,NO-GO,0,0/6,0.051435987095656686,0.004618586002131638,0.38545344277259985,0,-0.05691211854110581,0.4478826076112685,,,,,,,,,,,,
2026-07-09,morning,watchlist_report,APP,bounce,Large,GapFade_weakstock,NO-GO,0,0/6,0.06522695495993366,-0.009919950974759567,0.8609140166403317,0,-0.049265341400172795,0.5990065507663731,,,,,,,,,,,,
2026-07-09,morning,watchlist_report,ETHE,bounce,Medium,GapFade_weakstock,NO-GO,0,0/6,0.04668334849863511,0.006410256410256527,0.41002039954152797,0,-0.02551724137931029,0.4017368894086572,,,,,,,,,,,,
2026-07-09,morning,watchlist_report,U,bounce,Medium,GapFade_weakstock,NO-GO,0,0/6,0.05264664224664224,-0.007128309572301455,0.5038171623859632,0,-0.0134907251264755,0.7727702840603359,,,,,,,,,,,,
2026-07-09,morning,watchlist_report,RXT,breakout,Small,D2_continuation,CAUTION,3,3/6 [REDUCED_SIZE],0.16004840791738384,0.009118541033434591,,,,1.5618392133404135,0.028654103204622642,0.31438299220079985,,,,,,,,,,
2026-07-09,morning,watchlist_report,CRDO,breakout,Medium,D2_continuation,CAUTION,3,3/6 [REDUCED_SIZE],0.11300526748356246,0.034752019792029104,,,,0.7834871938973698,0.04511856084131197,0.22425672708742564,,,,,,,,,,
2026-07-09,morning,watchlist_report,IBIT,bounce,ETF,GapFade_weakstock,NO-GO,1,1/6,0.03768269153468926,0.008799318762418459,0.6053956922310103,0,-0.01605758582502764,0.37707873318612545,,,,,,,,,,,,
2026-07-09,morning,watchlist_report,MSFT,bounce,Large,GapFade_weakstock,NO-GO,0,0/6,0.03383142797131457,-0.006417279699483434,1.0368249338047986,0,-0.015152298701970351,0.30886917960088817,,,,,,,,,,,,
2026-07-09,morning,watchlist_report,PLTR,bounce,Large,GapFade_weakstock,NO-GO,0,0/6,0.05366246873395738,-0.010815307820299552,0.8985281580694431,0,-0.013203561189074998,0.8092880870188227,,,,,,,,,,,,
2026-07-09,morning,watchlist_report,AAPL,breakout,Large,D2_continuation,CAUTION,2,2/6 [REDUCED_SIZE],0.028556259237735252,-0.003829094738185611,,,,0.8715668734080747,0.03116944721375289,0.05865415810533144,,,,,,,,,,
2026-07-09,morning,watchlist_report,SIMO,breakout,Medium,D2_continuation,CAUTION,3,3/6 [REDUCED_SIZE],0.0927019991015274,0.015001595914458947,,,,0.7802101866858828,0.020710416199165253,0.16716184839251158,,,,,,,,,,
2026-07-09,morning,watchlist_report,META,bounce,Large,GapFade_weakstock,NO-GO,0,0/6,0.03822247760490338,0.004775169120573013,1.2122398383644373,0,0.009512069166569553,0.7766540900673649,,,,,,,,,,,,
2026-07-09,evening,priority_report,AMD,breakout,Large,D2_continuation,CAUTION,4,4/6 [REDUCED_SIZE],0.0683049950742511,0.05940220910118769,,,,,0.034428049258795466,0.18297530446549395,,,,,,,,,,
2026-07-09,evening,priority_report,HQ,breakout,Small,D2_continuation,CAUTION,2,2/6 [REDUCED_SIZE],0.25796295752737086,0.02420033670033667,,,,,-0.010876153189965576,0.5882605743897654,,,,,,,,,,
2026-07-09,evening,priority_report,AAPL,breakout,Large,D2_continuation,CAUTION,3,3/6 [REDUCED_SIZE],0.028353275253012858,0.003302594211685201,,,,,0.03855169428932466,0.0662241808153996,,,,,,,,,,
2026-07-09,evening,priority_report,SPCE,bounce,Small,GapFade_weakstock,NO-GO,1,1/6,0.10707508809975606,-0.007547169811320762,1.6753323165112184,0.06030022596647505,-0.020446096654275152,0.42531645569620286,,,,,,,,,,,,
2026-07-09,evening,priority_report,RXT,breakout,Small,D2_continuation,CAUTION,3,3/6 [REDUCED_SIZE],0.24207225998756943,-0.33281155015197567,,,,,-0.3198954249279195,0.4918444910724893,,,,,,,,,,
2026-07-09,evening,priority_report,FJET,bounce,Micro,GapFade_weakstock,NO-GO,2,2/6,0.11535696232735856,-0.006696428571428627,0.2861375019354041,0.008296513591580911,-0.05989669421487609,0.8297044254531605,,,,,,,,,,,,
2026-07-09,evening,priority_report,GOOGL,bounce,Large,GapFade_strongstock,NO-GO,0,0/6,0.03318879338300354,-0.02102674624226352,0.6768865142050184,0.032924784093419236,-0.0262784478524259,0.8291987990248397,,,,,,,,,,,,
2026-07-09,evening,priority_report,NVDA,bounce,Large,GapFade_strongstock,NO-GO,1,1/6,0.03278303287690431,0.0016656868508720527,0.3813343956925276,0.015380694326693953,0.04050012784454094,1.5141618032874649,,,,,,,,,,,,
2026-07-09,evening,priority_report,CRWD,bounce,Large,GapFade_weakstock,NO-GO,2,2/6,0.28196439367766457,-0.014728966094600239,2.761600429632135,0.06739245875161402,-0.004513993379476405,0.18511803636017377,,,,,,,,,,,,
2026-07-09,evening,priority_report,EWY,bounce,ETF,GapFade_strongstock,NO-GO,0,0/6,0.06450760206838003,0.005089754816112122,2.1195878234716723,0.11564714054578361,-0.02501975243613379,0.7277839260610796,,,,,,,,,,,,
2026-07-09,evening,priority_report,BOT,bounce,Small,GapFade_strongstock,NO-GO,0,0/6,0.1482042162995972,0.034172661870503614,0.8178489632026327,0.042659820385784544,-0.013025458851391288,0.6941733958985664,,,,,,,,,,,,
2026-07-09,evening,priority_report,GLW,bounce,Large,GapFade_strongstock,NO-GO,1,1/6,0.11353061120456749,0.09628864858990381,1.4848833548200273,0.10562316694063602,0.0070328542094454626,0.3735749597015001,,,,,,,,,,,,
2026-07-09,evening,priority_report,AVGO,breakout,Large,D2_continuation,CAUTION,4,4/6 [REDUCED_SIZE],0.04161383732810542,0.04140832025521631,,,,,0.07407046069563412,0.0017960153337328389,,,,,,,,,,
2026-07-09,evening,priority_report,PLTR,bounce,Large,GapFade_weakstock,NO-GO,0,0/6,0.054576273935356856,-0.03403418544849493,0.8985281580694431,0.02943071040561162,-0.029726120416478003,0.8092880870188227,,,,,,,,,,,,
2026-07-09,evening,priority_report,ORCL,bounce,Large,GapFade_weakstock,NO-GO,3,3/6,0.05325540584753577,0.006619688234037855,2.026357777794098,0.033426675072531165,0.002295492487479219,0.55971330168482,,,,,,,,,,,,
2026-07-09,evening,priority_report,LITE,bounce,Medium,GapFade_strongstock,NO-GO,0,0/6,0.08165180410303045,0.06796068448592836,0.8530064603680491,0.07481454585117409,0.09558974358974356,0.5461257013972698,,,,,,,,,,,,
2026-07-09,evening,priority_report,MSFT,bounce,Large,GapFade_weakstock,NO-GO,0,0/6,0.033841645859557186,-0.02319090102780818,1.0368249338047986,0.07110242633721471,-0.015449656099705287,0.30886917960088817,,,,,,,,,,,,
2026-07-09,evening,priority_report,HYLN,bounce,Small,GapFade_strongstock,NO-GO,2,2/6,0.1658991008991009,0.024691358024691492,1.5900283547803105,0.03703170212695763,0.0,0.4144963317576444,,,,,,,,,,,,
2026-07-09,evening,priority_report,MU,bounce,Large,GapFade_strongstock,NO-GO,0,0/6,0.10129513919882574,0.07136382799325468,2.0763798637837194,0.15784777061822314,0.023884234577303865,0.5736645946921095,,,,,,,,,,,,
2026-07-09,evening,priority_report,IONQ,bounce,Medium,GapFade_weakstock,NO-GO,0,0/6,0.09462020138451856,0.009316770186335442,0.7581676598654149,0.026627278782020418,-0.07100470636382236,0.5842974629451648,,,,,,,,,,,,
2026-07-09,evening,priority_report,WDC,bounce,Large,GapFade_strongstock,NO-GO,0,0/6,0.11278392214116013,0.07966563692531353,0.9496714607708475,0.06218800779284525,0.012645551207009914,0.5573768716324152,,,,,,,,,,,,
2026-07-09,evening,priority_report,STX,bounce,Large,GapFade_strongstock,NO-GO,0,0/6,0.0982263643427057,0.0723994790818818,0.9864337997897988,0.07278811595051762,0.04291917167668669,0.574952820718731,,,,,,,,,,,,
2026-07-09,evening,priority_report,KEEL,bounce,Medium,GapFade_strongstock,NO-GO,2,2/6,0.14062417582417586,0.054824561403508776,0.786803997334717,0.040740020412510514,0.007231404958677716,0.46678336250729374,,,,,,,,,,,,
2026-07-09,evening,priority_report,IREN,bounce,Medium,GapFade_weakstock,NO-GO,0,0/6,0.10483491845067922,0.03464713405417962,1.1889759634184305,0.061565312884208676,-0.024383397859257444,0.620121256846941,,,,,,,,,,,,
2026-07-09,evening,priority_report,MP,bounce,Medium,GapFade_weakstock,NO-GO,1,1/6,0.06235969999862889,0.018867924528301886,0.6680090142770023,0.018700821617384407,-0.017260894170911135,1.0973861497598978,,,,,,,,,,,,
2026-07-09,evening,priority_report,BE,bounce,Medium,GapFade_strongstock,NO-GO,0,0/6,0.14367576213155409,0.08568956702976913,1.0785756003054672,0.09978162193886284,-0.11757329266226062,0.9190689624423274,,,,,,,,,,,,
2026-07-09,evening,priority_report,OKLO,bounce,Medium,GapFade_weakstock,NO-GO,1,1/6,0.07955122886326571,0.012055837563451782,0.7234803907999601,0.017873107796722097,-0.0368441358024692,0.6999005536983058,,,,,,,,,,,,
2026-07-09,evening,priority_report,SMR,bounce,Medium,GapFade_weakstock,NO-GO,1,1/6,0.09299155986245697,0.013698630136986415,1.3015739123803252,0.053863048491064214,-0.0489073881373568,0.6114528707812296,,,,,,,,,,,,
2026-07-09,evening,priority_report,RKLB,bounce,Medium,GapFade_strongstock,NO-GO,3,3/6,0.10418437378501277,0.035332933413317426,1.1216992211624455,0.058740666093534136,-0.09216886883660971,0.6246719458206607,,,,,,,,,,,,
2026-07-09,evening,priority_report,DGXX,bounce,Small,GapFade_strongstock,NO-GO,2,2/6,0.11352625937834943,0.03153153153153146,0.7947969001690676,0.025994060164495677,-0.015822784810126618,0.6325528700906343,,,,,,,,,,,,
2026-07-09,evening,priority_report,APP,bounce,Large,GapFade_weakstock,NO-GO,0,0/6,0.06544292928478027,-0.03299628480600552,0.8609140166403317,0.010889541714316466,-0.05240294966807027,0.5990065507663731,,,,,,,,,,,,
2026-07-09,evening,priority_report,OPEN,bounce,Medium,GapFade_weakstock,NO-GO,0,0/6,0.06278496527304916,-0.004175365344467738,0.6631762329737255,0.007165848049733193,0.03045186640471518,0.9110036223239262,,,,,,,,,,,,
2026-07-09,evening,priority_report,CRML,bounce,Small,GapFade_weakstock,NO-GO,1,1/6,0.08409591594644976,0.0,0.6929300506604283,0.011854839301691233,-0.08963282937365012,1.100251889168766,,,,,,,,,,,,
2026-07-09,evening,priority_report,SNDK,bounce,Large,GapFade_strongstock,NO-GO,0,0/6,0.12370321138988072,0.06278037031461689,1.3809308353327687,0.09095304371683754,0.09725239763131789,0.6110791375327169,,,,,,,,,,,,
2026-07-09,evening,priority_report,PL,bounce,Medium,GapFade_strongstock,NO-GO,2,2/6,0.09173454620632628,0.015855855855855902,0.5306973583116659,0.02020901624572963,-0.10434219053791312,0.855832506986388,,,,,,,,,,,,
2026-07-09,evening,priority_report,RGTI,bounce,Medium,GapFade_weakstock,NO-GO,0,0/6,0.09351443547716114,0.003546099290780066,0.5500324907552931,0.018229425508503493,-0.04398663697104672,0.5356110147248541,,,,,,,,,,,,
2026-07-09,evening,priority_report,CRWV,bounce,Medium,GapFade_weakstock,NO-GO,0,0/6,0.08956441756541239,0.036999999999999984,0.8758354136752229,0.05652552466207111,0.04637982882257698,0.9046151947496719,,,,,,,,,,,,
2026-07-09,evening,priority_report,NBIS,bounce,Medium,GapFade_strongstock,NO-GO,0,0/6,0.12935241148430296,0.058684405025868476,1.0739768254497573,0.07851416851116982,0.03966763684161106,0.9012946698498387,,,,,,,,,,,,
2026-07-09,evening,priority_report,CRDO,breakout,Medium,D2_continuation,CAUTION,3,3/6 [REDUCED_SIZE],0.11266434504078364,0.03788318064092161,,,,,0.04828109085581236,0.26130065757494175,,,,,,,,,,
2026-07-09,evening,priority_report,POET,bounce,Small,GapFade_strongstock,NO-GO,1,1/6,0.11829592415525486,0.028202115158636923,0.8529983065330101,0.050128183419693696,-0.015083798882681541,0.6664885710567237,,,,,,,,,,,,
2026-07-09,evening,priority_report,U,bounce,Medium,GapFade_weakstock,NO-GO,0,0/6,0.05023370692266467,-0.02172437202987103,0.5038171623859632,0.004305088033685663,0.0338954468802699,0.7727702840603359,,,,,,,,,,,,
2026-07-09,evening,priority_report,TSLA,bounce,Large,GapFade_weakstock,NO-GO,0,0/6,0.05004417303696641,-0.0001776379231588925,0.38545344277259985,0.009476811052073576,-0.03068323129332721,0.4478826076112685,,,,,,,,,,,,
2026-07-09,evening,priority_report,FIG,bounce,Medium,GapFade_weakstock,NO-GO,2,2/6,0.0717202556698355,-0.046146746654360866,2.1153405825718052,0.055081565966273394,0.04435483870967753,0.5667793113744011,,,,,,,,,,,,
2026-07-09,evening,priority_report,IBIT,bounce,ETF,GapFade_weakstock,NO-GO,1,1/6,0.037435160227613035,0.007380073800738153,0.6053956922310103,0.05863177606202021,-0.009551495016611265,0.37707873318612545,,,,,,,,,,,,
2026-07-09,evening,priority_report,ETHE,bounce,Medium,GapFade_weakstock,NO-GO,0,0/6,0.0466836788856053,0.0007122507122508236,0.41002039954152797,0.030150264037854733,-0.025524137931034536,0.4017368894086572,,,,,,,,,,,,
2026-07-09,evening,priority_report,TEAM,bounce,Medium,GapFade_weakstock,NO-GO,1,1/6,0.053414299283998094,-0.048087048087048084,0.8850311953667406,0.019016242027337423,0.04660818713450292,0.6401970204836155,,,,,,,,,,,,
2026-07-09,evening,priority_report,MSTR,bounce,Medium,GapFade_weakstock,NO-GO,1,1/6,0.09837821847161374,0.002024075849579181,1.0106152856008088,0.028951074325142503,-0.05306738116502928,0.34727083472830145,,,,,,,,,,,,
2026-07-09,evening,priority_report,KWEB,bounce,ETF,GapFade_weakstock,NO-GO,1,1/6,0.023557523557523535,-0.012116622491480511,0.6448284600731625,0.04148614008242585,0.03380226651035555,0.48137535816619076,,,,,,,,,,,,
2026-07-09,evening,priority_report,AXTI,bounce,Medium,GapFade_strongstock,NO-GO,2,2/6,0.1591460744063821,0.0781769793745841,1.479797641930084,0.1114146533253586,-0.010991813602015111,0.7601639782295906,,,,,,,,,,,,
2026-07-09,evening,priority_report,CBRS,bounce,Medium,GapFade_strongstock,NO-GO,1,1/6,0.12073966479650396,0.03956636583755226,0.5699882484828972,0.034145125502965626,0.043643560231237936,0.5844342829678951,,,,,,,,,,,,
2026-07-09,evening,priority_report,SOXL,bounce,ETF,GapFade_strongstock,NO-GO,2,2/6,0.20991843070862382,0.14294703123212452,0.9000409012754118,0.08245521971939804,0.009706139224248608,0.43337867604476504,,,,,,,,,,,,
2026-07-09,evening,priority_report,MRVL,bounce,Large,GapFade_strongstock,NO-GO,0,0/6,0.10233517599016212,0.062427171895904375,1.4675089095974863,0.06639394417838801,-0.01199502547438524,0.4685930164506364,,,,,,,,,,,,
2026-07-09,evening,priority_report,META,bounce,Large,GapFade_weakstock,NO-GO,0,0/6,0.037623359747537485,-0.03171839766547287,1.2122398383644373,0.12969488454088113,0.025587632644221984,0.7766540900673649,,,,,,,,,,,,
2026-07-09,evening,priority_report,INTC,bounce,Large,GapFade_strongstock,NO-GO,1,1/6,0.09542120648418813,0.04199927431059516,1.2996710065436365,0.06119730486083029,-0.07618657937806876,0.5644210506772124,,,,,,,,,,,,
2026-07-09,evening,priority_report,BRUN,bounce,Medium,GapFade_strongstock,NO-GO,0,0/6,0.13628065905261189,0.02832244008714593,0.6989385119705077,0.017710311733873444,-0.05540080470442595,0.8847673020779665,,,,,,,,,,,,
2026-07-09,evening,priority_report,MXL,bounce,Medium,GapFade_strongstock,NO-GO,0,0/6,0.1313268177216698,0.1214410226612435,1.3798425944434018,0.00011523948215718785,0.0029264214046821374,0.659412785942503,,,,,,,,,,,,
2026-07-09,evening,priority_report,SIMO,breakout,Medium,D2_continuation,CAUTION,3,3/6 [REDUCED_SIZE],0.09047689346310735,0.03996361315033515,,,,,0.045812830919062124,0.23186165421889,,,,,,,,,,
2026-07-09,evening,priority_report,STM,bounce,Medium,GapFade_strongstock,NO-GO,0,0/6,0.06175109140045734,0.029763641669098218,1.7150232243119548,0.055777438272017,0.010715786524723358,0.6284156071504713,,,,,,,,,,,,
2026-07-09,evening,priority_report,ON,bounce,Medium,GapFade_strongstock,NO-GO,0,0/6,0.09475331553626751,0.044887514660411486,1.2015784482371756,0.040196173067028884,0.05681698172985527,0.4882954481251994,,,,,,,,,,,,
2026-07-09,evening,priority_report,NVTS,bounce,Medium,GapFade_strongstock,NO-GO,3,3/6,0.13096517016293782,0.0523952095808384,0.5088271857569301,0.030124117394789502,-0.058765594221930374,0.44492721641796745,,,,,,,,,,,,
2026-07-09,evening,priority_report,NOK,bounce,Medium,GapFade_strongstock,NO-GO,0,0/6,0.06075922148095054,0.04016736401673644,1.331100065387669,0.12499310281848523,0.035571542765787396,0.5018194357480552,,,,,,,,,,,,
2026-07-09,evening,priority_report,DXYZ,bounce,Small,GapFade_weakstock,NO-GO,0,0/6,0.06266593158347676,-0.01005631536604988,0.500715548174572,0.026733248470644018,0.04156862745098034,0.7209774394142914,,,,,,,,,,,,
2026-07-09,evening,priority_report,QCOM,bounce,Large,GapFade_strongstock,NO-GO,0,0/6,0.07273399014778324,0.0316520154373928,1.3131968407811327,0.03849985496770102,0.026383526383526472,0.47517162823630893,,,,,,,,,,,,
2026-07-09,evening,priority_report,WOLF,bounce,Small,GapFade_strongstock,NO-GO,2,2/6,0.16676600953246415,0.0596765197992192,0.29273063656043646,0.005916250432609209,-0.024195591588548223,0.4966376377723338,,,,,,,,,,,,
2026-07-09,evening,priority_report,RVI,bounce,Small,GapFade_weakstock,NO-GO,0,0/6,0.10704482239751947,0.00911458333333337,0.42685092107795747,0.009086187470564253,-0.06449686473574212,0.5068410291361392,,,,,,,,,,,,
2026-07-09,evening,priority_report,AAOI,bounce,Medium,GapFade_strongstock,NO-GO,2,2/6,0.12617176111516035,0.04421530933240128,1.2259170840629787,0.06040477681259812,0.01686121919584953,0.4801925102605041,,,,,,,,,,,,
2026-07-09,evening,priority_report,LWLG,bounce,Small,GapFade_strongstock,NO-GO,2,2/6,0.12093337334933973,0.042397660818713455,1.2949782007310768,0.026258682214198317,-0.03513513513513523,0.7064565496132692,,,,,,,,,,,,
2026-07-09,evening,priority_report,FCEL,bounce,Small,GapFade_strongstock,NO-GO,3,3/6,0.21766600900178806,0.07364685004436558,8.696255775918438,1.4465965167353556,-0.22065253952236794,0.5532068577255632,,,,,,,,,,,,
2026-07-09,evening,priority_report,ARM,bounce,Large,GapFade_strongstock,NO-GO,0,0/6,0.10057096840783397,0.06020183852917662,0.9452435394819929,0.041006254222850674,0.030846573982125116,0.6260539444220782,,,,,,,,,,,,
2026-07-09,evening,priority_report,ALAB,breakout,Medium,D2_continuation,CAUTION,3,3/6 [REDUCED_SIZE],0.11104179805319443,0.06012819208464743,,,,,0.016907123055382393,0.38054739857260894,,,,,,,,,,
2026-07-09,evening,priority_report,UMC,bounce,Medium,GapFade_strongstock,NO-GO,0,0/6,0.08211198679830427,0.011726647796198914,2.3579725883557323,0.034757174740608396,-0.028068137824235305,0.48752767681107645,,,,,,,,,,,,
2026-07-09,evening,priority_report,AMAT,breakout,Large,D2_continuation,CAUTION,4,4/6 [REDUCED_SIZE],0.09215971938904835,0.03728308501314633,,,,,-0.020479848695636335,0.2608868503486032,,,,,,,,,,
2026-07-09,evening,priority_report,CAR,bounce,Medium,GapFade_strongstock,NO-GO,1,1/6,0.06204368496906638,0.013970492231361707,0.2650658499308909,0.002349836560657152,0.02626262626262624,0.6147243478291649,,,,,,,,,,,,
2026-07-09,evening,priority_report,INOD,bounce,Medium,GapFade_strongstock,NO-GO,2,2/6,0.08971110748920222,0.014923210663575793,0.4769135753632991,0.02029615336820221,-0.041028446389496716,0.6279267290127131,,,,,,,,,,,,
2026-07-10,morning,priority_report,AMD,breakout,Large,D2_continuation,NO-GO,2,2/6 [AVOID],0.07137258721770187,-0.009585894059116248,,,,,0.015410543920201152,0.13694038874119915,,,,,,,,,,
2026-07-10,morning,priority_report,HQ,bounce,Small,GapFade_strongstock,NO-GO,2,2/6,0.24720035566093662,0.0016625103906900542,0.7383863331190273,0,0.025531914893617082,0.305495807225911,,,,,,,,,,,,
2026-07-10,morning,priority_report,AAPL,breakout,Large,D2_continuation,CAUTION,2,2/6 [REDUCED_SIZE],0.02841419558216741,-0.002561507811017653,,,,,0.03261886380437643,0.06441675014703084,,,,,,,,,,
2026-07-10,morning,priority_report,SPCE,bounce,Small,GapFade_weakstock,NO-GO,1,1/6,0.10044979937006515,0.010992366412213716,0.931072101204764,0,0.030661478599221872,0.620134228187918,,,,,,,,,,,,
2026-07-10,morning,priority_report,RXT,bounce,Small,GapFade_strongstock,GO,5,5/6,0.2379827136333986,0.002288329519450752,1.8464462520424911,0,-0.3520710059171598,2.0338379096970485,,,,,,,,,,,,
2026-07-10,morning,priority_report,FJET,bounce,Micro,GapFade_weakstock,NO-GO,2,2/6,0.11478906999041226,,0.33467042108132783,0,-0.03246753246753254,0.5164613350038294,,,,,,,,,,,,
2026-07-10,morning,priority_report,GOOGL,bounce,Large,GapFade_strongstock,NO-GO,0,0/6,0.03294821383753036,-0.0008359107247346301,0.6225988000663885,0,-0.022995395471759796,0.7253552717331493,,,,,,,,,,,,
2026-07-10,morning,priority_report,NVDA,bounce,Large,GapFade_strongstock,NO-GO,0,0/6,0.032896740785866595,-0.005473912614656345,0.4531042033507919,0,0.024069466307825017,0.8478682170542633,,,,,,,,,,,,
2026-07-10,morning,priority_report,CRWD,bounce,Large,GapFade_weakstock,NO-GO,2,2/6,0.2779901816643119,0.003981854838709637,2.3013215923501376,0,0.023481656561504433,0.21219780034083224,,,,,,,,,,,,
2026-07-10,morning,priority_report,EWY,bounce,ETF,GapFade_strongstock,NO-GO,0,0/6,0.06386658795749706,-0.017591339648173207,2.0686863254085694,0,0.001158365050471664,0.304525988230582,,,,,,,,,,,,
2026-07-10,morning,priority_report,BOT,bounce,Small,GapFade_strongstock,NO-GO,0,0/6,0.14896064624821806,-0.016651798988997987,0.6835805021232536,0,0.0363522406769038,0.7693668455959329,,,,,,,,,,,,
2026-07-10,morning,priority_report,GLW,bounce,Large,GapFade_strongstock,NO-GO,1,1/6,0.12256500122875671,-0.017959247323006466,0.9216589960108029,0,0.019122882727370893,0.5324847468198819,,,,,,,,,,,,
2026-07-10,morning,priority_report,AVGO,bounce,Large,GapFade_strongstock,NO-GO,1,1/6,0.041588547281272925,-0.008850440028919776,1.1736330154000219,0,0.07222611791358766,1.1848353516921015,,,,,,,,,,,,
2026-07-10,morning,priority_report,PLTR,bounce,Large,GapFade_weakstock,NO-GO,0,0/6,0.05453853744107005,0.009764414135152041,0.6939134431476756,0,-0.030289499144154148,0.6163483071529366,,,,,,,,,,,,
2026-07-10,morning,priority_report,ORCL,bounce,Large,GapFade_weakstock,NO-GO,3,3/6,0.05296071917138949,0.013729025100540769,1.483247650111843,0,0.032485875706214654,1.0499999999999994,,,,,,,,,,,,
2026-07-10,morning,priority_report,LITE,bounce,Medium,GapFade_strongstock,NO-GO,0,0/6,0.09074802388081908,-0.022487496341168485,0.5876670244620121,0,0.09899700962927996,0.7603629165062084,,,,,,,,,,,,
2026-07-10,morning,priority_report,MSFT,bounce,Large,GapFade_weakstock,NO-GO,0,0/6,0.03224748337466353,0.009595171193672567,0.9166020593764662,0,-0.0020368274868839964,0.9030195787430749,,,,,,,,,,,,
2026-07-10,morning,priority_report,HYLN,bounce,Small,GapFade_strongstock,NO-GO,2,2/6,0.15818046849224685,0.01882352941176472,1.5132588501436697,0,0.06913580246913587,0.2774040818029184,,,,,,,,,,,,
2026-07-10,morning,priority_report,MU,bounce,Large,GapFade_strongstock,NO-GO,0,0/6,0.10591785456314401,-0.02273002299221488,1.702836078019675,0,0.03273727061531578,0.471235845545037,,,,,,,,,,,,
2026-07-10,morning,priority_report,IONQ,bounce,Medium,GapFade_weakstock,NO-GO,0,0/6,0.09282006072140224,0.005492517310699104,0.6105505915917613,0,-0.0075859788359787786,0.39010347486123353,,,,,,,,,,,,
2026-07-10,morning,priority_report,WDC,bounce,Large,GapFade_strongstock,NO-GO,0,0/6,0.11490882796780685,-0.01738603926995927,0.8166986820847857,0,0.06746852095470772,0.421336791590744,,,,,,,,,,,,
2026-07-10,morning,priority_report,STX,bounce,Large,GapFade_strongstock,NO-GO,0,0/6,0.10234911321422883,-0.011987551820602493,1.174056576452013,0,0.06256343337683047,0.5485076699653206,,,,,,,,,,,,
2026-07-10,morning,priority_report,KEEL,bounce,Medium,GapFade_strongstock,NO-GO,2,2/6,0.1402513227513228,0.004132231404958773,0.624024980003005,0,0.09459459459459457,0.4327915579448162,,,,,,,,,,,,
2026-07-10,morning,priority_report,IREN,bounce,Medium,GapFade_weakstock,NO-GO,0,0/6,0.10644837977855283,0.011265580057526339,0.9817760906843841,0,0.05965088534471933,0.8817523077608199,,,,,,,,,,,,
2026-07-10,morning,priority_report,MP,bounce,Medium,GapFade_weakstock,NO-GO,0,0/6,0.05877370417193427,0.00522142719009855,0.5282400158282514,0,0.02951079421667647,0.8837805231606596,,,,,,,,,,,,
2026-07-10,morning,priority_report,BE,bounce,Medium,GapFade_strongstock,NO-GO,0,0/6,0.14933880764904386,-0.011750058361216956,1.8505713006122657,0,-0.057758652669065526,0.6000201864687387,,,,,,,,,,,,
2026-07-10,morning,priority_report,OKLO,bounce,Medium,GapFade_weakstock,NO-GO,1,1/6,0.07777314332058856,0.0010148163182463396,0.4596988004009836,0,0.029645093945720288,0.7664690283943624,,,,,,,,,,,,
2026-07-10,morning,priority_report,SMR,bounce,Medium,GapFade_weakstock,NO-GO,1,1/6,0.08967552696973198,-0.0011184939091915343,0.7824481079289335,0,0.0066852678571427395,0.6181506698104046,,,,,,,,,,,,
2026-07-10,morning,priority_report,RKLB,bounce,Medium,GapFade_strongstock,NO-GO,3,3/6,0.10356944108395841,0.001332525741974554,0.8231282911067352,0,-0.00899172761059825,0.45438351604067256,,,,,,,,,,,,
2026-07-10,morning,priority_report,DGXX,bounce,Small,GapFade_strongstock,NO-GO,2,2/6,0.11010989010989011,0.0,0.716990581681598,0,0.058823529411764656,0.446329563096031,,,,,,,,,,,,
2026-07-10,morning,priority_report,APP,bounce,Large,GapFade_weakstock,NO-GO,0,0/6,0.06277346534545712,0.008896489441423431,0.8324524003902231,0,-0.005530512519413752,0.8913879381767029,,,,,,,,,,,,
2026-07-10,morning,priority_report,OPEN,bounce,Medium,GapFade_weakstock,NO-GO,1,1/6,0.06550269541778977,0.0,0.7747275172918495,0,0.1064718162839248,1.9011172149867295,,,,,,,,,,,,
2026-07-10,morning,priority_report,CRML,bounce,Small,GapFade_weakstock,NO-GO,0,0/6,0.0782594029347276,0.0,0.5070740329019037,0,-0.031999999999999924,0.49030172413792994,,,,,,,,,,,,
2026-07-10,morning,priority_report,SNDK,bounce,Large,GapFade_strongstock,NO-GO,0,0/6,0.13449252009261967,-0.027213483508854976,1.144024962939052,0,0.11745070161340174,0.62351379074679,,,,,,,,,,,,
2026-07-10,morning,priority_report,PL,bounce,Medium,GapFade_strongstock,NO-GO,2,2/6,0.09313687414716072,0.0007352941176470432,0.7819172668946711,0,-0.050244242847173805,0.49897725159610606,,,,,,,,,,,,
2026-07-10,morning,priority_report,RGTI,bounce,Medium,GapFade_weakstock,NO-GO,0,0/6,0.09162139503688799,0.002942907592701631,0.39575660523808204,0,0.029607250755286914,0.4023754186263564,,,,,,,,,,,,
2026-07-10,morning,priority_report,CRWV,bounce,Medium,GapFade_weakstock,NO-GO,0,0/6,0.08904335689352989,0.0025384615384615237,0.8919859018639432,0,0.07659164372081888,0.7198158860705866,,,,,,,,,,,,
2026-07-10,morning,priority_report,NBIS,bounce,Medium,GapFade_strongstock,NO-GO,1,1/6,0.1285529836423832,-0.009477335800184913,1.1223035312212635,0,0.09714124699011227,0.653438552838293,,,,,,,,,,,,
2026-07-10,morning,priority_report,CRDO,breakout,Medium,D2_continuation,CAUTION,3,3/6 [REDUCED_SIZE],0.11266767395838903,0.005458309806136065,,,,,0.03515399587065902,0.19742600481122294,,,,,,,,,,
2026-07-10,morning,priority_report,POET,bounce,Small,GapFade_strongstock,NO-GO,2,2/6,0.11603109928488275,-0.012643678160919476,0.7133964076299402,0,0.038694074969770294,0.47155275586036766,,,,,,,,,,,,
2026-07-10,morning,priority_report,U,bounce,Medium,GapFade_weakstock,NO-GO,1,1/6,0.04953168294344765,0.023429873088187402,0.34139653706082923,0,0.06035064059339174,1.3159825391585054,,,,,,,,,,,,
2026-07-10,morning,priority_report,TSLA,bounce,Large,GapFade_weakstock,NO-GO,0,0/6,0.051330051703378426,-0.007748124461935885,0.3421440901973271,0,0.0012410027302060065,0.8208468268828781,,,,,,,,,,,,
2026-07-10,morning,priority_report,FIG,bounce,Medium,GapFade_weakstock,NO-GO,2,2/6,0.0705198572066042,0.006738544474393466,2.557731083608817,0,0.009914375844975162,1.2022653209732013,,,,,,,,,,,,
2026-07-10,morning,priority_report,IBIT,bounce,ETF,GapFade_weakstock,NO-GO,1,1/6,0.03544478827999529,0.018430605975984265,0.6308254722089208,0,0.008852005532503466,0.4548719705593078,,,,,,,,,,,,
2026-07-10,morning,priority_report,ETHE,bounce,Medium,GapFade_weakstock,NO-GO,0,0/6,0.044012546927484686,0.024805102763997267,0.4404508086568741,0,0.0006920415224914577,0.345682892063885,,,,,,,,,,,,
2026-07-10,morning,priority_report,TEAM,bounce,Medium,GapFade_weakstock,NO-GO,1,1/6,0.055913992594878115,0.020835630029765195,0.7154715703654874,0,0.047629822378097,1.97001113304611,,,,,,,,,,,,
2026-07-10,morning,priority_report,MSTR,bounce,Medium,GapFade_weakstock,NO-GO,1,1/6,0.09195527798401538,0.04515922888486521,0.9878515612246894,0,0.007908792111750164,0.4394158157207305,,,,,,,,,,,,
2026-07-10,morning,priority_report,KWEB,bounce,ETF,GapFade_weakstock,NO-GO,1,1/6,0.02273706316299604,0.001888217522658637,2.1267882122263857,0,0.03998431987455898,0.7128478389579638,,,,,,,,,,,,
2026-07-10,morning,priority_report,AXTI,bounce,Medium,GapFade_strongstock,NO-GO,2,2/6,0.1613989781055649,-0.012150279776179026,1.3062145159215435,0,0.06259673258813414,0.5374595866775344,,,,,,,,,,,,
2026-07-10,morning,priority_report,CBRS,bounce,Medium,GapFade_weakstock,NO-GO,0,0/6,0.12323294364616887,-0.005943686092781982,0.40207349578133766,0,0.11743389389049305,0.7541111776511007,,,,,,,,,,,,
2026-07-10,morning,priority_report,SOXL,bounce,ETF,GapFade_strongstock,NO-GO,2,2/6,0.22223857297799807,-0.04182904650558578,0.7211483329103529,0,0.11568247821878028,0.36822127996896126,,,,,,,,,,,,
2026-07-10,morning,priority_report,MRVL,bounce,Large,GapFade_strongstock,NO-GO,0,0/6,0.10282340954452551,-0.017305874131623333,1.0369690416831998,0,0.03623753792804514,0.43122799727431366,,,,,,,,,,,,
2026-07-10,morning,priority_report,META,breakout,Large,D2_continuation,CAUTION,3,3/6 [REDUCED_SIZE],0.038423605165446025,0.019921454361183137,,,,,0.07589124911279993,0.0733030712697244,,,,,,,,,,
2026-07-10,morning,priority_report,INTC,bounce,Large,GapFade_strongstock,NO-GO,0,0/6,0.09762128547924497,-0.03003021148036263,0.9767173476633739,0,-0.011138690098740873,0.49359169860036894,,,,,,,,,,,,
2026-07-10,morning,priority_report,BRUN,bounce,Medium,GapFade_strongstock,NO-GO,1,1/6,0.13795891192695456,-0.005298013245033118,0.6283150127249599,0,0.029472241261137747,0.6876938986556353,,,,,,,,,,,,
2026-07-10,morning,priority_report,MXL,bounce,Medium,GapFade_strongstock,NO-GO,0,0/6,0.1393663211721298,-0.025991649269311013,1.7143377248572258,0,0.0872756933115825,0.19416697151155868,,,,,,,,,,,,
2026-07-10,morning,priority_report,SIMO,breakout,Medium,D2_continuation,NO-GO,3,3/6 [AVOID],0.08873152937237312,0.0,,,,,0.032378683453737296,0.1701743749639125,,,,,,,,,,
2026-07-10,morning,priority_report,STM,bounce,Medium,GapFade_strongstock,NO-GO,0,0/6,0.06336024147129017,-0.002241210253536862,1.1261955387025913,0,0.058709869203329414,0.5294085062539482,,,,,,,,,,,,
2026-07-10,morning,priority_report,ON,bounce,Medium,GapFade_strongstock,NO-GO,1,1/6,0.09851036269430055,-0.013998160825585006,1.2369364655736916,0,0.059275521405049464,0.5217619986850748,,,,,,,,,,,,
2026-07-10,morning,priority_report,NVTS,bounce,Medium,GapFade_strongstock,NO-GO,2,2/6,0.13304097771387488,-0.019040902679830718,0.5772955785931371,0,-0.00571837026447463,0.370150221549768,,,,,,,,,,,,
2026-07-10,morning,priority_report,NOK,bounce,Medium,GapFade_strongstock,NO-GO,0,0/6,0.06494986480396577,-0.01705426356589152,1.1101680296493168,0,0.07004219409282701,0.8985333784334644,,,,,,,,,,,,
2026-07-10,morning,priority_report,DXYZ,bounce,Small,GapFade_weakstock,NO-GO,1,1/6,0.06196623093681916,-0.003978300180831806,0.43670749046724555,0,0.12224938875305624,1.8575488558788191,,,,,,,,,,,,
2026-07-10,morning,priority_report,QCOM,bounce,Large,GapFade_strongstock,NO-GO,0,0/6,0.07405272514089034,-0.011825650149128874,0.8326124102780535,0,0.03213641580586979,0.618526160949599,,,,,,,,,,,,
2026-07-10,morning,priority_report,WOLF,bounce,Small,GapFade_strongstock,NO-GO,2,2/6,0.1664690872258366,-0.015570469798657673,0.17281185755382775,0,0.018611111111111158,0.37841424073183527,,,,,,,,,,,,
2026-07-10,morning,priority_report,RVI,bounce,Small,GapFade_weakstock,NO-GO,0,0/6,0.10081079222446357,,0.3010517670160856,0,0.008087997411840828,0.25012222103475246,,,,,,,,,,,,
2026-07-10,morning,priority_report,AAOI,bounce,Medium,GapFade_strongstock,NO-GO,2,2/6,0.1336724410960219,-0.025611652074298302,0.8314438430419755,0,0.04081811030504328,0.5861394313612865,,,,,,,,,,,,
2026-07-10,morning,priority_report,LWLG,bounce,Small,GapFade_strongstock,NO-GO,2,2/6,0.12017982017982018,0.00846262341325818,1.0746669081873828,0,0.06161841128433556,0.41313383208645,,,,,,,,,,,,
2026-07-10,morning,priority_report,FCEL,bounce,Small,GapFade_strongstock,NO-GO,1,1/6,0.21940371302706108,-0.013043478260869596,14.738913185391695,0,-0.12557781201849005,0.40357683233777714,,,,,,,,,,,,
2026-07-10,morning,priority_report,ARM,bounce,Large,GapFade_strongstock,NO-GO,0,0/6,0.10106862874779543,-0.011803458687894607,0.7969823178159169,0,0.07845421562427185,0.8639160924276362,,,,,,,,,,,,
2026-07-10,morning,priority_report,ALAB,bounce,Medium,GapFade_strongstock,NO-GO,0,0/6,0.11326252504321352,-0.004168163851958341,0.5975392974178315,0,0.085716524328136,0.5139710468033756,,,,,,,,,,,,
2026-07-10,morning,priority_report,UMC,bounce,Medium,GapFade_strongstock,NO-GO,0,0/6,0.08317412159038373,-0.005631536604987955,1.6509503539741222,0,0.037347880822492685,0.40611570649889395,,,,,,,,,,,,
2026-07-10,morning,priority_report,AMAT,bounce,Large,GapFade_strongstock,NO-GO,0,0/6,0.09473019985196152,-0.016410151870349554,0.9408038466137887,0,0.04418394950405771,0.811868474754617,,,,,,,,,,,,
2026-07-10,morning,priority_report,CAR,bounce,Medium,GapFade_strongstock,NO-GO,1,1/6,0.06342667477812768,,0.3102723069239423,0,0.02694707055116083,0.9320721396754108,,,,,,,,,,,,
2026-07-10,morning,priority_report,INOD,bounce,Medium,GapFade_strongstock,NO-GO,2,2/6,0.08602706894120966,0.025296328418618095,0.5170662790388104,0,0.01823140970427807,0.7128927055507289,,,,,,,,,,,,
2026-07-10,morning,watchlist_report,HYLN,bounce,Small,GapFade_strongstock,NO-GO,2,2/6,0.15818046849224685,0.01882352941176472,1.5132588501436697,0,0.06913580246913587,0.2774040818029184,,,,,,,,,,,,
2026-07-10,morning,watchlist_report,NVTS,bounce,Medium,GapFade_strongstock,NO-GO,2,2/6,0.13275466284074602,-0.016925246826516235,0.5772955785931371,0,-0.003573981415296691,0.370150221549768,,,,,,,,,,,,
2026-07-10,morning,watchlist_report,RXT,bounce,Small,GapFade_strongstock,GO,5,5/6,0.239074377457405,-0.002288329519450752,1.8464462520424911,0,-0.3550295857988165,2.0338379096970485,,,,,,,,,,,,
2026-07-10,morning,watchlist_report,POET,bounce,Small,GapFade_strongstock,NO-GO,2,2/6,0.11562727875372887,-0.009195402298850583,0.7133964076299402,0,0.04232164449818617,0.47155275586036766,,,,,,,,,,,,
2026-07-10,morning,watchlist_report,CRWD,bounce,Large,GapFade_weakstock,NO-GO,2,2/6,0.27804601700082493,0.0037802419354838706,2.3013215923501376,0,0.023276127838865488,0.21219780034083224,,,,,,,,,,,,
2026-07-10,morning,watchlist_report,AXTI,bounce,Medium,GapFade_strongstock,NO-GO,2,2/6,0.15959102027753008,-0.0009592326139087957,1.3062145159215435,0,0.07463456577816,0.5374595866775344,,,,,,,,,,,,
2026-07-10,morning,watchlist_report,WOLF,bounce,Small,GapFade_strongstock,NO-GO,2,2/6,0.1664690872258366,-0.015570469798657673,0.17281185755382775,0,0.018611111111111158,0.37841424073183527,,,,,,,,,,,,
2026-07-10,morning,watchlist_report,RKLB,bounce,Medium,GapFade_strongstock,NO-GO,3,3/6,0.10318247559358806,0.005087825560266526,0.8231282911067352,0,-0.005275146864884279,0.45438351604067256,,,,,,,,,,,,
2026-07-10,morning,watchlist_report,FCEL,bounce,Small,GapFade_strongstock,NO-GO,1,1/6,0.2188253201104695,-0.010434782608695584,14.738913185391695,0,-0.12326656394453002,0.40357683233777714,,,,,,,,,,,,
2026-07-10,morning,watchlist_report,DGXX,bounce,Small,GapFade_strongstock,NO-GO,2,2/6,0.11010989010989011,0.0,0.716990581681598,0,0.058823529411764656,0.446329563096031,,,,,,,,,,,,
2026-07-10,morning,watchlist_report,AAOI,bounce,Medium,GapFade_strongstock,NO-GO,2,2/6,0.13330302559010374,-0.022911382047295616,0.8314438430419755,0,0.0437024735600035,0.5861394313612865,,,,,,,,,,,,
2026-07-10,morning,watchlist_report,SOXL,bounce,ETF,GapFade_strongstock,NO-GO,2,2/6,0.22127857914224,-0.03767212262925435,0.7211483329103529,0,0.12052274927395927,0.36822127996896126,,,,,,,,,,,,
2026-07-10,morning,watchlist_report,INOD,bounce,Medium,GapFade_strongstock,NO-GO,2,2/6,0.08602706894120966,0.025296328418618095,0.5170662790388104,0,0.01823140970427807,0.7128927055507289,,,,,,,,,,,,
2026-07-10,morning,watchlist_report,LWLG,bounce,Small,GapFade_strongstock,NO-GO,2,2/6,0.12017982017982018,0.00846262341325818,1.0746669081873828,0,0.06161841128433556,0.41313383208645,,,,,,,,,,,,
2026-07-10,morning,watchlist_report,GLW,bounce,Large,GapFade_strongstock,NO-GO,1,1/6,0.12219310214851116,-0.014970371140451168,0.9216589960108029,0,0.022224619700075547,0.5324847468198819,,,,,,,,,,,,
2026-07-10,morning,watchlist_report,PL,bounce,Medium,GapFade_strongstock,NO-GO,2,2/6,0.09252502606882171,0.007352941176470562,0.7819172668946711,0,-0.0439637124912771,0.49897725159610606,,,,,,,,,,,,
2026-07-10,morning,watchlist_report,HQ,bounce,Small,GapFade_strongstock,NO-GO,2,2/6,0.24720035566093662,0.0016625103906900542,0.7383863331190273,0,0.025531914893617082,0.305495807225911,,,,,,,,,,,,
2026-07-10,morning,watchlist_report,FJET,bounce,Micro,GapFade_weakstock,NO-GO,2,2/6,0.11478906999041226,,0.33467042108132783,0,-0.03246753246753254,0.5164613350038294,,,,,,,,,,,,
2026-07-10,morning,watchlist_report,SPCE,bounce,Small,GapFade_weakstock,NO-GO,1,1/6,0.10116784356328083,0.0038167938931296893,0.931072101204764,0,0.023346303501945546,0.620134228187918,,,,,,,,,,,,
2026-07-10,morning,watchlist_report,NBIS,bounce,Medium,GapFade_strongstock,NO-GO,1,1/6,0.12801861378716728,-0.005342738205365292,1.1223035312212635,0,0.10172088734054006,0.653438552838293,,,,,,,,,,,,
2026-07-10,morning,watchlist_report,KEEL,bounce,Medium,GapFade_strongstock,NO-GO,2,2/6,0.13996333235552952,0.006198347107438068,0.624024980003005,0,0.09684684684684677,0.4327915579448162,,,,,,,,,,,,
2026-07-10,morning,watchlist_report,WDC,bounce,Large,GapFade_strongstock,NO-GO,0,0/6,0.11450563909774437,-0.013926130957529547,0.8166986820847857,0,0.07122721292990035,0.421336791590744,,,,,,,,,,,,
2026-07-10,morning,watchlist_report,BE,bounce,Medium,GapFade_strongstock,NO-GO,0,0/6,0.14916263131284757,-0.010582834020698664,1.8505713006122657,0,-0.056645769187965954,0.6000201864687387,,,,,,,,,,,,
2026-07-10,morning,watchlist_report,ARM,bounce,Large,GapFade_strongstock,NO-GO,0,0/6,0.10100627919273818,-0.011193460822887169,0.7969823178159169,0,0.07911992810305223,0.8639160924276362,,,,,,,,,,,,
2026-07-10,morning,watchlist_report,BRUN,bounce,Medium,GapFade_strongstock,NO-GO,1,1/6,0.13795891192695456,-0.005298013245033118,0.6283150127249599,0,0.029472241261137747,0.6876938986556353,,,,,,,,,,,,
2026-07-10,morning,watchlist_report,MRVL,bounce,Large,GapFade_strongstock,NO-GO,0,0/6,0.10272028535609808,-0.016319315986352608,1.0369690416831998,0,0.03727785002167327,0.43122799727431366,,,,,,,,,,,,
2026-07-10,morning,watchlist_report,BOT,bounce,Small,GapFade_strongstock,NO-GO,0,0/6,0.14896064624821806,-0.016651798988997987,0.6835805021232536,0,0.0363522406769038,0.7693668455959329,,,,,,,,,,,,
2026-07-10,morning,watchlist_report,ON,bounce,Medium,GapFade_strongstock,NO-GO,1,1/6,0.09851036269430055,-0.013998160825585006,1.2369364655736916,0,0.059275521405049464,0.5217619986850748,,,,,,,,,,,,
2026-07-10,morning,watchlist_report,CAR,bounce,Medium,GapFade_strongstock,NO-GO,1,1/6,0.06342667477812768,,0.3102723069239423,0,0.02694707055116083,0.9320721396754108,,,,,,,,,,,,
2026-07-10,morning,watchlist_report,LITE,bounce,Medium,GapFade_strongstock,NO-GO,0,0/6,0.09040668890124143,-0.018796848950710744,0.5876670244620121,0,0.10314632785337173,0.7603629165062084,,,,,,,,,,,,
2026-07-10,morning,watchlist_report,QCOM,bounce,Large,GapFade_strongstock,NO-GO,0,0/6,0.07394309280842352,-0.010360525351891674,0.8326124102780535,0,0.03366672132043502,0.618526160949599,,,,,,,,,,,,
2026-07-10,morning,watchlist_report,NOK,bounce,Medium,GapFade_strongstock,NO-GO,0,0/6,0.06494986480396577,-0.01705426356589152,1.1101680296493168,0,0.07004219409282701,0.8985333784334644,,,,,,,,,,,,
2026-07-10,morning,watchlist_report,MXL,bounce,Medium,GapFade_strongstock,NO-GO,0,0/6,0.13924693680877429,-0.025156576200417502,1.7143377248572258,0,0.08820787695175959,0.19416697151155868,,,,,,,,,,,,
2026-07-10,morning,watchlist_report,INTC,bounce,Large,GapFade_strongstock,NO-GO,0,0/6,0.09768428427379752,-0.03065576683845746,0.9767173476633739,0,-0.011776429024368124,0.49359169860036894,,,,,,,,,,,,
2026-07-10,morning,watchlist_report,RVI,bounce,Small,GapFade_weakstock,NO-GO,0,0/6,0.10081079222446357,,0.3010517670160856,0,0.008087997411840828,0.25012222103475246,,,,,,,,,,,,
2026-07-10,morning,watchlist_report,SNDK,bounce,Large,GapFade_strongstock,NO-GO,0,0/6,0.1338623444268166,-0.02263395523793633,1.144024962939052,0,0.12271125672250725,0.62351379074679,,,,,,,,,,,,
2026-07-10,morning,watchlist_report,STX,bounce,Large,GapFade_strongstock,NO-GO,0,0/6,0.10207634319931175,-0.009347369367142705,1.174056576452013,0,0.06540283214924363,0.5485076699653206,,,,,,,,,,,,
2026-07-10,morning,watchlist_report,EWY,bounce,ETF,GapFade_strongstock,NO-GO,0,0/6,0.06367014014218234,-0.014560216508795657,2.0686863254085694,0,0.004247338518395997,0.304525988230582,,,,,,,,,,,,
2026-07-10,morning,watchlist_report,MU,bounce,Large,GapFade_strongstock,NO-GO,0,0/6,0.10508291652041654,-0.014965108305433456,1.702836078019675,0,0.04094290159636817,0.471235845545037,,,,,,,,,,,,
2026-07-10,morning,watchlist_report,AMAT,bounce,Large,GapFade_strongstock,NO-GO,0,0/6,0.09473019985196152,-0.016410151870349554,0.9408038466137887,0,0.04418394950405771,0.811868474754617,,,,,,,,,,,,
2026-07-10,morning,watchlist_report,IONQ,bounce,Medium,GapFade_weakstock,NO-GO,0,0/6,0.09281160753950625,0.005584096493187402,0.6105505915917613,0,-0.007495590828924081,0.39010347486123353,,,,,,,,,,,,
2026-07-10,morning,watchlist_report,IREN,bounce,Medium,GapFade_weakstock,NO-GO,0,0/6,0.10587121977503874,0.016778523489932955,0.9817760906843841,0,0.0654276026623133,0.8817523077608199,,,,,,,,,,,,
2026-07-10,morning,watchlist_report,CRML,bounce,Small,GapFade_weakstock,NO-GO,0,0/6,0.0782594029347276,0.0,0.5070740329019037,0,-0.031999999999999924,0.49030172413792994,,,,,,,,,,,,
2026-07-10,morning,watchlist_report,SMR,bounce,Medium,GapFade_weakstock,NO-GO,1,1/6,0.08967453278428886,-0.0011074197120708514,0.7824481079289335,0,0.006696428571428428,0.6181506698104046,,,,,,,,,,,,
2026-07-10,morning,watchlist_report,DXYZ,bounce,Small,GapFade_weakstock,NO-GO,1,1/6,0.061393757554826435,0.0053092224231465635,0.43670749046724555,0,0.13271393643031792,1.8575488558788191,,,,,,,,,,,,
2026-07-10,morning,watchlist_report,ORCL,bounce,Large,GapFade_weakstock,NO-GO,3,3/6,0.052877063461549155,0.015332824850922163,1.483247650111843,0,0.03411935028248587,1.0499999999999994,,,,,,,,,,,,
2026-07-10,morning,watchlist_report,GOOGL,bounce,Large,GapFade_strongstock,NO-GO,0,0/6,0.03296476102787313,-0.0013374571595752497,0.6225988000663885,0,-0.023485818597934634,0.7253552717331493,,,,,,,,,,,,
2026-07-10,morning,watchlist_report,MSTR,bounce,Medium,GapFade_weakstock,NO-GO,1,1/6,0.09164707930704276,0.04867398018958348,0.9878515612246894,0,0.011298274445357378,0.4394158157207305,,,,,,,,,,,,
2026-07-10,morning,watchlist_report,AVGO,bounce,Large,GapFade_strongstock,NO-GO,1,1/6,0.041563456151691464,-0.008252100421330812,1.1736330154000219,0,0.0728734020173689,1.1848353516921015,,,,,,,,,,,,
2026-07-10,morning,watchlist_report,OKLO,bounce,Medium,GapFade_weakstock,NO-GO,1,1/6,0.07783627087198515,0.0002029632636492391,0.4596988004009836,0,0.028810020876826777,0.7664690283943624,,,,,,,,,,,,
2026-07-10,morning,watchlist_report,UMC,bounce,Medium,GapFade_strongstock,NO-GO,0,0/6,0.0833089256772401,-0.007240547063555902,1.6509503539741222,0,0.035669324381032375,0.40611570649889395,,,,,,,,,,,,
2026-07-10,morning,watchlist_report,NVDA,bounce,Large,GapFade_strongstock,NO-GO,0,0/6,0.032883696229421146,-0.005079396390176552,0.4531042033507919,0,0.02447570202610061,0.8478682170542633,,,,,,,,,,,,
2026-07-10,morning,watchlist_report,KWEB,bounce,ETF,GapFade_weakstock,NO-GO,1,1/6,0.02273706316299604,0.001888217522658637,2.1267882122263857,0,0.03998431987455898,0.7128478389579638,,,,,,,,,,,,
2026-07-10,morning,watchlist_report,RGTI,bounce,Medium,GapFade_weakstock,NO-GO,0,0/6,0.09151398425724333,0.004120070629782242,0.39575660523808204,0,0.0308157099697884,0.4023754186263564,,,,,,,,,,,,
2026-07-10,morning,watchlist_report,STM,bounce,Medium,GapFade_strongstock,NO-GO,0,0/6,0.06321823784843814,0.0,1.1261955387025913,0,0.06108799048751486,0.5294085062539482,,,,,,,,,,,,
2026-07-10,morning,watchlist_report,ALAB,bounce,Medium,GapFade_strongstock,NO-GO,0,0/6,0.11277692044482464,0.00011977482333216282,0.5975392974178315,0,0.09039149625218736,0.5139710468033756,,,,,,,,,,,,
2026-07-10,morning,watchlist_report,FIG,bounce,Medium,GapFade_weakstock,NO-GO,2,2/6,0.07026900844819921,0.010332434860736607,2.557731083608817,0,0.013519603424966073,1.2022653209732013,,,,,,,,,,,,
2026-07-10,morning,watchlist_report,MP,bounce,Medium,GapFade_weakstock,NO-GO,0,0/6,0.05877370417193427,0.00522142719009855,0.5282400158282514,0,0.02951079421667647,0.8837805231606596,,,,,,,,,,,,
2026-07-10,morning,watchlist_report,CRWV,bounce,Medium,GapFade_weakstock,NO-GO,0,0/6,0.0890074283681727,0.002943143812708983,0.8919859018639432,0,0.07702621812522444,0.7198158860705866,,,,,,,,,,,,
2026-07-10,morning,watchlist_report,CBRS,bounce,Medium,GapFade_weakstock,NO-GO,0,0/6,0.12323294364616887,-0.005943686092781982,0.40207349578133766,0,0.11743389389049305,0.7541111776511007,,,,,,,,,,,,
2026-07-10,morning,watchlist_report,TEAM,bounce,Medium,GapFade_weakstock,NO-GO,1,1/6,0.055913992594878115,0.020835630029765195,0.7154715703654874,0,0.047629822378097,1.97001113304611,,,,,,,,,,,,
2026-07-10,morning,watchlist_report,ETHE,bounce,Medium,GapFade_weakstock,NO-GO,0,0/6,0.044012546927484686,0.024805102763997267,0.4404508086568741,0,0.0006920415224914577,0.345682892063885,,,,,,,,,,,,
2026-07-10,morning,watchlist_report,APP,bounce,Large,GapFade_weakstock,NO-GO,0,0/6,0.06277346534545712,0.008896489441423431,0.8324524003902231,0,-0.005530512519413752,0.8913879381767029,,,,,,,,,,,,
2026-07-10,morning,watchlist_report,PLTR,bounce,Large,GapFade_weakstock,NO-GO,0,0/6,0.054530167499780756,0.009919404835709867,0.6939134431476756,0,-0.030140656396517165,0.6163483071529366,,,,,,,,,,,,
2026-07-10,morning,watchlist_report,IBIT,bounce,ETF,GapFade_weakstock,NO-GO,1,1/6,0.03540595531556911,0.01954761239877117,0.6308254722089208,0,0.009958506224066375,0.4548719705593078,,,,,,,,,,,,
2026-07-10,morning,watchlist_report,CRDO,breakout,Medium,D2_continuation,CAUTION,3,3/6 [REDUCED_SIZE],0.11275210084033614,0.004705439488048184,,,,0.5938152355928363,0.034378889920924166,0.19742600481122294,,,,,,,,,,
2026-07-10,morning,watchlist_report,OPEN,bounce,Medium,GapFade_weakstock,NO-GO,1,1/6,0.06537933817594836,0.0018867924528301486,0.7747275172918495,0,0.10855949895615857,1.9011172149867295,,,,,,,,,,,,
2026-07-10,morning,watchlist_report,AAPL,breakout,Large,D2_continuation,CAUTION,2,2/6 [REDUCED_SIZE],0.028447566748893545,-0.00373157928024795,,,,0.9339306621439226,0.031407523074508566,0.06441675014703084,,,,,,,,,,
2026-07-10,morning,watchlist_report,TSLA,bounce,Large,GapFade_weakstock,NO-GO,0,0/6,0.0511854028208406,-0.004944041323330441,0.3421440901973271,0,0.004070488955075809,0.8208468268828781,,,,,,,,,,,,
2026-07-10,morning,watchlist_report,MSFT,bounce,Large,GapFade_weakstock,NO-GO,0,0/6,0.03228892124518496,0.00829951087522114,0.9166020593764662,0,-0.0033175599218186495,0.9030195787430749,,,,,,,,,,,,
2026-07-10,morning,watchlist_report,U,bounce,Medium,GapFade_weakstock,NO-GO,1,1/6,0.049484479941913226,0.02440611780019525,0.34139653706082923,0,0.06136210384356036,1.3159825391585054,,,,,,,,,,,,
2026-07-10,morning,watchlist_report,META,breakout,Large,D2_continuation,CAUTION,3,3/6 [REDUCED_SIZE],0.038466009392798886,0.01879711154747578,,,,2.27097250905228,0.07470520621792988,0.07354387549588848,,,,,,,,,,
2026-07-10,morning,watchlist_report,SIMO,breakout,Medium,D2_continuation,NO-GO,3,3/6 [AVOID],0.08873152937237312,0.0,,,,0.5908469816478878,0.032378683453737296,0.1701743749639125,,,,,,,,,,
2026-07-10,morning,watchlist_report,AMD,breakout,Large,D2_continuation,NO-GO,2,2/6 [AVOID],0.07095316778396754,-0.003731343283582231,,,,0.6287717990857845,0.021412854016285614,0.14186597787351174,,,,,,,,,,
2026-07-10,evening,priority_report,AMD,breakout,Large,D2_continuation,CAUTION,3,3/6 [REDUCED_SIZE],0.06968027591109646,0.014468100673105003,,,,,0.04007162227923283,0.17403161513640564,,,,,,,,,,
2026-07-10,evening,priority_report,HQ,breakout,Small,D2_continuation,CAUTION,1,1/6 [REDUCED_SIZE],0.2565688445921004,-0.034912718204488775,,,,,-0.05201525951810475,0.5419623525659506,,,,,,,,,,
2026-07-10,evening,priority_report,AAPL,breakout,Large,D2_continuation,CAUTION,2,2/6 [REDUCED_SIZE],0.028424559312933674,-0.0029251786730757423,,,,,0.032242366009958015,0.06576411312190042,,,,,,,,,,
2026-07-10,evening,priority_report,SPCE,bounce,Small,GapFade_weakstock,NO-GO,1,1/6,0.10292898590770931,0.007633587786259549,0.931072101204764,0.021149354346646696,0.00583657587548643,0.620134228187918,,,,,,,,,,,,
2026-07-10,evening,priority_report,RXT,bounce,Small,GapFade_strongstock,NO-GO,1,1/6,0.19764207161818087,0.01601830663615567,1.8464462520424911,0.05089915846279577,-0.21982248520710057,2.0338379096970485,,,,,,,,,,,,
2026-07-10,evening,priority_report,FJET,bounce,Micro,GapFade_weakstock,NO-GO,2,2/6,0.11576543619726616,0.008948545861297548,0.33467042108132783,0.006110834642988932,-0.04062770562770572,0.5164613350038294,,,,,,,,,,,,
2026-07-10,evening,priority_report,GOOGL,bounce,Large,GapFade_strongstock,NO-GO,0,0/6,0.03322431877618742,-0.003803393797542448,0.6225988000663885,0.02526158081780257,-0.031114622782878673,0.7253552717331493,,,,,,,,,,,,
2026-07-10,evening,priority_report,NVDA,breakout,Large,D2_continuation,CAUTION,3,3/6 [REDUCED_SIZE],0.03157604871033872,0.03612289180392538,,,,,0.05166972146445706,0.007821998516558676,,,,,,,,,,
2026-07-10,evening,priority_report,CRWD,bounce,Large,GapFade_weakstock,NO-GO,2,2/6,0.2965556142122659,-0.009072580645161348,2.3013215923501376,0.06684541923228615,-0.04059192272120032,0.21219780034083224,,,,,,,,,,,,
2026-07-10,evening,priority_report,EWY,bounce,ETF,GapFade_strongstock,NO-GO,0,0/6,0.0631223356256029,-0.017807848443842988,2.0686863254085694,0.046806345876158686,0.012962656517182385,0.304525988230582,,,,,,,,,,,,
2026-07-10,evening,priority_report,BOT,bounce,Small,GapFade_strongstock,NO-GO,0,0/6,0.1488256365990505,-0.005649717514124437,0.6835805021232536,0.006672987378685942,0.037292384832341,0.7693668455959329,,,,,,,,,,,,
2026-07-10,evening,priority_report,GLW,bounce,Large,GapFade_strongstock,NO-GO,1,1/6,0.12164106354876478,-0.014762449319056053,0.9216589960108029,0.014537920102646281,0.02686373934620789,0.5324847468198819,,,,,,,,,,,,
2026-07-10,evening,priority_report,AVGO,bounce,Large,GapFade_strongstock,NO-GO,1,1/6,0.0413444180395288,-0.006506943232529764,1.1736330154000219,0.018758349048886014,0.07855736555369776,1.1848353516921015,,,,,,,,,,,,
2026-07-10,evening,priority_report,PLTR,bounce,Large,GapFade_weakstock,NO-GO,0,0/6,0.0562279655700552,0.024023558586484767,0.6939134431476756,0.018281024208692775,-0.059425466994120706,0.6163483071529366,,,,,,,,,,,,
2026-07-10,evening,priority_report,ORCL,bounce,Large,GapFade_weakstock,NO-GO,3,3/6,0.05490609234759,0.00991540701705732,1.483247650111843,0.02857797081840053,-0.004096045197740001,1.0499999999999994,,,,,,,,,,,,
2026-07-10,evening,priority_report,LITE,bounce,Medium,GapFade_strongstock,NO-GO,0,0/6,0.08828152026806974,-0.020648535831095643,0.5876670244620121,0.019145167920544673,0.12970196448755916,0.7603629165062084,,,,,,,,,,,,
2026-07-10,evening,priority_report,MSFT,bounce,Large,GapFade_weakstock,NO-GO,0,0/6,0.03250616019475123,0.008949942761993958,0.9166020593764662,0.03745205981488824,-0.009978397284230006,0.9030195787430749,,,,,,,,,,,,
2026-07-10,evening,priority_report,HYLN,bounce,Small,GapFade_strongstock,NO-GO,2,2/6,0.1640137520525452,0.014117647058823438,1.5132588501436697,0.048942860079131574,0.031111111111111193,0.2774040818029184,,,,,,,,,,,,
2026-07-10,evening,priority_report,MU,bounce,Large,GapFade_strongstock,NO-GO,0,0/6,0.10375412444748651,-0.026889798717276394,1.702836078019675,0.07312831612948031,0.05427438777467545,0.471235845545037,,,,,,,,,,,,
2026-07-10,evening,priority_report,IONQ,bounce,Medium,GapFade_weakstock,NO-GO,0,0/6,0.09672172619047618,0.01228501228501222,0.6105505915917613,0.015480164212152378,-0.04761904761904755,0.39010347486123353,,,,,,,,,,,,
2026-07-10,evening,priority_report,WDC,bounce,Large,GapFade_strongstock,NO-GO,0,0/6,0.11250812639749412,-0.024314505665599777,0.8166986820847857,0.02167435483041069,0.09024619432437508,0.421336791590744,,,,,,,,,,,,
2026-07-10,evening,priority_report,STX,bounce,Large,GapFade_strongstock,NO-GO,0,0/6,0.09840473301065644,-0.0319742947342404,1.174056576452013,0.019932312010435962,0.10515441496302737,0.5485076699653206,,,,,,,,,,,,
2026-07-10,evening,priority_report,KEEL,bounce,Medium,GapFade_strongstock,NO-GO,2,2/6,0.14634292216575323,0.012396694214876136,0.624024980003005,0.012540091798852357,0.049031531531531475,0.4327915579448162,,,,,,,,,,,,
2026-07-10,evening,priority_report,IREN,bounce,Medium,GapFade_weakstock,NO-GO,0,0/6,0.10744155844155846,0.02133269415148611,0.9817760906843841,0.043571824294504485,0.049855582067060145,0.8817523077608199,,,,,,,,,,,,
2026-07-10,evening,priority_report,MP,bounce,Medium,GapFade_weakstock,NO-GO,0,0/6,0.05844762086966028,0.011989943918004205,0.5282400158282514,0.009923779602670131,0.03525450584274116,0.8837805231606596,,,,,,,,,,,,
2026-07-10,evening,priority_report,BE,bounce,Medium,GapFade_strongstock,NO-GO,1,1/6,0.15666311674902278,-0.02262469846704525,1.8505713006122657,0.022565937759445744,-0.10181029046258855,0.6000201864687387,,,,,,,,,,,,
2026-07-10,evening,priority_report,OKLO,bounce,Medium,GapFade_weakstock,NO-GO,1,1/6,0.07885718984769187,0.003348893850213094,0.4596988004009836,0.017710962732753445,0.01549060542797504,0.7664690283943624,,,,,,,,,,,,
2026-07-10,evening,priority_report,SMR,bounce,Medium,GapFade_weakstock,NO-GO,1,1/6,0.08982390735305779,0.015503875968992312,0.7824481079289335,0.03967927491334944,0.00502232142857142,0.6181506698104046,,,,,,,,,,,,
2026-07-10,evening,priority_report,RKLB,bounce,Medium,GapFade_strongstock,NO-GO,3,3/6,0.10525018441111386,-0.0031496062992124882,0.8231282911067352,0.030297743552179096,-0.024817168205251088,0.45438351604067256,,,,,,,,,,,,
2026-07-10,evening,priority_report,DGXX,bounce,Small,GapFade_strongstock,NO-GO,2,2/6,0.11580096308186195,-0.008547008547008555,0.716990581681598,0.011293989574006468,0.006787330316742138,0.446329563096031,,,,,,,,,,,,
2026-07-10,evening,priority_report,APP,bounce,Large,GapFade_weakstock,NO-GO,0,0/6,0.06518310237177041,0.011855580961897033,0.8324524003902231,0.006987464883877274,-0.04229326868441994,0.8913879381767029,,,,,,,,,,,,
2026-07-10,evening,priority_report,OPEN,bounce,Medium,GapFade_weakstock,NO-GO,1,1/6,0.07172815820543095,0.018867924528301987,0.7747275172918495,0.011582905691283873,0.010438413361169066,1.9011172149867295,,,,,,,,,,,,
2026-07-10,evening,priority_report,CRML,bounce,Small,GapFade_weakstock,NO-GO,0,0/6,0.08329129875188707,0.004722550177095531,0.5070740329019037,0.007950764510517625,-0.09047999999999996,0.49030172413792994,,,,,,,,,,,,
2026-07-10,evening,priority_report,SNDK,bounce,Large,GapFade_strongstock,NO-GO,0,0/6,0.12668186184619198,-0.04266656621481273,1.144024962939052,0.049018364171850674,0.1863479013414106,0.62351379074679,,,,,,,,,,,,
2026-07-10,evening,priority_report,PL,bounce,Medium,GapFade_strongstock,NO-GO,2,2/6,0.09778922716627636,0.0051470588235294325,0.7819172668946711,0.014217050201482563,-0.09542916957431959,0.49897725159610606,,,,,,,,,,,,
2026-07-10,evening,priority_report,RGTI,bounce,Medium,GapFade_weakstock,NO-GO,0,0/6,0.09390848549946293,0.010005885815185505,0.39575660523808204,0.01149525144822327,0.004531722054380622,0.4023754186263564,,,,,,,,,,,,
2026-07-10,evening,priority_report,CRWV,bounce,Medium,GapFade_weakstock,NO-GO,0,0/6,0.08939895373131952,0.002118171683389049,0.8919859018639432,0.021130666270202457,0.0723093499341553,0.7198158860705866,,,,,,,,,,,,
2026-07-10,evening,priority_report,NBIS,bounce,Medium,GapFade_strongstock,NO-GO,0,0/6,0.12397437629469517,-0.01465309898242358,1.1223035312212635,0.024660583788601788,0.13766074081664023,0.653438552838293,,,,,,,,,,,,
2026-07-10,evening,priority_report,CRDO,breakout,Medium,D2_continuation,CAUTION,2,2/6 [REDUCED_SIZE],0.11629453071950271,-0.025898738942217187,,,,,0.002870833064209628,0.2041505986233414,,,,,,,,,,
2026-07-10,evening,priority_report,POET,bounce,Small,GapFade_strongstock,NO-GO,2,2/6,0.11894021919797884,-0.014942528735632071,0.7133964076299402,0.021177690926272776,0.013288996372430431,0.47155275586036766,,,,,,,,,,,,
2026-07-10,evening,priority_report,U,breakout,Medium,D2_continuation,CAUTION,3,3/6 [REDUCED_SIZE],0.050242587601078165,0.008948909860071545,,,,,0.055426247710849794,0.18356968915628125,,,,,,,,,,
2026-07-10,evening,priority_report,TSLA,bounce,Large,GapFade_weakstock,NO-GO,0,0/6,0.05069169324604107,0.009691304882548267,0.3421440901973271,0.010658560387027012,0.013849590469099135,0.8208468268828781,,,,,,,,,,,,
2026-07-10,evening,priority_report,FIG,bounce,Medium,GapFade_weakstock,NO-GO,2,2/6,0.07433443085606772,0.026504941599281212,2.557731083608817,0.028717188243904013,-0.04191077061739521,1.2022653209732013,,,,,,,,,,,,
2026-07-10,evening,priority_report,IBIT,bounce,ETF,GapFade_weakstock,NO-GO,1,1/6,0.03579815642679114,0.014381457693381752,0.6308254722089208,0.09049861103577783,-0.0011065006915629088,0.4548719705593078,,,,,,,,,,,,
2026-07-10,evening,priority_report,ETHE,bounce,Medium,GapFade_weakstock,NO-GO,0,0/6,0.04419593253968254,0.026931254429482694,0.4404508086568741,0.05562548911980975,-0.003460207612456674,0.345682892063885,,,,,,,,,,,,
2026-07-10,evening,priority_report,TEAM,bounce,Medium,GapFade_weakstock,NO-GO,1,1/6,0.05872998768472905,0.03593870576562678,0.7154715703654874,0.020219032449052564,-0.0026021043104424027,1.97001113304611,,,,,,,,,,,,
2026-07-10,evening,priority_report,MSTR,bounce,Medium,GapFade_weakstock,NO-GO,1,1/6,0.09655525577627125,0.05181595484077106,0.9878515612246894,0.06949740444354015,-0.04010887428101891,0.4394158157207305,,,,,,,,,,,,
2026-07-10,evening,priority_report,KWEB,bounce,ETF,GapFade_weakstock,NO-GO,1,1/6,0.022849025974025945,0.002265861027190284,2.1267882122263857,0.008979271182187587,0.03488827910623273,0.7128478389579638,,,,,,,,,,,,
2026-07-10,evening,priority_report,AXTI,bounce,Medium,GapFade_strongstock,NO-GO,2,2/6,0.17547009513755352,-0.02158273381294955,1.3062145159215435,0.026639230796916987,-0.022613929492691278,0.5374595866775344,,,,,,,,,,,,
2026-07-10,evening,priority_report,CBRS,bounce,Medium,GapFade_strongstock,NO-GO,1,1/6,0.11374062963507355,-0.021810305747242294,0.40207349578133766,0.014642733074876258,0.21069022139176705,0.7541111776511007,,,,,,,,,,,,
2026-07-10,evening,priority_report,SOXL,bounce,ETF,GapFade_strongstock,NO-GO,3,3/6,0.21445526568098092,-0.05222135619641457,0.7211483329103529,0.03913260252755539,0.15617437076476282,0.36822127996896126,,,,,,,,,,,,
2026-07-10,evening,priority_report,MRVL,bounce,Large,GapFade_strongstock,NO-GO,0,0/6,0.10402659508544096,-0.02252641098368076,1.0369690416831998,0.027756601117013977,0.024252275682704806,0.43122799727431366,,,,,,,,,,,,
2026-07-10,evening,priority_report,META,breakout,Large,D2_continuation,GO,5,5/6 [FULL_SIZE],0.036981794077524645,0.05968518401216181,,,,,0.1178370760003918,0.12884891250080355,,,,,,,,,,
2026-07-10,evening,priority_report,INTC,bounce,Large,GapFade_strongstock,NO-GO,0,0/6,0.0969025968121176,-0.02634618802203664,0.9767173476633739,0.03164607218205192,-0.0038046924540266485,0.49359169860036894,,,,,,,,,,,,
2026-07-10,evening,priority_report,BRUN,bounce,Medium,GapFade_strongstock,NO-GO,2,2/6,0.14685633289460365,0.0,0.6283150127249599,0.004341003090990959,-0.03289924605894451,0.6876938986556353,,,,,,,,,,,,
2026-07-10,evening,priority_report,MXL,bounce,Medium,GapFade_strongstock,NO-GO,1,1/6,0.14195253169491792,-0.03643423799582457,1.7143377248572258,0.035569072464656036,0.06746679095781877,0.19416697151155868,,,,,,,,,,,,
2026-07-10,evening,priority_report,SIMO,breakout,Medium,D2_continuation,CAUTION,3,3/6 [REDUCED_SIZE],0.08821598845421873,0.005844075741688712,,,,,0.03841198267394581,0.1806830648420811,,,,,,,,,,
2026-07-10,evening,priority_report,STM,bounce,Medium,GapFade_strongstock,NO-GO,0,0/6,0.06316515045486353,-0.010505673063454265,1.1261955387025913,0.05238885914891199,0.06197978596908445,0.5294085062539482,,,,,,,,,,,,
2026-07-10,evening,priority_report,ON,bounce,Medium,GapFade_strongstock,NO-GO,1,1/6,0.09966712098972534,-0.015857770511903613,1.2369364655736916,0.00931705940489122,0.046981339187705834,0.5217619986850748,,,,,,,,,,,,
2026-07-10,evening,priority_report,NVTS,bounce,Medium,GapFade_strongstock,NO-GO,3,3/6,0.13789865871833082,-0.043723554301833514,0.5772955785931371,0.015063485075161238,-0.04074338813438172,0.370150221549768,,,,,,,,,,,,
2026-07-10,evening,priority_report,NOK,bounce,Medium,GapFade_strongstock,NO-GO,1,1/6,0.06607013924703456,-0.032558139534883714,1.1101680296493168,0.07987263150245595,0.05189873417721521,0.8985333784334644,,,,,,,,,,,,
2026-07-10,evening,priority_report,DXYZ,bounce,Small,GapFade_weakstock,NO-GO,1,1/6,0.06305375946794751,0.0,0.43670749046724555,0.059877971733482416,0.10289323553382242,1.8575488558788191,,,,,,,,,,,,
2026-07-10,evening,priority_report,QCOM,bounce,Large,GapFade_strongstock,NO-GO,0,0/6,0.07416661615855505,-0.0188477839987442,0.8326124102780535,0.02251370893240003,0.030551456522927276,0.618526160949599,,,,,,,,,,,,
2026-07-10,evening,priority_report,WOLF,bounce,Small,GapFade_strongstock,NO-GO,3,3/6,0.16987397881094832,-0.03409395973154371,0.17281185755382775,0.0019703144325536846,-0.0018055555555554924,0.37841424073183527,,,,,,,,,,,,
2026-07-10,evening,priority_report,RVI,bounce,Small,GapFade_weakstock,NO-GO,0,0/6,0.10103777052796027,0.0012836970474967633,0.3010517670160856,0.012927117814702824,0.005823358136525387,0.25012222103475246,,,,,,,,,,,,
2026-07-10,evening,priority_report,AAOI,bounce,Medium,GapFade_strongstock,NO-GO,2,2/6,0.13522822432855566,-0.02863922755911955,0.8314438430419755,0.04261024146551763,0.028843632549602285,0.5861394313612865,,,,,,,,,,,,
2026-07-10,evening,priority_report,LWLG,bounce,Small,GapFade_weakstock,NO-GO,0,0/6,0.1262726986459536,-0.008462623413258055,1.0746669081873828,0.013874428513271652,0.010393466963622776,0.41313383208645,,,,,,,,,,,,
2026-07-10,evening,priority_report,FCEL,bounce,Small,GapFade_strongstock,NO-GO,3,3/6,0.24018095251873703,-0.015652173913043455,14.738913185391695,0.3643240593255309,-0.20122110939907553,0.40357683233777714,,,,,,,,,,,,
2026-07-10,evening,priority_report,ARM,bounce,Large,GapFade_strongstock,NO-GO,0,0/6,0.1007855581985341,-0.015768444810443212,0.7969823178159169,0.022408458139460262,0.08148320740272283,0.8639160924276362,,,,,,,,,,,,
2026-07-10,evening,priority_report,ALAB,breakout,Medium,D2_continuation,CAUTION,2,2/6 [REDUCED_SIZE],0.11511928774883996,-0.020229967660797685,,,,,-0.005788279193988576,0.32365941778076407,,,,,,,,,,
2026-07-10,evening,priority_report,UMC,bounce,Medium,GapFade_strongstock,NO-GO,0,0/6,0.0841442310503084,-0.018905872888173726,1.6509503539741222,0.01996538659519403,0.025388166177087723,0.40611570649889395,,,,,,,,,,,,
2026-07-10,evening,priority_report,AMAT,bounce,Large,GapFade_strongstock,NO-GO,0,0/6,0.09086189963436714,-0.017701219719362553,0.9408038466137887,0.031186377843173664,0.08863841298467083,0.811868474754617,,,,,,,,,,,,
2026-07-10,evening,priority_report,CAR,bounce,Medium,GapFade_weakstock,NO-GO,1,1/6,0.06461431898032746,-0.0009393787575150656,0.3102723069239423,0.0007748036253897185,0.008071258601839318,0.9320721396754108,,,,,,,,,,,,
2026-07-10,evening,priority_report,INOD,bounce,Medium,GapFade_strongstock,NO-GO,2,2/6,0.09035835924774177,0.01618965018791544,0.5170662790388104,0.020417535613609948,-0.030577088716623537,0.7128927055507289,,,,,,,,,,,,
2026-07-13,morning,priority_report,AMD,breakout,Large,D2_continuation,CAUTION,2,2/6 [REDUCED_SIZE],0.07014334836779353,-0.025202100772553634,,,,,0.010485049128218116,0.12887568547033237,,,,,,,,,,
2026-07-13,morning,priority_report,HQ,bounce,Small,GapFade_strongstock,NO-GO,2,2/6,0.21504452690166972,0.004784688995215441,0.8271981598905864,0,-0.027777777777777783,0.4811245603591325,,,,,,,,,,,,
2026-07-13,morning,priority_report,AAPL,breakout,Large,D2_continuation,CAUTION,3,3/6 [REDUCED_SIZE],0.028341478756284406,0.0011734111378916801,,,,,0.026896827655970956,0.06189911353924729,,,,,,,,,,
2026-07-13,morning,priority_report,SPCE,bounce,Small,GapFade_weakstock,NO-GO,1,1/6,0.0971262779773418,0.00583657587548643,0.9337294214332742,0,-0.024528301886792434,0.35846372688478073,,,,,,,,,,,,
2026-07-13,morning,priority_report,RXT,bounce,Small,GapFade_strongstock,NO-GO,1,1/6,0.20054454101032052,-0.014981273408239714,4.860517538633074,0,-0.20060790273556234,1.1044074728638078,,,,,,,,,,,,
2026-07-13,morning,priority_report,FJET,bounce,Micro,GapFade_weakstock,NO-GO,2,2/6,0.11206099518459067,,0.1832846905508745,0,-0.006696428571428627,0.6974532328759282,,,,,,,,,,,,
2026-07-13,morning,priority_report,GOOGL,bounce,Large,GapFade_strongstock,NO-GO,0,0/6,0.03211560439560442,0.0008959068256901091,0.6979459519626605,0,-0.012212643678160964,0.4415865261984355,,,,,,,,,,,,
2026-07-13,morning,priority_report,NVDA,bounce,Large,GapFade_strongstock,NO-GO,1,1/6,0.03269131733443199,-0.013794084186575637,0.40608446861348424,0,0.019253380364491507,1.335013652593994,,,,,,,,,,,,
2026-07-13,morning,priority_report,CRWD,bounce,Large,GapFade_weakstock,NO-GO,2,2/6,0.28641116932965743,0.0021369804466289436,1.8020917515195327,0,-0.01852239430724148,0.21442528559126714,,,,,,,,,,,,
2026-07-13,morning,priority_report,EWY,bounce,ETF,GapFade_strongstock,NO-GO,1,1/6,0.06394195614352113,-0.07383391455972108,1.8236810077714152,0,-0.06977889667250438,0.5226249548158107,,,,,,,,,,,,
2026-07-13,morning,priority_report,BOT,bounce,Small,GapFade_strongstock,NO-GO,1,1/6,0.14803248776145972,-0.025204980261159984,0.6483172651822054,0,-0.03776978417266181,0.4335160193488847,,,,,,,,,,,,
2026-07-13,morning,priority_report,GLW,bounce,Large,GapFade_strongstock,NO-GO,2,2/6,0.11966343629343633,-0.030855466499030787,1.095750190258235,0,0.005270879747867189,0.28774397175088573,,,,,,,,,,,,
2026-07-13,morning,priority_report,AVGO,bounce,Large,GapFade_strongstock,NO-GO,0,0/6,0.03966713886164688,-0.01667625071880395,1.0423445805663627,0,0.011860351436877753,0.4320212146407397,,,,,,,,,,,,
2026-07-13,morning,priority_report,PLTR,bounce,Large,GapFade_weakstock,NO-GO,0,0/6,0.05576479811838494,0.005994163577569137,0.6034659110827268,0,-0.03531992134321586,0.9152513777977739,,,,,,,,,,,,
2026-07-13,morning,priority_report,ORCL,bounce,Large,GapFade_weakstock,NO-GO,2,2/6,0.05299849922933399,0.00170648464163829,1.508213237761602,0,0.0027759982916932616,0.8598488472208956,,,,,,,,,,,,
2026-07-13,morning,priority_report,LITE,bounce,Medium,GapFade_strongstock,NO-GO,0,0/6,0.08883485629454775,-0.03411428785177244,1.254983230860072,0,0.09553104228539097,0.65309159663944,,,,,,,,,,,,
2026-07-13,morning,priority_report,MSFT,bounce,Large,GapFade_weakstock,NO-GO,0,0/6,0.03272918356810975,0.005972474681900686,1.1001459136809368,0,0.010591120154432103,0.8210241676525284,,,,,,,,,,,,
2026-07-13,morning,priority_report,HYLN,bounce,Small,GapFade_strongstock,NO-GO,2,2/6,0.1588165784832452,-0.01937046004842617,1.0138284029185425,0,0.0,0.38867727570544913,,,,,,,,,,,,
2026-07-13,morning,priority_report,MU,bounce,Large,GapFade_strongstock,NO-GO,0,0/6,0.10580818195812812,-0.05238435617277643,1.6282672725376395,0,-0.021922428330522718,0.4467868743388818,,,,,,,,,,,,
2026-07-13,morning,priority_report,IONQ,bounce,Medium,GapFade_weakstock,NO-GO,0,0/6,0.09733936148716914,-0.010265982267848757,0.5244936101074451,0,-0.05900621118012415,0.7386533674463188,,,,,,,,,,,,
2026-07-13,morning,priority_report,WDC,bounce,Large,GapFade_strongstock,NO-GO,1,1/6,0.11019296805598128,-0.05596608220259707,0.817665466759745,0,-0.0005815009994547272,0.37027302567608267,,,,,,,,,,,,
2026-07-13,morning,priority_report,STX,bounce,Large,GapFade_strongstock,NO-GO,0,0/6,0.1009984469203527,-0.04110552101412667,1.0839395836795247,0,0.014999651170902977,0.7446375442268467,,,,,,,,,,,,
2026-07-13,morning,priority_report,KEEL,bounce,Medium,GapFade_strongstock,NO-GO,2,2/6,0.14882260596546315,-0.021505376344086134,0.7732571025571595,0,-0.0021929824561403044,0.5390295358649791,,,,,,,,,,,,
2026-07-13,morning,priority_report,IREN,bounce,Medium,GapFade_weakstock,NO-GO,0,0/6,0.1095794567641448,-0.01780262518230429,1.0842106578474973,0,-0.06039762818276945,0.5973563392687175,,,,,,,,,,,,
2026-07-13,morning,priority_report,MP,bounce,Medium,GapFade_weakstock,NO-GO,0,0/6,0.05939176904853727,-0.006703696609844884,0.3242848604435718,0,-0.021509433962264162,0.7662195506576871,,,,,,,,,,,,
2026-07-13,morning,priority_report,BE,bounce,Medium,GapFade_strongstock,NO-GO,3,3/6,0.15622396007464726,-0.039246146927762654,1.0122435048029457,0,-0.07581894687168195,0.5898236707602577,,,,,,,,,,,,
2026-07-13,morning,priority_report,OKLO,bounce,Medium,GapFade_weakstock,NO-GO,1,1/6,0.07760479752998456,-0.014943705220061493,0.46962944488991987,0,0.017766497461928855,0.8087098896726896,,,,,,,,,,,,
2026-07-13,morning,priority_report,SMR,bounce,Medium,GapFade_weakstock,NO-GO,1,1/6,0.08307166961272693,-0.016592920353982146,0.9057311430273686,0,0.014840182648401916,0.6431894458898743,,,,,,,,,,,,
2026-07-13,morning,priority_report,RKLB,bounce,Medium,GapFade_strongstock,NO-GO,3,3/6,0.10159598767618103,-0.004442250740375116,0.7671016724781344,0,-0.032033593281343586,0.39527792761429315,,,,,,,,,,,,
2026-07-13,morning,priority_report,DGXX,bounce,Small,GapFade_strongstock,NO-GO,2,2/6,0.10967865097041041,-0.002222222222222175,0.788696434965144,0,0.01126126126126122,0.5178115572058481,,,,,,,,,,,,
2026-07-13,morning,priority_report,APP,bounce,Large,GapFade_weakstock,NO-GO,0,0/6,0.06580318617447964,0.0011243047063000378,0.8127977682531565,0,-0.02801715883411839,0.8934557828570519,,,,,,,,,,,,
2026-07-13,morning,priority_report,OPEN,bounce,Medium,GapFade_weakstock,NO-GO,1,1/6,0.08056019967748056,0.011374606505771394,0.8550884724368571,0,0.006096033402922826,1.8931797692859644,,,,,,,,,,,,
2026-07-13,morning,priority_report,CRML,bounce,Small,GapFade_weakstock,NO-GO,0,0/6,0.08553345388788428,-0.006289308176100607,0.6835460645794609,0,-0.06508875739644958,0.9175475687103607,,,,,,,,,,,,
2026-07-13,morning,priority_report,SNDK,bounce,Large,GapFade_strongstock,NO-GO,0,0/6,0.13339135359336363,-0.06520105223600153,1.2682811188578484,0,0.03695040470593681,0.7276356292434126,,,,,,,,,,,,
2026-07-13,morning,priority_report,PL,bounce,Medium,GapFade_strongstock,NO-GO,2,2/6,0.09696984868713843,-0.01420345489443382,0.5971161337890835,0,-0.07459459459459461,0.8192160079856345,,,,,,,,,,,,
2026-07-13,morning,priority_report,RGTI,bounce,Medium,GapFade_weakstock,NO-GO,0,0/6,0.09091043879226811,-0.00969165659008461,0.35567766582901966,0,-0.03193262411347529,0.631259833454851,,,,,,,,,,,,
2026-07-13,morning,priority_report,CRWV,bounce,Medium,GapFade_weakstock,NO-GO,0,0/6,0.08999893365706414,-0.020252025202520223,0.9291601629650796,0,-0.03244444444444446,0.43128158622669555,,,,,,,,,,,,
2026-07-13,morning,priority_report,NBIS,bounce,Medium,GapFade_strongstock,NO-GO,1,1/6,0.12737084282154115,-0.03177782836330534,0.876993900851098,0,-0.01759977827050999,0.6290581423373691,,,,,,,,,,,,
2026-07-13,morning,priority_report,CRDO,bounce,Medium,GapFade_strongstock,NO-GO,0,0/6,0.11763796163756088,-0.03215795802785221,1.079473204904719,0,-0.03552514592755807,0.5168501864401255,,,,,,,,,,,,
2026-07-13,morning,priority_report,POET,bounce,Small,GapFade_strongstock,NO-GO,2,2/6,0.11957843996494302,-0.019253910950661868,0.8126422498360801,0,-0.04230317273795528,0.3693958472284312,,,,,,,,,,,,
2026-07-13,morning,priority_report,U,bounce,Medium,GapFade_weakstock,NO-GO,1,1/6,0.05114930875576036,0.0035610229847847013,0.5032206328950757,0,0.05227427019687709,1.4379155630034044,,,,,,,,,,,,
2026-07-13,morning,priority_report,TSLA,bounce,Large,GapFade_weakstock,NO-GO,0,0/6,0.049977614423036096,-0.010103982734942134,0.38270506212497013,0,0.024311018626605046,0.5130579647795959,,,,,,,,,,,,
2026-07-13,morning,priority_report,FIG,bounce,Medium,GapFade_weakstock,NO-GO,2,2/6,0.07794717887154862,0.014684983420180117,2.891419651461157,0,-0.011536686663590217,1.2816623029929672,,,,,,,,,,,,
2026-07-13,morning,priority_report,IBIT,bounce,ETF,GapFade_weakstock,NO-GO,1,1/6,0.03545905508661037,-0.014352746342809718,0.5265563568074473,0,0.01362475163213182,0.45804799350158404,,,,,,,,,,,,
2026-07-13,morning,priority_report,ETHE,bounce,Medium,GapFade_weakstock,NO-GO,0,0/6,0.04332624814631735,-0.0013821700069109432,0.24825767825905823,0,0.029202279202279215,0.4632112174696788,,,,,,,,,,,,
2026-07-13,morning,priority_report,TEAM,bounce,Medium,GapFade_weakstock,NO-GO,1,1/6,0.060046088093643354,0.008102633355840636,0.6650272491230759,0,0.048087048087048084,1.256755859504682,,,,,,,,,,,,
2026-07-13,morning,priority_report,MSTR,bounce,Medium,GapFade_weakstock,NO-GO,1,1/6,0.09446114212108202,-0.015638207945900297,0.7671951602412957,0,-0.007563651858953957,0.7693181818181829,,,,,,,,,,,,
2026-07-13,morning,priority_report,KWEB,bounce,ETF,GapFade_weakstock,NO-GO,1,1/6,0.023424769147202578,-0.0030326004548900036,1.0911792610259914,0,-0.004165088981446401,0.6168115942028977,,,,,,,,,,,,
2026-07-13,morning,priority_report,AXTI,bounce,Medium,GapFade_strongstock,NO-GO,2,2/6,0.16860154982879796,-0.030064674008040533,1.383801449686165,0,-0.0770126413838988,0.8262342742926769,,,,,,,,,,,,
2026-07-13,morning,priority_report,CBRS,bounce,Medium,GapFade_strongstock,NO-GO,2,2/6,0.114743899675153,-0.03287148967825935,0.5901186068637435,0,0.14467312348668276,1.0574882021653134,,,,,,,,,,,,
2026-07-13,morning,priority_report,SOXL,bounce,ETF,GapFade_strongstock,NO-GO,3,3/6,0.2171940038249522,-0.0753146780401539,0.6008143514732938,0,0.016931701178354925,0.49569119008617585,,,,,,,,,,,,
2026-07-13,morning,priority_report,MRVL,bounce,Large,GapFade_strongstock,NO-GO,0,0/6,0.09792474822827295,-0.025486620584368732,0.8636840776415156,0,-0.008243062448750579,0.39638970491376563,,,,,,,,,,,,
2026-07-13,morning,priority_report,META,breakout,Large,D2_continuation,NO-GO,4,4/6 [AVOID],0.040080443683021404,0.0005678337143796349,,,,,0.09277030373977015,0.1151558876646862,,,,,,,,,,
2026-07-13,morning,priority_report,INTC,bounce,Large,GapFade_strongstock,NO-GO,0,0/6,0.09356560995184592,-0.027676620538965826,0.9209642744243441,0,-0.031204644412191562,0.3402447331759335,,,,,,,,,,,,
2026-07-13,morning,priority_report,BRUN,bounce,Medium,GapFade_strongstock,NO-GO,3,3/6,0.14710665757305494,-0.04254571026722928,0.4752935494635853,0,-0.08731355790179321,0.6340941512125541,,,,,,,,,,,,
2026-07-13,morning,priority_report,MXL,bounce,Medium,GapFade_strongstock,NO-GO,1,1/6,0.14871378137862593,-0.0382256297918948,1.311950522051857,0,0.020453224869262116,0.46100039492440065,,,,,,,,,,,,
2026-07-13,morning,priority_report,SIMO,breakout,Medium,D2_continuation,NO-GO,2,2/6 [AVOID],0.0865767542013549,-0.012011643940554668,,,,,0.018600559999263973,0.1488793411234168,,,,,,,,,,
2026-07-13,morning,priority_report,STM,bounce,Medium,GapFade_strongstock,NO-GO,0,0/6,0.06153250371186725,-0.020465994962216506,1.0675976340154425,0,0.02126495477093662,0.5329777760088377,,,,,,,,,,,,
2026-07-13,morning,priority_report,ON,bounce,Medium,GapFade_strongstock,NO-GO,1,1/6,0.09702063661285412,-0.02250937890787825,1.3264599333653078,0,0.00010662117496525114,0.2752585208877023,,,,,,,,,,,,
2026-07-13,morning,priority_report,NVTS,bounce,Medium,GapFade_strongstock,NO-GO,2,2/6,0.13657317472443517,-0.02821083890126212,0.473678434062378,0,-0.020209580838323322,0.3468060283517921,,,,,,,,,,,,
2026-07-13,morning,priority_report,NOK,bounce,Medium,GapFade_strongstock,NO-GO,1,1/6,0.06583592759137553,-0.0040192926045015225,1.866504539154434,0,0.036820083682008474,0.4413348628271694,,,,,,,,,,,,
2026-07-13,morning,priority_report,DXYZ,bounce,Small,GapFade_weakstock,NO-GO,1,1/6,0.06323201058201057,-0.024213950126490844,0.7391101849811017,0,0.08608205953338699,1.2651819745039061,,,,,,,,,,,,
2026-07-13,morning,priority_report,QCOM,bounce,Large,GapFade_strongstock,NO-GO,0,0/6,0.07132355212355213,-0.02199196447451891,1.0432495596745364,0,-0.008361921097770167,0.33876835130570343,,,,,,,,,,,,
2026-07-13,morning,priority_report,WOLF,bounce,Small,GapFade_strongstock,NO-GO,3,3/6,0.16700770493873943,-0.03853782941343155,0.15868168644149142,0,-0.05382041271611823,0.6264811173297026,,,,,,,,,,,,
2026-07-13,morning,priority_report,RVI,bounce,Small,GapFade_weakstock,NO-GO,0,0/6,0.09134241602720214,,0.18300114843335946,0,0.012044270833333367,0.4436876378663761,,,,,,,,,,,,
2026-07-13,morning,priority_report,AAOI,bounce,Medium,GapFade_strongstock,NO-GO,2,2/6,0.1335767027683401,-0.02876917945296867,1.2183074149864093,0,0.017738552953512766,0.7507225416939273,,,,,,,,,,,,
2026-07-13,morning,priority_report,LWLG,bounce,Small,GapFade_weakstock,NO-GO,0,0/6,0.12786254992599141,-0.034860907759882896,0.7517832612093558,0,-0.0362719298245614,0.5932203389830509,,,,,,,,,,,,
2026-07-13,morning,priority_report,FCEL,bounce,Small,GapFade_strongstock,NO-GO,3,3/6,0.2329691063653328,-0.01711840228245361,12.348755457158347,0,-0.08296362023070086,0.5046234903569743,,,,,,,,,,,,
2026-07-13,morning,priority_report,ARM,bounce,Large,GapFade_strongstock,NO-GO,0,0/6,0.09877120606666062,-0.027180803364358713,0.9236771353902482,0,0.0478284039435119,0.3347104863848961,,,,,,,,,,,,
2026-07-13,morning,priority_report,ALAB,bounce,Medium,GapFade_strongstock,NO-GO,0,0/6,0.11293946428571429,-0.03140663970748487,0.6540068243624567,0,0.017397497202156817,0.43828568085621045,,,,,,,,,,,,
2026-07-13,morning,priority_report,UMC,bounce,Medium,GapFade_strongstock,NO-GO,0,0/6,0.08206160004779829,-0.017666392769104342,1.1500840381248802,0,-0.033158107561666005,0.4380016964392963,,,,,,,,,,,,
2026-07-13,morning,priority_report,AMAT,bounce,Large,GapFade_strongstock,NO-GO,0,0/6,0.09283668218573879,-0.03236514522821577,1.801492267549964,0,0.021910604732690624,0.6620009950734633,,,,,,,,,,,,
2026-07-13,morning,priority_report,CAR,bounce,Medium,GapFade_weakstock,NO-GO,1,1/6,0.06305269223381779,,0.2449517845899347,0,0.01965008486747611,0.6506975894072036,,,,,,,,,,,,
2026-07-13,morning,priority_report,INOD,bounce,Medium,GapFade_strongstock,NO-GO,2,2/6,0.08190118592988806,-0.010895280235988118,0.6482435337650014,0,-0.028378730802665796,0.9170854271356791,,,,,,,,,,,,
2026-07-13,morning,watchlist_report,AXTI,bounce,Medium,GapFade_strongstock,NO-GO,2,2/6,0.16857117117117115,-0.02988987939171475,1.383801449686165,0,-0.0768463073852295,0.8262342742926769,,,,,,,,,,,,
2026-07-13,morning,watchlist_report,SOXL,bounce,ETF,GapFade_strongstock,NO-GO,3,3/6,0.21602747006825554,-0.07032143971704974,0.6008143514732938,0,0.022423063722686282,0.49569119008617585,,,,,,,,,,,,
2026-07-13,morning,watchlist_report,WOLF,bounce,Small,GapFade_strongstock,NO-GO,3,3/6,0.1659318134281531,-0.03230376877302354,0.15868168644149142,0,-0.047685443390964886,0.6264811173297026,,,,,,,,,,,,
2026-07-13,morning,watchlist_report,RKLB,bounce,Medium,GapFade_strongstock,NO-GO,3,3/6,0.1018484627946606,-0.006910167818361331,0.7671016724781344,0,-0.03443311337732442,0.39527792761429315,,,,,,,,,,,,
2026-07-13,morning,watchlist_report,RXT,bounce,Small,GapFade_strongstock,NO-GO,1,1/6,0.20014501199398269,-0.013014981273408178,4.860517538633074,0,-0.19901215805471123,1.1044074728638078,,,,,,,,,,,,
2026-07-13,morning,watchlist_report,NVTS,bounce,Medium,GapFade_strongstock,NO-GO,2,2/6,0.13595002715915258,-0.023756495916852284,0.473678434062378,0,-0.01571856287425143,0.3468060283517921,,,,,,,,,,,,
2026-07-13,morning,watchlist_report,HYLN,bounce,Small,GapFade_strongstock,NO-GO,2,2/6,0.1588165784832452,-0.01937046004842617,1.0138284029185425,0,0.0,0.38867727570544913,,,,,,,,,,,,
2026-07-13,morning,watchlist_report,FCEL,bounce,Small,GapFade_strongstock,NO-GO,3,3/6,0.23263146997929612,-0.01569186875891592,12.348755457158347,0,-0.08163265306122448,0.5046234903569743,,,,,,,,,,,,
2026-07-13,morning,watchlist_report,POET,bounce,Small,GapFade_strongstock,NO-GO,2,2/6,0.11928571428571429,-0.01684717208182919,0.8126422498360801,0,-0.03995299647473559,0.3693958472284312,,,,,,,,,,,,
2026-07-13,morning,watchlist_report,DGXX,bounce,Small,GapFade_strongstock,NO-GO,2,2/6,0.10967865097041041,-0.002222222222222175,0.788696434965144,0,0.01126126126126122,0.5178115572058481,,,,,,,,,,,,
2026-07-13,morning,watchlist_report,CRWD,bounce,Large,GapFade_weakstock,NO-GO,2,2/6,0.2866862707729837,0.0011753392456458963,1.8020917515195327,0,-0.019464210966931763,0.21442528559126714,,,,,,,,,,,,
2026-07-13,morning,watchlist_report,BE,bounce,Medium,GapFade_strongstock,NO-GO,3,3/6,0.15560158023794385,-0.035403295041085914,1.0122435048029457,0,-0.07212237995988834,0.5898236707602577,,,,,,,,,,,,
2026-07-13,morning,watchlist_report,INOD,bounce,Medium,GapFade_strongstock,NO-GO,2,2/6,0.08190118592988806,-0.010895280235988118,0.6482435337650014,0,-0.028378730802665796,0.9170854271356791,,,,,,,,,,,,
2026-07-13,morning,watchlist_report,BRUN,bounce,Medium,GapFade_strongstock,NO-GO,3,3/6,0.14710665757305494,-0.04254571026722928,0.4752935494635853,0,-0.08731355790179321,0.6340941512125541,,,,,,,,,,,,
2026-07-13,morning,watchlist_report,AAOI,bounce,Medium,GapFade_strongstock,NO-GO,2,2/6,0.13308535989245998,-0.02518345563709136,1.2183074149864093,0,0.021495980426424397,0.7507225416939273,,,,,,,,,,,,
2026-07-13,morning,watchlist_report,HQ,bounce,Small,GapFade_strongstock,NO-GO,2,2/6,0.21504452690166972,0.004784688995215441,0.8271981598905864,0,-0.027777777777777783,0.4811245603591325,,,,,,,,,,,,
2026-07-13,morning,watchlist_report,GLW,bounce,Large,GapFade_strongstock,NO-GO,2,2/6,0.11934089333846751,-0.028236156949028167,1.095750190258235,0,0.007987828071510073,0.28774397175088573,,,,,,,,,,,,
2026-07-13,morning,watchlist_report,PL,bounce,Medium,GapFade_strongstock,NO-GO,2,2/6,0.09659370497617202,-0.010364683301343554,0.5971161337890835,0,-0.07099099099099095,0.8192160079856345,,,,,,,,,,,,
2026-07-13,morning,watchlist_report,KEEL,bounce,Medium,GapFade_strongstock,NO-GO,2,2/6,0.1478477854023706,-0.015053763440860275,0.7732571025571595,0,0.004385964912280803,0.5390295358649791,,,,,,,,,,,,
2026-07-13,morning,watchlist_report,WDC,bounce,Large,GapFade_strongstock,NO-GO,1,1/6,0.10999696633408701,-0.05428392423423191,0.817665466759745,0,0.0011993458113757622,0.37027302567608267,,,,,,,,,,,,
2026-07-13,morning,watchlist_report,ARM,bounce,Large,GapFade_strongstock,NO-GO,0,0/6,0.09864578231292519,-0.02594390673799433,0.9236771353902482,0,0.0491606714628297,0.3347104863848961,,,,,,,,,,,,
2026-07-13,morning,watchlist_report,NBIS,bounce,Medium,GapFade_strongstock,NO-GO,1,1/6,0.1271735077129444,-0.030275438197131826,0.876993900851098,0,-0.016075388026607493,0.6290581423373691,,,,,,,,,,,,
2026-07-13,morning,watchlist_report,EWY,bounce,ETF,GapFade_strongstock,NO-GO,1,1/6,0.06383679462974619,-0.07230819529206631,1.8236810077714152,0,-0.06824649737302976,0.5226249548158107,,,,,,,,,,,,
2026-07-13,morning,watchlist_report,SPCE,bounce,Small,GapFade_weakstock,NO-GO,1,1/6,0.0971262779773418,0.00583657587548643,0.9337294214332742,0,-0.024528301886792434,0.35846372688478073,,,,,,,,,,,,
2026-07-13,morning,watchlist_report,MRVL,bounce,Large,GapFade_strongstock,NO-GO,0,0/6,0.09773336435551412,-0.023578304567236343,0.8636840776415156,0,-0.00630097967286698,0.39638970491376563,,,,,,,,,,,,
2026-07-13,morning,watchlist_report,MU,bounce,Large,GapFade_strongstock,NO-GO,0,0/6,0.10542986144239194,-0.04898396814050844,1.6282672725376395,0,-0.01841273187183802,0.4467868743388818,,,,,,,,,,,,
2026-07-13,morning,watchlist_report,ON,bounce,Medium,GapFade_strongstock,NO-GO,1,1/6,0.09702063661285412,-0.02250937890787825,1.3264599333653078,0,0.00010662117496525114,0.2752585208877023,,,,,,,,,,,,
2026-07-13,morning,watchlist_report,FJET,bounce,Micro,GapFade_weakstock,NO-GO,2,2/6,0.11206099518459067,,0.1832846905508745,0,-0.006696428571428627,0.6974532328759282,,,,,,,,,,,,
2026-07-13,morning,watchlist_report,BOT,bounce,Small,GapFade_strongstock,NO-GO,1,1/6,0.14803248776145972,-0.025204980261159984,0.6483172651822054,0,-0.03776978417266181,0.4335160193488847,,,,,,,,,,,,
2026-07-13,morning,watchlist_report,INTC,bounce,Large,GapFade_strongstock,NO-GO,0,0/6,0.09330386988240054,-0.02494901675163882,0.9209642744243441,0,-0.028486937590711175,0.3402447331759335,,,,,,,,,,,,
2026-07-13,morning,watchlist_report,LWLG,bounce,Small,GapFade_weakstock,NO-GO,0,0/6,0.12786254992599141,-0.034860907759882896,0.7517832612093558,0,-0.0362719298245614,0.5932203389830509,,,,,,,,,,,,
2026-07-13,morning,watchlist_report,SNDK,bounce,Large,GapFade_strongstock,NO-GO,0,0/6,0.13275832395262915,-0.06074366361852275,1.2682811188578484,0,0.04189488067254131,0.7276356292434126,,,,,,,,,,,,
2026-07-13,morning,watchlist_report,QCOM,bounce,Large,GapFade_strongstock,NO-GO,0,0/6,0.07132355212355213,-0.02199196447451891,1.0432495596745364,0,-0.008361921097770167,0.33876835130570343,,,,,,,,,,,,
2026-07-13,morning,watchlist_report,MXL,bounce,Medium,GapFade_strongstock,NO-GO,1,1/6,0.14763772914479528,-0.03121577217962754,1.311950522051857,0,0.027890761185357417,0.46100039492440065,,,,,,,,,,,,
2026-07-13,morning,watchlist_report,STX,bounce,Large,GapFade_strongstock,NO-GO,0,0/6,0.10096143590045609,-0.04075400399850607,1.0839395836795247,0,0.015371735541033962,0.7446375442268467,,,,,,,,,,,,
2026-07-13,morning,watchlist_report,CBRS,bounce,Medium,GapFade_strongstock,NO-GO,2,2/6,0.11392782134333448,-0.025943834852148094,0.5901186068637435,0,0.15287255117763593,1.0574882021653134,,,,,,,,,,,,
2026-07-13,morning,watchlist_report,CRML,bounce,Small,GapFade_weakstock,NO-GO,0,0/6,0.08553345388788428,-0.006289308176100607,0.6835460645794609,0,-0.06508875739644958,0.9175475687103607,,,,,,,,,,,,
2026-07-13,morning,watchlist_report,IONQ,bounce,Medium,GapFade_weakstock,NO-GO,0,0/6,0.09780046694186914,-0.014932337844143738,0.5244936101074451,0,-0.0634427684117125,0.7386533674463188,,,,,,,,,,,,
2026-07-13,morning,watchlist_report,CRDO,bounce,Medium,GapFade_strongstock,NO-GO,0,0/6,0.11686045321138493,-0.025718608169440334,1.079473204904719,0,-0.02910819900266729,0.5168501864401255,,,,,,,,,,,,
2026-07-13,morning,watchlist_report,IREN,bounce,Medium,GapFade_weakstock,NO-GO,0,0/6,0.10949166313409638,-0.01701507049100639,1.0842106578474973,0,-0.059644227415416924,0.5973563392687175,,,,,,,,,,,,
2026-07-13,morning,watchlist_report,LITE,bounce,Medium,GapFade_strongstock,NO-GO,0,0/6,0.08848646191149726,-0.0303113427513372,1.254983230860072,0,0.09984443501626364,0.65309159663944,,,,,,,,,,,,
2026-07-13,morning,watchlist_report,ALAB,bounce,Medium,GapFade_strongstock,NO-GO,0,0/6,0.11293099446112971,-0.031333995205463,0.6540068243624567,0,0.01747380201444691,0.43828568085621045,,,,,,,,,,,,
2026-07-13,morning,watchlist_report,NOK,bounce,Medium,GapFade_strongstock,NO-GO,1,1/6,0.06552390897719841,0.0007234726688103169,1.866504539154434,0,0.04175732217573227,0.4413348628271694,,,,,,,,,,,,
2026-07-13,morning,watchlist_report,RVI,bounce,Small,GapFade_weakstock,NO-GO,0,0/6,0.09134241602720214,,0.18300114843335946,0,0.012044270833333367,0.4436876378663761,,,,,,,,,,,,
2026-07-13,morning,watchlist_report,AMAT,bounce,Large,GapFade_strongstock,NO-GO,0,0/6,0.09261586562789527,-0.030058091286307077,1.801492267549964,0,0.024347063978965796,0.6620009950734633,,,,,,,,,,,,
2026-07-13,morning,watchlist_report,AVGO,bounce,Large,GapFade_strongstock,NO-GO,0,0/6,0.03954647836320842,-0.013676025701927712,1.0423445805663627,0,0.014947644652550883,0.4320212146407397,,,,,,,,,,,,
2026-07-13,morning,watchlist_report,DXYZ,bounce,Small,GapFade_weakstock,NO-GO,1,1/6,0.06323201058201057,-0.024213950126490844,0.7391101849811017,0,0.08608205953338699,1.2651819745039061,,,,,,,,,,,,
2026-07-13,morning,watchlist_report,MSTR,bounce,Medium,GapFade_weakstock,NO-GO,1,1/6,0.09446114212108202,-0.015638207945900297,0.7671951602412957,0,-0.007563651858953957,0.7693181818181829,,,,,,,,,,,,
2026-07-13,morning,watchlist_report,SMR,bounce,Medium,GapFade_weakstock,NO-GO,1,1/6,0.0828852012185345,-0.014380530973451218,0.9057311430273686,0,0.017123287671232917,0.6431894458898743,,,,,,,,,,,,
2026-07-13,morning,watchlist_report,RGTI,bounce,Medium,GapFade_weakstock,NO-GO,0,0/6,0.09096430753119815,-0.010278113663845113,0.35567766582901966,0,-0.032505910165484674,0.631259833454851,,,,,,,,,,,,
2026-07-13,morning,watchlist_report,UMC,bounce,Medium,GapFade_strongstock,NO-GO,0,0/6,0.08206160004779829,-0.017666392769104342,1.1500840381248802,0,-0.033158107561666005,0.4380016964392963,,,,,,,,,,,,
2026-07-13,morning,watchlist_report,OKLO,bounce,Medium,GapFade_weakstock,NO-GO,1,1/6,0.077588673532991,-0.014738996929375615,0.46962944488991987,0,0.017978003384094783,0.8087098896726896,,,,,,,,,,,,
2026-07-13,morning,watchlist_report,ORCL,bounce,Large,GapFade_weakstock,NO-GO,2,2/6,0.053009787514579854,0.0014931740614335038,1.508213237761602,0,0.002562459961562995,0.8598488472208956,,,,,,,,,,,,
2026-07-13,morning,watchlist_report,STM,bounce,Medium,GapFade_strongstock,NO-GO,0,0/6,0.06131133706151498,-0.01693254967814153,1.0675976340154425,0,0.024948934928508807,0.5329777760088377,,,,,,,,,,,,
2026-07-13,morning,watchlist_report,CRWV,bounce,Medium,GapFade_weakstock,NO-GO,0,0/6,0.08986477631988471,-0.01878937893789381,0.9291601629650796,0,-0.03100000000000007,0.43128158622669555,,,,,,,,,,,,
2026-07-13,morning,watchlist_report,NVDA,bounce,Large,GapFade_strongstock,NO-GO,1,1/6,0.03265678480543801,-0.01275123246113006,0.40608446861348424,0,0.020331177738585175,1.335013652593994,,,,,,,,,,,,
2026-07-13,morning,watchlist_report,KWEB,bounce,ETF,GapFade_weakstock,NO-GO,1,1/6,0.023450716517950578,-0.004135708870356254,1.0911792610259914,0,-0.005266944339265396,0.6168115942028977,,,,,,,,,,,,
2026-07-13,morning,watchlist_report,GOOGL,bounce,Large,GapFade_strongstock,NO-GO,0,0/6,0.032142577187650005,5.599417660558209e-05,0.6979459519626605,0,-0.013041556145004496,0.4415865261984355,,,,,,,,,,,,
2026-07-13,morning,watchlist_report,CAR,bounce,Medium,GapFade_weakstock,NO-GO,1,1/6,0.06305269223381779,,0.2449517845899347,0,0.01965008486747611,0.6506975894072036,,,,,,,,,,,,
2026-07-13,morning,watchlist_report,FIG,bounce,Medium,GapFade_weakstock,NO-GO,2,2/6,0.07791080594627026,0.015158692562766475,2.891419651461157,0,-0.011075219197046699,1.2816623029929672,,,,,,,,,,,,
2026-07-13,morning,watchlist_report,MP,bounce,Medium,GapFade_weakstock,NO-GO,0,0/6,0.05939176904853727,-0.006703696609844884,0.3242848604435718,0,-0.021509433962264162,0.7662195506576871,,,,,,,,,,,,
2026-07-13,morning,watchlist_report,TEAM,bounce,Medium,GapFade_weakstock,NO-GO,1,1/6,0.059765873015873015,0.012829169480081034,0.6650272491230759,0,0.05300105300105302,1.256755859504682,,,,,,,,,,,,
2026-07-13,morning,watchlist_report,ETHE,bounce,Medium,GapFade_weakstock,NO-GO,0,0/6,0.04332624814631735,-0.0013821700069109432,0.24825767825905823,0,0.029202279202279215,0.4632112174696788,,,,,,,,,,,,
2026-07-13,morning,watchlist_report,IBIT,bounce,ETF,GapFade_weakstock,NO-GO,1,1/6,0.03545905508661037,-0.014352746342809718,0.5265563568074473,0,0.01362475163213182,0.45804799350158404,,,,,,,,,,,,
2026-07-13,morning,watchlist_report,U,bounce,Medium,GapFade_weakstock,NO-GO,1,1/6,0.05114930875576036,0.0035610229847847013,0.5032206328950757,0,0.05227427019687709,1.4379155630034044,,,,,,,,,,,,
2026-07-13,morning,watchlist_report,PLTR,bounce,Large,GapFade_weakstock,NO-GO,0,0/6,0.05590465838094361,0.0034774035807240253,0.6034659110827268,0,-0.03773332324913019,0.9152513777977739,,,,,,,,,,,,
2026-07-13,morning,watchlist_report,OPEN,bounce,Medium,GapFade_weakstock,NO-GO,1,1/6,0.08046336047372318,0.012591815320042077,0.8550884724368571,0,0.007306889352818401,1.8931797692859644,,,,,,,,,,,,
2026-07-13,morning,watchlist_report,APP,bounce,Large,GapFade_weakstock,NO-GO,0,0/6,0.0658602810886339,0.0002564203716122834,0.8127977682531565,0,-0.028859780152437738,0.8934557828570519,,,,,,,,,,,,
2026-07-13,morning,watchlist_report,AAPL,breakout,Large,D2_continuation,CAUTION,2,2/6 [REDUCED_SIZE],0.028381035459385962,-0.00022199670176326647,,,,0.5297793304630313,0.02546556722906917,0.06189911353924729,,,,,,,,,,
2026-07-13,morning,watchlist_report,MSFT,bounce,Large,GapFade_weakstock,NO-GO,0,0/6,0.032766398889512396,0.004829914307971843,1.1001459136809368,0,0.009443314029321241,0.8210241676525284,,,,,,,,,,,,
2026-07-13,morning,watchlist_report,TSLA,bounce,Large,GapFade_weakstock,NO-GO,0,0/6,0.050051233036289604,-0.011559986266431276,0.38270506212497013,0,0.022804395269755803,0.5130579647795959,,,,,,,,,,,,
2026-07-13,morning,watchlist_report,AMD,breakout,Large,D2_continuation,CAUTION,2,2/6 [REDUCED_SIZE],0.07000097285325224,-0.023219451863270495,,,,0.5295435888524719,0.01254028240486834,0.130818223207775,,,,,,,,,,
2026-07-13,morning,watchlist_report,SIMO,breakout,Medium,D2_continuation,NO-GO,2,2/6 [AVOID],0.0865767542013549,-0.012011643940554668,,,,0.6161574497222682,0.018600559999263973,0.1488793411234168,,,,,,,,,,
2026-07-13,morning,watchlist_report,META,breakout,Large,D2_continuation,NO-GO,4,4/6 [AVOID],0.04002127156448791,0.0020471899702634517,,,,0.7396376866560476,0.09438598288775978,0.11856452512235924,,,,,,,,,,
2026-07-13,evening,priority_report,AMD,breakout,Large,D2_continuation,CAUTION,2,2/6 [REDUCED_SIZE],0.0712304766172897,-0.04007958558138704,,,,,-0.004937097328881122,0.14520703040535354,,,,,,,,,,
2026-07-13,evening,priority_report,HQ,bounce,Small,GapFade_strongstock,NO-GO,2,2/6,0.22828715861344534,-0.038277511961722445,0.8271981598905864,0.026291050968675553,-0.08417508417508417,0.4811245603591325,,,,,,,,,,,,
2026-07-13,evening,priority_report,AAPL,breakout,Large,D2_continuation,CAUTION,3,3/6 [REDUCED_SIZE],0.02822500779535751,0.005304769757706522,,,,,0.031134334378982297,0.08624689523804407,,,,,,,,,,
2026-07-13,evening,priority_report,SPCE,bounce,Small,GapFade_weakstock,NO-GO,1,1/6,0.10483149418431255,0.0,0.9337294214332742,0.03697624017035998,-0.09622641509433959,0.35846372688478073,,,,,,,,,,,,
2026-07-13,evening,priority_report,RXT,bounce,Small,GapFade_strongstock,GO,5,5/6,0.23519827998088869,-0.017790262172284597,4.860517538633074,0.07312880953528596,-0.3183890577507598,1.1044074728638078,,,,,,,,,,,,
2026-07-13,evening,priority_report,FJET,bounce,Micro,GapFade_weakstock,NO-GO,2,2/6,0.10666768525592055,0.0,0.1832846905508745,0.012494696787539556,0.043526785714285574,0.6974532328759282,,,,,,,,,,,,
2026-07-13,evening,priority_report,GOOGL,bounce,Large,GapFade_strongstock,NO-GO,0,0/6,0.03237140641835083,-0.0027717117419788595,0.6979459519626605,0.013125311324067294,-0.020018236074270567,0.4415865261984355,,,,,,,,,,,,
2026-07-13,evening,priority_report,NVDA,breakout,Large,D2_continuation,NO-GO,2,2/6 [AVOID],0.03339517625231913,-0.03458001516875244,,,,,0.008153521366403729,0.006553568611704553,,,,,,,,,,
2026-07-13,evening,priority_report,CRWD,bounce,Large,GapFade_weakstock,NO-GO,2,2/6,0.2852630002010096,-0.0017095843573030941,1.8020917515195327,0.06102985649388983,-0.014571996651318525,0.21442528559126714,,,,,,,,,,,,
2026-07-13,evening,priority_report,EWY,bounce,ETF,GapFade_strongstock,NO-GO,1,1/6,0.06471101093012378,-0.07198125544899743,1.8236810077714152,0.11770814263633078,-0.08083406304728552,0.5226249548158107,,,,,,,,,,,,
2026-07-13,evening,priority_report,BOT,bounce,Small,GapFade_strongstock,NO-GO,0,0/6,0.14478497431879517,-0.020953537807470324,0.6483172651822054,0.010714335400522985,-0.016187050359712206,0.4335160193488847,,,,,,,,,,,,
2026-07-13,evening,priority_report,GLW,bounce,Large,GapFade_strongstock,NO-GO,2,2/6,0.12155576386056292,-0.029545811724029477,1.095750190258235,0.01067552778283935,-0.010378742596315799,0.28774397175088573,,,,,,,,,,,,
2026-07-13,evening,priority_report,AVGO,bounce,Large,GapFade_strongstock,NO-GO,0,0/6,0.04050441549000628,-0.0162387179038428,1.0423445805663627,0.03887031042462444,-0.009056060099307884,0.4320212146407397,,,,,,,,,,,,
2026-07-13,evening,priority_report,PLTR,bounce,Large,GapFade_weakstock,NO-GO,0,0/6,0.054848901024754024,0.0039829639561479255,0.6034659110827268,0.018729178571681736,-0.019211163212827072,0.9152513777977739,,,,,,,,,,,,
2026-07-13,evening,priority_report,ORCL,bounce,Large,GapFade_weakstock,NO-GO,2,2/6,0.05616812285735779,-0.01144766780432299,1.508213237761602,0.018588730830575773,-0.05381165919282512,0.8598488472208956,,,,,,,,,,,,
2026-07-13,evening,priority_report,LITE,bounce,Medium,GapFade_strongstock,NO-GO,0,0/6,0.09010149972317405,-0.029463473024027128,1.254983230860072,0.028755116674089483,0.08013010889548856,0.65309159663944,,,,,,,,,,,,
2026-07-13,evening,priority_report,MSFT,bounce,Large,GapFade_weakstock,NO-GO,0,0/6,0.03228499405262067,0.006868345884185878,1.1001459136809368,0.02700366271504671,0.024495226169979768,0.8210241676525284,,,,,,,,,,,,
2026-07-13,evening,priority_report,HYLN,bounce,Small,GapFade_strongstock,NO-GO,2,2/6,0.16728404235556385,0.02905569007263925,1.0138284029185425,0.05674686361627383,-0.050617283950617195,0.38867727570544913,,,,,,,,,,,,
2026-07-13,evening,priority_report,MU,bounce,Large,GapFade_strongstock,NO-GO,0,0/6,0.10566983190880785,-0.051363218625548816,1.6282672725376395,0.08255473902785729,-0.020641863406408015,0.4467868743388818,,,,,,,,,,,,
2026-07-13,evening,priority_report,IONQ,bounce,Medium,GapFade_weakstock,NO-GO,1,1/6,0.10620205026455028,-0.01843210452636489,0.5244936101074451,0.025790670402857922,-0.13753327417923683,0.7386533674463188,,,,,,,,,,,,
2026-07-13,evening,priority_report,WDC,bounce,Large,GapFade_strongstock,NO-GO,1,1/6,0.11049130542927206,-0.053073800389642836,0.817665466759745,0.02989713860916907,-0.003280029075049882,0.37027302567608267,,,,,,,,,,,,
2026-07-13,evening,priority_report,STX,bounce,Large,GapFade_strongstock,NO-GO,0,0/6,0.10330324344039121,-0.04475251005118967,1.0839395836795247,0.025117517639376925,-0.007645984977093537,0.7446375442268467,,,,,,,,,,,,
2026-07-13,evening,priority_report,KEEL,bounce,Medium,GapFade_strongstock,NO-GO,2,2/6,0.15748240781963282,-0.03440860215053766,0.7732571025571595,0.012842987316575545,-0.057061403508771785,0.5390295358649791,,,,,,,,,,,,
2026-07-13,evening,priority_report,IREN,bounce,Medium,GapFade_weakstock,NO-GO,0,0/6,0.1142374318148312,-0.019445794846864296,1.0842106578474973,0.033716090198677794,-0.09870945238925716,0.5973563392687175,,,,,,,,,,,,
2026-07-13,evening,priority_report,MP,bounce,Medium,GapFade_weakstock,NO-GO,0,0/6,0.06246946846886001,-0.020111089829534655,0.3242848604435718,0.00822532083476812,-0.06971698113207547,0.7662195506576871,,,,,,,,,,,,
2026-07-13,evening,priority_report,BE,bounce,Medium,GapFade_strongstock,CAUTION,4,4/6,0.1584215441516412,-0.05408609623482285,1.0122435048029457,0.051946600841887375,-0.08863895552322149,0.5898236707602577,,,,,,,,,,,,
2026-07-13,evening,priority_report,OKLO,bounce,Medium,GapFade_weakstock,NO-GO,1,1/6,0.08212761946652422,-0.023132036847492377,0.46962944488991987,0.017029989306210625,-0.038282571912013584,0.8087098896726896,,,,,,,,,,,,
2026-07-13,evening,priority_report,SMR,bounce,Medium,GapFade_weakstock,NO-GO,1,1/6,0.08865631967072539,-0.01880530973451327,0.9057311430273686,0.014291560605450298,-0.04908675799086755,0.6431894458898743,,,,,,,,,,,,
2026-07-13,evening,priority_report,RKLB,bounce,Medium,GapFade_weakstock,NO-GO,0,0/6,0.10788055127289135,-0.014190523198420603,0.7671016724781344,0.03165598157743381,-0.08842231553689252,0.39527792761429315,,,,,,,,,,,,
2026-07-13,evening,priority_report,DGXX,bounce,Small,GapFade_strongstock,NO-GO,2,2/6,0.1173914524093308,-0.024444444444444515,0.788696434965144,0.02259308891108051,-0.0551801801801802,0.5178115572058481,,,,,,,,,,,,
2026-07-13,evening,priority_report,APP,bounce,Large,GapFade_weakstock,NO-GO,1,1/6,0.07405247587161513,-0.01968519468223602,0.8127977682531565,0.013608753761336887,-0.13629399823815536,0.8934557828570519,,,,,,,,,,,,
2026-07-13,evening,priority_report,OPEN,bounce,Medium,GapFade_weakstock,NO-GO,1,1/6,0.08522912589693413,-0.0031479538300104265,0.8550884724368571,0.009899349885194017,-0.049018789144050084,1.8931797692859644,,,,,,,,,,,,
2026-07-13,evening,priority_report,CRML,bounce,Small,GapFade_weakstock,NO-GO,0,0/6,0.09187141885986211,-0.02138364779874213,0.6835460645794609,0.022275962067068143,-0.12958579881656793,0.9175475687103607,,,,,,,,,,,,
2026-07-13,evening,priority_report,SNDK,bounce,Large,GapFade_strongstock,NO-GO,0,0/6,0.14398263936870118,-0.06423023925842423,1.2682811188578484,0.06846424241290856,-0.03932711124491944,0.7276356292434126,,,,,,,,,,,,
2026-07-13,evening,priority_report,PL,bounce,Medium,GapFade_strongstock,NO-GO,2,2/6,0.09640672529174274,-0.0034548944337811846,0.5971161337890835,0.023034376286118558,-0.06918918918918925,0.8192160079856345,,,,,,,,,,,,
2026-07-13,evening,priority_report,RGTI,bounce,Medium,GapFade_weakstock,NO-GO,1,1/6,0.09751707362709325,-0.022370012091898275,0.35567766582901966,0.015265881704952595,-0.09751773049645401,0.631259833454851,,,,,,,,,,,,
2026-07-13,evening,priority_report,CRWV,bounce,Medium,GapFade_weakstock,NO-GO,0,0/6,0.09422997646816335,-0.02148964896489645,0.9291601629650796,0.02131986260569308,-0.07588888888888887,0.43128158622669555,,,,,,,,,,,,
2026-07-13,evening,priority_report,NBIS,bounce,Medium,GapFade_strongstock,NO-GO,1,1/6,0.1307207660595365,-0.031686774413840234,0.876993900851098,0.02360582082469011,-0.04277531411677749,0.6290581423373691,,,,,,,,,,,,
2026-07-13,evening,priority_report,CRDO,bounce,Medium,GapFade_strongstock,NO-GO,0,0/6,0.12320825887235093,-0.035959501920167614,1.079473204904719,0.02834873447485666,-0.07912945997139433,0.5168501864401255,,,,,,,,,,,,
2026-07-13,evening,priority_report,POET,bounce,Small,GapFade_strongstock,NO-GO,2,2/6,0.12359724612736661,-0.010830324909747275,0.8126422498360801,0.03397421892315661,-0.07344300822561692,0.3693958472284312,,,,,,,,,,,,
2026-07-13,evening,priority_report,U,bounce,Medium,GapFade_weakstock,NO-GO,1,1/6,0.05169965997484744,0.0035610229847847013,0.5032206328950757,0.009954216366084767,0.041072640868974906,1.4379155630034044,,,,,,,,,,,,
2026-07-13,evening,priority_report,TSLA,bounce,Large,GapFade_weakstock,NO-GO,0,0/6,0.05144195916285679,-0.007725132430841616,0.38270506212497013,0.008006661257619905,-0.004846977617621745,0.5130579647795959,,,,,,,,,,,,
2026-07-13,evening,priority_report,FIG,bounce,Medium,GapFade_weakstock,NO-GO,2,2/6,0.07107827038861522,0.02179062055897683,2.891419651461157,0.03754713283065368,0.08398707891093662,1.2816623029929672,,,,,,,,,,,,
2026-07-13,evening,priority_report,IBIT,bounce,ETF,GapFade_weakstock,NO-GO,1,1/6,0.036101008043987345,-0.023737234336185468,0.5265563568074473,0.09748827851015716,-0.004399659381209028,0.45804799350158404,,,,,,,,,,,,
2026-07-13,evening,priority_report,ETHE,bounce,Medium,GapFade_weakstock,NO-GO,0,0/6,0.04401154908360533,-0.013821700069108574,0.24825767825905823,0.0163905887434978,0.013176638176638214,0.4632112174696788,,,,,,,,,,,,
2026-07-13,evening,priority_report,TEAM,bounce,Medium,GapFade_weakstock,NO-GO,1,1/6,0.05662626141097559,0.017330632455548122,0.6650272491230759,0.01631615375779822,0.11138411138411133,1.256755859504682,,,,,,,,,,,,
2026-07-13,evening,priority_report,MSTR,bounce,Medium,GapFade_weakstock,NO-GO,2,2/6,0.09549129184526071,-0.03328402366863911,0.7671951602412957,0.042375083988530564,-0.018269947800149178,0.7693181818181829,,,,,,,,,,,,
2026-07-13,evening,priority_report,KWEB,bounce,ETF,GapFade_weakstock,NO-GO,1,1/6,0.023532140128778755,-0.004169825625473822,1.0911792610259914,0.02619082423262644,-0.008708822415751626,0.6168115942028977,,,,,,,,,,,,
2026-07-13,evening,priority_report,AXTI,bounce,Medium,GapFade_strongstock,CAUTION,4,4/6,0.19300051572975757,-0.03862961020800561,1.383801449686165,0.044289950031589746,-0.19369594145043242,0.8262342742926769,,,,,,,,,,,,
2026-07-13,evening,priority_report,CBRS,bounce,Medium,GapFade_strongstock,NO-GO,2,2/6,0.11615104662722552,-0.03663753022131311,0.5901186068637435,0.022674887646399456,0.13080563504292322,1.0574882021653134,,,,,,,,,,,,
2026-07-13,evening,priority_report,SOXL,bounce,ETF,GapFade_strongstock,CAUTION,4,4/6,0.23588948622395992,-0.09180276708623727,0.6008143514732938,0.03826739053987806,-0.06366548449834113,0.49569119008617585,,,,,,,,,,,,
2026-07-13,evening,priority_report,MRVL,bounce,Large,GapFade_strongstock,NO-GO,3,3/6,0.10386848438890896,-0.02983334040117042,0.8636840776415156,0.03583545286464176,-0.06499503689957276,0.39638970491376563,,,,,,,,,,,,
2026-07-13,evening,priority_report,META,breakout,Large,D2_continuation,NO-GO,3,3/6 [AVOID],0.04056571281736797,-0.01140150326504385,,,,,0.07969799063330865,0.1268638670106781,,,,,,,,,,
2026-07-13,evening,priority_report,INTC,bounce,Large,GapFade_strongstock,NO-GO,1,1/6,0.09764322007872918,-0.035142024763292055,0.9209642744243441,0.03907395935960371,-0.07166182873730036,0.3402447331759335,,,,,,,,,,,,
2026-07-13,evening,priority_report,BRUN,bounce,Medium,GapFade_strongstock,NO-GO,2,2/6,0.15371121587545228,-0.03832630098452883,0.4752935494635853,0.028393706231585263,-0.12652924417630307,0.6340941512125541,,,,,,,,,,,,
2026-07-13,evening,priority_report,MXL,bounce,Medium,GapFade_strongstock,NO-GO,2,2/6,0.1488434536734217,-0.051040525739320886,1.311950522051857,0.03352150607050981,0.0195642068564789,0.46100039492440065,,,,,,,,,,,,
2026-07-13,evening,priority_report,SIMO,breakout,Medium,D2_continuation,CAUTION,2,2/6 [REDUCED_SIZE],0.09299401311593997,-0.0801899800827333,,,,,-0.051690239430018735,0.1488793411234168,,,,,,,,,,
2026-07-13,evening,priority_report,STM,bounce,Medium,GapFade_strongstock,NO-GO,0,0/6,0.06303412013129558,-0.01959137979289101,1.0675976340154425,0.0932186524002355,-0.003063904289466121,0.5329777760088377,,,,,,,,,,,,
2026-07-13,evening,priority_report,ON,bounce,Medium,GapFade_strongstock,NO-GO,2,2/6,0.10032560593413864,-0.03095039599833263,1.3264599333653078,0.018647686516196662,-0.03283932188932735,0.2752585208877023,,,,,,,,,,,,
2026-07-13,evening,priority_report,NVTS,bounce,Medium,GapFade_strongstock,NO-GO,2,2/6,0.14115616716485246,-0.03414996288047519,0.473678434062378,0.01428982871383804,-0.05202095808383236,0.3468060283517921,,,,,,,,,,,,
2026-07-13,evening,priority_report,NOK,bounce,Medium,GapFade_strongstock,NO-GO,2,2/6,0.06971855921855923,-0.018488745980707287,1.866504539154434,0.06774015480804968,-0.020920502092050212,0.4413348628271694,,,,,,,,,,,,
2026-07-13,evening,priority_report,DXYZ,bounce,Small,GapFade_weakstock,NO-GO,1,1/6,0.06513789720390252,-0.024575352367184795,0.7391101849811017,0.02469961694113961,0.054304102976669405,1.2651819745039061,,,,,,,,,,,,
2026-07-13,evening,priority_report,QCOM,bounce,Large,GapFade_strongstock,NO-GO,0,0/6,0.07164498638680103,-0.021674772679213333,1.0432495596745364,0.01807348546045936,-0.012810891938250508,0.33876835130570343,,,,,,,,,,,,
2026-07-13,evening,priority_report,WOLF,bounce,Small,GapFade_strongstock,NO-GO,3,3/6,0.16829683988379687,-0.0365542646642108,0.15868168644149142,0.004402417315825071,-0.06106804238706084,0.6264811173297026,,,,,,,,,,,,
2026-07-13,evening,priority_report,RVI,bounce,Small,GapFade_weakstock,NO-GO,0,0/6,0.09376665657248894,-0.02701833386941138,0.18300114843335946,0.019300175727553517,-0.014121093749999935,0.4436876378663761,,,,,,,,,,,,
2026-07-13,evening,priority_report,AAOI,bounce,Medium,GapFade_strongstock,NO-GO,2,2/6,0.14188489349228062,-0.03339726484322878,1.2183074149864093,0.024659437631160182,-0.04185599440754974,0.7507225416939273,,,,,,,,,,,,
2026-07-13,evening,priority_report,LWLG,bounce,Small,GapFade_weakstock,NO-GO,0,0/6,0.1331506836949089,-0.03513909224011716,0.7517832612093558,0.01446540980179792,-0.074546783625731,0.5932203389830509,,,,,,,,,,,,
2026-07-13,evening,priority_report,FCEL,bounce,Small,GapFade_strongstock,NO-GO,3,3/6,0.24963563652521667,-0.016167379933428427,12.348755457158347,0.19428767369884903,-0.14418811002661935,0.5046234903569743,,,,,,,,,,,,
2026-07-13,evening,priority_report,ARM,bounce,Large,GapFade_strongstock,NO-GO,2,2/6,0.1047336325072346,-0.03698320912829704,0.9236771353902482,0.03051821167182907,-0.011823874233946215,0.3347104863848961,,,,,,,,,,,,
2026-07-13,evening,priority_report,ALAB,bounce,Medium,GapFade_strongstock,NO-GO,0,0/6,0.12516148311155792,-0.02290723297091807,0.6540068243624567,0.00981520252120648,-0.0819513683996338,0.43828568085621045,,,,,,,,,,,,
2026-07-13,evening,priority_report,UMC,bounce,Medium,GapFade_strongstock,NO-GO,0,0/6,0.08377851653043795,-0.03204601479046841,1.1500840381248802,0.03402969998929508,-0.0529720986655883,0.4380016964392963,,,,,,,,,,,,
2026-07-13,evening,priority_report,AMAT,bounce,Large,GapFade_strongstock,NO-GO,0,0/6,0.09449479846061372,-0.03400829875518674,1.801492267549964,0.033566773235027283,0.003978965819456585,0.6620009950734633,,,,,,,,,,,,
2026-07-13,evening,priority_report,CAR,bounce,Medium,GapFade_weakstock,NO-GO,1,1/6,0.0645339274597818,0.006338433958640176,0.2449517845899347,0.0011142968965108537,-0.0037537537537538647,0.6506975894072036,,,,,,,,,,,,
2026-07-13,evening,priority_report,INOD,bounce,Medium,GapFade_strongstock,NO-GO,2,2/6,0.08049831452440279,-0.014159292035398138,0.6482435337650014,0.0143142650043651,-0.011445957693422082,0.9170854271356791,,,,,,,,,,,,
2026-07-14,morning,priority_report,AMD,breakout,Large,D2_continuation,CAUTION,3,3/6 [REDUCED_SIZE],0.07033444947288567,0.02191283519526944,,,,,0.016136747233228357,0.13039039521160226,,,,,,,,,,
2026-07-14,morning,priority_report,HQ,bounce,Small,GapFade_strongstock,NO-GO,2,2/6,0.19584524923159163,,0.8818134826194072,0,-0.1113881961762261,0.49556127218510937,,,,,,,,,,,,
2026-07-14,morning,priority_report,AAPL,breakout,Large,D2_continuation,NO-GO,2,2/6 [AVOID],0.029109661157552147,-0.012259304780813673,,,,,0.012995924735017317,0.054597216307925585,,,,,,,,,,
2026-07-14,morning,priority_report,SPCE,bounce,Small,GapFade_weakstock,NO-GO,1,1/6,0.0934402332361516,0.012396694214876136,0.7984483719421648,0,-0.06488549618320608,0.9173166926677065,,,,,,,,,,,,
2026-07-14,morning,priority_report,RXT,bounce,Small,GapFade_strongstock,NO-GO,3,3/6,0.23096972563859985,0.002212389380531123,3.365551416324453,0,0.03661327231121285,0.8267283811552352,,,,,,,,,,,,
2026-07-14,morning,priority_report,FJET,bounce,Micro,GapFade_weakstock,NO-GO,2,2/6,0.10444578677136815,,0.23624291101477934,0,0.05816554809843416,0.9817245966109527,,,,,,,,,,,,
2026-07-14,morning,priority_report,GOOGL,bounce,Large,GapFade_strongstock,NO-GO,0,0/6,0.02866476532473458,-0.004623982298374502,0.5130725951538009,0,-0.022318816350413752,0.6343276957329165,,,,,,,,,,,,
2026-07-14,morning,priority_report,NVDA,bounce,Large,GapFade_strongstock,NO-GO,1,1/6,0.033845766125511614,0.0048651304475998,0.4562793239129088,0,0.008581714172995301,1.0935919925704247,,,,,,,,,,,,
2026-07-14,morning,priority_report,CRWD,bounce,Large,GapFade_weakstock,NO-GO,2,2/6,0.27590635290338134,-0.00609334255760742,2.6510753478736526,0,-0.058644153225806545,0.1601019995284268,,,,,,,,,,,,
2026-07-14,morning,priority_report,EWY,bounce,ETF,GapFade_strongstock,NO-GO,0,0/6,0.06998129808305352,0.00017855017259850694,1.7721547923248595,0,-0.09039242219215149,0.4047496128033032,,,,,,,,,,,,
2026-07-14,morning,priority_report,BOT,bounce,Small,GapFade_strongstock,NO-GO,1,1/6,0.14389442143297787,,0.3111378926889918,0,-0.035979779958370525,0.6419857052738592,,,,,,,,,,,,
2026-07-14,morning,priority_report,GLW,bounce,Large,GapFade_strongstock,NO-GO,1,1/6,0.11450093574547723,0.03800993938070001,0.5909523806640993,0,-0.012007485185570238,0.4783305495812555,,,,,,,,,,,,
2026-07-14,morning,priority_report,AVGO,bounce,Large,GapFade_strongstock,NO-GO,0,0/6,0.038935808765524986,0.013800286421038956,0.5420356514191167,0,-0.02931864077185807,0.8130131099836395,,,,,,,,,,,,
2026-07-14,morning,priority_report,PLTR,bounce,Large,GapFade_weakstock,NO-GO,0,0/6,0.05261544461778471,-0.014149492463857301,0.5330662727702808,0,-0.006509609423434621,0.6708374720175538,,,,,,,,,,,,
2026-07-14,morning,priority_report,ORCL,bounce,Large,GapFade_weakstock,NO-GO,3,3/6,0.05586846953707549,0.007336931731792663,1.2719846279229383,0,-0.08122937179309389,1.1211887302199939,,,,,,,,,,,,
2026-07-14,morning,priority_report,LITE,bounce,Medium,GapFade_strongstock,NO-GO,0,0/6,0.08391221024258759,0.03495411052528806,0.835931014663531,0,0.011746439797905264,0.7150330068358577,,,,,,,,,,,,
2026-07-14,morning,priority_report,MSFT,bounce,Large,GapFade_weakstock,NO-GO,0,0/6,0.031795403171980964,-0.009156244405227715,0.8721435283624671,0,0.0079352690186284,0.7712380400115973,,,,,,,,,,,,
2026-07-14,morning,priority_report,HYLN,bounce,Small,GapFade_strongstock,NO-GO,2,2/6,0.15871799628942485,,1.347897891000769,0,-0.09411764705882351,0.7200551730587149,,,,,,,,,,,,
2026-07-14,morning,priority_report,MU,bounce,Large,GapFade_strongstock,NO-GO,0,0/6,0.10169693083253023,0.028281750266808965,1.2574961900536505,0,-0.028377233673510534,0.417410858616177,,,,,,,,,,,,
2026-07-14,morning,priority_report,IONQ,bounce,Medium,GapFade_weakstock,NO-GO,0,0/6,0.09966275817555938,0.024691358024691377,0.5847264333457003,0,-0.11011838284565556,0.89687503935209,,,,,,,,,,,,
2026-07-14,morning,priority_report,WDC,bounce,Large,GapFade_strongstock,NO-GO,0,0/6,0.10554903771748088,0.030150301503015033,0.5739019258079099,0,-0.009947236398235448,0.460718002081166,,,,,,,,,,,,
2026-07-14,morning,priority_report,STX,bounce,Large,GapFade_strongstock,NO-GO,0,0/6,0.10064559631544921,0.02711872284061073,0.9637936805012739,0,-0.006842004741093633,0.4239597639640467,,,,,,,,,,,,
2026-07-14,morning,priority_report,KEEL,bounce,Medium,GapFade_strongstock,NO-GO,2,2/6,0.14399350649350656,0.009174311926605512,0.5222788839980099,0,-0.09090909090909081,0.623449830890643,,,,,,,,,,,,
2026-07-14,morning,priority_report,IREN,bounce,Medium,GapFade_weakstock,NO-GO,0,0/6,0.11076849166062365,0.010774756285274545,0.8467985043825446,0,-0.05560882070949186,0.9371537432958162,,,,,,,,,,,,
2026-07-14,morning,priority_report,MP,bounce,Medium,GapFade_weakstock,NO-GO,0,0/6,0.061187268392174886,0.004646464646464584,0.2733020483910147,0,-0.03829046606072334,0.9924929225019823,,,,,,,,,,,,
2026-07-14,morning,priority_report,BE,bounce,Medium,GapFade_strongstock,NO-GO,3,3/6,0.1529476927089081,0.022889631247590827,1.434133443243504,0,-0.07075519414831527,0.506167866555236,,,,,,,,,,,,
2026-07-14,morning,priority_report,OKLO,bounce,Medium,GapFade_weakstock,NO-GO,1,1/6,0.08078710876975517,0.006330495524994524,0.4276500851925761,0,-0.06433935457682162,0.8187341772151897,,,,,,,,,,,,
2026-07-14,morning,priority_report,SMR,bounce,Medium,GapFade_weakstock,NO-GO,1,1/6,0.08757823129251696,0.005988023952095894,1.0908833475614665,0,-0.069767441860465,0.944733571539538,,,,,,,,,,,,
2026-07-14,morning,priority_report,RKLB,bounce,Medium,GapFade_strongstock,NO-GO,3,3/6,0.09942389564078308,0.023328554672227185,0.6269086181398197,0,-0.04881889763779529,0.5597709678511406,,,,,,,,,,,,
2026-07-14,morning,priority_report,DGXX,bounce,Small,GapFade_strongstock,NO-GO,2,2/6,0.11483412322274879,-0.007058823529411823,0.5918640768017084,0,-0.09829059829059829,0.7016095749071398,,,,,,,,,,,,
2026-07-14,morning,priority_report,APP,bounce,Large,GapFade_weakstock,NO-GO,2,2/6,0.0814400283204068,0.0023710059839673805,0.6016469418557138,0,-0.1470514766635282,1.845580430777694,,,,,,,,,,,,
2026-07-14,morning,priority_report,OPEN,bounce,Medium,GapFade_weakstock,NO-GO,0,0/6,0.08807612677177892,0.0,0.5561386712490461,0,-0.1537735849056603,0.8100826356617168,,,,,,,,,,,,
2026-07-14,morning,priority_report,CRML,bounce,Small,GapFade_weakstock,NO-GO,0,0/6,0.0885377711293942,0.02550335570469792,0.3951844013168797,0,-0.09799291617473446,0.7096092925026403,,,,,,,,,,,,
2026-07-14,morning,priority_report,SNDK,bounce,Large,GapFade_strongstock,NO-GO,0,0/6,0.14028200032578594,0.04780850313924381,1.0453576130307896,0,-0.05611132935472239,0.6251859633493698,,,,,,,,,,,,
2026-07-14,morning,priority_report,PL,bounce,Medium,GapFade_strongstock,NO-GO,2,2/6,0.09218487394957985,0.008474576271186397,0.6239815128530667,0,-0.037499999999999985,0.5593768127952272,,,,,,,,,,,,
2026-07-14,morning,priority_report,RGTI,bounce,Medium,GapFade_weakstock,NO-GO,1,1/6,0.09181917352181107,0.021393229166666652,0.36401928233431313,0,-0.07659799882283692,0.7983259946844387,,,,,,,,,,,,
2026-07-14,morning,priority_report,CRWV,bounce,Medium,GapFade_weakstock,NO-GO,0,0/6,0.08798669551292974,0.0066018485175848894,0.4762531060162772,0,-0.0651059085841695,0.8348507597780822,,,,,,,,,,,,
2026-07-14,morning,priority_report,NBIS,bounce,Medium,GapFade_strongstock,NO-GO,1,1/6,0.12539198318773032,0.00750558168258046,0.7207620046894525,0,-0.01901017576318217,0.5377074753156817,,,,,,,,,,,,
2026-07-14,morning,priority_report,CRDO,bounce,Medium,GapFade_strongstock,NO-GO,0,0/6,0.11650778953556734,0.025835866261398197,0.6167909419540337,0,-0.085262563523433,0.6114146374692672,,,,,,,,,,,,
2026-07-14,morning,priority_report,POET,bounce,Small,GapFade_strongstock,NO-GO,2,2/6,0.11528396143733567,0.018750000000000044,0.5759504694021172,0,-0.06321839080459758,0.47894540782581513,,,,,,,,,,,,
2026-07-14,morning,priority_report,U,bounce,Medium,GapFade_weakstock,NO-GO,0,0/6,0.05267034124684901,-0.009908735332464096,1.0380225501144589,0,-0.01151968760169213,0.906298551708129,,,,,,,,,,,,
2026-07-14,morning,priority_report,TSLA,bounce,Large,GapFade_weakstock,NO-GO,0,0/6,0.0503419568282894,0.0008612828047422025,0.33864729761700574,0,-0.028163817488623757,0.7139227505418158,,,,,,,,,,,,
2026-07-14,morning,priority_report,FIG,bounce,Medium,GapFade_weakstock,NO-GO,2,2/6,0.07495320197044336,-0.019027484143763186,1.3980599137656144,0,0.04222821203953269,1.3456672472150109,,,,,,,,,,,,
2026-07-14,morning,priority_report,IBIT,bounce,ETF,GapFade_weakstock,NO-GO,1,1/6,0.03521539391497074,0.006530380465644634,0.5762436087401172,0,-0.010053057805082363,0.5326879284104042,,,,,,,,,,,,
2026-07-14,morning,priority_report,ETHE,bounce,Medium,GapFade_weakstock,NO-GO,0,0/6,0.04228164964806187,0.00698812019566734,0.38409125843943254,0,0.021261516654854765,0.47597275466301037,,,,,,,,,,,,
2026-07-14,morning,priority_report,TEAM,bounce,Medium,GapFade_weakstock,NO-GO,1,1/6,0.057441421012849575,-0.017262895174708782,0.5795572549971421,0,0.04178150148825936,1.1237581419830243,,,,,,,,,,,,
2026-07-14,morning,priority_report,MSTR,bounce,Medium,GapFade_weakstock,NO-GO,1,1/6,0.08899969078540508,0.0032573289902281368,0.9041842515564802,0,-0.015869634678879484,0.4401980370016508,,,,,,,,,,,,
2026-07-14,morning,priority_report,KWEB,bounce,ETF,GapFade_weakstock,NO-GO,1,1/6,0.023133271608300175,0.0,0.5107289128839825,0,-0.00944108761329305,0.5685697469099458,,,,,,,,,,,,
2026-07-14,morning,priority_report,AXTI,bounce,Medium,GapFade_strongstock,CAUTION,4,4/6,0.17496646482200556,0.04260800634165673,1.3418669243696026,0,-0.15891286970423657,0.8136894757344239,,,,,,,,,,,,
2026-07-14,morning,priority_report,CBRS,bounce,Medium,GapFade_strongstock,NO-GO,1,1/6,0.11440774027240741,0.0021014563581272937,0.64693400016203,0,0.032841384173676574,0.45824030243251007,,,,,,,,,,,,
2026-07-14,morning,priority_report,SOXL,bounce,ETF,GapFade_strongstock,NO-GO,2,2/6,0.225274109298773,0.05182318437443305,0.4308953306077272,0,-0.09618082618862038,0.4113905302522787,,,,,,,,,,,,
2026-07-14,morning,priority_report,MRVL,bounce,Large,GapFade_strongstock,NO-GO,1,1/6,0.10255299621982755,0.02326115938031537,0.6151125280315768,0,-0.08500842685082421,0.5922740281205008,,,,,,,,,,,,
2026-07-14,morning,priority_report,META,breakout,Large,D2_continuation,NO-GO,2,2/6 [AVOID],0.04174262690494465,-0.007963698932590284,,,,,0.04819890985564294,0.09422333385649452,,,,,,,,,,
2026-07-14,morning,priority_report,INTC,bounce,Large,GapFade_strongstock,NO-GO,0,0/6,0.09466933962264151,0.027928626842513533,0.6566607903494486,0,-0.05811267105029328,0.4364745215471921,,,,,,,,,,,,
2026-07-14,morning,priority_report,BRUN,bounce,Medium,GapFade_strongstock,NO-GO,2,2/6,0.143674618064862,0.03777258566978189,0.29963794004319777,0,-0.11754966887417222,0.635948139166122,,,,,,,,,,,,
2026-07-14,morning,priority_report,MXL,bounce,Medium,GapFade_strongstock,NO-GO,1,1/6,0.14289592303029364,0.02922732362821948,0.6659331829891777,0,-0.040605427974947816,0.8588681453571247,,,,,,,,,,,,
2026-07-14,morning,priority_report,SIMO,bounce,Medium,GapFade_strongstock,NO-GO,0,0/6,0.08975690305343866,0.028312911088110643,0.9041780377853693,0,-0.05017578486399797,0.7440974504624057,,,,,,,,,,,,
2026-07-14,morning,priority_report,STM,bounce,Medium,GapFade_strongstock,NO-GO,0,0/6,0.061953563824394174,0.028917774207682254,0.8359498125953908,0,-0.013167110239529314,0.5670585616841873,,,,,,,,,,,,
2026-07-14,morning,priority_report,ON,bounce,Medium,GapFade_strongstock,NO-GO,1,1/6,0.0947596868036643,0.021577957286710064,0.6147329155962996,0,-0.05670787779707787,0.33149622371912535,,,,,,,,,,,,
2026-07-14,morning,priority_report,NVTS,bounce,Medium,GapFade_strongstock,NO-GO,2,2/6,0.13227044711014174,0.017871017871017907,0.33630178379082204,0,-0.076163610719323,0.3231870197539825,,,,,,,,,,,,
2026-07-14,morning,priority_report,NOK,bounce,Medium,GapFade_strongstock,NO-GO,2,2/6,0.06750663610038611,0.012831479897348192,0.9547129283527438,0,-0.08217054263565896,0.7882107972367948,,,,,,,,,,,,
2026-07-14,morning,priority_report,DXYZ,bounce,Small,GapFade_weakstock,NO-GO,0,0/6,0.06602235031812495,-0.021236959761549937,0.6875648551573307,0,-0.04990958408679924,0.9340367437205804,,,,,,,,,,,,
2026-07-14,morning,priority_report,QCOM,bounce,Large,GapFade_strongstock,NO-GO,0,0/6,0.06678197507190797,0.012338297641047996,0.5713882649513745,0,-0.025430380409188495,0.5105263762389879,,,,,,,,,,,,
2026-07-14,morning,priority_report,WOLF,bounce,Small,GapFade_strongstock,NO-GO,3,3/6,0.15059171354658563,0.03387815750371473,0.13461629654359739,0,-0.06604026845637587,0.5499814580515684,,,,,,,,,,,,
2026-07-14,morning,priority_report,RVI,bounce,Small,GapFade_weakstock,NO-GO,0,0/6,0.08673934426229508,,0.24598893373064645,0,-0.021181001283697053,0.4134867985863058,,,,,,,,,,,,
2026-07-14,morning,priority_report,AAOI,bounce,Medium,GapFade_strongstock,NO-GO,2,2/6,0.12885608511697366,0.026099392205934945,0.8915232711106651,0,-0.06063333606087879,0.566591098395683,,,,,,,,,,,,
2026-07-14,morning,priority_report,LWLG,bounce,Small,GapFade_weakstock,NO-GO,0,0/6,0.11975108225108227,0.020092735703245733,0.7318980503719272,0,-0.06911142454160793,0.4807953004970626,,,,,,,,,,,,
2026-07-14,morning,priority_report,FCEL,bounce,Small,GapFade_strongstock,NO-GO,3,3/6,0.23126062768972405,0.06996855345911955,8.422237646804755,0,-0.11239130434782613,0.43844917892902197,,,,,,,,,,,,
2026-07-14,morning,priority_report,ARM,bounce,Large,GapFade_strongstock,NO-GO,1,1/6,0.09816929820887606,0.02675674771731496,0.3608254982999892,0,-0.06368377710678011,0.5949498705790868,,,,,,,,,,,,
2026-07-14,morning,priority_report,ALAB,bounce,Medium,GapFade_strongstock,NO-GO,1,1/6,0.1291291192400375,0.018478110758182564,0.3726052942394559,0,-0.11668463289016644,1.1218086710240296,,,,,,,,,,,,
2026-07-14,morning,priority_report,UMC,bounce,Medium,GapFade_strongstock,NO-GO,0,0/6,0.07446822033898304,0.005967604433077603,0.6424257486552648,0,-0.05068382944489131,0.40883097669919416,,,,,,,,,,,,
2026-07-14,morning,priority_report,AMAT,bounce,Large,GapFade_strongstock,NO-GO,0,0/6,0.0924621126387518,0.03112671405481494,0.7847480246163345,0,0.007882308972921527,0.39859074531437716,,,,,,,,,,,,
2026-07-14,morning,priority_report,CAR,bounce,Medium,GapFade_weakstock,NO-GO,1,1/6,0.06356606627251478,,0.19735251712258284,0,-0.023985470941883844,0.6359286721636267,,,,,,,,,,,,
2026-07-14,morning,priority_report,INOD,bounce,Medium,GapFade_strongstock,NO-GO,2,2/6,0.0776485620982791,0.011450381679389329,0.33950727415878784,0,-0.004047412546978912,0.6310676411258389,,,,,,,,,,,,
2026-07-14,morning,watchlist_report,HQ,bounce,Small,GapFade_strongstock,NO-GO,2,2/6,0.19584524923159163,,0.8818134826194072,0,-0.1113881961762261,0.49556127218510937,,,,,,,,,,,,
2026-07-14,morning,watchlist_report,HYLN,bounce,Small,GapFade_strongstock,NO-GO,2,2/6,0.1595468108914584,-0.005194805194805199,1.347897891000769,0,-0.09882352941176469,0.7200551730587149,,,,,,,,,,,,
2026-07-14,morning,watchlist_report,WOLF,bounce,Small,GapFade_strongstock,NO-GO,3,3/6,0.15059171354658563,0.03387815750371473,0.13461629654359739,0,-0.06604026845637587,0.5499814580515684,,,,,,,,,,,,
2026-07-14,morning,watchlist_report,RXT,bounce,Small,GapFade_strongstock,NO-GO,3,3/6,0.23096972563859985,0.002212389380531123,3.365551416324453,0,0.03661327231121285,0.8267283811552352,,,,,,,,,,,,
2026-07-14,morning,watchlist_report,NVTS,bounce,Medium,GapFade_strongstock,NO-GO,2,2/6,0.13196822979001194,0.020202020202020325,0.33630178379082204,0,-0.07404795486600839,0.3231870197539825,,,,,,,,,,,,
2026-07-14,morning,watchlist_report,AXTI,bounce,Medium,GapFade_strongstock,CAUTION,4,4/6,0.17460139822241488,0.044787950852160086,1.3418669243696026,0,-0.15715427657873698,0.8136894757344239,,,,,,,,,,,,
2026-07-14,morning,watchlist_report,FCEL,bounce,Small,GapFade_strongstock,NO-GO,3,3/6,0.23030174216027882,0.07442348008385753,8.422237646804755,0,-0.10869565217391304,0.43844917892902197,,,,,,,,,,,,
2026-07-14,morning,watchlist_report,DGXX,bounce,Small,GapFade_strongstock,NO-GO,2,2/6,0.11483412322274879,-0.007058823529411823,0.5918640768017084,0,-0.09829059829059829,0.7016095749071398,,,,,,,,,,,,
2026-07-14,morning,watchlist_report,RKLB,bounce,Medium,GapFade_strongstock,NO-GO,3,3/6,0.09899523567986669,0.027759676788739675,0.6269086181398197,0,-0.044700181708055696,0.5597709678511406,,,,,,,,,,,,
2026-07-14,morning,watchlist_report,CRWD,bounce,Large,GapFade_weakstock,NO-GO,2,2/6,0.27590635290338134,-0.00609334255760742,2.6510753478736526,0,-0.058644153225806545,0.1601019995284268,,,,,,,,,,,,
2026-07-14,morning,watchlist_report,POET,bounce,Small,GapFade_strongstock,NO-GO,2,2/6,0.11528396143733567,0.018750000000000044,0.5759504694021172,0,-0.06321839080459758,0.47894540782581513,,,,,,,,,,,,
2026-07-14,morning,watchlist_report,SOXL,bounce,ETF,GapFade_strongstock,NO-GO,2,2/6,0.22416578130107878,0.0570236439499305,0.4308953306077272,0,-0.09171213302156393,0.4113905302522787,,,,,,,,,,,,
2026-07-14,morning,watchlist_report,KEEL,bounce,Medium,GapFade_strongstock,NO-GO,2,2/6,0.14432150992515466,0.006880733944953981,0.5222788839980099,0,-0.09297520661157029,0.623449830890643,,,,,,,,,,,,
2026-07-14,morning,watchlist_report,AAOI,bounce,Medium,GapFade_strongstock,NO-GO,2,2/6,0.12874393882879526,0.026993207007508138,0.8915232711106651,0,-0.059815072416332445,0.566591098395683,,,,,,,,,,,,
2026-07-14,morning,watchlist_report,BRUN,bounce,Medium,GapFade_strongstock,NO-GO,2,2/6,0.143674618064862,0.03777258566978189,0.29963794004319777,0,-0.11754966887417222,0.635948139166122,,,,,,,,,,,,
2026-07-14,morning,watchlist_report,BE,bounce,Medium,GapFade_strongstock,NO-GO,3,3/6,0.15304669731140316,0.02222793267377617,1.434133443243504,0,-0.07135631468368211,0.506167866555236,,,,,,,,,,,,
2026-07-14,morning,watchlist_report,PL,bounce,Medium,GapFade_strongstock,NO-GO,2,2/6,0.09218487394957985,0.008474576271186397,0.6239815128530667,0,-0.037499999999999985,0.5593768127952272,,,,,,,,,,,,
2026-07-14,morning,watchlist_report,INOD,bounce,Medium,GapFade_strongstock,NO-GO,2,2/6,0.0776485620982791,0.011450381679389329,0.33950727415878784,0,-0.004047412546978912,0.6310676411258389,,,,,,,,,,,,
2026-07-14,morning,watchlist_report,MRVL,bounce,Large,GapFade_strongstock,NO-GO,1,1/6,0.10221318868298668,0.02666298901300975,0.6151125280315768,0,-0.08196653923623956,0.5922740281205008,,,,,,,,,,,,
2026-07-14,morning,watchlist_report,GLW,bounce,Large,GapFade_strongstock,NO-GO,1,1/6,0.11394341810022439,0.043088853694500495,0.5909523806640993,0,-0.007173302838132839,0.4783305495812555,,,,,,,,,,,,
2026-07-14,morning,watchlist_report,ON,bounce,Medium,GapFade_strongstock,NO-GO,1,1/6,0.0947596868036643,0.021577957286710064,0.6147329155962996,0,-0.05670787779707787,0.33149622371912535,,,,,,,,,,,,
2026-07-14,morning,watchlist_report,SPCE,bounce,Small,GapFade_weakstock,NO-GO,1,1/6,0.0934402332361516,0.012396694214876136,0.7984483719421648,0,-0.06488549618320608,0.9173166926677065,,,,,,,,,,,,
2026-07-14,morning,watchlist_report,ARM,bounce,Large,GapFade_strongstock,NO-GO,1,1/6,0.098326240969471,0.025117896919629387,0.3608254982999892,0,-0.06517827187604845,0.5949498705790868,,,,,,,,,,,,
2026-07-14,morning,watchlist_report,ALAB,bounce,Medium,GapFade_strongstock,NO-GO,1,1/6,0.12938878105590063,0.016434194172075648,0.3726052942394559,0,-0.11845730027548207,1.1218086710240296,,,,,,,,,,,,
2026-07-14,morning,watchlist_report,NOK,bounce,Medium,GapFade_strongstock,NO-GO,2,2/6,0.06739279691640569,0.014542343883661244,0.9547129283527438,0,-0.08062015503875976,0.7882107972367948,,,,,,,,,,,,
2026-07-14,morning,watchlist_report,NBIS,bounce,Medium,GapFade_strongstock,NO-GO,1,1/6,0.12574177642688286,0.004702864471996623,0.7207620046894525,0,-0.021739130434782556,0.5377074753156817,,,,,,,,,,,,
2026-07-14,morning,watchlist_report,IONQ,bounce,Medium,GapFade_weakstock,NO-GO,0,0/6,0.09921449989291069,0.029320987654321,0.5847264333457003,0,-0.10609783337056064,0.89687503935209,,,,,,,,,,,,
2026-07-14,morning,watchlist_report,INTC,bounce,Large,GapFade_strongstock,NO-GO,0,0/6,0.09447326303897571,0.03006206361520553,0.6566607903494486,0,-0.05615781055624673,0.4364745215471921,,,,,,,,,,,,
2026-07-14,morning,watchlist_report,CRDO,bounce,Medium,GapFade_strongstock,NO-GO,0,0/6,0.11650778953556734,0.025835866261398197,0.6167909419540337,0,-0.085262563523433,0.6114146374692672,,,,,,,,,,,,
2026-07-14,morning,watchlist_report,EWY,bounce,ETF,GapFade_strongstock,NO-GO,0,0/6,0.0699064206316183,0.0012498512081893793,1.7721547923248595,0,-0.0894181326116374,0.4047496128033032,,,,,,,,,,,,
2026-07-14,morning,watchlist_report,BOT,bounce,Small,GapFade_strongstock,NO-GO,1,1/6,0.14389442143297787,,0.3111378926889918,0,-0.035979779958370525,0.6419857052738592,,,,,,,,,,,,
2026-07-14,morning,watchlist_report,FJET,bounce,Micro,GapFade_weakstock,NO-GO,2,2/6,0.10444578677136815,,0.23624291101477934,0,0.05816554809843416,0.9817245966109527,,,,,,,,,,,,
2026-07-14,morning,watchlist_report,LWLG,bounce,Small,GapFade_weakstock,NO-GO,0,0/6,0.11975108225108227,0.020092735703245733,0.7318980503719272,0,-0.06911142454160793,0.4807953004970626,,,,,,,,,,,,
2026-07-14,morning,watchlist_report,CRML,bounce,Small,GapFade_weakstock,NO-GO,0,0/6,0.08784786641929503,0.03355704697986577,0.3951844013168797,0,-0.09090909090909095,0.7096092925026403,,,,,,,,,,,,
2026-07-14,morning,watchlist_report,SNDK,bounce,Large,GapFade_strongstock,NO-GO,0,0/6,0.13980376623376622,0.05139279676457761,1.0453576130307896,0,-0.05288251976300537,0.6251859633493698,,,,,,,,,,,,
2026-07-14,morning,watchlist_report,WDC,bounce,Large,GapFade_strongstock,NO-GO,0,0/6,0.10516315161161961,0.03393033930339308,0.5739019258079099,0,-0.006314332670184201,0.460718002081166,,,,,,,,,,,,
2026-07-14,morning,watchlist_report,MU,bounce,Large,GapFade_strongstock,NO-GO,0,0/6,0.10143268998989956,0.030960512273212372,1.2574961900536505,0,-0.02584607317171554,0.417410858616177,,,,,,,,,,,,
2026-07-14,morning,watchlist_report,QCOM,bounce,Large,GapFade_strongstock,NO-GO,0,0/6,0.06678197507190797,0.012338297641047996,0.5713882649513745,0,-0.025430380409188495,0.5105263762389879,,,,,,,,,,,,
2026-07-14,morning,watchlist_report,STX,bounce,Large,GapFade_strongstock,NO-GO,0,0/6,0.10065015062090717,0.027072246880301243,0.9637936805012739,0,-0.006886944016897162,0.4239597639640467,,,,,,,,,,,,
2026-07-14,morning,watchlist_report,SMR,bounce,Medium,GapFade_weakstock,NO-GO,1,1/6,0.0874772159360194,0.007149700598802539,1.0908833475614665,0,-0.06869324473975622,0.944733571539538,,,,,,,,,,,,
2026-07-14,morning,watchlist_report,RGTI,bounce,Medium,GapFade_weakstock,NO-GO,1,1/6,0.09164801186636161,0.02330078125000005,0.36401928233431313,0,-0.07487345497351373,0.7983259946844387,,,,,,,,,,,,
2026-07-14,morning,watchlist_report,ORCL,bounce,Large,GapFade_weakstock,NO-GO,3,3/6,0.05575700190447497,0.009350767827277014,1.2719846279229383,0,-0.0793925946470669,1.1211887302199939,,,,,,,,,,,,
2026-07-14,morning,watchlist_report,IREN,bounce,Medium,GapFade_weakstock,NO-GO,0,0/6,0.11076849166062365,0.010774756285274545,0.8467985043825446,0,-0.05560882070949186,0.9371537432958162,,,,,,,,,,,,
2026-07-14,morning,watchlist_report,MXL,bounce,Medium,GapFade_strongstock,NO-GO,1,1/6,0.14289592303029364,0.02922732362821948,0.6659331829891777,0,-0.040605427974947816,0.8588681453571247,,,,,,,,,,,,
2026-07-14,morning,watchlist_report,DXYZ,bounce,Small,GapFade_weakstock,NO-GO,0,0/6,0.06602235031812495,-0.021236959761549937,0.6875648551573307,0,-0.04990958408679924,0.9340367437205804,,,,,,,,,,,,
2026-07-14,morning,watchlist_report,CBRS,bounce,Medium,GapFade_strongstock,NO-GO,1,1/6,0.11444122709818597,0.0018082298895513856,0.64693400016203,0,0.032539162846924936,0.45824030243251007,,,,,,,,,,,,
2026-07-14,morning,watchlist_report,LITE,bounce,Medium,GapFade_strongstock,NO-GO,0,0/6,0.0840178931270241,0.03365228145544493,0.835931014663531,0,0.01047380276671293,0.7150330068358577,,,,,,,,,,,,
2026-07-14,morning,watchlist_report,UMC,bounce,Medium,GapFade_strongstock,NO-GO,0,0/6,0.07446822033898304,0.005967604433077603,0.6424257486552648,0,-0.05068382944489131,0.40883097669919416,,,,,,,,,,,,
2026-07-14,morning,watchlist_report,OKLO,bounce,Medium,GapFade_weakstock,NO-GO,1,1/6,0.08068209952958652,0.0076402532198208755,0.4276500851925761,0,-0.06312157499492604,0.8187341772151897,,,,,,,,,,,,
2026-07-14,morning,watchlist_report,APP,bounce,Large,GapFade_weakstock,NO-GO,2,2/6,0.0814400283204068,0.0023710059839673805,0.6016469418557138,0,-0.1470514766635282,1.845580430777694,,,,,,,,,,,,
2026-07-14,morning,watchlist_report,MSTR,bounce,Medium,GapFade_weakstock,NO-GO,1,1/6,0.08922081162807641,0.0007709011943540953,0.9041842515564802,0,-0.01830865906912338,0.4401980370016508,,,,,,,,,,,,
2026-07-14,morning,watchlist_report,RVI,bounce,Small,GapFade_weakstock,NO-GO,0,0/6,0.08673934426229508,,0.24598893373064645,0,-0.021181001283697053,0.4134867985863058,,,,,,,,,,,,
2026-07-14,morning,watchlist_report,AVGO,bounce,Large,GapFade_strongstock,NO-GO,0,0/6,0.03892781024280911,0.014008592631167804,0.5420356514191167,0,-0.02911919423599513,0.8130131099836395,,,,,,,,,,,,
2026-07-14,morning,watchlist_report,CRWV,bounce,Medium,GapFade_weakstock,NO-GO,0,0/6,0.08790838932782613,0.007498499579882418,0.4762531060162772,0,-0.06427313266443697,0.8348507597780822,,,,,,,,,,,,
2026-07-14,morning,watchlist_report,SIMO,bounce,Medium,GapFade_strongstock,NO-GO,0,0/6,0.08975690305343866,0.028312911088110643,0.9041780377853693,0,-0.05017578486399797,0.7440974504624057,,,,,,,,,,,,
2026-07-14,morning,watchlist_report,AMAT,bounce,Large,GapFade_strongstock,NO-GO,0,0/6,0.09223203777627265,0.03369888249708891,0.7847480246163345,0,0.010396493731525847,0.39859074531437716,,,,,,,,,,,,
2026-07-14,morning,watchlist_report,GOOGL,bounce,Large,GapFade_strongstock,NO-GO,0,0/6,0.028650067957451345,-0.004113358486284045,0.5130725951538009,0,-0.021817269915572972,0.6343276957329165,,,,,,,,,,,,
2026-07-14,morning,watchlist_report,STM,bounce,Medium,GapFade_strongstock,NO-GO,0,0/6,0.061786927681604896,0.03169271213670223,0.8359498125953908,0,-0.010505673063454265,0.5670585616841873,,,,,,,,,,,,
2026-07-14,morning,watchlist_report,OPEN,bounce,Medium,GapFade_weakstock,NO-GO,0,0/6,0.08817442602040815,-0.0011148272017836997,0.5561386712490461,0,-0.15471698113207535,0.8100826356617168,,,,,,,,,,,,
2026-07-14,morning,watchlist_report,KWEB,bounce,ETF,GapFade_weakstock,NO-GO,1,1/6,0.023098047745935043,0.0015249714067860902,0.5107289128839825,0,-0.007930513595166196,0.5685697469099458,,,,,,,,,,,,
2026-07-14,morning,watchlist_report,CAR,bounce,Medium,GapFade_weakstock,NO-GO,1,1/6,0.06356606627251478,,0.19735251712258284,0,-0.023985470941883844,0.6359286721636267,,,,,,,,,,,,
2026-07-14,morning,watchlist_report,NVDA,bounce,Large,GapFade_strongstock,NO-GO,1,1/6,0.033844144414720875,0.0049132805974549205,0.4562793239129088,0,0.008630042410494131,1.0935919925704247,,,,,,,,,,,,
2026-07-14,morning,watchlist_report,FIG,bounce,Medium,GapFade_weakstock,NO-GO,2,2/6,0.07501787255022804,-0.0198731501057082,1.3980599137656144,0,0.041329739442946906,1.3456672472150109,,,,,,,,,,,,
2026-07-14,morning,watchlist_report,MP,bounce,Medium,GapFade_weakstock,NO-GO,0,0/6,0.061187268392174886,0.004646464646464584,0.2733020483910147,0,-0.03829046606072334,0.9924929225019823,,,,,,,,,,,,
2026-07-14,morning,watchlist_report,ETHE,bounce,Medium,GapFade_weakstock,NO-GO,0,0/6,0.04228164964806187,0.00698812019566734,0.38409125843943254,0,0.021261516654854765,0.47597275466301037,,,,,,,,,,,,
2026-07-14,morning,watchlist_report,TEAM,bounce,Medium,GapFade_weakstock,NO-GO,1,1/6,0.057441421012849575,-0.017262895174708782,0.5795572549971421,0,0.04178150148825936,1.1237581419830243,,,,,,,,,,,,
2026-07-14,morning,watchlist_report,U,bounce,Medium,GapFade_weakstock,NO-GO,0,0/6,0.052568236757492545,-0.007985658409387255,1.0380225501144589,0,-0.009599739668076854,0.906298551708129,,,,,,,,,,,,
2026-07-14,morning,watchlist_report,IBIT,bounce,ETF,GapFade_weakstock,NO-GO,1,1/6,0.035255174083188734,0.005394662123793235,0.5762436087401172,0,-0.011170064227869468,0.5326879284104042,,,,,,,,,,,,
2026-07-14,morning,watchlist_report,META,breakout,Large,D2_continuation,NO-GO,2,2/6 [AVOID],0.04173622073138649,-0.007811429354529251,,,,0.824406508997738,0.0483597999415763,0.09422333385649452,,,,,,,,,,
2026-07-14,morning,watchlist_report,AAPL,breakout,Large,D2_continuation,NO-GO,2,2/6 [AVOID],0.029092025126749767,-0.011660521256815066,,,,0.840681532955924,0.013610018365607742,0.054597216307925585,,,,,,,,,,
2026-07-14,morning,watchlist_report,AMD,breakout,Large,D2_continuation,CAUTION,3,3/6 [REDUCED_SIZE],0.07033058586260206,0.02196897397032132,,,,0.6495764642435411,0.01619256869892506,0.13039039521160226,,,,,,,,,,
2026-07-14,morning,watchlist_report,PLTR,bounce,Large,GapFade_weakstock,NO-GO,0,0/6,0.05257853301114662,-0.0134573977237773,0.5330662727702808,0,-0.005812151270923745,0.6708374720175538,,,,,,,,,,,,
2026-07-14,morning,watchlist_report,TSLA,bounce,Large,GapFade_weakstock,NO-GO,0,0/6,0.0503343130449872,0.0010132738879319945,0.33864729761700574,0,-0.02801623416553926,0.7139227505418158,,,,,,,,,,,,
2026-07-14,morning,watchlist_report,MSFT,bounce,Large,GapFade_weakstock,NO-GO,0,0/6,0.031788018433179736,-0.008926059490012555,0.8721435283624671,0,0.008169424497866548,0.7712380400115973,,,,,,,,,,,,
2026-07-14,evening,priority_report,AMD,breakout,Large,D2_continuation,CAUTION,4,4/6 [REDUCED_SIZE],0.06966598261896989,0.031718407904339614,,,,,0.02588689657492791,0.18186814204647206,,,,,,,,,,
2026-07-14,evening,priority_report,HQ,bounce,Small,GapFade_strongstock,NO-GO,2,2/6,0.20091993419248702,0.0,0.8818134826194072,0.002609917643711528,-0.1338320864505403,0.49556127218510937,,,,,,,,,,,,
2026-07-14,evening,priority_report,AAPL,breakout,Large,D2_continuation,NO-GO,2,2/6 [AVOID],0.02892325006340348,-0.005893290473038998,,,,,0.01952470964971554,0.06122569224053213,,,,,,,,,,
2026-07-14,evening,priority_report,SPCE,bounce,Small,GapFade_weakstock,NO-GO,1,1/6,0.08856037579441835,0.030991735537190156,0.7984483719421648,0.03056382514745621,-0.013358778625954252,0.9173166926677065,,,,,,,,,,,,
2026-07-14,evening,priority_report,RXT,bounce,Small,GapFade_strongstock,NO-GO,1,1/6,0.21684826054774245,0.01659292035398234,3.365551416324453,0.0740191779824856,0.10411899313501145,0.8267283811552352,,,,,,,,,,,,
2026-07-14,evening,priority_report,FJET,bounce,Micro,GapFade_weakstock,NO-GO,2,2/6,0.10335325762104003,-0.014799154334038113,0.23624291101477934,0.0038430882842246713,0.06935123042505605,0.9817245966109527,,,,,,,,,,,,
2026-07-14,evening,priority_report,GOOGL,bounce,Large,GapFade_strongstock,NO-GO,0,0/6,0.028028516092304112,-0.003730390627216243,0.5130725951538009,0.01942174375766988,-0.0001253866087100757,0.6343276957329165,,,,,,,,,,,,
2026-07-14,evening,priority_report,NVDA,breakout,Large,D2_continuation,CAUTION,4,4/6 [REDUCED_SIZE],0.032615463317279714,0.042770107600845146,,,,,0.04900510076082627,0.01657415228094282,,,,,,,,,,
2026-07-14,evening,priority_report,CRWD,bounce,Large,GapFade_weakstock,NO-GO,2,2/6,0.24670680327476424,0.016417433877920325,2.6510753478736526,0.11692623162113283,0.05277217741935483,0.1601019995284268,,,,,,,,,,,,
2026-07-14,evening,priority_report,EWY,bounce,ETF,GapFade_strongstock,NO-GO,0,0/6,0.06696098128370521,0.0336269491727174,1.7721547923248595,0.12057998071973997,-0.049364005412719916,0.4047496128033032,,,,,,,,,,,,
2026-07-14,evening,priority_report,BOT,bounce,Small,GapFade_strongstock,NO-GO,0,0/6,0.1299096948721009,0.03022825416409614,0.3111378926889918,0.008119159281450435,0.06779661016949134,0.6419857052738592,,,,,,,,,,,,
2026-07-14,evening,priority_report,GLW,bounce,Large,GapFade_strongstock,NO-GO,1,1/6,0.11591420229143488,0.0539020261045272,0.5909523806640993,0.04080026315403802,-0.024053435908098525,0.4783305495812555,,,,,,,,,,,,
2026-07-14,evening,priority_report,AVGO,bounce,Large,GapFade_strongstock,NO-GO,0,0/6,0.038481170561891494,0.030386668402551793,0.5420356514191167,0.061092061473779956,-0.017850464959736793,0.8130131099836395,,,,,,,,,,,,
2026-07-14,evening,priority_report,PLTR,bounce,Large,GapFade_weakstock,NO-GO,0,0/6,0.05007274886793853,-0.04944632420793597,0.5330662727702808,0.05708080270193148,0.04393986360818364,0.6708374720175538,,,,,,,,,,,,
2026-07-14,evening,priority_report,ORCL,bounce,Large,GapFade_weakstock,NO-GO,3,3/6,0.05711420084756503,0.00349703512239629,1.2719846279229383,0.14679639618131043,-0.10126889474414083,1.1211887302199939,,,,,,,,,,,,
2026-07-14,evening,priority_report,LITE,bounce,Medium,GapFade_strongstock,NO-GO,0,0/6,0.08256520309275979,0.06263099655015299,0.835931014663531,0.05655932061766157,0.028252542092469864,0.7150330068358577,,,,,,,,,,,,
2026-07-14,evening,priority_report,MSFT,bounce,Large,GapFade_weakstock,NO-GO,0,0/6,0.031962927822723176,-0.020895675081204164,0.8721435283624671,0.08427640882964187,0.0026524612342595315,0.7712380400115973,,,,,,,,,,,,
2026-07-14,evening,priority_report,HYLN,bounce,Small,GapFade_strongstock,NO-GO,2,2/6,0.15144096300230125,0.010389610389610398,1.347897891000769,0.06149936334271211,-0.050588235294117614,0.7200551730587149,,,,,,,,,,,,
2026-07-14,evening,priority_report,MU,bounce,Large,GapFade_strongstock,NO-GO,0,0/6,0.09998611496199218,0.05483457844183564,1.2574961900536505,0.09385700088749085,-0.011752248799967727,0.417410858616177,,,,,,,,,,,,
2026-07-14,evening,priority_report,IONQ,bounce,Medium,GapFade_weakstock,NO-GO,1,1/6,0.10110935283204191,0.029835390946501967,0.5847264333457003,0.05167911222806037,-0.12285012285012284,0.89687503935209,,,,,,,,,,,,
2026-07-14,evening,priority_report,WDC,bounce,Large,GapFade_strongstock,NO-GO,0,0/6,0.10749495370629301,0.057780577805778104,0.5739019258079099,0.03422999017032289,-0.027869561456621228,0.460718002081166,,,,,,,,,,,,
2026-07-14,evening,priority_report,STX,bounce,Large,GapFade_strongstock,NO-GO,0,0/6,0.1012445886214335,0.04702786233820559,0.9637936805012739,0.02854765574875467,-0.012717815052410486,0.4239597639640467,,,,,,,,,,,,
2026-07-14,evening,priority_report,KEEL,bounce,Medium,GapFade_strongstock,NO-GO,2,2/6,0.13970704047881563,0.051605504587155876,0.5222788839980099,0.03654041792837964,-0.06301652892561978,0.623449830890643,,,,,,,,,,,,
2026-07-14,evening,priority_report,IREN,bounce,Medium,GapFade_weakstock,NO-GO,0,0/6,0.11363829114512619,0.02744997434581838,0.8467985043825446,0.04501294468188675,-0.07945829338446783,0.9371537432958162,,,,,,,,,,,,
2026-07-14,evening,priority_report,MP,bounce,Medium,GapFade_weakstock,NO-GO,0,0/6,0.059474084674182394,0.027272727272727303,0.2733020483910147,0.015278888401177868,-0.01058789402436665,0.9924929225019823,,,,,,,,,,,,
2026-07-14,evening,priority_report,BE,bounce,Medium,GapFade_strongstock,NO-GO,3,3/6,0.1536647556549121,0.056105186517623855,1.434133443243504,0.047684289323636636,-0.07509143257334054,0.506167866555236,,,,,,,,,,,,
2026-07-14,evening,priority_report,OKLO,bounce,Medium,GapFade_weakstock,NO-GO,1,1/6,0.0811126149250945,0.025103689150840394,0.4276500851925761,0.02736183463024109,-0.06809417495433334,0.8187341772151897,,,,,,,,,,,,
2026-07-14,evening,priority_report,SMR,bounce,Medium,GapFade_weakstock,NO-GO,1,1/6,0.08599148367704763,0.029940119760479042,1.0908833475614665,0.04626198385181621,-0.052602436323366523,0.944733571539538,,,,,,,,,,,,
2026-07-14,evening,priority_report,RKLB,bounce,Medium,GapFade_strongstock,NO-GO,3,3/6,0.09915869790060063,0.026456405578000795,0.6269086181398197,0.04521839790804144,-0.04627498485766194,0.5597709678511406,,,,,,,,,,,,
2026-07-14,evening,priority_report,DGXX,bounce,Small,GapFade_strongstock,NO-GO,2,2/6,0.11906633906633902,0.035294117647058906,0.5918640768017084,0.02749226158537151,-0.13034188034188024,0.7016095749071398,,,,,,,,,,,,
2026-07-14,evening,priority_report,APP,bounce,Large,GapFade_weakstock,NO-GO,2,2/6,0.08086980419978207,-0.021113243761996213,0.6016469418557138,0.025133495811535074,-0.14103721922256593,1.845580430777694,,,,,,,,,,,,
2026-07-14,evening,priority_report,OPEN,bounce,Medium,GapFade_weakstock,NO-GO,0,0/6,0.08788018433179723,0.015607580824971993,0.5561386712490461,0.011717416543917884,-0.15188679245283013,0.8100826356617168,,,,,,,,,,,,
2026-07-14,evening,priority_report,CRML,bounce,Small,GapFade_weakstock,NO-GO,0,0/6,0.08600490418672241,0.05906040268456369,0.3951844013168797,0.03342869734655814,-0.07142857142857148,0.7096092925026403,,,,,,,,,,,,
2026-07-14,evening,priority_report,SNDK,bounce,Large,GapFade_strongstock,NO-GO,0,0/6,0.13971485677945203,0.07946976349635894,1.0453576130307896,0.0968158713225708,-0.052279808639218245,0.6251859633493698,,,,,,,,,,,,
2026-07-14,evening,priority_report,PL,bounce,Medium,GapFade_strongstock,NO-GO,2,2/6,0.09412636505460219,0.008474576271186397,0.6239815128530667,0.017473850787568464,-0.057352941176470544,0.5593768127952272,,,,,,,,,,,,
2026-07-14,evening,priority_report,RGTI,bounce,Medium,GapFade_weakstock,NO-GO,1,1/6,0.08892063492063489,0.03157552083333341,0.36401928233431313,0.022615880895578096,-0.04649793996468506,0.7983259946844387,,,,,,,,,,,,
2026-07-14,evening,priority_report,CRWV,bounce,Medium,GapFade_weakstock,NO-GO,0,0/6,0.092312827295312,0.016204537270435655,0.4762531060162772,0.03802484977364219,-0.10891861761426974,0.8348507597780822,,,,,,,,,,,,
2026-07-14,evening,priority_report,NBIS,bounce,Medium,GapFade_strongstock,NO-GO,2,2/6,0.1341051168084601,0.031019904042563304,0.7207620046894525,0.045395818553452295,-0.08274745605920439,0.5377074753156817,,,,,,,,,,,,
2026-07-14,evening,priority_report,CRDO,bounce,Medium,GapFade_strongstock,NO-GO,0,0/6,0.11902294518799682,0.06596166835528537,0.6167909419540337,0.03337967682295971,-0.10459250894033492,0.6114146374692672,,,,,,,,,,,,
2026-07-14,evening,priority_report,POET,bounce,Small,GapFade_strongstock,NO-GO,2,2/6,0.1084321160662765,0.0475000000000001,0.5759504694021172,0.046393765319674145,-0.004022988505747143,0.47894540782581513,,,,,,,,,,,,
2026-07-14,evening,priority_report,U,bounce,Medium,GapFade_weakstock,NO-GO,0,0/6,0.0513317874915149,-0.024445893089960886,1.0380225501144589,0.012429184472779083,0.014256426944354006,0.906298551708129,,,,,,,,,,,,
2026-07-14,evening,priority_report,TSLA,bounce,Large,GapFade_weakstock,NO-GO,0,0/6,0.050140708699068996,0.010867362448069766,0.33864729761700574,0.010529769702655442,-0.024263190259500772,0.7139227505418158,,,,,,,,,,,,
2026-07-14,evening,priority_report,FIG,bounce,Medium,GapFade_weakstock,NO-GO,3,3/6,0.0705155833622987,-0.06828752642706125,1.3980599137656144,0.14435120988458197,0.10781671159029642,1.3456672472150109,,,,,,,,,,,,
2026-07-14,evening,priority_report,IBIT,bounce,ETF,GapFade_weakstock,NO-GO,1,1/6,0.03414621756798995,0.027541169789892076,0.5762436087401172,0.10056176327470463,0.020943870427254957,0.5326879284104042,,,,,,,,,,,,
2026-07-14,evening,priority_report,ETHE,bounce,Medium,GapFade_weakstock,NO-GO,0,0/6,0.04026956850155793,0.05939902166317258,0.38409125843943254,0.1081609271287963,0.07228915662650612,0.47597275466301037,,,,,,,,,,,,
2026-07-14,evening,priority_report,TEAM,bounce,Medium,GapFade_weakstock,NO-GO,2,2/6,0.060313492063492055,-0.06405990016638932,0.5795572549971421,0.07105002611499842,-0.00782714143975299,1.1237581419830243,,,,,,,,,,,,
2026-07-14,evening,priority_report,MSTR,bounce,Medium,GapFade_weakstock,NO-GO,1,1/6,0.08437893934507933,0.028881650380021835,0.9041842515564802,0.054635238954484064,0.038023218660134125,0.4401980370016508,,,,,,,,,,,,
2026-07-14,evening,priority_report,KWEB,bounce,ETF,GapFade_weakstock,NO-GO,1,1/6,0.023181880201937483,0.005718642775447906,0.5107289128839825,0.01468831044083323,-0.011518126888217512,0.5685697469099458,,,,,,,,,,,,
2026-07-14,evening,priority_report,AXTI,bounce,Medium,GapFade_strongstock,NO-GO,2,2/6,0.16030974772354079,0.08640507332540626,1.3418669243696026,0.12931289037912494,-0.08201438848920857,0.8136894757344239,,,,,,,,,,,,
2026-07-14,evening,priority_report,CBRS,bounce,Medium,GapFade_strongstock,NO-GO,1,1/6,0.11965371387767593,0.006744208777245604,0.64693400016203,0.020212077522243917,-0.012441444617941867,0.45824030243251007,,,,,,,,,,,,
2026-07-14,evening,priority_report,SOXL,bounce,ETF,GapFade_strongstock,NO-GO,2,2/6,0.21798052164791154,0.13497006712221077,0.4308953306077272,0.08685673231997469,-0.06593920498830864,0.4113905302522787,,,,,,,,,,,,
2026-07-14,evening,priority_report,MRVL,bounce,Large,GapFade_strongstock,NO-GO,1,1/6,0.10249083591231975,0.06451983634441225,0.6151125280315768,0.06935904692532259,-0.08445348789410949,0.5922740281205008,,,,,,,,,,,,
2026-07-14,evening,priority_report,META,breakout,Large,D2_continuation,NO-GO,3,3/6 [AVOID],0.041275388242946597,0.003266182449408405,,,,,0.060064553693226,0.11003479855127661,,,,,,,,,,
2026-07-14,evening,priority_report,INTC,bounce,Large,GapFade_strongstock,NO-GO,0,0/6,0.09250336461348427,0.047129557796741654,0.6566607903494486,0.05376999247905345,-0.03605829038564072,0.4364745215471921,,,,,,,,,,,,
2026-07-14,evening,priority_report,BRUN,bounce,Medium,GapFade_strongstock,CAUTION,4,4/6,0.14892759904428518,0.032320872274143375,0.29963794004319777,0.009409645404283221,-0.14867549668874167,0.635948139166122,,,,,,,,,,,,
2026-07-14,evening,priority_report,MXL,bounce,Medium,GapFade_strongstock,NO-GO,1,1/6,0.14320754863934454,0.06382978723404259,0.6659331829891777,0.04171999078343626,-0.04269311064718166,0.8588681453571247,,,,,,,,,,,,
2026-07-14,evening,priority_report,SIMO,breakout,Medium,D2_continuation,CAUTION,3,3/6 [REDUCED_SIZE],0.08891106577714063,0.03809555607492246,,,,,-0.0070758814236818535,0.13359566626376787,,,,,,,,,,
2026-07-14,evening,priority_report,STM,bounce,Medium,GapFade_strongstock,NO-GO,0,0/6,0.06219191466840367,0.04644369796991393,0.8359498125953908,0.05918881235411836,-0.016949152542372795,0.5670585616841873,,,,,,,,,,,,
2026-07-14,evening,priority_report,ON,bounce,Medium,GapFade_strongstock,NO-GO,1,1/6,0.09320492526863719,0.056124820183689146,0.6147329155962996,0.015489446698892496,-0.04097271891284362,0.33149622371912535,,,,,,,,,,,,
2026-07-14,evening,priority_report,NVTS,bounce,Medium,GapFade_strongstock,NO-GO,2,2/6,0.13282812243333514,0.06254856254856267,0.33630178379082204,0.022727739908194666,-0.08004231311706628,0.3231870197539825,,,,,,,,,,,,
2026-07-14,evening,priority_report,NOK,bounce,Medium,GapFade_strongstock,NO-GO,2,2/6,0.06914174493326743,0.020530367835757075,0.9547129283527438,0.08666134742320329,-0.10387596899224805,0.7882107972367948,,,,,,,,,,,,
2026-07-14,evening,priority_report,DXYZ,bounce,Small,GapFade_weakstock,NO-GO,0,0/6,0.06772382439895129,-0.01266766020864381,0.6875648551573307,0.023602611625883452,-0.07377938517179021,0.9340367437205804,,,,,,,,,,,,
2026-07-14,evening,priority_report,QCOM,bounce,Large,GapFade_strongstock,NO-GO,1,1/6,0.06935509566824388,0.02907924774432016,0.5713882649513745,0.033062080730936,-0.06158756736957778,0.5105263762389879,,,,,,,,,,,,
2026-07-14,evening,priority_report,WOLF,bounce,Small,GapFade_strongstock,NO-GO,3,3/6,0.15194123471725626,0.06686478454680535,0.13461629654359739,0.011988430510931871,-0.07433557046979862,0.5499814580515684,,,,,,,,,,,,
2026-07-14,evening,priority_report,RVI,bounce,Small,GapFade_weakstock,NO-GO,0,0/6,0.0907564322469983,-0.005245901639344267,0.24598893373064645,0.011535144926019343,-0.06450577663671378,0.4134867985863058,,,,,,,,,,,,
2026-07-14,evening,priority_report,AAOI,bounce,Medium,GapFade_strongstock,NO-GO,2,2/6,0.11862613128651625,0.06739363603861286,0.8915232711106651,0.0956054823730724,0.02037476474920227,0.566591098395683,,,,,,,,,,,,
2026-07-14,evening,priority_report,LWLG,bounce,Small,GapFade_weakstock,NO-GO,0,0/6,0.11521241149521035,0.03863987635239567,0.7318980503719272,0.02815053920446787,-0.03244005641748936,0.4807953004970626,,,,,,,,,,,,
2026-07-14,evening,priority_report,FCEL,bounce,Small,GapFade_strongstock,NO-GO,2,2/6,0.21756616194865053,0.11111111111111117,8.422237646804755,0.7418242042840494,-0.05652173913043481,0.43844917892902197,,,,,,,,,,,,
2026-07-14,evening,priority_report,ARM,bounce,Large,GapFade_strongstock,NO-GO,2,2/6,0.10612364552835714,0.03694103481721802,0.3608254982999892,0.054386418101918035,-0.1338640314758898,0.5949498705790868,,,,,,,,,,,,
2026-07-14,evening,priority_report,ALAB,bounce,Medium,GapFade_strongstock,NO-GO,1,1/6,0.12929391866992,0.08280624223173584,0.3726052942394559,0.03496945456671676,-0.11781051622948858,1.1218086710240296,,,,,,,,,,,,
2026-07-14,evening,priority_report,UMC,bounce,Medium,GapFade_strongstock,NO-GO,0,0/6,0.07341060985797827,0.030264279624893472,0.6424257486552648,0.05266740767062739,-0.03700724054706348,0.40883097669919416,,,,,,,,,,,,
2026-07-14,evening,priority_report,AMAT,breakout,Large,D2_continuation,CAUTION,3,3/6 [REDUCED_SIZE],0.0917461432418033,0.03917343019517191,,,,,0.002989915566506845,0.20895462338231516,,,,,,,,,,
2026-07-14,evening,priority_report,CAR,bounce,Medium,GapFade_strongstock,NO-GO,1,1/6,0.06207639218354175,-0.0022457491177413818,0.19735251712258284,0.0028553083430400425,-0.0005636272545090394,0.6359286721636267,,,,,,,,,,,,
2026-07-14,evening,priority_report,INOD,bounce,Medium,GapFade_strongstock,NO-GO,2,2/6,0.07929429270151817,0.0011743981209629813,0.33950727415878784,0.02171288384835722,-0.024718126626192653,0.6310676411258389,,,,,,,,,,,,
2026-07-15,morning,priority_report,AMD,breakout,Large,D2_continuation,CAUTION,3,3/6 [REDUCED_SIZE],0.0685630114313514,0.012515279222082377,,,,,0.028581872405662696,0.14046204129840736,,,,,,,,,,
2026-07-15,morning,priority_report,HQ,bounce,Small,GapFade_strongstock,NO-GO,2,2/6,0.17258949639317736,,0.816471071316562,0,-0.07829491083079589,0.6835884094655511,,,,,,,,,,,,
2026-07-15,morning,priority_report,AAPL,breakout,Large,D2_continuation,CAUTION,3,3/6 [REDUCED_SIZE],0.028276601489548397,0.008225878168074621,,,,,0.022412037263084824,0.06708894477427516,,,,,,,,,,
2026-07-15,morning,priority_report,SPCE,bounce,Small,GapFade_weakstock,NO-GO,1,1/6,0.08704198473282443,0.0038314176245211615,1.3505101616625776,0,0.019455252918288042,0.7353650515237884,,,,,,,,,,,,
2026-07-15,morning,priority_report,RXT,bounce,Small,GapFade_strongstock,NO-GO,2,2/6,0.21228389444949963,0.012903225806451528,1.9441759540002932,0,-0.11797752808988762,0.4586655236462356,,,,,,,,,,,,
2026-07-15,morning,priority_report,FJET,bounce,Micro,GapFade_weakstock,NO-GO,2,2/6,0.10374468085106381,-0.00634249471458779,0.38438233246653586,0,0.056179775280898875,0.615258408531583,,,,,,,,,,,,
2026-07-15,morning,priority_report,GOOGL,bounce,Large,GapFade_strongstock,NO-GO,0,0/6,0.027980043364927057,-0.0030319045367304806,0.4503279943481159,0,0.003471638949549272,0.9044127335728899,,,,,,,,,,,,
2026-07-15,morning,priority_report,NVDA,breakout,Large,D2_continuation,NO-GO,2,2/6 [AVOID],0.032898875188539525,-0.002785646836638354,,,,,0.034246938684218554,0.015242976135197553,,,,,,,,,,
2026-07-15,morning,priority_report,CRWD,bounce,Large,GapFade_weakstock,NO-GO,2,2/6,0.24224955991875424,0.0012812603805818358,1.837404136331726,0,0.12725718559675175,0.4214055459630532,,,,,,,,,,,,
2026-07-15,morning,priority_report,EWY,bounce,ETF,GapFade_strongstock,NO-GO,0,0/6,0.0593031260123097,-0.0032772064640071426,3.1598757843895506,0,-0.03879686137750656,0.5654296541599827,,,,,,,,,,,,
2026-07-15,morning,priority_report,BOT,bounce,Small,GapFade_strongstock,NO-GO,0,0/6,0.13234065934065933,-0.008444565513484126,0.34722196812191736,0,0.10537503795930758,0.8635721996180362,,,,,,,,,,,,
2026-07-15,morning,priority_report,GLW,bounce,Large,GapFade_strongstock,NO-GO,0,0/6,0.11050455556732706,0.006075463653805238,0.8411899386017568,0,-0.011053486301010976,0.3673400907432758,,,,,,,,,,,,
2026-07-15,morning,priority_report,AVGO,bounce,Large,GapFade_strongstock,NO-GO,0,0/6,0.03810991606884316,0.011770450515278415,0.7909930404462818,0,-0.015701177588319196,0.8457763882600656,,,,,,,,,,,,
2026-07-15,morning,priority_report,PLTR,bounce,Large,GapFade_weakstock,NO-GO,1,1/6,0.054830747080467125,0.0017200119653005518,0.6806564305050018,0,0.05647133054657293,1.7904226732837911,,,,,,,,,,,,
2026-07-15,morning,priority_report,ORCL,bounce,Large,GapFade_weakstock,NO-GO,2,2/6,0.054091219115090974,0.01500703454744424,2.4065367685060424,0,-0.0766496018202501,0.7345942647956065,,,,,,,,,,,,
2026-07-15,morning,priority_report,LITE,bounce,Medium,GapFade_strongstock,NO-GO,0,0/6,0.08059013298280357,0.005694648993618189,0.8408112501578575,0,0.021732896098552466,0.6643051393288516,,,,,,,,,,,,
2026-07-15,morning,priority_report,MSFT,bounce,Large,GapFade_weakstock,NO-GO,0,0/6,0.032324893734984296,0.00407866365313172,1.0234140892693766,0,0.0036354193715917352,0.763592704819623,,,,,,,,,,,,
2026-07-15,morning,priority_report,HYLN,bounce,Small,GapFade_strongstock,NO-GO,2,2/6,0.1335120502968914,,1.2806734993917652,0,-0.009685230024213084,0.6958887624429363,,,,,,,,,,,,
2026-07-15,morning,priority_report,MU,bounce,Large,GapFade_strongstock,NO-GO,0,0/6,0.09212902360279046,-0.008930751078199989,1.4063726909449477,0,-0.005064842234248875,0.49830115924128443,,,,,,,,,,,,
2026-07-15,morning,priority_report,IONQ,bounce,Medium,GapFade_weakstock,NO-GO,0,0/6,0.09268710888610765,0.016798167472639444,0.960457654516315,0,-0.06789547363509092,0.46504719337807393,,,,,,,,,,,,
2026-07-15,morning,priority_report,WDC,bounce,Large,GapFade_strongstock,NO-GO,0,0/6,0.10124762748323425,0.0020947241354824075,0.570628627401972,0,-0.03104268046722802,0.5343431313737245,,,,,,,,,,,,
2026-07-15,morning,priority_report,STX,bounce,Large,GapFade_strongstock,NO-GO,0,0/6,0.09564030606456464,0.0035408910293632245,0.9861183943855272,0,-0.031768350286706146,0.44330153986235615,,,,,,,,,,,,
2026-07-15,morning,priority_report,KEEL,bounce,Medium,GapFade_weakstock,NO-GO,0,0/6,0.13197055137844618,0.015590200445434164,0.536589172645425,0,-0.01935483870967758,0.548367952522255,,,,,,,,,,,,
2026-07-15,morning,priority_report,IREN,bounce,Medium,GapFade_weakstock,NO-GO,0,0/6,0.1091009946442234,0.016066338429644916,1.01506472503415,0,-0.04691298006806027,0.8368689879261775,,,,,,,,,,,,
2026-07-15,morning,priority_report,MP,bounce,Medium,GapFade_weakstock,NO-GO,0,0/6,0.05683189655172413,0.004922228785193936,0.3949995451960155,0,-0.022409500095767126,0.3344020408866846,,,,,,,,,,,,
2026-07-15,morning,priority_report,BE,bounce,Medium,GapFade_strongstock,NO-GO,1,1/6,0.1409306371835903,0.008627773212818383,0.969974639704621,0,0.0036384448714279313,0.5049356020270095,,,,,,,,,,,,
2026-07-15,morning,priority_report,OKLO,bounce,Medium,GapFade_weakstock,NO-GO,1,1/6,0.07393969140157673,0.007136678200692004,0.6533997161740582,0,-0.046673490276356214,0.5742046831178755,,,,,,,,,,,,
2026-07-15,morning,priority_report,SMR,bounce,Medium,GapFade_weakstock,NO-GO,1,1/6,0.0780433703029299,0.003488372093023388,1.689687864867189,0,-0.045353982300884776,0.46769609298773984,,,,,,,,,,,,
2026-07-15,morning,priority_report,RKLB,bounce,Medium,GapFade_strongstock,NO-GO,3,3/6,0.09638334431366964,0.01801801801801804,0.8113418647466781,0,-0.009995064165844055,0.521154224517526,,,,,,,,,,,,
2026-07-15,morning,priority_report,DGXX,bounce,Small,GapFade_strongstock,NO-GO,2,2/6,0.11450069348127598,0.00980392156862746,0.5536535007751007,0,-0.08444444444444442,0.9963054933074917,,,,,,,,,,,,
2026-07-15,morning,priority_report,APP,bounce,Large,GapFade_weakstock,NO-GO,0,0/6,0.08238120658646482,0.0013363624214886318,1.7813455912725962,0,-0.11321945638881224,0.7686919546738269,,,,,,,,,,,,
2026-07-15,morning,priority_report,OPEN,bounce,Medium,GapFade_weakstock,NO-GO,0,0/6,0.08656113537117902,0.006593406593406648,0.47477992238628985,0,-0.03882476390346267,0.5297010972379872,,,,,,,,,,,,
2026-07-15,morning,priority_report,CRML,bounce,Small,GapFade_weakstock,NO-GO,0,0/6,0.08304917444364686,0.003783102143757913,0.482772185335919,0,0.001257861635220099,0.5975148568341441,,,,,,,,,,,,
2026-07-15,morning,priority_report,SNDK,bounce,Large,GapFade_strongstock,NO-GO,0,0/6,0.13434856153655922,-0.014119761977904413,1.3187635763034895,0,-0.0954737149776609,0.4341008959232837,,,,,,,,,,,,
2026-07-15,morning,priority_report,PL,bounce,Medium,GapFade_strongstock,NO-GO,2,2/6,0.09195713019764845,0.01102112676056341,0.4965358161033334,0,-0.007996161228406958,0.5849359456063676,,,,,,,,,,,,
2026-07-15,morning,priority_report,RGTI,bounce,Medium,GapFade_weakstock,NO-GO,1,1/6,0.08250682158260712,0.007448789571694662,0.5427599876003144,0,-0.01874244256348239,0.5164717931211059,,,,,,,,,,,,
2026-07-15,morning,priority_report,CRWV,bounce,Medium,GapFade_weakstock,NO-GO,1,1/6,0.08944985973509466,0.006504878658994196,0.6979715137343803,0,-0.09473447344734476,1.0434706664059796,,,,,,,,,,,,
2026-07-15,morning,priority_report,NBIS,bounce,Medium,GapFade_strongstock,NO-GO,3,3/6,0.12925461441213654,0.018857231181410666,0.6799141322224834,0,-0.09970407466423858,1.1639234588284082,,,,,,,,,,,,
2026-07-15,morning,priority_report,CRDO,bounce,Medium,GapFade_strongstock,NO-GO,0,0/6,0.11105412819680838,0.025277330849352183,1.0461072273557424,0,-0.06066953722021806,0.6364403749847938,,,,,,,,,,,,
2026-07-15,morning,priority_report,POET,bounce,Small,GapFade_strongstock,NO-GO,1,1/6,0.09884688239936858,0.027241770715096505,0.7967517829629216,0,0.0890493381468111,0.6707175879717976,,,,,,,,,,,,
2026-07-15,morning,priority_report,U,bounce,Medium,GapFade_weakstock,NO-GO,1,1/6,0.05237601078167115,0.0015748031496063215,0.5347151652377903,0,0.029459371965037232,1.2422269682388578,,,,,,,,,,,,
2026-07-15,morning,priority_report,TSLA,bounce,Large,GapFade_weakstock,NO-GO,0,0/6,0.04679656134665587,0.0014387399666817942,0.33228990438073563,0,-0.027001177163037057,0.40179816605528956,,,,,,,,,,,,
2026-07-15,morning,priority_report,FIG,bounce,Medium,GapFade_weakstock,NO-GO,2,2/6,0.07926227075790848,0.00880134115674773,2.298173232539301,0,0.1402179062055898,1.8083250342570887,,,,,,,,,,,,
2026-07-15,morning,priority_report,IBIT,bounce,ETF,GapFade_weakstock,NO-GO,1,1/6,0.034229646069384376,0.003007107709130657,0.7140129167840114,0,0.012696660226331794,0.6608881608881604,,,,,,,,,,,,
2026-07-15,morning,priority_report,ETHE,bounce,Medium,GapFade_weakstock,NO-GO,0,0/6,0.04105097338474561,0.002640264026402584,0.28148040232532356,0,0.04975812024879052,0.35281045601897026,,,,,,,,,,,,
2026-07-15,morning,priority_report,TEAM,bounce,Medium,GapFade_weakstock,NO-GO,0,0/6,0.06404284121675424,0.006960035922766104,1.2836728106959554,0,0.009453072248480795,0.5866335094808837,,,,,,,,,,,,
2026-07-15,morning,priority_report,MSTR,bounce,Medium,GapFade_weakstock,NO-GO,1,1/6,0.0837358161187082,0.00635376101660181,0.704233536066264,0,0.03761622992392225,0.5436066712995132,,,,,,,,,,,,
2026-07-15,morning,priority_report,KWEB,bounce,ETF,GapFade_weakstock,NO-GO,1,1/6,0.021813515825491857,0.02062643239113824,0.6437707492114473,0,0.012888551933282786,0.566176470588239,,,,,,,,,,,,
2026-07-15,morning,priority_report,AXTI,bounce,Medium,GapFade_strongstock,NO-GO,2,2/6,0.14915869179163377,0.006079555323953473,2.1838889450087593,0,0.012410417759133034,0.673667918425661,,,,,,,,,,,,
2026-07-15,morning,priority_report,CBRS,bounce,Medium,GapFade_strongstock,NO-GO,1,1/6,0.11363213995049794,-0.0046597321034296995,0.4326550267801327,0,-0.05681467360981968,0.9235861518472805,,,,,,,,,,,,
2026-07-15,morning,priority_report,SOXL,bounce,ETF,GapFade_strongstock,NO-GO,2,2/6,0.19014680742931064,0.05015283595607389,0.6043262078062177,0,-0.03505669406012681,0.5149671620454598,,,,,,,,,,,,
2026-07-15,morning,priority_report,MRVL,bounce,Large,GapFade_strongstock,NO-GO,1,1/6,0.09580038010769712,0.013756518611760485,1.0418011616440264,0,-0.04372164030363429,0.6188913040459358,,,,,,,,,,,,
2026-07-15,morning,priority_report,META,breakout,Large,D2_continuation,NO-GO,2,2/6 [AVOID],0.04183328105225585,-0.0010438097543264263,,,,,0.04910402683843495,0.09950430819388545,,,,,,,,,,
2026-07-15,morning,priority_report,INTC,bounce,Large,GapFade_strongstock,NO-GO,0,0/6,0.08542297093868804,0.03916109873793614,0.9368411652575355,0,0.019482884195193013,0.585374923554707,,,,,,,,,,,,
2026-07-15,morning,priority_report,BRUN,bounce,Small,GapFade_weakstock,NO-GO,0,0/6,0.14676736307171093,-0.013260530421216842,0.94162706902572,0,-0.11040787623066106,0.45513128787150164,,,,,,,,,,,,
2026-07-15,morning,priority_report,MXL,bounce,Medium,GapFade_strongstock,NO-GO,0,0/6,0.13685040145432514,0.018468517118479248,1.133440570129611,0,0.03285870755750274,0.6571100111307961,,,,,,,,,,,,
2026-07-15,morning,priority_report,SIMO,breakout,Medium,D2_continuation,CAUTION,3,3/6 [REDUCED_SIZE],0.08545826175624902,0.008462760610874993,,,,,-0.003749533284669217,0.1141219979428345,,,,,,,,,,
2026-07-15,morning,priority_report,STM,bounce,Medium,GapFade_strongstock,NO-GO,0,0/6,0.05707851441602866,0.00042777698559819105,1.5320270967880683,0,-0.018191995521970296,0.7091793781481439,,,,,,,,,,,,
2026-07-15,morning,priority_report,ON,bounce,Medium,GapFade_strongstock,NO-GO,1,1/6,0.08400523560209423,0.018884028592766413,0.9751078240198936,0,-0.004793664026677718,0.4574633842318482,,,,,,,,,,,,
2026-07-15,morning,priority_report,NVTS,bounce,Medium,GapFade_strongstock,NO-GO,2,2/6,0.12058407459007608,0.018334606569900703,0.36657795742414356,0,-0.010393466963622908,0.5816898779739954,,,,,,,,,,,,
2026-07-15,morning,priority_report,NOK,bounce,Medium,GapFade_strongstock,NO-GO,2,2/6,0.06313498789346247,0.00854700854700867,1.9711282875684404,0,-0.05144694533762048,0.6040326369380329,,,,,,,,,,,,
2026-07-15,morning,priority_report,DXYZ,bounce,Small,GapFade_weakstock,NO-GO,0,0/6,0.06443427022241895,-0.005009633911367977,0.49616520987868806,0,-0.06685941452837012,0.7243524517317338,,,,,,,,,,,,
2026-07-15,morning,priority_report,QCOM,bounce,Large,GapFade_strongstock,NO-GO,1,1/6,0.06476746031746033,0.010668163952835518,1.051974998353462,0,-0.04842461408331569,1.075643020819294,,,,,,,,,,,,
2026-07-15,morning,priority_report,WOLF,bounce,Small,GapFade_strongstock,NO-GO,2,2/6,0.13755670061265063,0.02623141941125032,0.13612438310030128,0,-0.0022669311419665143,0.48932856687785314,,,,,,,,,,,,
2026-07-15,morning,priority_report,RVI,bounce,Small,GapFade_weakstock,NO-GO,0,0/6,0.08959810521067064,-0.008993427879626481,0.36558378145824943,0,-0.07848182695400455,0.740167734251957,,,,,,,,,,,,
2026-07-15,morning,priority_report,AAOI,bounce,Medium,GapFade_strongstock,NO-GO,2,2/6,0.11076542568207366,0.015730569948186512,0.8722583040682438,0,0.06257004669779853,0.7545642024823181,,,,,,,,,,,,
2026-07-15,morning,priority_report,LWLG,bounce,Small,GapFade_strongstock,NO-GO,2,2/6,0.10913775510204084,0.01892285298398834,0.9068343189374756,0,0.024890190336749624,0.3802533775887063,,,,,,,,,,,,
2026-07-15,morning,priority_report,FCEL,bounce,Small,GapFade_strongstock,NO-GO,1,1/6,0.21874909521616112,0.016861826697892244,6.419043464853135,0,0.032334759866856855,0.4885194911455842,,,,,,,,,,,,
2026-07-15,morning,priority_report,ARM,bounce,Large,GapFade_strongstock,NO-GO,3,3/6,0.10311753262706128,0.013372692677028099,0.6902248081467153,0,-0.11892761062494196,1.1653679371630967,,,,,,,,,,,,
2026-07-15,morning,priority_report,ALAB,bounce,Medium,GapFade_strongstock,NO-GO,0,0/6,0.12615062364425164,0.01940405771463331,1.085411986788074,0,-0.10695692181030102,0.6770626564368986,,,,,,,,,,,,
2026-07-15,morning,priority_report,UMC,breakout,Medium,D2_continuation,CAUTION,3,3/6 [REDUCED_SIZE],0.06714650575357843,0.06753355704697984,,,,,0.039172791213577376,0.20796325817960973,,,,,,,,,,
2026-07-15,morning,priority_report,AMAT,breakout,Large,D2_continuation,CAUTION,3,3/6 [REDUCED_SIZE],0.08598426898410635,0.0320631190196406,,,,,0.03144315314814903,0.2121034778914993,,,,,,,,,,
2026-07-15,morning,priority_report,CAR,bounce,Medium,GapFade_strongstock,NO-GO,1,1/6,0.06131971639575845,,0.2701690462913763,0,0.02298482617325055,0.9665568980361937,,,,,,,,,,,,
2026-07-15,morning,priority_report,INOD,bounce,Medium,GapFade_strongstock,NO-GO,2,2/6,0.07811086915015489,0.0029788501638368012,0.49137927954261834,0,-0.00678466076696156,0.5513322733902488,,,,,,,,,,,,
2026-07-15,morning,watchlist_report,HQ,bounce,Small,GapFade_strongstock,NO-GO,2,2/6,0.17258949639317736,,0.816471071316562,0,-0.07829491083079589,0.6835884094655511,,,,,,,,,,,,
2026-07-15,morning,watchlist_report,AXTI,bounce,Medium,GapFade_strongstock,NO-GO,2,2/6,0.14939082532546133,0.004516241097793955,2.1838889450087593,0,0.01083726621220062,0.673667918425661,,,,,,,,,,,,
2026-07-15,morning,watchlist_report,CRWD,bounce,Large,GapFade_weakstock,NO-GO,2,2/6,0.2419514207273367,0.002515066672993884,1.837404136331726,0,0.12864622288706049,0.4214055459630532,,,,,,,,,,,,
2026-07-15,morning,watchlist_report,NVTS,bounce,Medium,GapFade_strongstock,NO-GO,2,2/6,0.12112929271180967,0.013750954927425493,0.36657795742414356,0,-0.014847809948032744,0.5816898779739954,,,,,,,,,,,,
2026-07-15,morning,watchlist_report,WOLF,bounce,Small,GapFade_strongstock,NO-GO,2,2/6,0.13755670061265063,0.02623141941125032,0.13612438310030128,0,-0.0022669311419665143,0.48932856687785314,,,,,,,,,,,,
2026-07-15,morning,watchlist_report,RXT,bounce,Small,GapFade_strongstock,NO-GO,2,2/6,0.21273556231003046,0.010752688172042972,1.9441759540002932,0,-0.11985018726591755,0.4586655236462356,,,,,,,,,,,,
2026-07-15,morning,watchlist_report,DGXX,bounce,Small,GapFade_strongstock,NO-GO,2,2/6,0.11450069348127598,0.00980392156862746,0.5536535007751007,0,-0.08444444444444442,0.9963054933074917,,,,,,,,,,,,
2026-07-15,morning,watchlist_report,HYLN,bounce,Small,GapFade_strongstock,NO-GO,2,2/6,0.1335120502968914,,1.2806734993917652,0,-0.009685230024213084,0.6958887624429363,,,,,,,,,,,,
2026-07-15,morning,watchlist_report,RKLB,bounce,Medium,GapFade_strongstock,NO-GO,3,3/6,0.09638334431366964,0.01801801801801804,0.8113418647466781,0,-0.009995064165844055,0.521154224517526,,,,,,,,,,,,
2026-07-15,morning,watchlist_report,LWLG,bounce,Small,GapFade_strongstock,NO-GO,2,2/6,0.10913775510204084,0.01892285298398834,0.9068343189374756,0,0.024890190336749624,0.3802533775887063,,,,,,,,,,,,
2026-07-15,morning,watchlist_report,POET,bounce,Small,GapFade_strongstock,NO-GO,1,1/6,0.09841191261983341,0.03178206583427915,0.7967517829629216,0,0.09386281588447645,0.6707175879717976,,,,,,,,,,,,
2026-07-15,morning,watchlist_report,PL,bounce,Medium,GapFade_strongstock,NO-GO,2,2/6,0.0922846047156727,0.007433489827856075,0.4965358161033334,0,-0.01151631477927066,0.5849359456063676,,,,,,,,,,,,
2026-07-15,morning,watchlist_report,FCEL,bounce,Small,GapFade_strongstock,NO-GO,1,1/6,0.21895080023710733,0.01592505854800936,6.419043464853135,0,0.031383737517831675,0.4885194911455842,,,,,,,,,,,,
2026-07-15,morning,watchlist_report,NBIS,bounce,Medium,GapFade_strongstock,NO-GO,3,3/6,0.1292340938025517,0.019019011798650044,0.6799141322224834,0,-0.09956111996357848,1.1639234588284082,,,,,,,,,,,,
2026-07-15,morning,watchlist_report,ARM,bounce,Large,GapFade_strongstock,NO-GO,3,3/6,0.10309220551378445,0.013621652381121684,0.6902248081467153,0,-0.1187111537153282,1.1653679371630967,,,,,,,,,,,,
2026-07-15,morning,watchlist_report,INOD,bounce,Medium,GapFade_strongstock,NO-GO,2,2/6,0.07811086915015489,0.0029788501638368012,0.49137927954261834,0,-0.00678466076696156,0.5513322733902488,,,,,,,,,,,,
2026-07-15,morning,watchlist_report,SOXL,bounce,ETF,GapFade_strongstock,NO-GO,2,2/6,0.19047535482875655,0.04834144684705079,0.6043262078062177,0,-0.03672110683449497,0.5149671620454598,,,,,,,,,,,,
2026-07-15,morning,watchlist_report,AAOI,bounce,Medium,GapFade_strongstock,NO-GO,2,2/6,0.11069887955182074,0.016341171781586266,0.8722583040682438,0,0.06320880587058038,0.7545642024823181,,,,,,,,,,,,
2026-07-15,morning,watchlist_report,MRVL,bounce,Large,GapFade_strongstock,NO-GO,1,1/6,0.0959067068336768,0.01263262003236829,1.0418011616440264,0,-0.044781815868707865,0.6188913040459358,,,,,,,,,,,,
2026-07-15,morning,watchlist_report,BE,bounce,Medium,GapFade_strongstock,NO-GO,1,1/6,0.1409306371835903,0.008627773212818383,0.969974639704621,0,0.0036384448714279313,0.5049356020270095,,,,,,,,,,,,
2026-07-15,morning,watchlist_report,SNDK,bounce,Large,GapFade_strongstock,NO-GO,0,0/6,0.13509692679190233,-0.019581015121002077,1.3187635763034895,0,-0.10048431040962044,0.4341008959232837,,,,,,,,,,,,
2026-07-15,morning,watchlist_report,IONQ,bounce,Medium,GapFade_weakstock,NO-GO,0,0/6,0.09257125000000002,0.01807075591753629,0.960457654516315,0,-0.06672888474101725,0.46504719337807393,,,,,,,,,,,,
2026-07-15,morning,watchlist_report,SPCE,bounce,Small,GapFade_weakstock,NO-GO,1,1/6,0.08704198473282443,0.0038314176245211615,1.3505101616625776,0,0.019455252918288042,0.7353650515237884,,,,,,,,,,,,
2026-07-15,morning,watchlist_report,ALAB,bounce,Medium,GapFade_strongstock,NO-GO,0,0/6,0.12576867971453287,0.022499861794460844,1.085411986788074,0,-0.10424486040148197,0.6770626564368986,,,,,,,,,,,,
2026-07-15,morning,watchlist_report,NOK,bounce,Medium,GapFade_strongstock,NO-GO,1,1/6,0.06270983645983647,0.015384615384615514,1.9711282875684404,0,-0.045016077170417904,0.6040326369380329,,,,,,,,,,,,
2026-07-15,morning,watchlist_report,ON,bounce,Medium,GapFade_strongstock,NO-GO,1,1/6,0.08400523560209423,0.018884028592766413,0.9751078240198936,0,-0.004793664026677718,0.4574633842318482,,,,,,,,,,,,
2026-07-15,morning,watchlist_report,CAR,bounce,Medium,GapFade_strongstock,NO-GO,1,1/6,0.06131971639575845,,0.2701690462913763,0,0.02298482617325055,0.9665568980361937,,,,,,,,,,,,
2026-07-15,morning,watchlist_report,QCOM,bounce,Large,GapFade_strongstock,NO-GO,1,1/6,0.0648034622409275,0.010106681639528419,1.051974998353462,0,-0.0489532670754916,1.075643020819294,,,,,,,,,,,,
2026-07-15,morning,watchlist_report,WDC,bounce,Large,GapFade_strongstock,NO-GO,0,0/6,0.10166726384240664,-0.0020414684371229336,0.570628627401972,0,-0.035042096861402326,0.5343431313737245,,,,,,,,,,,,
2026-07-15,morning,watchlist_report,RVI,bounce,Small,GapFade_weakstock,NO-GO,0,0/6,0.08959810521067064,-0.008993427879626481,0.36558378145824943,0,-0.07848182695400455,0.740167734251957,,,,,,,,,,,,
2026-07-15,morning,watchlist_report,CRDO,bounce,Medium,GapFade_strongstock,NO-GO,0,0/6,0.11089384388807072,0.02675925141840966,1.0461072273557424,0,-0.05931184297296256,0.6364403749847938,,,,,,,,,,,,
2026-07-15,morning,watchlist_report,BRUN,bounce,Small,GapFade_weakstock,NO-GO,0,0/6,0.14510411433037462,-0.0019500780031201524,0.94162706902572,0,-0.10021097046413506,0.45513128787150164,,,,,,,,,,,,
2026-07-15,morning,watchlist_report,GLW,bounce,Large,GapFade_strongstock,NO-GO,0,0/6,0.11050455556732706,0.006075463653805238,0.8411899386017568,0,-0.011053486301010976,0.3673400907432758,,,,,,,,,,,,
2026-07-15,morning,watchlist_report,CBRS,bounce,Medium,GapFade_strongstock,NO-GO,1,1/6,0.11347568179580583,-0.0032873754967863004,0.4326550267801327,0,-0.05551422726427388,0.9235861518472805,,,,,,,,,,,,
2026-07-15,morning,watchlist_report,STX,bounce,Large,GapFade_strongstock,NO-GO,0,0/6,0.09555574537681767,0.004428960162129659,0.9861183943855272,0,-0.03091152756113099,0.44330153986235615,,,,,,,,,,,,
2026-07-15,morning,watchlist_report,IREN,bounce,Medium,GapFade_weakstock,NO-GO,0,0/6,0.10918453292496172,0.015288934957242713,1.01506472503415,0,-0.047642197374817716,0.8368689879261775,,,,,,,,,,,,
2026-07-15,morning,watchlist_report,FJET,bounce,Micro,GapFade_weakstock,NO-GO,2,2/6,0.10374468085106381,-0.00634249471458779,0.38438233246653586,0,0.056179775280898875,0.615258408531583,,,,,,,,,,,,
2026-07-15,morning,watchlist_report,ORCL,bounce,Large,GapFade_weakstock,NO-GO,2,2/6,0.05407456285054438,0.015319681100515929,2.4065367685060424,0,-0.07636518771331045,0.7345942647956065,,,,,,,,,,,,
2026-07-15,morning,watchlist_report,CRWV,bounce,Medium,GapFade_weakstock,NO-GO,1,1/6,0.089349915757737,0.007630723042281704,0.6979715137343803,0,-0.09372187218721871,1.0434706664059796,,,,,,,,,,,,
2026-07-15,morning,watchlist_report,BOT,bounce,Small,GapFade_strongstock,NO-GO,0,0/6,0.13234065934065933,-0.008444565513484126,0.34722196812191736,0,0.10537503795930758,0.8635721996180362,,,,,,,,,,,,
2026-07-15,morning,watchlist_report,EWY,bounce,ETF,GapFade_strongstock,NO-GO,0,0/6,0.05941629991691335,-0.005175726070742439,3.1598757843895506,0,-0.040627724498692334,0.5654296541599827,,,,,,,,,,,,
2026-07-15,morning,watchlist_report,INTC,bounce,Large,GapFade_strongstock,NO-GO,0,0/6,0.08533914074149601,0.040181885671863385,0.9368411652575355,0,0.0204843408594319,0.585374923554707,,,,,,,,,,,,
2026-07-15,morning,watchlist_report,MU,bounce,Large,GapFade_strongstock,NO-GO,0,0/6,0.0921611836315635,-0.00927658881926927,1.4063726909449477,0,-0.005412029000306295,0.49830115924128443,,,,,,,,,,,,
2026-07-15,morning,watchlist_report,RGTI,bounce,Medium,GapFade_weakstock,NO-GO,1,1/6,0.08240527472527467,0.008690254500310402,0.5427599876003144,0,-0.017533252720677097,0.5164717931211059,,,,,,,,,,,,
2026-07-15,morning,watchlist_report,SMR,bounce,Medium,GapFade_weakstock,NO-GO,1,1/6,0.07817925545145504,0.001744186046511694,1.689687864867189,0,-0.04701327433628307,0.46769609298773984,,,,,,,,,,,,
2026-07-15,morning,watchlist_report,KEEL,bounce,Medium,GapFade_weakstock,NO-GO,0,0/6,0.13197055137844618,0.015590200445434164,0.536589172645425,0,-0.01935483870967758,0.548367952522255,,,,,,,,,,,,
2026-07-15,morning,watchlist_report,MXL,bounce,Medium,GapFade_strongstock,NO-GO,0,0/6,0.13685040145432514,0.018468517118479248,1.133440570129611,0,0.03285870755750274,0.6571100111307961,,,,,,,,,,,,
2026-07-15,morning,watchlist_report,AVGO,bounce,Large,GapFade_strongstock,NO-GO,0,0/6,0.03811282034533065,0.011693351494436049,0.7909930404462818,0,-0.015776183213741034,0.8457763882600656,,,,,,,,,,,,
2026-07-15,morning,watchlist_report,DXYZ,bounce,Small,GapFade_weakstock,NO-GO,0,0/6,0.06443427022241895,-0.005009633911367977,0.49616520987868806,0,-0.06685941452837012,0.7243524517317338,,,,,,,,,,,,
2026-07-15,morning,watchlist_report,LITE,bounce,Medium,GapFade_strongstock,NO-GO,0,0/6,0.08071917491282384,0.004086892488954395,0.8408112501578575,0,0.020099500006234342,0.6643051393288516,,,,,,,,,,,,
2026-07-15,morning,watchlist_report,CRML,bounce,Small,GapFade_weakstock,NO-GO,0,0/6,0.08273735025925269,0.007566204287515826,0.482772185335919,0,0.005031446540880507,0.5975148568341441,,,,,,,,,,,,
2026-07-15,morning,watchlist_report,APP,bounce,Large,GapFade_weakstock,NO-GO,0,0/6,0.08238120658646482,0.0013363624214886318,1.7813455912725962,0,-0.11321945638881224,0.7686919546738269,,,,,,,,,,,,
2026-07-15,morning,watchlist_report,OKLO,bounce,Medium,GapFade_weakstock,NO-GO,1,1/6,0.07395557191948944,0.006920415224913501,0.6533997161740582,0,-0.046878198567041944,0.5742046831178755,,,,,,,,,,,,
2026-07-15,morning,watchlist_report,GOOGL,bounce,Large,GapFade_strongstock,NO-GO,0,0/6,0.02798863314687605,-0.003337876554198739,0.4503279943481159,0,0.0031636709782182524,0.9044127335728899,,,,,,,,,,,,
2026-07-15,morning,watchlist_report,STM,bounce,Medium,GapFade_strongstock,NO-GO,0,0/6,0.05707851441602866,0.00042777698559819105,1.5320270967880683,0,-0.018191995521970296,0.7091793781481439,,,,,,,,,,,,
2026-07-15,morning,watchlist_report,OPEN,bounce,Medium,GapFade_weakstock,NO-GO,0,0/6,0.08656113537117902,0.006593406593406648,0.47477992238628985,0,-0.03882476390346267,0.5297010972379872,,,,,,,,,,,,
2026-07-15,morning,watchlist_report,MSTR,bounce,Medium,GapFade_weakstock,NO-GO,1,1/6,0.08370172173103772,0.0067636810821889385,0.704233536066264,0,0.038038884192730285,0.5436066712995132,,,,,,,,,,,,
2026-07-15,morning,watchlist_report,KWEB,bounce,ETF,GapFade_weakstock,NO-GO,1,1/6,0.021805355138688455,0.021008403361344564,0.6437707492114473,0,0.013267626990144103,0.566176470588239,,,,,,,,,,,,
2026-07-15,morning,watchlist_report,MP,bounce,Medium,GapFade_weakstock,NO-GO,0,0/6,0.056876470588235285,0.0041346721795629225,0.3949995451960155,0,-0.02317563685117795,0.3344020408866846,,,,,,,,,,,,
2026-07-15,morning,watchlist_report,TEAM,bounce,Medium,GapFade_weakstock,NO-GO,0,0/6,0.06404284121675424,0.006960035922766104,1.2836728106959554,0,0.009453072248480795,0.5866335094808837,,,,,,,,,,,,
2026-07-15,morning,watchlist_report,FIG,bounce,Medium,GapFade_weakstock,NO-GO,2,2/6,0.07916360403082394,0.010058675607711735,2.298173232539301,0,0.14163903363334923,1.8083250342570887,,,,,,,,,,,,
2026-07-15,morning,watchlist_report,ETHE,bounce,Medium,GapFade_weakstock,NO-GO,0,0/6,0.04105097338474561,0.002640264026402584,0.28148040232532356,0,0.04975812024879052,0.35281045601897026,,,,,,,,,,,,
2026-07-15,morning,watchlist_report,MSFT,bounce,Large,GapFade_weakstock,NO-GO,0,0/6,0.03233158591318107,0.003870833658067724,1.0234140892693766,0,0.003427681121786531,0.763592704819623,,,,,,,,,,,,
2026-07-15,morning,watchlist_report,IBIT,bounce,ETF,GapFade_weakstock,NO-GO,1,1/6,0.03429507685105715,0.0010934937124111304,0.7140129167840114,0,0.010764559757107385,0.6608881608881604,,,,,,,,,,,,
2026-07-15,morning,watchlist_report,AMAT,breakout,Large,D2_continuation,CAUTION,3,3/6 [REDUCED_SIZE],0.08609630060493255,0.030720161154943686,,,,0.570057066510576,0.030101002005470966,0.2121034778914993,,,,,,,,,,
2026-07-15,morning,watchlist_report,UMC,breakout,Medium,D2_continuation,CAUTION,3,3/6 [REDUCED_SIZE],0.06701484593837534,0.06963087248322149,,,,0.4856986411305651,0.04121438805289681,0.20986107948075597,,,,,,,,,,
2026-07-15,morning,watchlist_report,PLTR,bounce,Large,GapFade_weakstock,NO-GO,1,1/6,0.05497439050470487,-0.0008973975471134052,0.6806564305050018,0,0.05371086047795558,1.7904226732837911,,,,,,,,,,,,
2026-07-15,morning,watchlist_report,U,bounce,Medium,GapFade_weakstock,NO-GO,1,1/6,0.05237601078167115,0.0015748031496063215,0.5347151652377903,0,0.029459371965037232,1.2422269682388578,,,,,,,,,,,,
2026-07-15,morning,watchlist_report,TSLA,bounce,Large,GapFade_weakstock,NO-GO,0,0/6,0.04685324580282564,0.00022716946842338075,0.33228990438073563,0,-0.028178340200117738,0.40179816605528956,,,,,,,,,,,,
2026-07-15,morning,watchlist_report,SIMO,breakout,Medium,D2_continuation,CAUTION,3,3/6 [REDUCED_SIZE],0.08545826175624902,0.008462760610874993,,,,0.5037392249371963,-0.003749533284669217,0.1141219979428345,,,,,,,,,,
2026-07-15,morning,watchlist_report,AMD,breakout,Large,D2_continuation,CAUTION,3,3/6 [REDUCED_SIZE],0.06879538286998647,0.009095287614252143,,,,0.7208597306302517,0.02510761236852393,0.14046204129840736,,,,,,,,,,
2026-07-15,morning,watchlist_report,AAPL,breakout,Large,D2_continuation,CAUTION,3,3/6 [REDUCED_SIZE],0.02826324667146454,0.008702280378580986,,,,0.47680546702983817,0.022895142651616872,0.06708894477427516,,,,,,,,,,
2026-07-15,morning,watchlist_report,META,breakout,Large,D2_continuation,NO-GO,2,2/6 [AVOID],0.041810487419377866,-0.0004992133607647453,,,,0.6222712928044244,0.049675962099526565,0.09950430819388545,,,,,,,,,,
2026-07-15,morning,watchlist_report,NVDA,breakout,Large,D2_continuation,NO-GO,2,2/6 [AVOID],0.032931618144888306,-0.0037771482530689865,,,,1.2592516447368414,0.03321861683807636,0.015242976135197553,,,,,,,,,,
2026-07-15,evening,priority_report,AMD,breakout,Large,D2_continuation,CAUTION,2,2/6 [REDUCED_SIZE],0.07238858903908557,-0.04099392479886163,,,,,-0.025776415703416978,0.14362715528947717,,,,,,,,,,
2026-07-15,evening,priority_report,HQ,bounce,Small,GapFade_strongstock,NO-GO,2,2/6,0.16117987785682805,-0.04058518168947631,0.816471071316562,0.005521403251694142,-0.013049151805132544,0.6835884094655511,,,,,,,,,,,,
2026-07-15,evening,priority_report,AAPL,breakout,Large,D2_continuation,CAUTION,3,3/6 [REDUCED_SIZE],0.02739800122961004,0.04055770818776593,,,,,0.05519878963145216,0.09663016462303735,,,,,,,,,,
2026-07-15,evening,priority_report,SPCE,bounce,Small,GapFade_weakstock,NO-GO,1,1/6,0.08509328358208956,0.015325670498084306,1.3505101616625776,0.014629690935204154,0.04280155642023359,0.7353650515237884,,,,,,,,,,,,
2026-07-15,evening,priority_report,RXT,bounce,Small,GapFade_strongstock,NO-GO,2,2/6,0.2241781894704476,0.021505376344085943,1.9441759540002932,0.06104582391491478,-0.16477528089887644,0.4586655236462356,,,,,,,,,,,,
2026-07-15,evening,priority_report,FJET,bounce,Micro,GapFade_weakstock,NO-GO,2,2/6,0.11313225058004639,0.002114164904862534,0.38438233246653586,0.004155525014930996,-0.0314606741573035,0.615258408531583,,,,,,,,,,,,
2026-07-15,evening,priority_report,GOOGL,breakout,Large,D2_continuation,CAUTION,3,3/6 [REDUCED_SIZE],0.02709116414408438,0.029679285694417447,,,,,0.0333444092378776,0.0036492919256259134,,,,,,,,,,
2026-07-15,evening,priority_report,NVDA,breakout,Large,D2_continuation,NO-GO,2,2/6 [AVOID],0.033040448056733944,-0.007058545797922589,,,,,0.029815361204415428,0.02140551819812997,,,,,,,,,,
2026-07-15,evening,priority_report,CRWD,bounce,Large,GapFade_weakstock,NO-GO,2,2/6,0.24639506937988503,0.007829924547999837,1.837404136331726,0.1968497789435005,0.10829148413292009,0.4214055459630532,,,,,,,,,,,,
2026-07-15,evening,priority_report,EWY,bounce,ETF,GapFade_strongstock,NO-GO,0,0/6,0.06154295463331823,-0.006893434286360035,3.1598757843895506,0.06855496248478687,-0.0737794245858763,0.5654296541599827,,,,,,,,,,,,
2026-07-15,evening,priority_report,BOT,bounce,Small,GapFade_strongstock,NO-GO,1,1/6,0.15312142403051493,-0.011985834922364417,0.34722196812191736,0.012819740065416484,-0.044640145763741236,0.8635721996180362,,,,,,,,,,,,
2026-07-15,evening,priority_report,GLW,bounce,Large,GapFade_strongstock,NO-GO,2,2/6,0.12055622977346281,-0.005542528245576594,0.8411899386017568,0.007895489342376633,-0.09350935093509348,0.3673400907432758,,,,,,,,,,,,
2026-07-15,evening,priority_report,AVGO,bounce,Large,GapFade_strongstock,NO-GO,0,0/6,0.03826787103450414,0.01793837218267318,0.7909930404462818,0.036971399501565215,-0.01976398229867247,0.8457763882600656,,,,,,,,,,,,
2026-07-15,evening,priority_report,PLTR,bounce,Large,GapFade_weakstock,NO-GO,1,1/6,0.055151900363659766,0.0046365539934191185,0.6806564305050018,0.0251308216594016,0.05031942582222558,1.7904226732837911,,,,,,,,,,,,
2026-07-15,evening,priority_report,ORCL,bounce,Large,GapFade_weakstock,NO-GO,2,2/6,0.053200179606056844,0.020478349226199816,2.4065367685060424,0.08104586900159437,-0.0611845847554038,0.7345942647956065,,,,,,,,,,,,
2026-07-15,evening,priority_report,LITE,bounce,Medium,GapFade_strongstock,NO-GO,1,1/6,0.08845505983475122,-0.0010432007854687152,0.8408112501578575,0.022367963403002216,-0.06911385144823624,0.6643051393288516,,,,,,,,,,,,
2026-07-15,evening,priority_report,MSFT,bounce,Large,GapFade_weakstock,NO-GO,0,0/6,0.031568555257154414,0.007455901072922361,1.0234140892693766,0.028997996083950144,0.027681121786548864,0.763592704819623,,,,,,,,,,,,
2026-07-15,evening,priority_report,HYLN,bounce,Small,GapFade_strongstock,NO-GO,2,2/6,0.1398372050484727,0.009779951100244507,1.2806734993917652,0.027215381731769694,-0.05447941888619857,0.6958887624429363,,,,,,,,,,,,
2026-07-15,evening,priority_report,MU,bounce,Large,GapFade_strongstock,NO-GO,0,0/6,0.09954090515213393,-0.007440597282122279,1.4063726909449477,0.05023133794282773,-0.07914837128561217,0.49830115924128443,,,,,,,,,,,,
2026-07-15,evening,priority_report,IONQ,bounce,Medium,GapFade_weakstock,NO-GO,0,0/6,0.10015823640789831,0.01807075591753629,0.960457654516315,0.030003039381445152,-0.13742417172188523,0.46504719337807393,,,,,,,,,,,,
2026-07-15,evening,priority_report,WDC,bounce,Large,GapFade_strongstock,NO-GO,2,2/6,0.11184791724909146,-0.0012071291628205348,0.570628627401972,0.01834869702158811,-0.12287477363818161,0.5343431313737245,,,,,,,,,,,,
2026-07-15,evening,priority_report,STX,bounce,Large,GapFade_strongstock,NO-GO,0,0/6,0.10337127967066653,0.012193872322983955,0.9861183943855272,0.013271879498252075,-0.1041808555045368,0.44330153986235615,,,,,,,,,,,,
2026-07-15,evening,priority_report,KEEL,bounce,Medium,GapFade_weakstock,NO-GO,0,0/6,0.13850073976656263,0.008908685968819607,0.536589172645425,0.011098742194628933,-0.0655913978494625,0.548367952522255,,,,,,,,,,,,
2026-07-15,evening,priority_report,IREN,bounce,Medium,GapFade_weakstock,NO-GO,0,0/6,0.11056733005944688,0.013604560767038055,1.01506472503415,0.028368980789371195,-0.05955274671852219,0.8368689879261775,,,,,,,,,,,,
2026-07-15,evening,priority_report,MP,bounce,Medium,GapFade_weakstock,NO-GO,0,0/6,0.059089427581992246,0.003445560149635839,0.3949995451960155,0.006786945899460196,-0.05975866692204553,0.3344020408866846,,,,,,,,,,,,
2026-07-15,evening,priority_report,BE,bounce,Medium,GapFade_strongstock,NO-GO,2,2/6,0.14774306699364345,-0.0012325390304026762,0.969974639704621,0.035860559112508315,-0.04263930338089206,0.5049356020270095,,,,,,,,,,,,
2026-07-15,evening,priority_report,OKLO,bounce,Medium,GapFade_weakstock,NO-GO,1,1/6,0.07642595557810296,0.011894463667820007,0.6533997161740582,0.016583103844532498,-0.0776867963152508,0.5742046831178755,,,,,,,,,,,,
2026-07-15,evening,priority_report,SMR,bounce,Medium,GapFade_weakstock,NO-GO,1,1/6,0.0812451640809039,-0.0011627906976743939,1.689687864867189,0.039160745216480185,-0.08297566371681414,0.46769609298773984,,,,,,,,,,,,
2026-07-15,evening,priority_report,RKLB,bounce,Medium,GapFade_weakstock,NO-GO,0,0/6,0.10132122267145854,0.0016495368608044087,0.8113418647466781,0.02889585309577102,-0.058242843040473995,0.521154224517526,,,,,,,,,,,,
2026-07-15,evening,priority_report,DGXX,bounce,Small,GapFade_strongstock,NO-GO,2,2/6,0.1176416102600641,0.02450980392156854,0.5536535007751007,0.015957121422258372,-0.10888888888888894,0.9963054933074917,,,,,,,,,,,,
2026-07-15,evening,priority_report,APP,bounce,Large,GapFade_weakstock,NO-GO,0,0/6,0.08139987441130297,-0.0001781816561985855,1.7813455912725962,0.010785934344114735,-0.10252869935697664,0.7686919546738269,,,,,,,,,,,,
2026-07-15,evening,priority_report,OPEN,bounce,Medium,GapFade_weakstock,NO-GO,0,0/6,0.08355110642781874,0.015384615384615448,0.47477992238628985,0.008692576391969502,-0.004197271773347235,0.5297010972379872,,,,,,,,,,,,
2026-07-15,evening,priority_report,CRML,bounce,Small,GapFade_weakstock,NO-GO,0,0/6,0.08808413438659947,0.0031525851197982797,0.482772185335919,0.014029109271700277,-0.055974842767295634,0.5975148568341441,,,,,,,,,,,,
2026-07-15,evening,priority_report,SNDK,bounce,Large,GapFade_strongstock,NO-GO,2,2/6,0.14481755008621658,-0.023056968290268612,1.3187635763034895,0.04842150443359505,-0.16086271869389118,0.4341008959232837,,,,,,,,,,,,
2026-07-15,evening,priority_report,PL,bounce,Medium,GapFade_weakstock,NO-GO,0,0/6,0.09566540142627102,-0.001173708920187699,0.4965358161033334,0.031159426685748462,-0.046449136276391585,0.5849359456063676,,,,,,,,,,,,
2026-07-15,evening,priority_report,RGTI,bounce,Medium,GapFade_weakstock,NO-GO,1,1/6,0.08873994130455358,0.003103662321539461,0.5427599876003144,0.010235401423335264,-0.0876662636033857,0.5164717931211059,,,,,,,,,,,,
2026-07-15,evening,priority_report,CRWV,bounce,Medium,GapFade_weakstock,NO-GO,1,1/6,0.09356042527508243,-0.015073805354015491,0.6979715137343803,0.030242430223041558,-0.134507200720072,1.0434706664059796,,,,,,,,,,,,
2026-07-15,evening,priority_report,NBIS,bounce,Medium,GapFade_strongstock,NO-GO,3,3/6,0.13016295768192698,0.01715698902570964,0.6799141322224834,0.05828631780829278,-0.10598679717732756,1.1639234588284082,,,,,,,,,,,,
2026-07-15,evening,priority_report,CRDO,bounce,Medium,GapFade_strongstock,NO-GO,1,1/6,0.11967582894398054,0.007705986959098963,1.0461072273557424,0.01905948495788535,-0.1283408976298538,0.6364403749847938,,,,,,,,,,,,
2026-07-15,evening,priority_report,POET,bounce,Small,GapFade_strongstock,NO-GO,2,2/6,0.10700529733424471,0.018161180476731,0.7967517829629216,0.055317442371410994,0.0060168471720817,0.6707175879717976,,,,,,,,,,,,
2026-07-15,evening,priority_report,U,breakout,Medium,D2_continuation,NO-GO,1,1/6 [AVOID],0.05289162092274191,-0.008188976377952805,,,,,0.04086719672683208,0.14750611506965855,,,,,,,,,,
2026-07-15,evening,priority_report,TSLA,bounce,Large,GapFade_weakstock,NO-GO,0,0/6,0.047022339688449176,0.008114998233126293,0.33228990438073563,0.009492477297003936,-0.031673042966450765,0.40179816605528956,,,,,,,,,,,,
2026-07-15,evening,priority_report,FIG,bounce,Medium,GapFade_weakstock,NO-GO,2,2/6,0.08135790435577216,0.012154233025984876,2.298173232539301,0.031119855601494682,0.11084793936522974,1.8083250342570887,,,,,,,,,,,,
2026-07-15,evening,priority_report,IBIT,bounce,ETF,GapFade_weakstock,NO-GO,1,1/6,0.03421099739269171,0.010524876981957493,0.7140129167840114,0.0910887962571073,0.013248688931824565,0.6608881608881604,,,,,,,,,,,,
2026-07-15,evening,priority_report,ETHE,bounce,Medium,GapFade_weakstock,NO-GO,0,0/6,0.040178111192930785,0.03102310231023095,0.28148040232532356,0.03159056648815042,0.07256392536281955,0.35281045601897026,,,,,,,,,,,,
2026-07-15,evening,priority_report,TEAM,bounce,Medium,GapFade_weakstock,NO-GO,0,0/6,0.0625403391992037,0.023462056578356573,1.2836728106959554,0.01937343844654913,0.033704704028809415,0.5866335094808837,,,,,,,,,,,,
2026-07-15,evening,priority_report,MSTR,bounce,Medium,GapFade_weakstock,NO-GO,1,1/6,0.08488986881595155,0.022596843615494962,0.704233536066264,0.04126099974372395,0.023510143702451334,0.5436066712995132,,,,,,,,,,,,
2026-07-15,evening,priority_report,KWEB,bounce,ETF,GapFade_weakstock,NO-GO,1,1/6,0.021563342318059283,0.024064171122994613,0.6437707492114473,0.016247393000416374,0.024639878695981887,0.566176470588239,,,,,,,,,,,,
2026-07-15,evening,priority_report,AXTI,bounce,Medium,GapFade_strongstock,NO-GO,2,2/6,0.16275944665733663,-0.03126628452318911,2.1838889450087593,0.053253543969924794,-0.07219017654256253,0.673667918425661,,,,,,,,,,,,
2026-07-15,evening,priority_report,CBRS,bounce,Medium,GapFade_strongstock,NO-GO,2,2/6,0.12532048494074152,0.005348118345517901,0.4326550267801327,0.011540354514504317,-0.14478333643295524,0.9235861518472805,,,,,,,,,,,,
2026-07-15,evening,priority_report,SOXL,bounce,ETF,GapFade_strongstock,NO-GO,2,2/6,0.21988428420049685,0.040246801766104456,0.6043262078062177,0.02908197641706554,-0.16555705815042124,0.5149671620454598,,,,,,,,,,,,
2026-07-15,evening,priority_report,MRVL,bounce,Large,GapFade_strongstock,NO-GO,3,3/6,0.1050907776824153,-0.0012812443805070878,1.0418011616440264,0.03216541174980842,-0.12826003986260126,0.6188913040459358,,,,,,,,,,,,
2026-07-15,evening,priority_report,META,breakout,Large,D2_continuation,CAUTION,3,3/6 [REDUCED_SIZE],0.04085392520165807,0.022903303884787587,,,,,0.07425329123587926,0.14122226288299694,,,,,,,,,,
2026-07-15,evening,priority_report,INTC,bounce,Large,GapFade_strongstock,NO-GO,0,0/6,0.0943638580025085,0.014291017074981366,0.9368411652575355,0.03909177132746945,-0.07711216314639474,0.585374923554707,,,,,,,,,,,,
2026-07-15,evening,priority_report,BRUN,bounce,Small,GapFade_weakstock,NO-GO,0,0/6,0.14893068427611697,-0.006240249609984405,0.94162706902572,0.0054204427008895115,-0.12332981715893108,0.45513128787150164,,,,,,,,,,,,
2026-07-15,evening,priority_report,MXL,breakout,Medium,D2_continuation,CAUTION,2,2/6 [REDUCED_SIZE],0.14658101836827417,-0.04914137595852681,,,,,-0.055112312337404955,0.0725860213989161,,,,,,,,,,
2026-07-15,evening,priority_report,SIMO,breakout,Medium,D2_continuation,NO-GO,2,2/6 [AVOID],0.09021222744265203,-0.04468078207580827,,,,,-0.056249517689094204,0.1141219979428345,,,,,,,,,,
2026-07-15,evening,priority_report,STM,bounce,Medium,GapFade_strongstock,NO-GO,0,0/6,0.0595572363389139,-0.0011407386282617754,1.5320270967880683,0.029490761011162884,-0.05905401623285753,0.7091793781481439,,,,,,,,,,,,
2026-07-15,evening,priority_report,ON,bounce,Medium,GapFade_strongstock,NO-GO,1,1/6,0.08714425374755592,0.008855222447455438,0.9751078240198936,0.013122229193736115,-0.04064193413922459,0.4574633842318482,,,,,,,,,,,,
2026-07-15,evening,priority_report,NVTS,bounce,Medium,GapFade_strongstock,NO-GO,2,2/6,0.12228114981253056,0.006111535523300234,0.36657795742414356,0.009340636276646885,-0.024127691165553158,0.5816898779739954,,,,,,,,,,,,
2026-07-15,evening,priority_report,NOK,bounce,Medium,GapFade_strongstock,NO-GO,2,2/6,0.06709290043523962,0.029487179487179542,1.9711282875684404,0.11277584861797234,-0.10740353697749197,0.6040326369380329,,,,,,,,,,,,
2026-07-15,evening,priority_report,DXYZ,bounce,Small,GapFade_weakstock,NO-GO,0,0/6,0.061288882971249216,0.0,0.49616520987868806,0.016237328627078385,-0.018970003614022492,0.7243524517317338,,,,,,,,,,,,
2026-07-15,evening,priority_report,QCOM,bounce,Large,GapFade_strongstock,NO-GO,1,1/6,0.06567227837507243,0.010668163952835518,1.051974998353462,0.01876741977776182,-0.061535208289278845,1.075643020819294,,,,,,,,,,,,
2026-07-15,evening,priority_report,WOLF,bounce,Small,GapFade_strongstock,NO-GO,2,2/6,0.14128854809134855,0.03468376566598652,0.13612438310030128,0.006136956494443384,-0.028620005667327798,0.48932856687785314,,,,,,,,,,,,
2026-07-15,evening,priority_report,RVI,bounce,Small,GapFade_weakstock,NO-GO,0,0/6,0.09358655854335608,0.0,0.36558378145824943,0.012064835173180537,-0.11775490511418467,0.740167734251957,,,,,,,,,,,,
2026-07-15,evening,priority_report,AAOI,bounce,Medium,GapFade_strongstock,NO-GO,2,2/6,0.1291672658813686,-0.013272220007971352,0.8722583040682438,0.04433036694744023,-0.08880920613742499,0.7545642024823181,,,,,,,,,,,,
2026-07-15,evening,priority_report,LWLG,bounce,Small,GapFade_weakstock,NO-GO,0,0/6,0.11402452025586356,0.0029112081513827616,0.9068343189374756,0.019505742650628592,-0.019033674963396762,0.3802533775887063,,,,,,,,,,,,
2026-07-15,evening,priority_report,FCEL,bounce,Small,GapFade_strongstock,NO-GO,2,2/6,0.2377493295190417,-0.004215456674473061,6.419043464853135,0.26448917758166085,-0.05016642891107939,0.4885194911455842,,,,,,,,,,,,
2026-07-15,evening,priority_report,ARM,bounce,Large,GapFade_strongstock,CAUTION,4,4/6,0.10778956112491221,-0.0002845253761071271,0.6902248081467153,0.026246430138365005,-0.15711679396394448,1.1653679371630967,,,,,,,,,,,,
2026-07-15,evening,priority_report,ALAB,bounce,Medium,GapFade_strongstock,NO-GO,3,3/6,0.1346892189218922,0.02706064459063525,1.085411986788074,0.010663178665449932,-0.1635712037193985,0.6770626564368986,,,,,,,,,,,,
2026-07-15,evening,priority_report,UMC,breakout,Medium,D2_continuation,CAUTION,3,3/6 [REDUCED_SIZE],0.06922740820046876,0.035444630872483174,,,,,0.007936359571990449,0.22409473923935314,,,,,,,,,,
2026-07-15,evening,priority_report,AMAT,breakout,Large,D2_continuation,CAUTION,2,2/6 [REDUCED_SIZE],0.09221084209285114,-0.03762734597951996,,,,,-0.038205448413522455,0.2121034778914993,,,,,,,,,,
2026-07-15,evening,priority_report,CAR,breakout,Medium,D2_continuation,NO-GO,1,1/6 [AVOID],0.06156148527804643,-0.0039272750031292885,,,,,0.003541711727308993,0.027837568004077752,,,,,,,,,,
2026-07-15,evening,priority_report,INOD,bounce,Medium,GapFade_strongstock,NO-GO,2,2/6,0.08092286043956047,0.005361930294906158,0.49137927954261834,0.012040929036566568,-0.041297935103244796,0.5513322733902488,,,,,,,,,,,,
2026-07-16,morning,priority_report,AMD,bounce,Large,GapFade_strongstock,NO-GO,1,1/6,0.0776368311669779,-0.02529084930264195,0.33485342505565924,0,-0.0348666704092516,1.2317132994996296,,,,,,,,,,,,
2026-07-16,morning,priority_report,HQ,bounce,Small,GapFade_strongstock,NO-GO,3,3/6,0.1596479102823238,,0.6724091567689817,0,0.024789522918615584,1.3150801300377373,,,,,,,,,,,,
2026-07-16,morning,priority_report,AAPL,breakout,Large,D2_continuation,CAUTION,3,3/6 [REDUCED_SIZE],0.028860007563869035,0.003450381679389299,,,,,0.04694909732940943,0.09686731978254318,,,,,,,,,,
2026-07-16,morning,priority_report,SPCE,bounce,Small,GapFade_weakstock,NO-GO,1,1/6,0.08415129151291514,0.0,1.7528885929769173,0,0.11983471074380167,1.183950887963166,,,,,,,,,,,,
2026-07-16,morning,priority_report,RXT,bounce,Small,GapFade_strongstock,NO-GO,2,2/6,0.22577922077922083,-0.011235955056179735,1.2459880648825483,0,-0.02654867256637151,0.6643658326143226,,,,,,,,,,,,
2026-07-16,morning,priority_report,FJET,bounce,Micro,GapFade_weakstock,NO-GO,3,3/6,0.11537602627257801,-0.004576659038901708,0.2502233719815883,0,-0.08033826638477817,1.2751907093248331,,,,,,,,,,,,
2026-07-16,morning,priority_report,GOOGL,breakout,Large,D2_continuation,CAUTION,3,3/6 [REDUCED_SIZE],0.02729020154980301,0.021379273158632608,,,,,0.050109513209574665,0.02017225991677335,,,,,,,,,,
2026-07-16,morning,priority_report,NVDA,breakout,Large,D2_continuation,NO-GO,2,2/6 [AVOID],0.033990045772309574,-0.011475294117647082,,,,,0.02034518745096979,0.006534987324090135,,,,,,,,,,
2026-07-16,morning,priority_report,CRWD,bounce,Large,GapFade_weakstock,NO-GO,2,2/6,0.24330233753770228,0.007883155196595229,3.379649403293984,0,0.10904156245010914,0.24455564338208627,,,,,,,,,,,,
2026-07-16,morning,priority_report,EWY,bounce,ETF,GapFade_strongstock,NO-GO,0,0/6,0.06344160859638254,-0.019401072011186113,2.6068804612414165,0,0.0017259850017854544,0.9739781925212391,,,,,,,,,,,,
2026-07-16,morning,priority_report,BOT,bounce,Small,GapFade_strongstock,NO-GO,2,2/6,0.1536670736670737,,0.43078245159358053,0,-0.02560148056755095,1.1268054525550026,,,,,,,,,,,,
2026-07-16,morning,priority_report,GLW,bounce,Large,GapFade_strongstock,NO-GO,3,3/6,0.12136150254632964,-0.03336964623588093,0.7677986821088327,0,-0.07929659767352962,0.9765235663288581,,,,,,,,,,,,
2026-07-16,morning,priority_report,AVGO,bounce,Large,GapFade_strongstock,NO-GO,0,0/6,0.03849917709019093,-0.00933346860099409,0.7406544822179423,0,0.017055070954302854,0.8152799924380919,,,,,,,,,,,,
2026-07-16,morning,priority_report,PLTR,bounce,Large,GapFade_weakstock,NO-GO,0,0/6,0.05347835978835978,0.009270334928229734,0.8422069300845313,0,0.03814211011996315,0.554048960119358,,,,,,,,,,,,
2026-07-16,morning,priority_report,ORCL,bounce,Large,GapFade_weakstock,NO-GO,2,2/6,0.04993034212121534,0.013887840591742797,2.228014934157228,0,0.021210278242359895,0.7544195953141644,,,,,,,,,,,,
2026-07-16,morning,priority_report,LITE,bounce,Medium,GapFade_strongstock,NO-GO,2,2/6,0.09320443416232889,-0.014627659574468085,0.8396810258148175,0,-0.03534465924624094,1.5282804021252185,,,,,,,,,,,,
2026-07-16,morning,priority_report,MSFT,bounce,Large,GapFade_weakstock,NO-GO,1,1/6,0.03116377558659337,0.012916108485200854,0.971869896854446,0,0.024936699148315814,1.0057195149851295,,,,,,,,,,,,
2026-07-16,morning,priority_report,HYLN,bounce,Small,GapFade_strongstock,NO-GO,2,2/6,0.12173495286439454,-0.0025316455696203113,1.1034462522768647,0,0.02337662337662334,0.8756645668587764,,,,,,,,,,,,
2026-07-16,morning,priority_report,MU,bounce,Large,GapFade_strongstock,NO-GO,1,1/6,0.1028232364810331,-0.0213208298314681,1.1937152477325055,0,-0.05549626467449306,1.1513357471338441,,,,,,,,,,,,
2026-07-16,morning,priority_report,IONQ,bounce,Medium,GapFade_weakstock,NO-GO,0,0/6,0.09439980952380952,-0.00026659557451341005,0.6957755790105253,0,-0.03549382716049389,0.9067814906809741,,,,,,,,,,,,
2026-07-16,morning,priority_report,WDC,bounce,Large,GapFade_strongstock,CAUTION,4,4/6,0.11779496818970507,-0.03861124085318393,0.6232867100159383,0,-0.11079110791107903,1.2519179545091876,,,,,,,,,,,,
2026-07-16,morning,priority_report,STX,bounce,Large,GapFade_strongstock,NO-GO,1,1/6,0.10742874170998383,-0.03778824097549192,0.8767983001539156,0,-0.07396649083261679,1.215009820304651,,,,,,,,,,,,
2026-07-16,morning,priority_report,KEEL,bounce,Medium,GapFade_weakstock,NO-GO,1,1/6,0.13305489260143202,-0.03678160919540213,0.5961405590611822,0,-0.038990825688073376,0.7713004484304925,,,,,,,,,,,,
2026-07-16,morning,priority_report,IREN,bounce,Medium,GapFade_weakstock,NO-GO,0,0/6,0.1059621451104101,-0.00626959247648908,0.9717484892031918,0,-0.024114930733709537,0.6180410836558498,,,,,,,,,,,,
2026-07-16,morning,priority_report,MP,bounce,Medium,GapFade_weakstock,NO-GO,1,1/6,0.05806997971602433,-0.00323493732308944,0.3085561935451345,0,-0.004040404040404098,1.019962624657248,,,,,,,,,,,,
2026-07-16,morning,priority_report,BE,bounce,Medium,GapFade_strongstock,NO-GO,2,2/6,0.1479518490102808,-0.02769654941933326,0.8445511103123022,0,-0.003169300612445968,0.8192754590271626,,,,,,,,,,,,
2026-07-16,morning,priority_report,OKLO,bounce,Medium,GapFade_weakstock,NO-GO,1,1/6,0.07502890173410406,-0.015539505362223701,0.4259177533328453,0,-0.018118314778432773,0.9956145549365907,,,,,,,,,,,,
2026-07-16,morning,priority_report,SMR,bounce,Medium,GapFade_weakstock,NO-GO,2,2/6,0.08100880981171182,-0.010765550239234433,1.0396350122467155,0,-0.009580838323353302,1.2538382804503587,,,,,,,,,,,,
2026-07-16,morning,priority_report,RKLB,bounce,Medium,GapFade_weakstock,NO-GO,0,0/6,0.09981014961972454,-0.02139107611548569,0.6725324922194648,0,-0.028150658151961563,0.8343586072142164,,,,,,,,,,,,
2026-07-16,morning,priority_report,DGXX,bounce,Small,GapFade_strongstock,NO-GO,2,2/6,0.10687041564792175,-0.0048661800486619125,0.6742155135474956,0,-0.03764705882352944,0.9837565774422344,,,,,,,,,,,,
2026-07-16,morning,priority_report,APP,bounce,Large,GapFade_weakstock,NO-GO,0,0/6,0.08117650828383871,0.009431670090340781,1.1137210069345231,0,0.031952128260133175,0.49949236311180856,,,,,,,,,,,,
2026-07-16,morning,priority_report,OPEN,bounce,Medium,GapFade_weakstock,NO-GO,0,0/6,0.08511373976342129,-0.008421052631578954,0.7299777503815577,0,0.05016722408026748,0.8967643076045914,,,,,,,,,,,,
2026-07-16,morning,priority_report,CRML,bounce,Small,GapFade_weakstock,NO-GO,0,0/6,0.08606713713522796,0.002677376171352137,0.3898510978923604,0,0.005369127516778528,0.8997229916897505,,,,,,,,,,,,
2026-07-16,morning,priority_report,SNDK,bounce,Large,GapFade_strongstock,CAUTION,4,4/6,0.1584464356064159,-0.05696594427244582,0.8921334903745278,0,-0.090186801436107,1.0401389133046586,,,,,,,,,,,,
2026-07-16,morning,priority_report,PL,bounce,Medium,GapFade_weakstock,NO-GO,0,0/6,0.0951847035876825,-0.029317269076305098,0.45693796666845665,0,-0.06895223420647147,0.9910396602149725,,,,,,,,,,,,
2026-07-16,morning,priority_report,RGTI,bounce,Medium,GapFade_weakstock,NO-GO,2,2/6,0.08436184210526312,-0.0032786885245902103,0.4277893250425518,0,-0.010416666666666676,1.1463776027450672,,,,,,,,,,,,
2026-07-16,morning,priority_report,CRWV,bounce,Medium,GapFade_weakstock,NO-GO,0,0/6,0.09286726128016791,-0.011410788381742863,0.9517597975184486,0,-0.08486376185331902,0.8234089432501899,,,,,,,,,,,,
2026-07-16,morning,priority_report,NBIS,bounce,Medium,GapFade_strongstock,NO-GO,2,2/6,0.12785998083443903,-0.02862011929226595,1.1070930809011152,0,-0.07937865184551793,0.6461006999804266,,,,,,,,,,,,
2026-07-16,morning,priority_report,CRDO,bounce,Medium,GapFade_strongstock,NO-GO,2,2/6,0.12150405132762884,-0.028799506042162835,0.6147709057335037,0,-0.07037318473488681,0.836808913859618,,,,,,,,,,,,
2026-07-16,morning,priority_report,POET,bounce,Small,GapFade_strongstock,NO-GO,3,3/6,0.10717703768624012,-0.014510278113663752,0.9182766268400064,0,0.018750000000000044,1.156277343015316,,,,,,,,,,,,
2026-07-16,morning,priority_report,U,bounce,Medium,GapFade_weakstock,NO-GO,0,0/6,0.053688245701583266,0.007035497281739651,0.4473139302694911,0,0.026401564537157717,0.8931513794414625,,,,,,,,,,,,
2026-07-16,morning,priority_report,TSLA,bounce,Large,GapFade_weakstock,NO-GO,0,0/6,0.047835788483115566,0.0006084267099325891,0.23254101690091553,0,-0.00015199108318979197,0.8436884058245134,,,,,,,,,,,,
2026-07-16,morning,priority_report,FIG,bounce,Medium,GapFade_weakstock,NO-GO,1,1/6,0.08077094635322485,0.00851063829787231,2.5588221617904168,0,0.0021141649048626093,0.6477660281046883,,,,,,,,,,,,
2026-07-16,morning,priority_report,IBIT,bounce,ETF,GapFade_weakstock,NO-GO,1,1/6,0.03202259374630334,-0.015756587883727392,0.8685699527744708,0,0.028676888131743274,0.43010620286286233,,,,,,,,,,,,
2026-07-16,morning,priority_report,ETHE,bounce,Medium,GapFade_weakstock,NO-GO,0,0/6,0.03932377819548873,-0.020618556701030948,0.6156501395192081,0,0.06219426974143947,0.5156248132790018,,,,,,,,,,,,
2026-07-16,morning,priority_report,TEAM,bounce,Medium,GapFade_weakstock,NO-GO,0,0/6,0.06365539952399211,0.022948676037920987,1.0075916324127578,0,-0.023752079866888435,0.8367200573750898,,,,,,,,,,,,
2026-07-16,morning,priority_report,MSTR,bounce,Medium,GapFade_weakstock,NO-GO,1,1/6,0.0814841137123746,-0.018364625012824376,0.9891201718641213,0,0.03887079261672109,0.7169462828998002,,,,,,,,,,,,
2026-07-16,morning,priority_report,KWEB,bounce,ETF,GapFade_weakstock,NO-GO,1,1/6,0.02333022436395667,0.021111111111111122,0.5423649880641817,0,0.051086542127335106,0.9250416435313756,,,,,,,,,,,,
2026-07-16,morning,priority_report,AXTI,bounce,Medium,GapFade_strongstock,NO-GO,2,2/6,0.16258593534125446,-0.03219767877199548,1.786683709001261,0,0.02457391993658347,0.9160339463815764,,,,,,,,,,,,
2026-07-16,morning,priority_report,CBRS,bounce,Medium,GapFade_strongstock,NO-GO,2,2/6,0.11717084462070526,-0.005543177001249833,0.5846510100834973,0,-0.10570814192161077,1.0547503408841439,,,,,,,,,,,,
2026-07-16,morning,priority_report,SOXL,bounce,ETF,GapFade_strongstock,CAUTION,4,4/6,0.23035301297700111,-0.05974025974025982,0.5655664939911125,0,-0.05871681683497616,0.9482175601525518,,,,,,,,,,,,
2026-07-16,morning,priority_report,MRVL,bounce,Large,GapFade_strongstock,CAUTION,4,4/6,0.10843546702399202,-0.02200669058469888,0.8285650530707195,0,-0.07267549303544339,1.0094314176385348,,,,,,,,,,,,
2026-07-16,morning,priority_report,META,breakout,Large,D2_continuation,NO-GO,3,3/6 [AVOID],0.0417634051733079,0.010846751111828831,,,,,0.07640406444941222,0.1428214896902966,,,,,,,,,,
2026-07-16,morning,priority_report,INTC,bounce,Large,GapFade_strongstock,NO-GO,1,1/6,0.0958097442246546,-0.01407903679968918,0.8356948089349733,0,-0.01532195500387896,1.0700495523838958,,,,,,,,,,,,
2026-07-16,morning,priority_report,BRUN,bounce,Small,GapFade_weakstock,NO-GO,0,0/6,0.14275971495379136,,0.6349878250155675,0,-0.0007788161993769304,0.5978356244515933,,,,,,,,,,,,
2026-07-16,morning,priority_report,MXL,bounce,Medium,GapFade_strongstock,NO-GO,2,2/6,0.15232734750053253,-0.01857271499324635,0.9197439006535292,0,-0.023628219484882414,0.9825755526382446,,,,,,,,,,,,
2026-07-16,morning,priority_report,SIMO,bounce,Medium,GapFade_strongstock,NO-GO,1,1/6,0.09412671633070407,,0.9301275006970319,0,-0.020399986644853308,1.1869595838347744,,,,,,,,,,,,
2026-07-16,morning,priority_report,STM,bounce,Medium,GapFade_strongstock,NO-GO,1,1/6,0.06242488943114228,-0.032177121771217815,1.4838852979940358,0,-0.042354315758726536,1.106713573732044,,,,,,,,,,,,
2026-07-16,morning,priority_report,ON,bounce,Medium,GapFade_strongstock,NO-GO,2,2/6,0.08693893261692665,-0.017397881996974274,0.7690366905321633,0,0.006196746707978336,0.560379489496272,,,,,,,,,,,,
2026-07-16,morning,priority_report,NVTS,bounce,Medium,GapFade_strongstock,NO-GO,2,2/6,0.10732568354013403,-0.01959306706857572,0.2742665756048861,0,0.010878010878010923,0.7340075607597591,,,,,,,,,,,,
2026-07-16,morning,priority_report,NOK,bounce,Medium,GapFade_strongstock,NO-GO,3,3/6,0.07224471141290155,-0.0275555555555556,1.6541824040619,0,-0.0641573994867408,1.5246272028920016,,,,,,,,,,,,
2026-07-16,morning,priority_report,DXYZ,bounce,Small,GapFade_weakstock,NO-GO,1,1/6,0.06661659863945579,-0.010554089709762576,0.4107021470734235,0,-0.02198211624441132,1.4696179988236064,,,,,,,,,,,,
2026-07-16,morning,priority_report,QCOM,bounce,Large,GapFade_strongstock,NO-GO,1,1/6,0.06333360389610393,-0.01112484548825705,1.0432538494556276,0,-0.0433742798130231,0.5337895856562485,,,,,,,,,,,,
2026-07-16,morning,priority_report,WOLF,bounce,Small,GapFade_strongstock,NO-GO,2,2/6,0.14035126050420166,-0.031339031339031376,0.11621620913055004,0,0.010401188707280875,0.9011004801877652,,,,,,,,,,,,
2026-07-16,morning,priority_report,RVI,bounce,Small,GapFade_weakstock,NO-GO,1,1/6,0.09336659663865544,,0.41981142949869815,0,-0.10819672131147544,1.0971142487483834,,,,,,,,,,,,
2026-07-16,morning,priority_report,AAOI,bounce,Medium,GapFade_strongstock,NO-GO,3,3/6,0.1366934512658567,-0.02135851132092766,1.3005804490331616,0,-0.045763317840543355,1.2560478690209615,,,,,,,,,,,,
2026-07-16,morning,priority_report,LWLG,bounce,Small,GapFade_weakstock,NO-GO,0,0/6,0.11131493506493513,-0.022222222222222275,0.7093303509722869,0,0.020092735703245733,0.9119634436828551,,,,,,,,,,,,
2026-07-16,morning,priority_report,FCEL,bounce,Small,GapFade_strongstock,NO-GO,2,2/6,0.23878241758241764,-0.037037037037037035,12.975017670223666,0,0.022012578616352294,0.7795961195073906,,,,,,,,,,,,
2026-07-16,morning,priority_report,ARM,bounce,Large,GapFade_strongstock,NO-GO,3,3/6,0.10870616901453907,-0.04122594852171407,1.074294731641828,0,-0.11170942171979006,0.8070271535372051,,,,,,,,,,,,
2026-07-16,morning,priority_report,ALAB,bounce,Medium,GapFade_strongstock,NO-GO,2,2/6,0.13622138667783829,-0.02743711140265816,0.5579342505041213,0,-0.05814114072641903,0.7655297561557688,,,,,,,,,,,,
2026-07-16,morning,priority_report,UMC,bounce,Medium,GapFade_strongstock,NO-GO,1,1/6,0.07265151045220518,-0.0758426966292135,1.256879315359566,0,-0.018329070758738266,0.9502952062601658,,,,,,,,,,,,
2026-07-16,morning,priority_report,AMAT,bounce,Large,GapFade_strongstock,NO-GO,0,0/6,0.09585592764507844,-0.009923545553388676,0.8022230884791701,0,-0.00297189732181657,0.9921690552987736,,,,,,,,,,,,
2026-07-16,morning,priority_report,CAR,bounce,Medium,GapFade_strongstock,NO-GO,2,2/6,0.05957957864644831,,0.2511748698743095,0,0.03246711581649023,1.3622685004094113,,,,,,,,,,,,
2026-07-16,morning,priority_report,INOD,bounce,Medium,GapFade_strongstock,NO-GO,3,3/6,0.08081008371050667,-0.0044403613535447285,0.4205923813879977,0,-0.045507927187316624,1.1247990971373312,,,,,,,,,,,,
2026-07-16,morning,watchlist_report,SOXL,bounce,ETF,GapFade_strongstock,CAUTION,4,4/6,0.23271288246804445,-0.06927514346119,0.5655664939911125,0,-0.06826207897442099,0.9482175601525518,,,,,,,,,,,,
2026-07-16,morning,watchlist_report,AXTI,bounce,Medium,GapFade_strongstock,NO-GO,2,2/6,0.16230339558105536,-0.03051291651067021,1.786683709001261,0,0.02635751089972252,0.9160339463815764,,,,,,,,,,,,
2026-07-16,morning,watchlist_report,HQ,bounce,Small,GapFade_strongstock,NO-GO,3,3/6,0.1596479102823238,,0.6724091567689817,0,0.024789522918615584,1.3150801300377373,,,,,,,,,,,,
2026-07-16,morning,watchlist_report,AAOI,bounce,Medium,GapFade_strongstock,NO-GO,3,3/6,0.13729789121406397,-0.02566688055733795,1.3005804490331616,0,-0.04996424740793698,1.2560478690209615,,,,,,,,,,,,
2026-07-16,morning,watchlist_report,NVTS,bounce,Medium,GapFade_strongstock,NO-GO,2,2/6,0.10699671592775047,-0.016578749058025536,0.2742665756048861,0,0.013986013986014102,0.7340075607597591,,,,,,,,,,,,
2026-07-16,morning,watchlist_report,RXT,bounce,Small,GapFade_strongstock,NO-GO,2,2/6,0.22526724975704573,-0.008988764044943828,1.2459880648825483,0,-0.024336283185840586,0.6643658326143226,,,,,,,,,,,,
2026-07-16,morning,watchlist_report,ARM,bounce,Large,GapFade_strongstock,NO-GO,3,3/6,0.10890709705232526,-0.042994837731489724,1.074294731641828,0,-0.11334827251747545,0.8070271535372051,,,,,,,,,,,,
2026-07-16,morning,watchlist_report,DGXX,bounce,Small,GapFade_strongstock,NO-GO,2,2/6,0.10766009852216749,-0.012165450121654674,0.6742155135474956,0,-0.04470588235294127,0.9837565774422344,,,,,,,,,,,,
2026-07-16,morning,watchlist_report,CRWD,bounce,Large,GapFade_weakstock,NO-GO,2,2/6,0.2437702266483517,0.005948638583933789,3.379649403293984,0,0.10691288382736418,0.24455564338208627,,,,,,,,,,,,
2026-07-16,morning,watchlist_report,WOLF,bounce,Small,GapFade_strongstock,NO-GO,2,2/6,0.14076527602191316,-0.03418803418803427,0.11621620913055004,0,0.007429420505200595,0.9011004801877652,,,,,,,,,,,,
2026-07-16,morning,watchlist_report,WDC,bounce,Large,GapFade_strongstock,CAUTION,4,4/6,0.11851469304626132,-0.04444963412735488,0.6232867100159383,0,-0.11619116191161905,1.2519179545091876,,,,,,,,,,,,
2026-07-16,morning,watchlist_report,MRVL,bounce,Large,GapFade_strongstock,CAUTION,4,4/6,0.10877026355047237,-0.025016968874236385,0.8285650530707195,0,-0.07552981197995681,1.0094314176385348,,,,,,,,,,,,
2026-07-16,morning,watchlist_report,SNDK,bounce,Large,GapFade_strongstock,CAUTION,4,4/6,0.1590626335960526,-0.060619195046439686,0.8921334903745278,0,-0.09371135683435194,1.0401389133046586,,,,,,,,,,,,
2026-07-16,morning,watchlist_report,POET,bounce,Small,GapFade_strongstock,NO-GO,3,3/6,0.10678396786587495,-0.010882708585247867,0.9182766268400064,0,0.022499999999999964,1.156277343015316,,,,,,,,,,,,
2026-07-16,morning,watchlist_report,FCEL,bounce,Small,GapFade_strongstock,NO-GO,2,2/6,0.2393962541314727,-0.03950617283950621,12.975017670223666,0,0.019392033542976993,0.7795961195073906,,,,,,,,,,,,
2026-07-16,morning,watchlist_report,HYLN,bounce,Small,GapFade_strongstock,NO-GO,2,2/6,0.12173495286439454,-0.0025316455696203113,1.1034462522768647,0,0.02337662337662334,0.8756645668587764,,,,,,,,,,,,
2026-07-16,morning,watchlist_report,NOK,bounce,Medium,GapFade_strongstock,NO-GO,3,3/6,0.07250982961992138,-0.03111111111111108,1.6541824040619,0,-0.06757912745936691,1.5246272028920016,,,,,,,,,,,,
2026-07-16,morning,watchlist_report,INOD,bounce,Medium,GapFade_strongstock,NO-GO,3,3/6,0.08081008371050667,-0.0044403613535447285,0.4205923813879977,0,-0.045507927187316624,1.1247990971373312,,,,,,,,,,,,
2026-07-16,morning,watchlist_report,GLW,bounce,Large,GapFade_strongstock,NO-GO,3,3/6,0.12180344553008167,-0.03687689926036355,0.7677986821088327,0,-0.08263721260444554,0.9765235663288581,,,,,,,,,,,,
2026-07-16,morning,watchlist_report,CRDO,bounce,Medium,GapFade_strongstock,NO-GO,2,2/6,0.1214985339335989,-0.028755402663844094,0.6147709057335037,0,-0.07033096926713947,0.836808913859618,,,,,,,,,,,,
2026-07-16,morning,watchlist_report,NBIS,bounce,Medium,GapFade_strongstock,NO-GO,2,2/6,0.1278138148538417,-0.0282692596862312,1.1070930809011152,0,-0.07904612607477074,0.6461006999804266,,,,,,,,,,,,
2026-07-16,morning,watchlist_report,STX,bounce,Large,GapFade_strongstock,NO-GO,1,1/6,0.10702623176382463,-0.034169503802969924,0.8767983001539156,0,-0.07048381474682221,1.215009820304651,,,,,,,,,,,,
2026-07-16,morning,watchlist_report,UMC,bounce,Medium,GapFade_strongstock,NO-GO,1,1/6,0.07466150315547905,-0.10072231139646876,1.256879315359566,0,-0.04475703324808187,0.9502952062601658,,,,,,,,,,,,
2026-07-16,morning,watchlist_report,BE,bounce,Medium,GapFade_strongstock,NO-GO,2,2/6,0.14837897646131876,-0.030495446570306554,0.8445511103123022,0,-0.006038802518309121,0.8192754590271626,,,,,,,,,,,,
2026-07-16,morning,watchlist_report,ALAB,bounce,Medium,GapFade_strongstock,NO-GO,2,2/6,0.13622138667783829,-0.02743711140265816,0.5579342505041213,0,-0.05814114072641903,0.7655297561557688,,,,,,,,,,,,
2026-07-16,morning,watchlist_report,ON,bounce,Medium,GapFade_strongstock,NO-GO,2,2/6,0.08688160394391846,-0.016749513723795236,0.7690366905321633,0,0.006860683855261594,0.560379489496272,,,,,,,,,,,,
2026-07-16,morning,watchlist_report,INTC,bounce,Large,GapFade_strongstock,NO-GO,1,1/6,0.09601777959505951,-0.016215166521021476,0.8356948089349733,0,-0.017455391776571096,1.0700495523838958,,,,,,,,,,,,
2026-07-16,morning,watchlist_report,CBRS,bounce,Medium,GapFade_strongstock,NO-GO,2,2/6,0.11694716296030792,-0.00364110646160528,0.5846510100834973,0,-0.1039976541882514,1.0547503408841439,,,,,,,,,,,,
2026-07-16,morning,watchlist_report,MU,bounce,Large,GapFade_strongstock,NO-GO,1,1/6,0.10328775125932377,-0.025722232052019248,1.1937152477325055,0,-0.059743970117395934,1.1513357471338441,,,,,,,,,,,,
2026-07-16,morning,watchlist_report,RVI,bounce,Small,GapFade_weakstock,NO-GO,1,1/6,0.09336659663865544,,0.41981142949869815,0,-0.10819672131147544,1.0971142487483834,,,,,,,,,,,,
2026-07-16,morning,watchlist_report,IONQ,bounce,Medium,GapFade_weakstock,NO-GO,0,0/6,0.094626914117692,-0.0026659557451346686,0.6957755790105253,0,-0.037808641975308796,0.9067814906809741,,,,,,,,,,,,
2026-07-16,morning,watchlist_report,QCOM,bounce,Large,GapFade_strongstock,NO-GO,1,1/6,0.06350318626852555,-0.013765591639509994,1.0432538494556276,0,-0.04592890531579514,0.5337895856562485,,,,,,,,,,,,
2026-07-16,morning,watchlist_report,KEEL,bounce,Medium,GapFade_weakstock,NO-GO,1,1/6,0.13337320574162687,-0.03908045977011493,0.5961405590611822,0,-0.041284403669724905,0.7713004484304925,,,,,,,,,,,,
2026-07-16,morning,watchlist_report,FJET,bounce,Micro,GapFade_weakstock,NO-GO,3,3/6,0.11537602627257801,-0.004576659038901708,0.2502233719815883,0,-0.08033826638477817,1.2751907093248331,,,,,,,,,,,,
2026-07-16,morning,watchlist_report,PL,bounce,Medium,GapFade_weakstock,NO-GO,0,0/6,0.09502743848468756,-0.027710843373493887,0.45693796666845665,0,-0.06741140215716487,0.9910396602149725,,,,,,,,,,,,
2026-07-16,morning,watchlist_report,LITE,bounce,Medium,GapFade_strongstock,NO-GO,3,3/6,0.09371029269238224,-0.0199468085106383,0.8396810258148175,0,-0.04055197552561346,1.5282804021252185,,,,,,,,,,,,
2026-07-16,morning,watchlist_report,MXL,bounce,Medium,GapFade_strongstock,NO-GO,1,1/6,0.15213541155293736,-0.017334533993696603,0.9197439006535292,0,-0.022396416573348264,0.9825755526382446,,,,,,,,,,,,
2026-07-16,morning,watchlist_report,CAR,bounce,Medium,GapFade_strongstock,NO-GO,2,2/6,0.05957957864644831,,0.2511748698743095,0,0.03246711581649023,1.3622685004094113,,,,,,,,,,,,
2026-07-16,morning,watchlist_report,RKLB,bounce,Medium,GapFade_weakstock,NO-GO,0,0/6,0.09981014961972454,-0.02139107611548569,0.6725324922194648,0,-0.028150658151961563,0.8343586072142164,,,,,,,,,,,,
2026-07-16,morning,watchlist_report,STM,bounce,Medium,GapFade_strongstock,NO-GO,1,1/6,0.06282732156561778,-0.038376383763837556,1.4838852979940358,0,-0.04848838907550742,1.106713573732044,,,,,,,,,,,,
2026-07-16,morning,watchlist_report,EWY,bounce,ETF,GapFade_strongstock,NO-GO,0,0/6,0.06346046085140346,-0.01969237939874153,2.6068804612414165,0,0.0014284013807878864,0.9739781925212391,,,,,,,,,,,,
2026-07-16,morning,watchlist_report,SPCE,bounce,Small,GapFade_weakstock,NO-GO,1,1/6,0.08415129151291514,0.0,1.7528885929769173,0,0.11983471074380167,1.183950887963166,,,,,,,,,,,,
2026-07-16,morning,watchlist_report,LWLG,bounce,Small,GapFade_weakstock,NO-GO,0,0/6,0.11131493506493513,-0.022222222222222275,0.7093303509722869,0,0.020092735703245733,0.9119634436828551,,,,,,,,,,,,
2026-07-16,morning,watchlist_report,CRWV,bounce,Medium,GapFade_weakstock,NO-GO,0,0/6,0.09303981939220958,-0.013244294605809125,0.9517597975184486,0,-0.08656103709038528,0.8234089432501899,,,,,,,,,,,,
2026-07-16,morning,watchlist_report,BOT,bounce,Small,GapFade_strongstock,NO-GO,1,1/6,0.14568856113874123,0.054764165875277,0.43078245159358053,0,0.027760641579272008,1.1268054525550026,,,,,,,,,,,,
2026-07-16,morning,watchlist_report,BRUN,bounce,Small,GapFade_weakstock,NO-GO,0,0/6,0.14275971495379136,,0.6349878250155675,0,-0.0007788161993769304,0.5978356244515933,,,,,,,,,,,,
2026-07-16,morning,watchlist_report,SMR,bounce,Medium,GapFade_weakstock,NO-GO,2,2/6,0.08120617912251744,-0.013169856459330049,1.0396350122467155,0,-0.011988023952095738,1.2538382804503587,,,,,,,,,,,,
2026-07-16,morning,watchlist_report,RGTI,bounce,Medium,GapFade_weakstock,NO-GO,2,2/6,0.08469616908850722,-0.007213114754098323,0.4277893250425518,0,-0.014322916666666593,1.1463776027450672,,,,,,,,,,,,
2026-07-16,morning,watchlist_report,AMAT,bounce,Large,GapFade_strongstock,NO-GO,0,0/6,0.09595628633249911,-0.010959045958959511,0.8022230884791701,0,-0.004014668311927467,0.9921690552987736,,,,,,,,,,,,
2026-07-16,morning,watchlist_report,CRML,bounce,Small,GapFade_weakstock,NO-GO,0,0/6,0.08639587980203141,-0.0011378848728245958,0.3898510978923604,0,0.0015436241610738044,0.8997229916897505,,,,,,,,,,,,
2026-07-16,morning,watchlist_report,AVGO,bounce,Large,GapFade_strongstock,NO-GO,0,0/6,0.03858115958495671,-0.011438571573501043,0.7406544822179423,0,0.01489389402421552,0.8152799924380919,,,,,,,,,,,,
2026-07-16,morning,watchlist_report,SIMO,bounce,Medium,GapFade_strongstock,NO-GO,1,1/6,0.09412671633070407,,0.9301275006970319,0,-0.020399986644853308,1.1869595838347744,,,,,,,,,,,,
2026-07-16,morning,watchlist_report,AMD,bounce,Large,GapFade_strongstock,NO-GO,1,1/6,0.0777404886487945,-0.026590505348301065,0.33485342505565924,0,-0.036153558262692086,1.2317132994996296,,,,,,,,,,,,
2026-07-16,morning,watchlist_report,OKLO,bounce,Medium,GapFade_weakstock,NO-GO,1,1/6,0.07516258351893097,-0.01729043554388267,0.4259177533328453,0,-0.01986465837153468,0.9956145549365907,,,,,,,,,,,,
2026-07-16,morning,watchlist_report,IREN,bounce,Medium,GapFade_weakstock,NO-GO,0,0/6,0.1059621451104101,-0.00626959247648908,0.9717484892031918,0,-0.024114930733709537,0.6180410836558498,,,,,,,,,,,,
2026-07-16,morning,watchlist_report,ORCL,bounce,Large,GapFade_weakstock,NO-GO,2,2/6,0.049893199859725186,0.014642614536946166,2.228014934157228,0,0.02197050326896773,0.7544195953141644,,,,,,,,,,,,
2026-07-16,morning,watchlist_report,DXYZ,bounce,Small,GapFade_weakstock,NO-GO,1,1/6,0.06659123055162659,-0.010177157934413854,0.4107021470734235,0,-0.02160953800298056,1.4696179988236064,,,,,,,,,,,,
2026-07-16,morning,watchlist_report,KWEB,bounce,ETF,GapFade_weakstock,NO-GO,1,1/6,0.023347161005963173,0.020370370370370396,0.5423649880641817,0,0.05032405642394206,0.9250416435313756,,,,,,,,,,,,
2026-07-16,morning,watchlist_report,MSTR,bounce,Medium,GapFade_weakstock,NO-GO,1,1/6,0.08147559828613234,-0.018262029342361763,0.9891201718641213,0,0.0389793702497286,0.7169462828998002,,,,,,,,,,,,
2026-07-16,morning,watchlist_report,MP,bounce,Medium,GapFade_weakstock,NO-GO,1,1/6,0.05806997971602433,-0.00323493732308944,0.3085561935451345,0,-0.004040404040404098,1.019962624657248,,,,,,,,,,,,
2026-07-16,morning,watchlist_report,FIG,bounce,Medium,GapFade_weakstock,NO-GO,1,1/6,0.08109704544312907,0.0044553191489362185,2.5588221617904168,0,-0.0019154334038053893,0.6477660281046883,,,,,,,,,,,,
2026-07-16,morning,watchlist_report,ETHE,bounce,Medium,GapFade_weakstock,NO-GO,0,0/6,0.03932377819548873,-0.020618556701030948,0.6156501395192081,0,0.06219426974143947,0.5156248132790018,,,,,,,,,,,,
2026-07-16,morning,watchlist_report,TEAM,bounce,Medium,GapFade_weakstock,NO-GO,0,0/6,0.06359179147486892,0.023971886237332457,1.0075916324127578,0,-0.022775582362728797,0.8367200573750898,,,,,,,,,,,,
2026-07-16,morning,watchlist_report,IBIT,bounce,ETF,GapFade_weakstock,NO-GO,1,1/6,0.03198727795501985,-0.014669926650366724,0.8685699527744708,0,0.02981260647359467,0.43010620286286233,,,,,,,,,,,,
2026-07-16,morning,watchlist_report,APP,bounce,Large,GapFade_weakstock,NO-GO,0,0/6,0.08117650828383871,0.009431670090340781,1.1137210069345231,0,0.031952128260133175,0.49949236311180856,,,,,,,,,,,,
2026-07-16,morning,watchlist_report,OPEN,bounce,Medium,GapFade_weakstock,NO-GO,0,0/6,0.08511373976342129,-0.008421052631578954,0.7299777503815577,0,0.05016722408026748,0.8967643076045914,,,,,,,,,,,,
2026-07-16,morning,watchlist_report,U,bounce,Medium,GapFade_weakstock,NO-GO,0,0/6,0.053688245701583266,0.007035497281739651,0.4473139302694911,0,0.026401564537157717,0.8931513794414625,,,,,,,,,,,,
2026-07-16,morning,watchlist_report,AAPL,breakout,Large,D2_continuation,CAUTION,3,3/6 [REDUCED_SIZE],0.028871868021474543,0.0030381679389313116,,,,1.2030453450339205,0.04651901447592843,0.09686731978254318,,,,,,,,,,
2026-07-16,morning,watchlist_report,PLTR,bounce,Large,GapFade_weakstock,NO-GO,0,0/6,0.053547058681423655,0.007975478468899526,0.8422069300845313,0,0.03681021224238696,0.554048960119358,,,,,,,,,,,,
2026-07-16,morning,watchlist_report,TSLA,bounce,Large,GapFade_weakstock,NO-GO,0,0/6,0.047847911085366734,0.0003549155807941064,0.23254101690091553,0,-0.0004053095551726826,0.8436884058245134,,,,,,,,,,,,
2026-07-16,morning,watchlist_report,GOOGL,breakout,Large,D2_continuation,CAUTION,3,3/6 [REDUCED_SIZE],0.027295244883950767,0.021190553219022853,,,,1.5369150468584267,0.04991548479219385,0.02017225991677335,,,,,,,,,,
2026-07-16,morning,watchlist_report,MSFT,bounce,Large,GapFade_weakstock,NO-GO,1,1/6,0.03116393111851491,0.012911053256830889,0.971869896854446,0,0.024931583927977674,1.0057195149851295,,,,,,,,,,,,
2026-07-16,morning,watchlist_report,META,breakout,Large,D2_continuation,NO-GO,3,3/6 [AVOID],0.04185456510893066,0.008645110155435998,,,,1.0228576735943473,0.0740596385794048,0.14464681804612528,,,,,,,,,,
2026-07-16,morning,watchlist_report,NVDA,breakout,Large,D2_continuation,NO-GO,2,2/6 [AVOID],0.034022681787858604,-0.012423529411764642,,,,1.0882352941176474,0.01936642858620232,0.006534987324090135,,,,,,,,,,
2026-07-16,evening,priority_report,AMD,bounce,Large,GapFade_strongstock,NO-GO,1,1/6,0.08083374087741015,-0.03743810711720906,0.33485342505565924,0.01693200208345664,-0.07303692060105911,1.2317132994996296,,,,,,,,,,,,
2026-07-16,evening,priority_report,HQ,bounce,Small,GapFade_strongstock,NO-GO,3,3/6,0.16720295001365748,-0.04472843450479235,0.6724091567689817,0.0685318813000889,-0.021515434985968068,1.3150801300377373,,,,,,,,,,,,
2026-07-16,evening,priority_report,AAPL,breakout,Large,D2_continuation,CAUTION,3,3/6 [REDUCED_SIZE],0.02847058697400159,0.01717557251908397,,,,,0.061269263450870345,0.10987772877523147,,,,,,,,,,
2026-07-16,evening,priority_report,SPCE,bounce,Small,GapFade_weakstock,NO-GO,1,1/6,0.08890838206627681,-0.007380073800738014,1.7528885929769173,0.03694426402233221,0.059917355371900835,1.183950887963166,,,,,,,,,,,,
2026-07-16,evening,priority_report,RXT,bounce,Small,GapFade_strongstock,NO-GO,3,3/6,0.24348739495798327,-0.008988764044943828,1.2459880648825483,0.01568381933442351,-0.09734513274336273,0.6643658326143226,,,,,,,,,,,,
2026-07-16,evening,priority_report,FJET,bounce,Micro,GapFade_weakstock,NO-GO,3,3/6,0.12546829186413197,-0.011441647597253964,0.2502233719815883,0.0053860110320539615,-0.15431289640591977,1.2751907093248331,,,,,,,,,,,,
2026-07-16,evening,priority_report,GOOGL,breakout,Large,D2_continuation,NO-GO,2,2/6 [AVOID],0.029011673137400894,-0.03922651784751439,,,,,-0.012201049931510093,0.02017225991677335,,,,,,,,,,
2026-07-16,evening,priority_report,NVDA,breakout,Large,D2_continuation,NO-GO,2,2/6 [AVOID],0.034473601622287166,-0.025341176470588193,,,,,0.006032964150535069,0.0137865428304539,,,,,,,,,,
2026-07-16,evening,priority_report,CRWD,bounce,Large,GapFade_weakstock,NO-GO,2,2/6,0.24917296743258713,0.001934516612661301,3.379649403293984,0.05422493008573366,0.08291203235591513,0.24455564338208627,,,,,,,,,,,,
2026-07-16,evening,priority_report,EWY,bounce,ETF,GapFade_strongstock,NO-GO,2,2/6,0.0655364705263435,-0.028897692845490444,2.6068804612414165,0.06420273200024346,-0.030294012617545548,0.9739781925212391,,,,,,,,,,,,
2026-07-16,evening,priority_report,BOT,bounce,Small,GapFade_strongstock,NO-GO,2,2/6,0.16361115123501374,0.01297879075656854,0.43078245159358053,0.010808341197729759,-0.08482418260333127,1.1268054525550026,,,,,,,,,,,,
2026-07-16,evening,priority_report,GLW,bounce,Large,GapFade_strongstock,NO-GO,3,3/6,0.1312906552508067,-0.04489421478126245,0.7677986821088327,0.03726797940118531,-0.1489268745562777,0.9765235663288581,,,,,,,,,,,,
2026-07-16,evening,priority_report,AVGO,bounce,Large,GapFade_strongstock,NO-GO,0,0/6,0.04002016891705653,-0.024715937912143524,0.7406544822179423,0.02718956036630153,-0.021598750162739266,0.8152799924380919,,,,,,,,,,,,
2026-07-16,evening,priority_report,PLTR,bounce,Large,GapFade_weakstock,NO-GO,0,0/6,0.05400036330026232,-0.005083732057416107,0.8422069300845313,0.015939828447018727,0.028106736388803455,0.554048960119358,,,,,,,,,,,,
2026-07-16,evening,priority_report,ORCL,bounce,Large,GapFade_weakstock,NO-GO,2,2/6,0.05332651844279751,-0.007660955543814739,2.228014934157228,0.03011752649182728,-0.04382697278394394,0.7544195953141644,,,,,,,,,,,,
2026-07-16,evening,priority_report,LITE,bounce,Medium,GapFade_strongstock,NO-GO,3,3/6,0.09905268657480919,-0.02740691489361704,0.8396810258148175,0.027018956081194107,-0.09229968105187786,1.5282804021252185,,,,,,,,,,,,
2026-07-16,evening,priority_report,MSFT,bounce,Large,GapFade_weakstock,NO-GO,1,1/6,0.03081277415420838,0.006774006015721777,0.971869896854446,0.03964688215858687,0.03661218957006573,1.0057195149851295,,,,,,,,,,,,
2026-07-16,evening,priority_report,HYLN,bounce,Small,GapFade_strongstock,NO-GO,2,2/6,0.12998257839721258,-0.017721518987341842,1.1034462522768647,0.025399222783537463,-0.04155844155844159,0.8756645668587764,,,,,,,,,,,,
2026-07-16,evening,priority_report,MU,bounce,Large,GapFade_strongstock,NO-GO,3,3/6,0.1074978757443333,-0.0414860441456186,1.1937152477325055,0.1132381653018039,-0.09656883671291357,1.1513357471338441,,,,,,,,,,,,
2026-07-16,evening,priority_report,IONQ,bounce,Medium,GapFade_weakstock,NO-GO,1,1/6,0.10025468301169235,-0.013596374300186564,0.6957755790105253,0.028808430385565124,-0.09182098765432099,0.9067814906809741,,,,,,,,,,,,
2026-07-16,evening,priority_report,WDC,bounce,Large,GapFade_strongstock,CAUTION,4,4/6,0.1267716314882016,-0.05285692044216103,0.6232867100159383,0.060249530792993576,-0.17375573755737553,1.2519179545091876,,,,,,,,,,,,
2026-07-16,evening,priority_report,STX,bounce,Large,GapFade_strongstock,CAUTION,4,4/6,0.11531718988101647,-0.05214294337800307,0.8767983001539156,0.04545436249436396,-0.13731322473450602,1.215009820304651,,,,,,,,,,,,
2026-07-16,evening,priority_report,KEEL,bounce,Medium,GapFade_weakstock,NO-GO,1,1/6,0.14313222079589222,-0.03678160919540213,0.5961405590611822,0.021197159929556085,-0.10665137614678906,0.7713004484304925,,,,,,,,,,,,
2026-07-16,evening,priority_report,IREN,bounce,Medium,GapFade_weakstock,NO-GO,1,1/6,0.1136877732336765,-0.03108672936259137,0.9717484892031918,0.04847515979261495,-0.09043099025141095,0.6180410836558498,,,,,,,,,,,,
2026-07-16,evening,priority_report,MP,bounce,Medium,GapFade_weakstock,NO-GO,1,1/6,0.06349190507873141,-0.024666397088556384,0.3085561935451345,0.02174377090710247,-0.08909090909090903,1.019962624657248,,,,,,,,,,,,
2026-07-16,evening,priority_report,BE,bounce,Medium,GapFade_strongstock,CAUTION,4,4/6,0.16669035109520255,-0.046286239451917385,0.8445511103123022,0.03767627619112887,-0.1152280611589362,0.8192754590271626,,,,,,,,,,,,
2026-07-16,evening,priority_report,OKLO,bounce,Medium,GapFade_weakstock,NO-GO,2,2/6,0.0818728772440563,-0.03042241190632525,0.4259177533328453,0.02350728824261277,-0.10019646365422404,0.9956145549365907,,,,,,,,,,,,
2026-07-16,evening,priority_report,SMR,bounce,Medium,GapFade_weakstock,NO-GO,2,2/6,0.08832470100762778,-0.028708133971291894,1.0396350122467155,0.019564788658021057,-0.09161676646706583,1.2538382804503587,,,,,,,,,,,,
2026-07-16,evening,priority_report,RKLB,bounce,Medium,GapFade_weakstock,NO-GO,2,2/6,0.11121169752921715,-0.03700787401574813,0.6725324922194648,0.03897387997816303,-0.1277857422129546,0.8343586072142164,,,,,,,,,,,,
2026-07-16,evening,priority_report,DGXX,bounce,Small,GapFade_weakstock,NO-GO,0,0/6,0.11797570850202427,-0.03892944038929443,0.6742155135474956,0.054975915739651604,-0.12823529411764703,0.9837565774422344,,,,,,,,,,,,
2026-07-16,evening,priority_report,APP,bounce,Large,GapFade_weakstock,NO-GO,0,0/6,0.08454151975960959,-0.000949793475139723,1.1137210069345231,0.008553737475469197,-0.009122727785932077,0.49949236311180856,,,,,,,,,,,,
2026-07-16,evening,priority_report,OPEN,bounce,Medium,GapFade_weakstock,NO-GO,0,0/6,0.08658064754993613,-0.01263157894736834,0.7299777503815577,0.008268943698228483,0.03237458193979933,0.8967643076045914,,,,,,,,,,,,
2026-07-16,evening,priority_report,CRML,bounce,Small,GapFade_weakstock,NO-GO,0,0/6,0.09424465390021454,-0.02275769745649263,0.3898510978923604,0.013472729306294663,-0.08186577181208061,0.8997229916897505,,,,,,,,,,,,
2026-07-16,evening,priority_report,SNDK,bounce,Large,GapFade_strongstock,CAUTION,4,4/6,0.17086082650559947,-0.054185758513931884,0.8921334903745278,0.09321014674778885,-0.15629192876813797,1.0401389133046586,,,,,,,,,,,,
2026-07-16,evening,priority_report,PL,bounce,Medium,GapFade_weakstock,NO-GO,2,2/6,0.10443049671650541,-0.03092369477911645,0.45693796666845665,0.03662114492423247,-0.15138289676425268,0.9910396602149725,,,,,,,,,,,,
2026-07-16,evening,priority_report,RGTI,bounce,Medium,GapFade_weakstock,NO-GO,2,2/6,0.09027103132699749,-0.027540983606557372,0.4277893250425518,0.015523431682550212,-0.07519531249999996,1.1463776027450672,,,,,,,,,,,,
2026-07-16,evening,priority_report,CRWV,bounce,Medium,GapFade_weakstock,NO-GO,0,0/6,0.09692265571526353,-0.02009854771784247,0.9517597975184486,0.02158015237830182,-0.12315448325531154,0.8234089432501899,,,,,,,,,,,,
2026-07-16,evening,priority_report,NBIS,bounce,Medium,GapFade_strongstock,GO,5,5/6,0.14210738249535063,-0.04561174878452205,1.1070930809011152,0.035165004727366306,-0.17167830506864276,0.6461006999804266,,,,,,,,,,,,
2026-07-16,evening,priority_report,CRDO,bounce,Medium,GapFade_strongstock,NO-GO,3,3/6,0.1303600835218375,-0.035282702655023375,0.6147709057335037,0.03079057125176054,-0.13352752448497127,0.836808913859618,,,,,,,,,,,,
2026-07-16,evening,priority_report,POET,bounce,Small,GapFade_weakstock,NO-GO,1,1/6,0.11516056125812223,-0.04111245465538088,0.9182766268400064,0.058254924545215796,-0.051875000000000004,1.156277343015316,,,,,,,,,,,,
2026-07-16,evening,priority_report,U,bounce,Medium,GapFade_weakstock,NO-GO,0,0/6,0.05500261430314297,-0.00031979533098810395,0.4473139302694911,0.006965658586139249,0.0018741851368970336,0.8931513794414625,,,,,,,,,,,,
2026-07-16,evening,priority_report,TSLA,bounce,Large,GapFade_weakstock,NO-GO,0,0/6,0.048352140835847,-0.0053490848248237,0.23254101690091553,0.010062804292327648,-0.01082936467727221,0.8436884058245134,,,,,,,,,,,,
2026-07-16,evening,priority_report,FIG,bounce,Medium,GapFade_weakstock,NO-GO,1,1/6,0.08080504130736296,0.02978723404255316,2.5588221617904168,0.026487140511639792,0.0016913319238901776,0.6477660281046883,,,,,,,,,,,,
2026-07-16,evening,priority_report,IBIT,bounce,ETF,GapFade_weakstock,NO-GO,1,1/6,0.03190810152443812,-0.01195327356696563,0.8685699527744708,0.05819107933724378,0.032367972742759814,0.43010620286286233,,,,,,,,,,,,
2026-07-16,evening,priority_report,ETHE,bounce,Medium,GapFade_weakstock,NO-GO,0,0/6,0.03950571239731849,-0.020618556701030948,0.6156501395192081,0.04600794909316733,0.05730258560447241,0.5156248132790018,,,,,,,,,,,,
2026-07-16,evening,priority_report,TEAM,bounce,Medium,GapFade_weakstock,NO-GO,0,0/6,0.06379539111470357,0.026915113871635598,1.0075916324127578,0.025833046429789088,-0.025894342762063177,0.8367200573750898,,,,,,,,,,,,
2026-07-16,evening,priority_report,MSTR,bounce,Medium,GapFade_weakstock,NO-GO,1,1/6,0.08190356129845575,-0.01508156355801784,0.9891201718641213,0.026149802787470706,0.033550488599348574,0.7169462828998002,,,,,,,,,,,,
2026-07-16,evening,priority_report,KWEB,bounce,ETF,GapFade_weakstock,NO-GO,1,1/6,0.023368366420137527,0.020370370370370396,0.5423649880641817,0.02952234453364674,0.04937094929470065,0.9250416435313756,,,,,,,,,,,,
2026-07-16,evening,priority_report,AXTI,bounce,Medium,GapFade_strongstock,CAUTION,4,4/6,0.18514741976085589,-0.04698614751029587,1.786683709001261,0.031873691055287576,-0.10027744748315502,0.9160339463815764,,,,,,,,,,,,
2026-07-16,evening,priority_report,CBRS,bounce,Medium,GapFade_strongstock,NO-GO,3,3/6,0.12052611948466725,-0.029889679908700617,0.5846510100834973,0.02221294058137566,-0.13060394878311024,1.0547503408841439,,,,,,,,,,,,
2026-07-16,evening,priority_report,SOXL,bounce,ETF,GapFade_strongstock,CAUTION,4,4/6,0.2560099243181493,-0.091271519178496,0.5655664939911125,0.07661268026176375,-0.1530507347160912,0.9482175601525518,,,,,,,,,,,,
2026-07-16,evening,priority_report,MRVL,bounce,Large,GapFade_strongstock,CAUTION,4,4/6,0.11650284283831104,-0.02976825366042852,0.8285650530707195,0.06083911021869182,-0.13688916471291318,1.0094314176385348,,,,,,,,,,,,
2026-07-16,evening,priority_report,META,breakout,Large,D2_continuation,NO-GO,2,2/6 [AVOID],0.04303341259451229,-0.018985483847294104,,,,,0.04463709391081146,0.14464681804612528,,,,,,,,,,
2026-07-16,evening,priority_report,INTC,bounce,Large,GapFade_strongstock,NO-GO,3,3/6,0.10088164492737522,-0.01796290902029318,0.8356948089349733,0.042113904111119746,-0.06482738557020948,1.0700495523838958,,,,,,,,,,,,
2026-07-16,evening,priority_report,BRUN,bounce,Small,GapFade_weakstock,NO-GO,0,0/6,0.15231660231660235,-0.023382696804364826,0.6349878250155675,0.007211472240271631,-0.06347352024922115,0.5978356244515933,,,,,,,,,,,,
2026-07-16,evening,priority_report,MXL,bounce,Medium,GapFade_strongstock,GO,5,5/6,0.1771092336121007,-0.06641152633948678,0.9197439006535292,0.09135716896541475,-0.16024636058230687,0.9825755526382446,,,,,,,,,,,,
2026-07-16,evening,priority_report,SIMO,bounce,Medium,GapFade_strongstock,NO-GO,2,2/6,0.10284046537360754,-0.045671438309475045,0.9301275006970319,0.030228042613901485,-0.10340222363193206,1.1869595838347744,,,,,,,,,,,,
2026-07-16,evening,priority_report,STM,bounce,Medium,GapFade_strongstock,NO-GO,2,2/6,0.06526668261181533,-0.041180811808118174,1.4838852979940358,0.06151869617299788,-0.08405140937636915,1.106713573732044,,,,,,,,,,,,
2026-07-16,evening,priority_report,ON,bounce,Medium,GapFade_strongstock,NO-GO,2,2/6,0.0907149824184651,-0.03884806570131849,0.7690366905321633,0.011737254494506012,-0.03568662166648233,0.560379489496272,,,,,,,,,,,,
2026-07-16,evening,priority_report,NVTS,bounce,Medium,GapFade_weakstock,NO-GO,2,2/6,0.11954684442270065,-0.046571213262999275,0.2742665756048861,0.021183248052596065,-0.09246309246309244,0.7340075607597591,,,,,,,,,,,,
2026-07-16,evening,priority_report,NOK,bounce,Medium,GapFade_strongstock,CAUTION,4,4/6,0.07639991714423808,-0.03999999999999994,1.6541824040619,0.16601411741011576,-0.11505560307955508,1.5246272028920016,,,,,,,,,,,,
2026-07-16,evening,priority_report,DXYZ,bounce,Small,GapFade_weakstock,NO-GO,1,1/6,0.06405442176870749,-0.0007538635506973076,0.4107021470734235,0.02624733557030874,0.017138599105812252,1.4696179988236064,,,,,,,,,,,,
2026-07-16,evening,priority_report,QCOM,bounce,Large,GapFade_strongstock,NO-GO,3,3/6,0.06539196459998997,-0.02753118327901999,1.0432538494556276,0.032486652711517496,-0.07348624850527222,0.5337895856562485,,,,,,,,,,,,
2026-07-16,evening,priority_report,WOLF,bounce,Small,GapFade_strongstock,NO-GO,2,2/6,0.15380960055254977,-0.03105413105413115,0.11621620913055004,0.005373378861276354,-0.07800891530460624,0.9011004801877652,,,,,,,,,,,,
2026-07-16,evening,priority_report,RVI,bounce,Small,GapFade_weakstock,NO-GO,1,1/6,0.10057708628005656,0.006250000000000063,0.41981142949869815,0.018188183885777056,-0.1721311475409836,1.0971142487483834,,,,,,,,,,,,
2026-07-16,evening,priority_report,AAOI,bounce,Medium,GapFade_strongstock,CAUTION,4,4/6,0.14748249476647662,-0.037491979099825865,1.3005804490331616,0.06725561465765835,-0.11557025384340358,1.2560478690209615,,,,,,,,,,,,
2026-07-16,evening,priority_report,LWLG,bounce,Small,GapFade_weakstock,NO-GO,0,0/6,0.1181155259531466,-0.03999999999999994,0.7093303509722869,0.0174488222881429,-0.03863987635239567,0.9119634436828551,,,,,,,,,,,,
2026-07-16,evening,priority_report,FCEL,bounce,Small,GapFade_strongstock,NO-GO,3,3/6,0.2718188641481112,-0.03358024691358023,12.975017670223666,0.17696871295378575,-0.1022012578616352,0.7795961195073906,,,,,,,,,,,,
2026-07-16,evening,priority_report,ARM,bounce,Large,GapFade_strongstock,NO-GO,3,3/6,0.11259368001158812,-0.030576513483267648,1.074294731641828,0.03441150881416128,-0.1423793437907622,0.8070271535372051,,,,,,,,,,,,
2026-07-16,evening,priority_report,ALAB,bounce,Medium,GapFade_strongstock,NO-GO,3,3/6,0.14626705981844842,-0.03877417146768589,0.5579342505041213,0.01567672932916485,-0.1228283386272615,0.7655297561557688,,,,,,,,,,,,
2026-07-16,evening,priority_report,UMC,bounce,Medium,GapFade_strongstock,NO-GO,1,1/6,0.0751139971139971,-0.08788121990369185,1.256879315359566,0.13107309877807097,-0.05051150895140674,0.9502952062601658,,,,,,,,,,,,
2026-07-16,evening,priority_report,AMAT,bounce,Large,GapFade_strongstock,NO-GO,0,0/6,0.09816424529432619,-0.02914933641682341,0.8022230884791701,0.028984861053518947,-0.026416865082813278,0.9921690552987736,,,,,,,,,,,,
2026-07-16,evening,priority_report,INOD,bounce,Medium,GapFade_weakstock,NO-GO,1,1/6,0.08565118009384862,-0.018220793140407254,0.4205923813879977,0.013627315601298607,-0.09945684086905468,1.1247990971373312,,,,,,,,,,,,
2026-07-16,evening,priority_report,BABA,bounce,Large,GapFade_weakstock,NO-GO,0,0/6,0.035212969002923325,0.006670065426119438,0.609921413355296,0.026532830277776948,0.05260347129506018,0.9773584905660364,,,,,,,,,,,,
2026-07-16,evening,priority_report,SKHY,bounce,Large,GapFade_strongstock,NO-GO,0,0/6,,-0.05978692054856631,1.2540452555446502,0.043523162946495414,0.029931079750574352,,,,,,,,,,,,,
2026-07-16,evening,priority_report,DRAM,bounce,ETF,GapFade_weakstock,GO,5,5/6,0.10705088361698793,-0.05383275261324035,2.228464840904689,0.18526090715151639,-0.08987609075043622,1.0192174825353773,,,,,,,,,,,,
2026-07-16,evening,priority_report,GOOGL,bounce,Large,GapFade_strongstock,NO-GO,1,1/6,0.02891917109211734,0.005769438153779754,0.8025408614331078,0.029952431961201162,0.014183994780289921,1.5369150468584267,,,,,,,,,,,,
2026-07-16,evening,priority_report,NVDA,bounce,Large,GapFade_strongstock,NO-GO,1,1/6,0.03466019417475731,-0.010964705882353,0.385084230388899,0.012742159295201196,0.012135803075713648,1.0882352941176474,,,,,,,,,,,,
2026-07-17,morning,priority_report,AMD,bounce,Large,GapFade_strongstock,NO-GO,1,1/6,0.08193507837917777,-0.035812672176308534,0.44417285447442323,0,-0.1188221772207323,0.6807389291483542,,,,,,,,,,,,
2026-07-17,morning,priority_report,HQ,bounce,Small,GapFade_strongstock,NO-GO,2,2/6,0.16685004436557233,,0.7836004132684015,0,-0.012269938650306822,0.9020175740022577,,,,,,,,,,,,
2026-07-17,morning,priority_report,AAPL,breakout,Large,D2_continuation,CAUTION,3,3/6 [REDUCED_SIZE],0.025996944805097406,0.00039008581888014,,,,,0.04916691756764397,0.11610132295864319,,,,,,,,,,
2026-07-17,morning,priority_report,SPCE,bounce,Small,GapFade_weakstock,NO-GO,0,0/6,0.08908042744656919,-0.01930501930501924,1.35204713895566,0,-0.026819923371647448,0.9060201407961614,,,,,,,,,,,,
2026-07-17,morning,priority_report,RXT,bounce,Small,GapFade_strongstock,NO-GO,3,3/6,0.23560924369747904,-0.03087885985748216,1.2676832192564298,0,-0.12258064516129037,0.5825531282508539,,,,,,,,,,,,
2026-07-17,morning,priority_report,FJET,bounce,Micro,GapFade_weakstock,NO-GO,2,2/6,0.12287150035893753,0.0,0.3407874437590646,0,-0.15856236786469352,0.8525064267352187,,,,,,,,,,,,
2026-07-17,morning,priority_report,GOOGL,bounce,Large,GapFade_strongstock,NO-GO,1,1/6,0.032287839771101605,-0.013993116289567172,0.8025408614331078,0,-0.027843453589608054,2.035508569200501,,,,,,,,,,,,
2026-07-17,morning,priority_report,NVDA,bounce,Large,GapFade_strongstock,NO-GO,0,0/6,0.034769998651018506,-0.029845708775313392,0.385084230388899,0,-0.05000000000000002,0.7482770942876118,,,,,,,,,,,,
2026-07-17,morning,priority_report,CRWD,bounce,Large,GapFade_weakstock,NO-GO,2,2/6,0.24702214431494143,-0.014085198272477447,3.365860919932758,0,-0.0466948227589807,0.15355386958486195,,,,,,,,,,,,
2026-07-17,morning,priority_report,EWY,bounce,ETF,GapFade_strongstock,NO-GO,2,2/6,0.06645555221897666,-0.038993633692458396,2.5087095531442976,0,-0.1129506158888009,0.558811447350405,,,,,,,,,,,,
2026-07-17,morning,priority_report,BOT,bounce,Small,GapFade_strongstock,NO-GO,1,1/6,0.16431687603466744,0.003076923076923072,0.6924701483241857,0,-0.20076273494960503,0.6077505230032535,,,,,,,,,,,,
2026-07-17,morning,priority_report,GLW,bounce,Large,GapFade_strongstock,NO-GO,3,3/6,0.1324493598237067,-0.04067112822779201,1.4677069857136789,0,-0.19021477296951597,0.6494867899885011,,,,,,,,,,,,
2026-07-17,morning,priority_report,AVGO,bounce,Large,GapFade_strongstock,NO-GO,0,0/6,0.04231262685402031,-0.022566430765122148,0.6066721654324438,0,-0.05939194572228936,0.9582588248968353,,,,,,,,,,,,
2026-07-17,morning,priority_report,PLTR,bounce,Large,GapFade_weakstock,NO-GO,1,1/6,0.055367428003972194,-0.026257066349300813,0.44535649387066584,0,-0.021014059228238128,1.0388857846484967,,,,,,,,,,,,
2026-07-17,morning,priority_report,ORCL,bounce,Large,GapFade_weakstock,NO-GO,3,3/6,0.05571311858076566,-0.014572095644472975,2.0439843851552917,0,-0.04330154760043765,1.1907405467686187,,,,,,,,,,,,
2026-07-17,morning,priority_report,LITE,bounce,Medium,GapFade_strongstock,NO-GO,3,3/6,0.09819741121360108,-0.035314274386531376,0.9579280474026105,0,-0.16385616102110948,0.6726365473544671,,,,,,,,,,,,
2026-07-17,morning,priority_report,MSFT,bounce,Large,GapFade_weakstock,NO-GO,1,1/6,0.03121684610512983,-0.01583146347544259,1.2805665946174214,0,0.0255111318941106,1.1312237023091267,,,,,,,,,,,,
2026-07-17,morning,priority_report,HYLN,bounce,Small,GapFade_strongstock,NO-GO,2,2/6,0.12713688818145646,-0.040106951871657845,0.8208468570830654,0,-0.12224938875305624,0.7777899497644718,,,,,,,,,,,,
2026-07-17,morning,priority_report,MU,bounce,Large,GapFade_strongstock,NO-GO,3,3/6,0.09836187288061907,-0.03715424285044543,2.1572141635393414,0,-0.16439498738709415,0.5841274847627859,,,,,,,,,,,,
2026-07-17,morning,priority_report,IONQ,bounce,Medium,GapFade_weakstock,NO-GO,1,1/6,0.09762953367875647,-0.010256410256410239,0.8217514031023694,0,-0.11580554848561968,0.7584214173042615,,,,,,,,,,,,
2026-07-17,morning,priority_report,WDC,bounce,Large,GapFade_strongstock,CAUTION,4,4/6,0.1268405864167776,-0.047706775776011616,0.9454287780180375,0,-0.21085706170560253,0.7941727894603499,,,,,,,,,,,,
2026-07-17,morning,priority_report,STX,bounce,Large,GapFade_strongstock,NO-GO,3,3/6,0.11621000397377307,-0.035533675837368724,1.1236646268590158,0,-0.18138242761667286,0.7119861777944537,,,,,,,,,,,,
2026-07-17,morning,priority_report,KEEL,bounce,Medium,GapFade_weakstock,NO-GO,1,1/6,0.1400151572565366,-0.041931385006353246,0.5225164644572271,0,-0.16035634743875282,0.6820027063599454,,,,,,,,,,,,
2026-07-17,morning,priority_report,IREN,bounce,Medium,GapFade_weakstock,NO-GO,0,0/6,0.11507702262670119,-0.01751363766867641,1.0169794993311398,0,-0.11324177247991718,0.756716263597135,,,,,,,,,,,,
2026-07-17,morning,priority_report,MP,bounce,Medium,GapFade_weakstock,NO-GO,1,1/6,0.06660172677456351,-0.013638363396392376,0.31589692329046093,0,-0.11714904508761559,1.2858198656299096,,,,,,,,,,,,
2026-07-17,morning,priority_report,BE,bounce,Medium,GapFade_strongstock,CAUTION,4,4/6,0.16485865043224907,-0.028339863590190098,1.077286362488839,0,-0.17472760887428107,0.7677431628643749,,,,,,,,,,,,
2026-07-17,morning,priority_report,OKLO,bounce,Medium,GapFade_weakstock,NO-GO,2,2/6,0.08176079326079326,-0.023980815347721823,0.4474701937047842,0,-0.11980968858131485,1.0156072577719688,,,,,,,,,,,,
2026-07-17,morning,priority_report,SMR,bounce,Medium,GapFade_weakstock,NO-GO,1,1/6,0.09115015360983098,-0.026178010471204098,0.8896873928184948,0,-0.1348837209302325,0.8994965347264668,,,,,,,,,,,,
2026-07-17,morning,priority_report,RKLB,bounce,Medium,GapFade_weakstock,NO-GO,2,2/6,0.11839867923290548,-0.029992576095025928,0.6618114456938003,0,-0.1710442837203401,1.027797631909931,,,,,,,,,,,,
2026-07-17,morning,priority_report,DGXX,bounce,Small,GapFade_weakstock,NO-GO,0,0/6,0.11990543259557343,-0.045698924731182894,0.7940055285370964,0,-0.1299019607843138,0.7867702582518087,,,,,,,,,,,,
2026-07-17,morning,priority_report,APP,bounce,Large,GapFade_weakstock,NO-GO,0,0/6,0.08249285714285715,-0.014914380408764541,0.7982256279334886,0,-0.04672813933805518,0.6069599423181027,,,,,,,,,,,,
2026-07-17,morning,priority_report,OPEN,bounce,Medium,GapFade_weakstock,NO-GO,0,0/6,0.09014904480888224,-0.017396061269146685,0.8800157099922408,0,-0.013076923076923052,0.7287292232769875,,,,,,,,,,,,
2026-07-17,morning,priority_report,CRML,bounce,Small,GapFade_weakstock,NO-GO,1,1/6,0.09777517564402813,0.0,0.36247257423434404,0,-0.15384615384615383,1.1888949373979314,,,,,,,,,,,,
2026-07-17,morning,priority_report,SNDK,bounce,Large,GapFade_strongstock,CAUTION,4,4/6,0.16865923138833325,-0.04864139524335968,1.7988683498746052,0,-0.23630229488798626,0.713685485646028,,,,,,,,,,,,
2026-07-17,morning,priority_report,PL,bounce,Medium,GapFade_weakstock,CAUTION,4,4/6,0.11354799839335926,-0.033952014486192846,0.6414165828883213,0,-0.16510172143974958,1.037920503720124,,,,,,,,,,,,
2026-07-17,morning,priority_report,RGTI,bounce,Medium,GapFade_weakstock,NO-GO,1,1/6,0.0885993384329129,-0.01985815602836875,0.4598689390543227,0,-0.14214773432650524,0.8452824024920963,,,,,,,,,,,,
2026-07-17,morning,priority_report,CRWV,bounce,Medium,GapFade_weakstock,NO-GO,1,1/6,0.09703253182461104,-0.03031134275133718,0.9045386406540279,0,-0.11558669001751308,0.5160199411095895,,,,,,,,,,,,
2026-07-17,morning,priority_report,NBIS,bounce,Medium,GapFade_strongstock,NO-GO,3,3/6,0.15128289557975663,-0.026314257437270828,1.1776695816717955,0,-0.13828636199701172,0.9433696685956453,,,,,,,,,,,,
2026-07-17,morning,priority_report,CRDO,bounce,Medium,GapFade_strongstock,GO,5,5/6,0.13209141622273596,-0.04322738856565855,0.8646459078409743,0,-0.15750698619696848,0.7757703963125219,,,,,,,,,,,,
2026-07-17,morning,priority_report,POET,bounce,Small,GapFade_weakstock,NO-GO,0,0/6,0.11168734250823802,-0.0391134289439374,1.0270144770882257,0,-0.1634506242905789,0.722845564435652,,,,,,,,,,,,
2026-07-17,morning,priority_report,U,bounce,Medium,GapFade_weakstock,NO-GO,1,1/6,0.05885956416464891,-0.02285525008280892,0.6019102616398121,0,-0.07086614173228346,1.0827265621786164,,,,,,,,,,,,
2026-07-17,morning,priority_report,TSLA,bounce,Large,GapFade_weakstock,NO-GO,0,0/6,0.04944234123891179,-0.01575205850764595,0.3198852302017742,0,-0.02847190670907171,0.5249507366050488,,,,,,,,,,,,
2026-07-17,morning,priority_report,FIG,bounce,Medium,GapFade_weakstock,NO-GO,2,2/6,0.08434985676921163,-0.020076890217855567,1.1681271614681323,0,-0.03855825649622792,1.1007833206594375,,,,,,,,,,,,
2026-07-17,morning,priority_report,IBIT,bounce,ETF,GapFade_weakstock,NO-GO,1,1/6,0.03011607393448536,-0.02088485847760368,0.6419749631485041,0,-0.025970475669764785,0.49858545515060465,,,,,,,,,,,,
2026-07-17,morning,priority_report,ETHE,bounce,Medium,GapFade_weakstock,NO-GO,0,0/6,0.03877392228880728,-0.0231328486450761,0.3658506004781684,0,-0.024422442244224487,0.41879074173324554,,,,,,,,,,,,
2026-07-17,morning,priority_report,TEAM,bounce,Medium,GapFade_weakstock,NO-GO,1,1/6,0.0653799626086,-0.015482893027284459,0.8109651720156327,0,0.020767849124382672,1.1286795626576949,,,,,,,,,,,,
2026-07-17,morning,priority_report,MSTR,bounce,Medium,GapFade_weakstock,NO-GO,1,1/6,0.0810047921821656,-0.029884079549080105,0.8105893528078505,0,-0.06517729042836647,0.42764785944073186,,,,,,,,,,,,
2026-07-17,morning,priority_report,KWEB,bounce,ETF,GapFade_weakstock,NO-GO,1,1/6,0.024028657293120086,-0.03129548762736534,1.3418160445577327,0,0.016806722689075678,0.5549972082635409,,,,,,,,,,,,
2026-07-17,morning,priority_report,AXTI,bounce,Medium,GapFade_weakstock,NO-GO,3,3/6,0.18913100649350645,-0.034452490673688836,1.1980718357138094,0,-0.2357130449887094,0.7642610126458418,,,,,,,,,,,,
2026-07-17,morning,priority_report,CBRS,bounce,Medium,GapFade_strongstock,CAUTION,4,4/6,0.1169137902559868,-0.04133880084229196,0.5822591367696837,0,-0.15117020754624405,0.5754895022410951,,,,,,,,,,,,
2026-07-17,morning,priority_report,SOXL,bounce,ETF,GapFade_strongstock,GO,5,5/6,0.27472752304966536,-0.11152442448062877,0.7695146425698263,0,-0.2834257896524397,0.5126840102643606,,,,,,,,,,,,
2026-07-17,morning,priority_report,MRVL,bounce,Large,GapFade_strongstock,NO-GO,3,3/6,0.11656721329457576,-0.031704726500265526,1.0906009084452455,0,-0.1803182880776838,0.7429294663987914,,,,,,,,,,,,
2026-07-17,morning,priority_report,META,breakout,Large,D2_continuation,NO-GO,2,2/6 [AVOID],0.04444346876365226,-0.015860595299003768,,,,,0.014330290044891397,0.08583966676930924,,,,,,,,,,
2026-07-17,morning,priority_report,INTC,bounce,Large,GapFade_strongstock,NO-GO,3,3/6,0.09889345019871223,-0.04372035471231191,1.1159990096571852,0,-0.13938381588715673,0.697823118973389,,,,,,,,,,,,
2026-07-17,morning,priority_report,BRUN,bounce,Small,GapFade_weakstock,NO-GO,0,0/6,0.15358723135271807,-0.05081898362032748,1.0321818691070492,0,-0.11856474258970355,0.5326885482045479,,,,,,,,,,,,
2026-07-17,morning,priority_report,MXL,bounce,Medium,GapFade_strongstock,GO,5,5/6,0.18946428571428575,-0.054301075268817285,1.2643646977929959,0,-0.24009072254023117,0.8356645960802636,,,,,,,,,,,,
2026-07-17,morning,priority_report,SIMO,bounce,Medium,GapFade_strongstock,NO-GO,1,1/6,0.104320834254233,-0.027307762892273803,0.9103465088310366,0,-0.14072176647968623,0.8592543139051825,,,,,,,,,,,,
2026-07-17,morning,priority_report,STM,bounce,Medium,GapFade_strongstock,NO-GO,2,2/6,0.06962470138557095,-0.0473155966225905,1.3381377101647918,0,-0.14729787537430486,0.7133323497421485,,,,,,,,,,,,
2026-07-17,morning,priority_report,ON,bounce,Medium,GapFade_strongstock,NO-GO,2,2/6,0.09054889345504764,-0.03744893327280993,1.159228485726809,0,-0.09506027952629906,0.47068123692164743,,,,,,,,,,,,
2026-07-17,morning,priority_report,NVTS,bounce,Medium,GapFade_weakstock,NO-GO,2,2/6,0.12053571428571432,-0.04721395150999587,0.42493585402231726,0,-0.14438502673796796,0.9627407407407402,,,,,,,,,,,,
2026-07-17,morning,priority_report,NOK,bounce,Medium,GapFade_strongstock,NO-GO,3,3/6,0.07990495105688751,-0.02986512524084783,2.162155904238625,0,-0.13931623931623924,0.7953839325343992,,,,,,,,,,,,
2026-07-17,morning,priority_report,DXYZ,bounce,Small,GapFade_weakstock,NO-GO,1,1/6,0.06679175824175823,-0.042357274401473244,0.7225014464077143,0,0.0019267822736031104,1.0311037257014983,,,,,,,,,,,,
2026-07-17,morning,priority_report,QCOM,bounce,Large,GapFade_weakstock,NO-GO,0,0/6,0.06165359082679543,-0.028779086806166254,0.7624597399904373,0,-0.06962380685008426,0.48649177760375856,,,,,,,,,,,,
2026-07-17,morning,priority_report,WOLF,bounce,Small,GapFade_strongstock,NO-GO,2,2/6,0.1579348505990473,-0.04778704297626679,0.1795975520864358,0,-0.13465461964441855,0.8573099842796028,,,,,,,,,,,,
2026-07-17,morning,priority_report,RVI,bounce,Small,GapFade_weakstock,NO-GO,1,1/6,0.09200642373941217,0.0,0.8640858403145897,0,-0.13075060532687655,1.1053485203755358,,,,,,,,,,,,
2026-07-17,morning,priority_report,AAOI,bounce,Medium,GapFade_strongstock,GO,5,5/6,0.14773441592456785,-0.04778531524341573,1.3613632656744292,0,-0.2391390992427262,0.6538427444375496,,,,,,,,,,,,
2026-07-17,morning,priority_report,LWLG,bounce,Small,GapFade_weakstock,NO-GO,0,0/6,0.11714167455061504,-0.0397456279809221,0.8577871356470441,0,-0.1208151382823872,0.4805411135227898,,,,,,,,,,,,
2026-07-17,morning,priority_report,FCEL,bounce,Small,GapFade_strongstock,CAUTION,4,4/6,0.27793098980825715,-0.04171494785631531,6.118379164156253,0,-0.2252927400468385,0.6090957259193538,,,,,,,,,,,,
2026-07-17,morning,priority_report,ARM,bounce,Large,GapFade_strongstock,NO-GO,3,3/6,0.11023797216699802,-0.04011297278729816,0.7441385776689393,0,-0.10552334886367683,0.5789030418559528,,,,,,,,,,,,
2026-07-17,morning,priority_report,ALAB,bounce,Medium,GapFade_strongstock,GO,5,5/6,0.1508315925058548,-0.04609995621442425,0.5850712567755358,0,-0.15694621040411294,0.55028259412416,,,,,,,,,,,,
2026-07-17,morning,priority_report,UMC,bounce,Medium,GapFade_strongstock,NO-GO,2,2/6,0.08288840336134452,-0.04665769403319871,1.4929881656592061,0,-0.10864093959731543,0.6472203185005255,,,,,,,,,,,,
2026-07-17,morning,priority_report,AMAT,bounce,Large,GapFade_strongstock,NO-GO,0,0/6,0.0973164412566285,-0.05337564401975281,1.021286291221491,0,-0.10862850428067825,0.6544483222307734,,,,,,,,,,,,
2026-07-17,morning,priority_report,INOD,bounce,Small,GapFade_weakstock,NO-GO,0,0/6,0.07955683012898518,-0.03723142529112672,0.4691645575232326,0,-0.1257074769139112,0.8501096278922707,,,,,,,,,,,,
2026-07-17,morning,priority_report,BABA,bounce,Large,GapFade_weakstock,NO-GO,0,0/6,0.034739940409127146,-0.024716146054983346,1.4943251806628333,0,0.020175391737891818,0.6330522160416285,,,,,,,,,,,,
2026-07-17,morning,priority_report,SKHY,bounce,Large,GapFade_strongstock,NO-GO,2,2/6,,-0.026902370166108573,1.169375654163533,0,-0.2357028671617161,,,,,,,,,,,,,
2026-07-17,morning,priority_report,DRAM,bounce,ETF,GapFade_weakstock,GO,5,5/6,0.10652806173870472,-0.05215896064195651,2.2806912867706215,0,-0.18977625347052096,0.5392766394550472,,,,,,,,,,,,
2026-07-17,morning,watchlist_report,SOXL,bounce,ETF,GapFade_strongstock,GO,5,5/6,0.27251024246087713,-0.10429533969679945,0.7695146425698263,0,-0.277595380957772,0.5126840102643606,,,,,,,,,,,,
2026-07-17,morning,watchlist_report,MRVL,bounce,Large,GapFade_strongstock,NO-GO,3,3/6,0.11624200599321483,-0.0289957514604355,1.0906009084452455,0,-0.178025085416292,0.7429294663987914,,,,,,,,,,,,
2026-07-17,morning,watchlist_report,FCEL,bounce,Small,GapFade_strongstock,NO-GO,3,3/6,0.2747745709162327,-0.03070683661645429,6.118379164156253,0,-0.21639344262295085,0.6090957259193538,,,,,,,,,,,,
2026-07-17,morning,watchlist_report,WDC,bounce,Large,GapFade_strongstock,CAUTION,4,4/6,0.12656725990059328,-0.045650264561598944,0.9454287780180375,0,-0.20915287935809138,0.7941727894603499,,,,,,,,,,,,
2026-07-17,morning,watchlist_report,WOLF,bounce,Small,GapFade_strongstock,NO-GO,2,2/6,0.15895205811138016,-0.053880692751763944,0.1795975520864358,0,-0.14019236374234922,0.8573099842796028,,,,,,,,,,,,
2026-07-17,morning,watchlist_report,SNDK,bounce,Large,GapFade_strongstock,CAUTION,4,4/6,0.16700997376157806,-0.03924653456926601,1.7988683498746052,0,-0.22876062395467106,0.713685485646028,,,,,,,,,,,,
2026-07-17,morning,watchlist_report,MXL,bounce,Medium,GapFade_strongstock,GO,5,5/6,0.1875451201865102,-0.04462365591397859,1.2643646977929959,0,-0.2323145048061346,0.8356645960802636,,,,,,,,,,,,
2026-07-17,morning,watchlist_report,AAOI,bounce,Medium,GapFade_strongstock,GO,5,5/6,0.14691878195330482,-0.042499002394253735,1.3613632656744292,0,-0.23491510561976883,0.6538427444375496,,,,,,,,,,,,
2026-07-17,morning,watchlist_report,GLW,bounce,Large,GapFade_strongstock,NO-GO,3,3/6,0.13240413533834583,-0.0403434560262642,1.4677069857136789,0,-0.18993817949264544,0.6494867899885011,,,,,,,,,,,,
2026-07-17,morning,watchlist_report,RXT,bounce,Small,GapFade_strongstock,NO-GO,3,3/6,0.23350313697185063,-0.022137767220902705,1.2676832192564298,0,-0.11466666666666683,0.5825531282508539,,,,,,,,,,,,
2026-07-17,morning,watchlist_report,HYLN,bounce,Small,GapFade_strongstock,NO-GO,2,2/6,0.12713688818145646,-0.040106951871657845,0.8208468570830654,0,-0.12224938875305624,0.7777899497644718,,,,,,,,,,,,
2026-07-17,morning,watchlist_report,ALAB,bounce,Medium,GapFade_strongstock,GO,5,5/6,0.1509107588055561,-0.04660036279477086,0.5850712567755358,0,-0.15738846812980264,0.55028259412416,,,,,,,,,,,,
2026-07-17,morning,watchlist_report,NBIS,bounce,Medium,GapFade_strongstock,NO-GO,3,3/6,0.15100300958292132,-0.024509518542236756,1.1776695816717955,0,-0.13668916482044413,0.9433696685956453,,,,,,,,,,,,
2026-07-17,morning,watchlist_report,CRDO,bounce,Medium,GapFade_strongstock,GO,5,5/6,0.13181318956870614,-0.04120786651920947,0.8646459078409743,0,-0.1557286815140994,0.7757703963125219,,,,,,,,,,,,
2026-07-17,morning,watchlist_report,BE,bounce,Medium,GapFade_strongstock,CAUTION,4,4/6,0.16471211852062387,-0.027475451071445743,1.077286362488839,0,-0.1739934264585045,0.7677431628643749,,,,,,,,,,,,
2026-07-17,morning,watchlist_report,AXTI,bounce,Medium,GapFade_weakstock,NO-GO,3,3/6,0.19104142070051155,-0.0441079657669519,1.1980718357138094,0,-0.24335591453882227,0.7642610126458418,,,,,,,,,,,,
2026-07-17,morning,watchlist_report,STX,bounce,Large,GapFade_strongstock,NO-GO,3,3/6,0.11603248556748068,-0.03405813625937301,1.1236646268590158,0,-0.18013002242943826,0.7119861777944537,,,,,,,,,,,,
2026-07-17,morning,watchlist_report,NOK,bounce,Medium,GapFade_strongstock,NO-GO,3,3/6,0.07958880881729548,-0.026011560693641748,2.162155904238625,0,-0.1358974358974359,0.7953839325343992,,,,,,,,,,,,
2026-07-17,morning,watchlist_report,MU,bounce,Large,GapFade_strongstock,NO-GO,3,3/6,0.09769235618515659,-0.030555555555555614,2.1572141635393414,0,-0.15866832126291808,0.5841274847627859,,,,,,,,,,,,
2026-07-17,morning,watchlist_report,LITE,bounce,Medium,GapFade_strongstock,NO-GO,3,3/6,0.09752319866722198,-0.028645058975121443,0.9579280474026105,0,-0.1580756013745704,0.6726365473544671,,,,,,,,,,,,
2026-07-17,morning,watchlist_report,INTC,bounce,Large,GapFade_strongstock,NO-GO,3,3/6,0.09861697388632874,-0.04103938956485877,1.1159990096571852,0,-0.13697104677060137,0.697823118973389,,,,,,,,,,,,
2026-07-17,morning,watchlist_report,ARM,bounce,Large,GapFade_strongstock,NO-GO,3,3/6,0.10958438735177865,-0.03438800045799775,0.7441385776689393,0,-0.10018849806167093,0.5789030418559528,,,,,,,,,,,,
2026-07-17,morning,watchlist_report,CRWD,bounce,Large,GapFade_weakstock,NO-GO,2,2/6,0.24687467574463254,-0.013496270121711819,3.365860919932758,0,-0.046125373700944335,0.15355386958486195,,,,,,,,,,,,
2026-07-17,morning,watchlist_report,UMC,bounce,Medium,GapFade_strongstock,NO-GO,2,2/6,0.0843168296519182,-0.06280843427545979,1.4929881656592061,0,-0.123741610738255,0.6472203185005255,,,,,,,,,,,,
2026-07-17,morning,watchlist_report,DGXX,bounce,Small,GapFade_weakstock,NO-GO,0,0/6,0.11990543259557343,-0.045698924731182894,0.7940055285370964,0,-0.1299019607843138,0.7867702582518087,,,,,,,,,,,,
2026-07-17,morning,watchlist_report,HQ,bounce,Small,GapFade_strongstock,NO-GO,2,2/6,0.16685004436557233,,0.7836004132684015,0,-0.012269938650306822,0.9020175740022577,,,,,,,,,,,,
2026-07-17,morning,watchlist_report,STM,bounce,Medium,GapFade_strongstock,NO-GO,2,2/6,0.06997575030012003,-0.05209494981679151,1.3381377101647918,0,-0.15157564523028655,0.7133323497421485,,,,,,,,,,,,
2026-07-17,morning,watchlist_report,BOT,bounce,Small,GapFade_strongstock,NO-GO,1,1/6,0.16431687603466744,0.003076923076923072,0.6924701483241857,0,-0.20076273494960503,0.6077505230032535,,,,,,,,,,,,
2026-07-17,morning,watchlist_report,NVTS,bounce,Medium,GapFade_weakstock,NO-GO,2,2/6,0.1198934280639432,-0.042109740535942235,0.42493585402231726,0,-0.13980137509549276,0.9627407407407402,,,,,,,,,,,,
2026-07-17,morning,watchlist_report,PL,bounce,Medium,GapFade_weakstock,CAUTION,4,4/6,0.11354799839335926,-0.033952014486192846,0.6414165828883213,0,-0.16510172143974958,1.037920503720124,,,,,,,,,,,,
2026-07-17,morning,watchlist_report,AMAT,bounce,Large,GapFade_strongstock,NO-GO,0,0/6,0.0974982210242588,-0.055140570124614395,1.021286291221491,0,-0.1102904146382408,0.6544483222307734,,,,,,,,,,,,
2026-07-17,morning,watchlist_report,EWY,bounce,ETF,GapFade_strongstock,NO-GO,2,2/6,0.06620253279305251,-0.03532076395690505,2.5087095531442976,0,-0.10956040230534517,0.558811447350405,,,,,,,,,,,,
2026-07-17,morning,watchlist_report,ON,bounce,Medium,GapFade_strongstock,NO-GO,2,2/6,0.08998660975813874,-0.03143440762596471,1.159228485726809,0,-0.08940573989117688,0.47068123692164743,,,,,,,,,,,,
2026-07-17,morning,watchlist_report,KEEL,bounce,Medium,GapFade_weakstock,NO-GO,1,1/6,0.13927629099133063,-0.03684879288437103,0.5225164644572271,0,-0.15590200445434302,0.6820027063599454,,,,,,,,,,,,
2026-07-17,morning,watchlist_report,RKLB,bounce,Medium,GapFade_weakstock,NO-GO,2,2/6,0.11832623090539567,-0.02939866369710453,0.6618114456938003,0,-0.17053673391701557,1.027797631909931,,,,,,,,,,,,
2026-07-17,morning,watchlist_report,POET,bounce,Small,GapFade_weakstock,NO-GO,0,0/6,0.1127583170254403,-0.04823989569752283,1.0270144770882257,0,-0.17139614074914877,0.722845564435652,,,,,,,,,,,,
2026-07-17,morning,watchlist_report,SIMO,bounce,Medium,GapFade_strongstock,NO-GO,1,1/6,0.104320834254233,-0.027307762892273803,0.9103465088310366,0,-0.14072176647968623,0.8592543139051825,,,,,,,,,,,,
2026-07-17,morning,watchlist_report,CBRS,bounce,Medium,GapFade_strongstock,NO-GO,3,3/6,0.11568340033336602,-0.031142635487088576,0.5822591367696837,0,-0.14214219125656247,0.5754895022410951,,,,,,,,,,,,
2026-07-17,morning,watchlist_report,SKHY,bounce,Large,GapFade_strongstock,NO-GO,2,2/6,,-0.014838159017792599,1.169375654163533,0,-0.226227310231023,,,,,,,,,,,,,
2026-07-17,morning,watchlist_report,DRAM,bounce,ETF,GapFade_weakstock,GO,5,5/6,0.10593018927354461,-0.04680932365303788,2.2806912867706215,0,-0.18520333170014694,0.5392766394550472,,,,,,,,,,,,
2026-07-17,morning,watchlist_report,IONQ,bounce,Medium,GapFade_weakstock,NO-GO,1,1/6,0.09788311688311688,-0.012820512820512902,0.8217514031023694,0,-0.11809620768643422,0.7584214173042615,,,,,,,,,,,,
2026-07-17,morning,watchlist_report,RGTI,bounce,Medium,GapFade_weakstock,NO-GO,1,1/6,0.08879208536206355,-0.021985815602836915,0.5157988110949904,0,-0.14400993171942894,0.8452824024920963,,,,,,,,,,,,
2026-07-17,morning,watchlist_report,BRUN,bounce,Small,GapFade_weakstock,NO-GO,0,0/6,0.15026283240568952,-0.02981940361192765,1.0321818691070492,0,-0.0990639625585023,0.5326885482045479,,,,,,,,,,,,
2026-07-17,morning,watchlist_report,FJET,bounce,Micro,GapFade_weakstock,NO-GO,2,2/6,0.12287150035893753,0.0,0.3407874437590646,0,-0.15856236786469352,0.8525064267352187,,,,,,,,,,,,
2026-07-17,morning,watchlist_report,LWLG,bounce,Small,GapFade_weakstock,NO-GO,0,0/6,0.11714167455061504,-0.0397456279809221,0.8577871356470441,0,-0.1208151382823872,0.4805411135227898,,,,,,,,,,,,
2026-07-17,morning,watchlist_report,INOD,bounce,Small,GapFade_weakstock,NO-GO,0,0/6,0.07955683012898518,-0.03723142529112672,0.4691645575232326,0,-0.1257074769139112,0.8501096278922707,,,,,,,,,,,,
2026-07-17,morning,watchlist_report,CRML,bounce,Small,GapFade_weakstock,NO-GO,1,1/6,0.09821428571428574,-0.004470938897168443,0.36247257423434404,0,-0.15762925598991173,1.1888949373979314,,,,,,,,,,,,
2026-07-17,morning,watchlist_report,SMR,bounce,Medium,GapFade_weakstock,NO-GO,1,1/6,0.09102780441035468,-0.024869109947643915,0.8896873928184948,0,-0.13372093023255807,0.8994965347264668,,,,,,,,,,,,
2026-07-17,morning,watchlist_report,IREN,bounce,Medium,GapFade_weakstock,NO-GO,0,0/6,0.11544812999958119,-0.020671834625322967,1.0169794993311398,0,-0.11609225187872516,0.756716263597135,,,,,,,,,,,,
2026-07-17,morning,watchlist_report,OKLO,bounce,Medium,GapFade_weakstock,NO-GO,2,2/6,0.0817005717091649,-0.02326139088729031,0.4474701937047842,0,-0.11916089965397934,1.0156072577719688,,,,,,,,,,,,
2026-07-17,morning,watchlist_report,AMD,bounce,Large,GapFade_strongstock,NO-GO,1,1/6,0.08188760730248068,-0.03525372300075862,0.44417285447442323,0,-0.11831134949738205,0.6807389291483542,,,,,,,,,,,,
2026-07-17,morning,watchlist_report,RVI,bounce,Small,GapFade_weakstock,NO-GO,1,1/6,0.09200642373941217,0.0,0.8640858403145897,0,-0.13075060532687655,1.1053485203755358,,,,,,,,,,,,
2026-07-17,morning,watchlist_report,CRWV,bounce,Medium,GapFade_weakstock,NO-GO,0,0/6,0.09662253521126761,-0.026196680839390984,0.9045386406540279,0,-0.11183387540655489,0.5160199411095895,,,,,,,,,,,,
2026-07-17,morning,watchlist_report,SPCE,bounce,Small,GapFade_weakstock,NO-GO,0,0/6,0.08908042744656919,-0.01930501930501924,1.35204713895566,0,-0.026819923371647448,0.9060201407961614,,,,,,,,,,,,
2026-07-17,morning,watchlist_report,ORCL,bounce,Large,GapFade_weakstock,NO-GO,3,3/6,0.055767792887518125,-0.015538201433056861,2.0439843851552917,0,-0.04423948725965294,1.1907405467686187,,,,,,,,,,,,
2026-07-17,morning,watchlist_report,AVGO,bounce,Large,GapFade_strongstock,NO-GO,0,0/6,0.04222724935532376,-0.02059019895847237,0.6066721654324438,0,-0.0574901698748426,0.9582588248968353,,,,,,,,,,,,
2026-07-17,morning,watchlist_report,QCOM,bounce,Large,GapFade_weakstock,NO-GO,0,0/6,0.06154216867469881,-0.027020690463630582,0.7624597399904373,0,-0.0679393599101628,0.48649177760375856,,,,,,,,,,,,
2026-07-17,morning,watchlist_report,KWEB,bounce,ETF,GapFade_weakstock,NO-GO,1,1/6,0.024046723952738974,-0.03202328966521103,1.3418160445577327,0,0.016042780748663166,0.5549972082635409,,,,,,,,,,,,
2026-07-17,morning,watchlist_report,MP,bounce,Medium,GapFade_weakstock,NO-GO,1,1/6,0.06666119260204081,-0.014518257809062993,0.31589692329046093,0,-0.11793660169324674,1.2858198656299096,,,,,,,,,,,,
2026-07-17,morning,watchlist_report,DXYZ,bounce,Small,GapFade_weakstock,NO-GO,1,1/6,0.0670496414782129,-0.04604051565377532,0.7225014464077143,0,-0.0019267822736031104,1.0311037257014983,,,,,,,,,,,,
2026-07-17,morning,watchlist_report,MSTR,bounce,Medium,GapFade_weakstock,NO-GO,1,1/6,0.08094267874747667,-0.029139636286291553,1.1611526789267208,0,-0.06445993031358876,0.42764785944073186,,,,,,,,,,,,
2026-07-17,morning,watchlist_report,NVDA,bounce,Large,GapFade_strongstock,NO-GO,0,0/6,0.03471823447258912,-0.028399228543876637,0.385084230388899,0,-0.048583569405099246,0.7482770942876118,,,,,,,,,,,,
2026-07-17,morning,watchlist_report,FIG,bounce,Medium,GapFade_weakstock,NO-GO,2,2/6,0.08438664257678652,-0.020504058094831287,1.1681271614681323,0,-0.03897736797988264,1.1007833206594375,,,,,,,,,,,,
2026-07-17,morning,watchlist_report,GOOGL,bounce,Large,GapFade_strongstock,NO-GO,1,1/6,0.03234093627821589,-0.015611916718388495,0.8025408614331078,0,-0.029439514895274115,2.035508569200501,,,,,,,,,,,,
2026-07-17,morning,watchlist_report,ETHE,bounce,Medium,GapFade_weakstock,NO-GO,0,0/6,0.03877392228880728,-0.0231328486450761,0.3658506004781684,0,-0.024422442244224487,0.41879074173324554,,,,,,,,,,,,
2026-07-17,morning,watchlist_report,BABA,bounce,Large,GapFade_weakstock,NO-GO,0,0/6,0.03473572675143354,-0.02459783811388204,1.4943251806628333,0,0.02029914529914531,0.6330522160416285,,,,,,,,,,,,
2026-07-17,morning,watchlist_report,U,bounce,Medium,GapFade_weakstock,NO-GO,1,1/6,0.05862110543069354,-0.01888042398145082,0.6019102616398121,0,-0.06708661417322831,1.0827265621786164,,,,,,,,,,,,
2026-07-17,morning,watchlist_report,PLTR,bounce,Large,GapFade_weakstock,NO-GO,1,1/6,0.055511602971586124,-0.02878607557274624,0.44535649387066584,0,-0.02355668561172604,1.0388857846484967,,,,,,,,,,,,
2026-07-17,morning,watchlist_report,IBIT,bounce,ETF,GapFade_weakstock,NO-GO,1,1/6,0.030073870916079413,-0.01951085463039299,0.6419749631485041,0,-0.02460360852925092,0.49858545515060465,,,,,,,,,,,,
2026-07-17,morning,watchlist_report,TEAM,bounce,Medium,GapFade_weakstock,NO-GO,1,1/6,0.0653799626086,-0.015482893027284459,0.8109651720156327,0,0.020767849124382672,1.1286795626576949,,,,,,,,,,,,
2026-07-17,morning,watchlist_report,APP,bounce,Large,GapFade_weakstock,NO-GO,0,0/6,0.08239275379712233,-0.01371754741299953,0.7982256279334886,0,-0.04556995857276501,0.6069599423181027,,,,,,,,,,,,
2026-07-17,morning,watchlist_report,AAPL,breakout,Large,D2_continuation,CAUTION,3,3/6 [REDUCED_SIZE],0.02600396468218249,0.00012002640580933945,,,,0.9103368477093636,0.04888369064847704,0.11610132295864319,,,,,,,,,,
2026-07-17,morning,watchlist_report,META,breakout,Large,D2_continuation,NO-GO,2,2/6 [AVOID],0.0445456376573618,-0.018117795768501466,,,,0.7479521994748903,0.01200384442552238,0.08583966676930924,,,,,,,,,,
2026-07-17,morning,watchlist_report,MSFT,bounce,Large,GapFade_weakstock,NO-GO,1,1/6,0.03123029550408029,-0.016255297930690697,1.2805665946174214,0,0.025069493154599477,1.1312237023091267,,,,,,,,,,,,
2026-07-17,morning,watchlist_report,OPEN,bounce,Medium,GapFade_weakstock,NO-GO,0,0/6,0.08995873015873015,-0.015317286652078837,0.8800157099922408,0,-0.01098901098901095,0.7287292232769875,,,,,,,,,,,,
2026-07-17,morning,watchlist_report,TSLA,bounce,Large,GapFade_weakstock,NO-GO,0,0/6,0.049382681724747045,-0.014562982662507015,0.3198852302017742,0,-0.027298197788883833,0.5249507366050488,,,,,,,,,,,,
2026-07-17,evening,priority_report,AMD,bounce,Large,GapFade_strongstock,NO-GO,0,0/6,0.07955021881712403,-0.048029704156186376,0.44417285447442323,0.02557609132870898,-0.09240508638461675,0.6807389291483542,,,,,,,,,,,,
2026-07-17,evening,priority_report,HQ,bounce,Small,GapFade_strongstock,NO-GO,2,2/6,0.1579453382438457,-0.06975633062589588,0.7836004132684015,0.00983788843426115,0.04341670599339302,0.9020175740022577,,,,,,,,,,,,
2026-07-17,evening,priority_report,AAPL,breakout,Large,D2_continuation,CAUTION,4,4/6 [REDUCED_SIZE],0.025945969640531735,0.0023555182140071566,,,,,0.05122818014602616,0.11610132295864319,,,,,,,,,,
2026-07-17,evening,priority_report,SPCE,bounce,Small,GapFade_weakstock,NO-GO,0,0/6,0.08890541678360933,-0.027027027027026966,1.35204713895566,0.020600853032738026,-0.024904214559386954,0.9060201407961614,,,,,,,,,,,,
2026-07-17,evening,priority_report,RXT,bounce,Small,GapFade_strongstock,NO-GO,2,2/6,0.23057944693828605,-0.03206650831353914,1.2676832192564298,0.04716294882855415,-0.10344086021505391,0.5825531282508539,,,,,,,,,,,,
2026-07-17,evening,priority_report,FJET,bounce,Micro,GapFade_weakstock,NO-GO,2,2/6,0.1260382916053019,-0.02010050251256283,0.3407874437590646,0.017627951786735024,-0.17970401691331933,0.8525064267352187,,,,,,,,,,,,
2026-07-17,evening,priority_report,GOOGL,bounce,Large,GapFade_strongstock,NO-GO,1,1/6,0.03268530050687911,-0.02386729109067308,0.8025408614331078,0.08021703159179083,-0.039665099719062034,2.035508569200501,,,,,,,,,,,,
2026-07-17,evening,priority_report,NVDA,bounce,Large,GapFade_strongstock,NO-GO,0,0/6,0.034409165003794186,-0.02295081967213124,0.385084230388899,0.0324278368514589,-0.04003777148253077,0.7482770942876118,,,,,,,,,,,,
2026-07-17,evening,priority_report,CRWD,bounce,Large,GapFade_weakstock,NO-GO,2,2/6,0.24320857955022832,-0.016489988221436915,3.365860919932758,0.175985279662327,-0.031746784985526494,0.15355386958486195,,,,,,,,,,,,
2026-07-17,evening,priority_report,EWY,bounce,ETF,GapFade_strongstock,NO-GO,0,0/6,0.06329081013623601,-0.04135039177277194,2.5087095531442976,0.08095149847734388,-0.06859532150525476,0.558811447350405,,,,,,,,,,,,
2026-07-17,evening,priority_report,BOT,bounce,Small,GapFade_strongstock,NO-GO,1,1/6,0.16265374975901292,-0.042735042735042736,0.6924701483241857,0.09999503400827121,-0.1925905747752656,0.6077505230032535,,,,,,,,,,,,
2026-07-17,evening,priority_report,GLW,bounce,Large,GapFade_strongstock,NO-GO,3,3/6,0.12977449427023838,-0.04773028600290406,1.4677069857136789,0.0318963726128099,-0.17352376891920687,0.6494867899885011,,,,,,,,,,,,
2026-07-17,evening,priority_report,AVGO,bounce,Large,GapFade_strongstock,NO-GO,0,0/6,0.04145298704079722,-0.02244625450660962,0.6066721654324438,0.09482123629856208,-0.0398858934491533,0.9582588248968353,,,,,,,,,,,,
2026-07-17,evening,priority_report,PLTR,bounce,Large,GapFade_weakstock,NO-GO,1,1/6,0.05448913359710299,-0.019748586730139846,0.44535649387066584,0.024615689251242676,-0.005234071193538628,1.0388857846484967,,,,,,,,,,,,
2026-07-17,evening,priority_report,ORCL,bounce,Large,GapFade_weakstock,NO-GO,3,3/6,0.054018422958537045,-0.020207712744545456,2.0439843851552917,0.0869370268500775,-0.013287478505549498,1.1907405467686187,,,,,,,,,,,,
2026-07-17,evening,priority_report,LITE,bounce,Medium,GapFade_strongstock,NO-GO,2,2/6,0.09094864569354433,-0.0393073078175665,0.9579280474026105,0.034137033716555285,-0.09721404025527727,0.6726365473544671,,,,,,,,,,,,
2026-07-17,evening,priority_report,MSFT,bounce,Large,GapFade_weakstock,NO-GO,1,1/6,0.031189982029411024,-0.015569683370730501,1.2805665946174214,0.09841333202317007,0.026394409373132696,1.1312237023091267,,,,,,,,,,,,
2026-07-17,evening,priority_report,HYLN,bounce,Small,GapFade_strongstock,NO-GO,2,2/6,0.12155031386722469,-0.037433155080213935,0.8208468570830654,0.032001490183194294,-0.08190709046454767,0.7777899497644718,,,,,,,,,,,,
2026-07-17,evening,priority_report,MU,bounce,Large,GapFade_strongstock,NO-GO,0,0/6,0.09277823796292346,-0.035952883263009924,2.1572141635393414,0.1333041635395513,-0.11410611115631861,0.5841274847627859,,,,,,,,,,,,
2026-07-17,evening,priority_report,IONQ,bounce,Medium,GapFade_weakstock,NO-GO,1,1/6,0.09712628865979381,-0.0031339031339031177,0.8217514031023694,0.044728488121854586,-0.11122423008399078,0.7584214173042615,,,,,,,,,,,,
2026-07-17,evening,priority_report,WDC,bounce,Large,GapFade_strongstock,NO-GO,3,3/6,0.11741395278162345,-0.033589683168741044,0.9454287780180375,0.06650313318564538,-0.14750035503798914,0.7941727894603499,,,,,,,,,,,,
2026-07-17,evening,priority_report,STX,bounce,Large,GapFade_strongstock,NO-GO,1,1/6,0.1058998642042368,-0.03293136058163081,1.1236646268590158,0.061549679812848444,-0.10168391570174534,0.7119861777944537,,,,,,,,,,,,
2026-07-17,evening,priority_report,KEEL,bounce,Medium,GapFade_weakstock,NO-GO,1,1/6,0.1341441277908877,-0.05209656925031768,0.5225164644572271,0.040057237675954864,-0.12360801781737196,0.6820027063599454,,,,,,,,,,,,
2026-07-17,evening,priority_report,IREN,bounce,Medium,GapFade_weakstock,NO-GO,0,0/6,0.1173576431019435,-0.029859316681022083,1.0169794993311398,0.043370541790203804,-0.13047421611816543,0.756716263597135,,,,,,,,,,,,
2026-07-17,evening,priority_report,MP,bounce,Medium,GapFade_weakstock,NO-GO,1,1/6,0.06552762322701981,-0.02309722833260018,0.31589692329046093,0.01979705294350927,-0.10267769245914543,1.2858198656299096,,,,,,,,,,,,
2026-07-17,evening,priority_report,BE,bounce,Medium,GapFade_strongstock,NO-GO,2,2/6,0.15401065681597725,-0.02781405698253761,1.077286362488839,0.059621315140587286,-0.11659819227608872,0.7677431628643749,,,,,,,,,,,,
2026-07-17,evening,priority_report,OKLO,bounce,Medium,GapFade_weakstock,NO-GO,2,2/6,0.07999192994505495,-0.029256594724220764,0.4474701937047842,0.023928015358139265,-0.10034602076124569,1.0156072577719688,,,,,,,,,,,,
2026-07-17,evening,priority_report,SMR,bounce,Medium,GapFade_weakstock,NO-GO,2,2/6,0.08736098816869678,-0.03010471204188476,0.8896873928184948,0.030313275564463133,-0.09736046511627906,0.8994965347264668,,,,,,,,,,,,
2026-07-17,evening,priority_report,RKLB,bounce,Medium,GapFade_weakstock,NO-GO,2,2/6,0.11339127338980744,-0.0210838901262062,0.6618114456938003,0.05560841596711802,-0.13443725415556398,1.027797631909931,,,,,,,,,,,,
2026-07-17,evening,priority_report,DGXX,bounce,Small,GapFade_weakstock,NO-GO,0,0/6,0.11840453010133119,-0.03494623655913987,0.7940055285370964,0.027496944637143625,-0.11887254901960781,0.7867702582518087,,,,,,,,,,,,
2026-07-17,evening,priority_report,APP,bounce,Large,GapFade_weakstock,NO-GO,0,0/6,0.08316321483251174,-0.030035904989872977,0.7982256279334886,0.025387097414729394,-0.05441222326161523,0.6069599423181027,,,,,,,,,,,,
2026-07-17,evening,priority_report,OPEN,bounce,Medium,GapFade_weakstock,NO-GO,0,0/6,0.09164292344062791,-0.01969365426695839,0.8800157099922408,0.011847853993998519,-0.029164835164835125,0.7287292232769875,,,,,,,,,,,,
2026-07-17,evening,priority_report,CRML,bounce,Small,GapFade_weakstock,NO-GO,1,1/6,0.10148049939233236,-0.01639344262295087,0.36247257423434404,0.015761747064297383,-0.18474148802017654,1.1888949373979314,,,,,,,,,,,,
2026-07-17,evening,priority_report,SNDK,bounce,Large,GapFade_strongstock,NO-GO,3,3/6,0.15946994043426638,-0.03251055928792131,1.7988683498746052,0.15540656182990048,-0.19229500176354802,0.713685485646028,,,,,,,,,,,,
2026-07-17,evening,priority_report,PL,bounce,Medium,GapFade_weakstock,NO-GO,1,1/6,0.10634690742656512,-0.01041195110909916,0.6414165828883213,0.028954451022534293,-0.10856807511737084,1.037920503720124,,,,,,,,,,,,
2026-07-17,evening,priority_report,RGTI,bounce,Medium,GapFade_weakstock,NO-GO,1,1/6,0.08631955284757534,-0.029787234042553186,0.5157988110949904,0.020795186182789163,-0.11949099937926748,0.8452824024920963,,,,,,,,,,,,
2026-07-17,evening,priority_report,CRWV,bounce,Medium,GapFade_weakstock,NO-GO,1,1/6,0.09304489353044894,-0.030174187354272432,0.9045386406540279,0.13207124617355878,-0.07768326244683504,0.5160199411095895,,,,,,,,,,,,
2026-07-17,evening,priority_report,NBIS,bounce,Medium,GapFade_strongstock,NO-GO,2,2/6,0.1390987591298202,-0.03897653839436468,1.1776695816717955,0.07365691397657503,-0.06280591478180224,0.9433696685956453,,,,,,,,,,,,
2026-07-17,evening,priority_report,CRDO,bounce,Medium,GapFade_strongstock,CAUTION,4,4/6,0.12794406853916176,-0.06943309131124681,0.8646459078409743,0.08577938638136728,-0.13019730713862307,0.7757703963125219,,,,,,,,,,,,
2026-07-17,evening,priority_report,POET,bounce,Small,GapFade_weakstock,NO-GO,0,0/6,0.11048801534036432,-0.04172099087353329,1.0270144770882257,0.052564476083262014,-0.15437003405221342,0.722845564435652,,,,,,,,,,,,
2026-07-17,evening,priority_report,U,bounce,Medium,GapFade_weakstock,NO-GO,2,2/6,0.059576501727814125,-0.038754554488241194,0.6019102616398121,0.007664126549136646,-0.0820472440944882,1.0827265621786164,,,,,,,,,,,,
2026-07-17,evening,priority_report,TSLA,bounce,Large,GapFade_weakstock,NO-GO,0,0/6,0.04984900760387978,-0.023730373855674395,0.3198852302017742,0.0181229030310796,-0.036397597051845164,0.5249507366050488,,,,,,,,,,,,
2026-07-17,evening,priority_report,FIG,bounce,Medium,GapFade_weakstock,NO-GO,2,2/6,0.08040663678727258,-0.020504058094831287,1.1681271614681323,0.025483947815627617,0.008591785414920446,1.1007833206594375,,,,,,,,,,,,
2026-07-17,evening,priority_report,IBIT,bounce,ETF,GapFade_weakstock,NO-GO,1,1/6,0.029483053009636304,-0.022258862324814572,0.6419749631485041,0.04366348215757062,-0.005057408419901454,0.49858545515060465,,,,,,,,,,,,
2026-07-17,evening,priority_report,ETHE,bounce,Medium,GapFade_weakstock,NO-GO,1,1/6,0.03843585321452526,-0.032385988103106424,0.3658506004781684,0.017979820844568888,-0.015841584158415856,0.41879074173324554,,,,,,,,,,,,
2026-07-17,evening,priority_report,TEAM,bounce,Medium,GapFade_weakstock,NO-GO,1,1/6,0.06342009814380199,-0.02414465136422698,0.8109651720156327,0.019421926360801794,0.05231252806466094,1.1286795626576949,,,,,,,,,,,,
2026-07-17,evening,priority_report,MSTR,bounce,Medium,GapFade_weakstock,NO-GO,1,1/6,0.07812292797861338,-0.029033287248750442,1.1611526789267208,0.04009154949974013,-0.030692764910842434,0.42764785944073186,,,,,,,,,,,,
2026-07-17,evening,priority_report,KWEB,bounce,ETF,GapFade_weakstock,NO-GO,1,1/6,0.023878408106126243,-0.03202328966521103,1.3418160445577327,0.03971871339000103,0.023204736440030623,0.5549972082635409,,,,,,,,,,,,
2026-07-17,evening,priority_report,AXTI,bounce,Medium,GapFade_strongstock,GO,5,5/6,0.17977455791130448,-0.04937458854509546,1.1980718357138094,0.08555285013326681,-0.19593538301198543,0.7642610126458418,,,,,,,,,,,,
2026-07-17,evening,priority_report,CBRS,bounce,Medium,GapFade_strongstock,CAUTION,4,4/6,0.11870116913222639,-0.043112046991022945,0.5822591367696837,0.027622425791110773,-0.16395171973897252,0.5754895022410951,,,,,,,,,,,,
2026-07-17,evening,priority_report,SOXL,bounce,ETF,GapFade_strongstock,GO,5,5/6,0.2542233709273183,-0.12457888826501956,0.7695146425698263,0.09685294904744653,-0.22563115589267513,0.5126840102643606,,,,,,,,,,,,
2026-07-17,evening,priority_report,MRVL,bounce,Large,GapFade_strongstock,NO-GO,3,3/6,0.11208575044826494,-0.03226234731810949,1.0906009084452455,0.0934794123772933,-0.14754540550260742,0.7429294663987914,,,,,,,,,,,,
2026-07-17,evening,priority_report,META,breakout,Large,D2_continuation,NO-GO,3,3/6 [AVOID],0.04500430219312314,-0.028124717849941226,,,,,0.00168993551298644,0.08660741453857537,,,,,,,,,,
2026-07-17,evening,priority_report,INTC,bounce,Large,GapFade_strongstock,NO-GO,2,2/6,0.0958847733552386,-0.0499071973602805,1.1159990096571852,0.06683187522962486,-0.11237936154417222,0.697823118973389,,,,,,,,,,,,
2026-07-17,evening,priority_report,BRUN,bounce,Small,GapFade_weakstock,NO-GO,0,0/6,0.1493255077896936,-0.002099958000839864,1.0321818691070492,0.016790326282877303,-0.09340873634945396,0.5326885482045479,,,,,,,,,,,,
2026-07-17,evening,priority_report,MXL,bounce,Medium,GapFade_strongstock,GO,5,5/6,0.18427850626012088,-0.04596774193548389,1.2643646977929959,0.08864198159523015,-0.2187061237714656,0.8356645960802636,,,,,,,,,,,,
2026-07-17,evening,priority_report,SIMO,bounce,Medium,GapFade_strongstock,NO-GO,2,2/6,0.10453877952303976,-0.056634244815562514,0.9103465088310366,0.03942661158977615,-0.14251321293083893,0.8592543139051825,,,,,,,,,,,,
2026-07-17,evening,priority_report,STM,bounce,Medium,GapFade_strongstock,NO-GO,1,1/6,0.06641501264726658,-0.04938664967341089,1.3381377101647918,0.10714032359067732,-0.10608869242834733,0.7133323497421485,,,,,,,,,,,,
2026-07-17,evening,priority_report,ON,bounce,Medium,GapFade_strongstock,NO-GO,3,3/6,0.08748555806876797,-0.041988197911938294,1.159228485726809,0.02778302618458249,-0.06337351968419927,0.47068123692164743,,,,,,,,,,,,
2026-07-17,evening,priority_report,NVTS,bounce,Medium,GapFade_weakstock,NO-GO,2,2/6,0.1163291684618699,-0.04721395150999587,0.42493585402231726,0.025708596630168168,-0.11344537815126046,0.9627407407407402,,,,,,,,,,,,
2026-07-17,evening,priority_report,NOK,bounce,Medium,GapFade_strongstock,NO-GO,3,3/6,0.07900273511466442,-0.03275529865125256,2.162155904238625,0.10603062048441128,-0.1294871794871794,0.7953839325343992,,,,,,,,,,,,
2026-07-17,evening,priority_report,DXYZ,bounce,Small,GapFade_weakstock,NO-GO,1,1/6,0.06720532950022114,-0.05340699815837935,0.7225014464077143,0.030388892881642614,-0.0042389210019267605,1.0311037257014983,,,,,,,,,,,,
2026-07-17,evening,priority_report,QCOM,bounce,Large,GapFade_strongstock,NO-GO,3,3/6,0.05978639356254574,-0.02326944493288803,0.7624597399904373,0.058199339653839055,-0.04056709713644017,0.48649177760375856,,,,,,,,,,,,
2026-07-17,evening,priority_report,WOLF,bounce,Small,GapFade_strongstock,NO-GO,2,2/6,0.15774888862189115,-0.03784477228992943,0.1795975520864358,0.009751421977491405,-0.1336345088895366,0.8573099842796028,,,,,,,,,,,,
2026-07-17,evening,priority_report,RVI,bounce,Small,GapFade_weakstock,NO-GO,1,1/6,0.08731576391886058,-0.005968961400716219,0.8640858403145897,0.11549126920697723,-0.08405396056727775,1.1053485203755358,,,,,,,,,,,,
2026-07-17,evening,priority_report,AAOI,bounce,Medium,GapFade_strongstock,CAUTION,4,4/6,0.1379365156998924,-0.04120111731843571,1.3613632656744292,0.058035178893387405,-0.18509366281387005,0.6538427444375496,,,,,,,,,,,,
2026-07-17,evening,priority_report,LWLG,bounce,Small,GapFade_weakstock,NO-GO,0,0/6,0.11320571428571437,-0.046899841017488064,0.8577871356470441,0.06680819690082995,-0.09024745269286756,0.4805411135227898,,,,,,,,,,,,
2026-07-17,evening,priority_report,FCEL,bounce,Small,GapFade_strongstock,NO-GO,2,2/6,0.2501757045675414,-0.012746234067207554,6.118379164156253,0.26498645301678336,-0.139344262295082,0.6090957259193538,,,,,,,,,,,,
2026-07-17,evening,priority_report,ARM,bounce,Large,GapFade_strongstock,NO-GO,3,3/6,0.10370244997194687,-0.04635319262623557,0.7441385776689393,0.03646073125383641,-0.04915175872248104,0.5789030418559528,,,,,,,,,,,,
2026-07-17,evening,priority_report,ALAB,bounce,Medium,GapFade_strongstock,GO,5,5/6,0.15200025016697466,-0.04868017764433601,0.5850712567755358,0.029799441811087065,-0.16342805019625187,0.55028259412416,,,,,,,,,,,,
2026-07-17,evening,priority_report,UMC,bounce,Medium,GapFade_strongstock,NO-GO,2,2/6,0.08248085092149712,-0.07828622700762662,1.4929881656592061,0.04427142746636733,-0.10423657718120803,0.6472203185005255,,,,,,,,,,,,
2026-07-17,evening,priority_report,AMAT,bounce,Large,GapFade_strongstock,NO-GO,0,0/6,0.09691035912878888,-0.050861961385556084,1.021286291221491,0.07803685215337829,-0.10489340271948969,0.6544483222307734,,,,,,,,,,,,
2026-07-17,evening,priority_report,INOD,bounce,Small,GapFade_weakstock,NO-GO,0,0/6,0.0762695725718019,-0.029850746268656723,0.4691645575232326,0.028630190054119313,-0.08802502234137628,0.8501096278922707,,,,,,,,,,,,
2026-07-17,evening,priority_report,BABA,bounce,Large,GapFade_weakstock,NO-GO,0,0/6,0.034459091808468525,-0.024172269980423777,1.4600015828306834,0.029450283374906395,0.02849002849002852,0.6330522160416285,,,,,,,,,,,,
2026-07-17,evening,priority_report,SKHY,bounce,Large,GapFade_strongstock,NO-GO,0,0/6,,-0.0013131114175037005,0.8784630870144293,0.09507785376250294,-0.17986798679867985,,,,,,,,,,,,,
2026-07-17,evening,priority_report,DRAM,bounce,ETF,GapFade_strongstock,NO-GO,2,2/6,0.09819504167330251,-0.047955674436377625,2.2806912867706215,0.22031735893400053,-0.12101910828025472,0.5392766394550472,,,,,,,,,,,,
2026-07-20,morning,priority_report,AMD,bounce,Large,GapFade_strongstock,NO-GO,1,1/6,0.08107083806450328,0.012566564466677461,0.43262079172078444,0,-0.0513096722984465,1.122190346895023,,,,,,,,,,,,
2026-07-20,morning,priority_report,HQ,bounce,Small,GapFade_strongstock,NO-GO,3,3/6,0.15779086892488955,,0.6153138632252175,0,0.01825650387950701,1.3278928017790612,,,,,,,,,,,,
2026-07-20,morning,priority_report,AAPL,breakout,Large,D2_continuation,CAUTION,1,1/6 [REDUCED_SIZE],0.024760426707795113,-0.0008689398933301985,,,,,0.038910867333370396,0.10437590286286003,,,,,,,,,,
2026-07-20,morning,priority_report,SPCE,bounce,Small,GapFade_weakstock,NO-GO,0,0/6,0.07693400167084379,0.0019531249999999584,0.8456100871509208,0,-0.05350553505535056,0.5827632388605337,,,,,,,,,,,,
2026-07-20,morning,priority_report,RXT,bounce,Small,GapFade_strongstock,NO-GO,2,2/6,0.22350213857998297,0.00602409638554204,1.360277633179177,0,-0.06179775280898884,0.34829336252363424,,,,,,,,,,,,
2026-07-20,morning,priority_report,FJET,bounce,Micro,GapFade_weakstock,NO-GO,2,2/6,0.112595547309833,,0.4719749829481388,0,-0.11899313501144165,0.6574502792927872,,,,,,,,,,,,
2026-07-20,morning,priority_report,GOOGL,bounce,Large,GapFade_strongstock,NO-GO,0,0/6,0.03178066792483796,0.004123770799088753,1.166278017064515,0,-0.06125310039900794,0.6470252587713716,,,,,,,,,,,,
2026-07-20,morning,priority_report,NVDA,bounce,Large,GapFade_strongstock,NO-GO,1,1/6,0.03604546028007909,0.0049800305704846455,0.37958684395226816,0,-0.040847058823529445,1.1807884886490696,,,,,,,,,,,,
2026-07-20,morning,priority_report,CRWD,bounce,Large,GapFade_weakstock,NO-GO,2,2/6,0.2379150416843296,-0.004333267677762575,2.2397288808521507,0,-0.022101852299656728,0.20745671167451782,,,,,,,,,,,,
2026-07-20,morning,priority_report,EWY,bounce,ETF,GapFade_strongstock,NO-GO,1,1/6,0.06548892868061319,0.006213855051064473,2.0146158435699824,0,-0.047133535306455226,1.3817939313104375,,,,,,,,,,,,
2026-07-20,morning,priority_report,BOT,bounce,Small,GapFade_strongstock,NO-GO,1,1/6,0.15678042328042327,0.017820424948594912,0.748317350968618,0,-0.059829059829059845,0.7268524128959812,,,,,,,,,,,,
2026-07-20,morning,priority_report,GLW,bounce,Large,GapFade_strongstock,NO-GO,3,3/6,0.12417129208371246,0.015458249789793585,1.942016726270905,0,-0.09982225789805628,0.5869485964272693,,,,,,,,,,,,
2026-07-20,morning,priority_report,AVGO,bounce,Large,GapFade_strongstock,NO-GO,1,1/6,0.04223301841778797,0.00923616261039577,0.8700254666563709,0,-0.05080146089073748,1.236894991366139,,,,,,,,,,,,
2026-07-20,morning,priority_report,PLTR,bounce,Large,GapFade_weakstock,NO-GO,0,0/6,0.05472665023878578,-0.010273455204713592,0.4958074462509055,0,-0.020484449760765407,0.797708798214854,,,,,,,,,,,,
2026-07-20,morning,priority_report,ORCL,bounce,Large,GapFade_weakstock,NO-GO,3,3/6,0.054443571134054014,0.005335020963531411,2.302681763718622,0,-0.040800060381915665,1.0023228204201724,,,,,,,,,,,,
2026-07-20,morning,priority_report,LITE,bounce,Medium,GapFade_strongstock,NO-GO,1,1/6,0.09001170476190476,0.023443683305586566,0.9069665065025037,0,-0.0026595744680851063,1.42470360203948,,,,,,,,,,,,
2026-07-20,morning,priority_report,MSFT,bounce,Large,GapFade_weakstock,NO-GO,0,0/6,0.029161362669797575,-0.0020567772078614655,1.308044239959846,0,-0.006622349164623524,0.7852918574583093,,,,,,,,,,,,
2026-07-20,morning,priority_report,HYLN,bounce,Small,GapFade_strongstock,NO-GO,2,2/6,0.11764514896867834,,1.5515411288825167,0,-0.05316455696202531,0.7272845338398349,,,,,,,,,,,,
2026-07-20,morning,priority_report,MU,bounce,Large,GapFade_strongstock,NO-GO,1,1/6,0.09326687945445972,0.027528122975440255,1.8404885588520183,0,-0.03534303534303526,1.2286352503586637,,,,,,,,,,,,
2026-07-20,morning,priority_report,IONQ,bounce,Medium,GapFade_weakstock,NO-GO,1,1/6,0.09229295921226434,0.026164462334675002,0.9889915957898124,0,-0.04852039456145029,0.7954010725337247,,,,,,,,,,,,
2026-07-20,morning,priority_report,WDC,bounce,Large,GapFade_strongstock,CAUTION,4,4/6,0.1116750627862314,0.013159549054943155,1.2540356189133288,0,-0.059045617312782246,1.1558222768423199,,,,,,,,,,,,
2026-07-20,morning,priority_report,STX,bounce,Large,GapFade_strongstock,NO-GO,2,2/6,0.10117625577462575,0.015653962369550366,1.4743503494820807,0,-0.03417843776409507,1.3375340938202984,,,,,,,,,,,,
2026-07-20,morning,priority_report,KEEL,bounce,Medium,GapFade_weakstock,NO-GO,0,0/6,0.12889043239159778,0.010151898734177165,0.8017609231624885,0,-0.08273563218390798,0.8944444444444434,,,,,,,,,,,,
2026-07-20,morning,priority_report,IREN,bounce,Medium,GapFade_weakstock,NO-GO,0,0/6,0.11282596696407089,0.026177870315288697,1.1586489343709607,0,-0.09874346917450359,0.693640345645756,,,,,,,,,,,,
2026-07-20,morning,priority_report,MP,bounce,Medium,GapFade_weakstock,NO-GO,0,0/6,0.06549820059458612,0.009062776304155539,0.9150172118775312,0,-0.07703194500606556,0.8996677010695195,,,,,,,,,,,,
2026-07-20,morning,priority_report,BE,bounce,Medium,GapFade_strongstock,NO-GO,2,2/6,0.14620796724156637,-0.01972459992556759,1.568886301402452,0,-0.11972595872671066,0.9461538532874963,,,,,,,,,,,,
2026-07-20,morning,priority_report,OKLO,bounce,Medium,GapFade_weakstock,NO-GO,1,1/6,0.08291691209590799,0.0029189978107515796,0.7465251880910846,0,-0.09761435762748963,0.895086426820835,,,,,,,,,,,,
2026-07-20,morning,priority_report,SMR,bounce,Medium,GapFade_weakstock,NO-GO,2,2/6,0.08913952627683194,0.0,1.254627396338325,0,-0.07655502392344495,1.0026779597683264,,,,,,,,,,,,
2026-07-20,morning,priority_report,RKLB,bounce,Medium,GapFade_weakstock,NO-GO,0,0/6,0.11230808925217249,0.02351375332741776,1.3391963568705476,0,-0.09173228346456705,0.7873567126570704,,,,,,,,,,,,
2026-07-20,morning,priority_report,DGXX,bounce,Small,GapFade_weakstock,NO-GO,0,0/6,0.10618745467730237,0.045092838196286456,1.0426154831853467,0,-0.04136253041362539,0.7600771686613289,,,,,,,,,,,,
2026-07-20,morning,priority_report,APP,bounce,Large,GapFade_weakstock,NO-GO,0,0/6,0.07906824727077891,0.004852310736326382,0.8904985954327751,0,-0.057716519780001314,0.5265262145001387,,,,,,,,,,,,
2026-07-20,morning,priority_report,OPEN,bounce,Medium,GapFade_weakstock,NO-GO,0,0/6,0.08865061767500793,0.002222222222222175,1.0999328641875938,0,-0.05052631578947373,0.6002787008253837,,,,,,,,,,,,
2026-07-20,morning,priority_report,CRML,bounce,Small,GapFade_weakstock,NO-GO,0,0/6,0.0939907550077042,0.014062499999999978,0.7088616754553155,0,-0.1311914323962516,0.6229508196721307,,,,,,,,,,,,
2026-07-20,morning,priority_report,SNDK,bounce,Large,GapFade_strongstock,NO-GO,3,3/6,0.15796633607399796,0.025966549061868044,1.6430825878775688,0,-0.1393188854489164,0.8023292199097023,,,,,,,,,,,,
2026-07-20,morning,priority_report,PL,bounce,Medium,GapFade_weakstock,NO-GO,1,1/6,0.10631632201353317,0.005340453938584825,1.62358691207184,0,-0.09277108433734935,0.9410057221713313,,,,,,,,,,,,
2026-07-20,morning,priority_report,RGTI,bounce,Medium,GapFade_weakstock,NO-GO,1,1/6,0.08508354256768673,0.015754783841247386,0.5942991302196032,0,-0.06017704918032787,0.9593725471819688,,,,,,,,,,,,
2026-07-20,morning,priority_report,CRWV,bounce,Medium,GapFade_weakstock,NO-GO,0,0/6,0.09292032339216101,0.016118016664390205,0.9372922518445911,0,-0.035399377593361044,0.8665658118810236,,,,,,,,,,,,
2026-07-20,morning,priority_report,NBIS,bounce,Medium,GapFade_strongstock,NO-GO,2,2/6,0.13988113654301504,0.018513308198750727,1.772937949901999,0,-0.09277730439576959,0.8870949176603882,,,,,,,,,,,,
2026-07-20,morning,priority_report,CRDO,bounce,Medium,GapFade_strongstock,NO-GO,3,3/6,0.12299883625078799,0.017515295046378443,1.2402577212797279,0,-0.09045602893181626,0.9502859136523024,,,,,,,,,,,,
2026-07-20,morning,priority_report,POET,bounce,Small,GapFade_weakstock,NO-GO,0,0/6,0.10644220446707643,0.017388362652232845,1.122041563203411,0,-0.09087061668681974,0.6372724027133165,,,,,,,,,,,,
2026-07-20,morning,priority_report,U,bounce,Medium,GapFade_weakstock,NO-GO,0,0/6,0.05845254538279399,-0.0010348395998619382,0.37167745303166133,0,-0.07387272145826666,0.6320941811890799,,,,,,,,,,,,
2026-07-20,morning,priority_report,TSLA,bounce,Large,GapFade_weakstock,NO-GO,0,0/6,0.04881672295086259,0.0030196407940343297,0.29697693734425434,0,-0.031612837803579506,0.4542110202440003,,,,,,,,,,,,
2026-07-20,morning,priority_report,FIG,bounce,Medium,GapFade_weakstock,NO-GO,1,1/6,0.08004608294930877,-0.003340292275574042,1.3058889656557733,0,0.015744680851063873,0.7902862825142624,,,,,,,,,,,,
2026-07-20,morning,priority_report,IBIT,bounce,ETF,GapFade_weakstock,NO-GO,2,2/6,0.029745769741696813,-0.00033837689133434134,0.41226284487204634,0,-0.012830752512904215,1.036180406410043,,,,,,,,,,,,
2026-07-20,morning,priority_report,ETHE,bounce,Medium,GapFade_weakstock,NO-GO,0,0/6,0.0384872550884535,0.009408602150537553,0.2954906109130617,0,-0.03221649484536083,0.7265448344886382,,,,,,,,,,,,
2026-07-20,morning,priority_report,TEAM,bounce,Medium,GapFade_weakstock,NO-GO,0,0/6,0.06399227799227797,-0.008468217386643865,0.6530797803230926,0,0.007954669281900447,0.7331965729455758,,,,,,,,,,,,
2026-07-20,morning,priority_report,MSTR,bounce,Medium,GapFade_weakstock,NO-GO,1,1/6,0.07780279339687887,0.0017923036373221055,0.9047860531321731,0,-0.025135939263363116,0.7994106251721012,,,,,,,,,,,,
2026-07-20,morning,priority_report,KWEB,bounce,ETF,GapFade_weakstock,NO-GO,1,1/6,0.023688046647230305,0.023498694516971376,1.162598010721728,0,0.016296296296296343,0.46153846153846295,,,,,,,,,,,,
2026-07-20,morning,priority_report,AXTI,bounce,Medium,GapFade_strongstock,NO-GO,3,3/6,0.18085159500693476,0.010684692542520758,1.6057203911203788,0,-0.13234743541744665,0.7575212220057842,,,,,,,,,,,,
2026-07-20,morning,priority_report,CBRS,bounce,Medium,GapFade_strongstock,NO-GO,2,2/6,0.11284711850649351,0.018164989008446063,0.48045850274298396,0,-0.0435302429215803,0.7109377163463529,,,,,,,,,,,,
2026-07-20,morning,priority_report,SOXL,bounce,ETF,GapFade_strongstock,NO-GO,3,3/6,0.24378758966342912,0.025836716616225018,0.876644382786008,0,-0.16055511929930538,0.8243999792540134,,,,,,,,,,,,
2026-07-20,morning,priority_report,MRVL,bounce,Large,GapFade_strongstock,NO-GO,3,3/6,0.1096864311422759,0.01605893576425695,1.4156950242174167,0,-0.07054203432560838,0.765646325746846,,,,,,,,,,,,
2026-07-20,morning,priority_report,META,breakout,Large,D2_continuation,NO-GO,2,2/6 [AVOID],0.047591063386062615,-0.003266203309546313,,,,,-0.0017213944912796721,0.06817654365364184,,,,,,,,,,
2026-07-20,morning,priority_report,INTC,bounce,Large,GapFade_strongstock,NO-GO,2,2/6,0.09616589430532038,0.0119949494949495,0.9985327490451105,0,-0.066122924555782,0.914670169658805,,,,,,,,,,,,
2026-07-20,morning,priority_report,BRUN,bounce,Small,GapFade_weakstock,NO-GO,0,0/6,0.13757751257751255,,0.7389693073922857,0,-0.0483242400623538,0.7679387690018068,,,,,,,,,,,,
2026-07-20,morning,priority_report,MXL,bounce,Medium,GapFade_strongstock,CAUTION,4,4/6,0.18102979721340878,0.009047884187082286,1.7898024201017517,0,-0.18403872129671328,0.5303725943678399,,,,,,,,,,,,
2026-07-20,morning,priority_report,SIMO,bounce,Medium,GapFade_strongstock,NO-GO,0,0/6,0.10214149786780384,0.013903338692897045,1.664344873964481,0,-0.08657123381049754,0.9498091118528088,,,,,,,,,,,,
2026-07-20,morning,priority_report,STM,bounce,Medium,GapFade_strongstock,NO-GO,1,1/6,0.0682532268826358,0.0004834031582339854,1.6496587474943332,0,-0.08354243542435419,1.2341184362664288,,,,,,,,,,,,
2026-07-20,morning,priority_report,ON,bounce,Medium,GapFade_strongstock,NO-GO,3,3/6,0.06876088156954459,0.00675289000801178,0.9668401347616188,0,-0.049492111519343115,1.0994828455658059,,,,,,,,,,,,
2026-07-20,morning,priority_report,NVTS,bounce,Medium,GapFade_weakstock,NO-GO,1,1/6,0.11900345125107854,0.011343804537521728,0.4581338890195654,0,-0.12660135644310472,0.960667029182526,,,,,,,,,,,,
2026-07-20,morning,priority_report,NOK,bounce,Medium,GapFade_strongstock,NO-GO,3,3/6,0.0736845758711648,0.01679841897233201,2.7008632474160224,0,-0.08533333333333341,0.6726330664154495,,,,,,,,,,,,
2026-07-20,morning,priority_report,DXYZ,bounce,Small,GapFade_weakstock,NO-GO,0,0/6,0.06655510834206317,-0.0023103581055063044,0.7414717703607674,0,-0.023369770071617075,0.6552841083248415,,,,,,,,,,,,
2026-07-20,morning,priority_report,QCOM,bounce,Large,GapFade_strongstock,NO-GO,1,1/6,0.052771362586605086,0.008266387239492301,1.2884805114378433,0,-0.026856950219125753,0.8332603938730837,,,,,,,,,,,,
2026-07-20,morning,priority_report,WOLF,bounce,Small,GapFade_strongstock,NO-GO,2,2/6,0.15203002486135017,-0.00033456005352966087,0.19710207966086926,0,-0.14871794871794877,0.5822583384174145,,,,,,,,,,,,
2026-07-20,morning,priority_report,RVI,bounce,Small,GapFade_weakstock,NO-GO,1,1/6,0.08932582123758595,,0.9298607474762868,0,-0.037499999999999985,1.4795492933655474,,,,,,,,,,,,
2026-07-20,morning,priority_report,AAOI,bounce,Medium,GapFade_strongstock,NO-GO,3,3/6,0.1349022647919338,0.025135240699150487,1.3130868195988983,0,-0.03763773031441933,1.0364486325395428,,,,,,,,,,,,
2026-07-20,morning,priority_report,LWLG,bounce,Small,GapFade_weakstock,NO-GO,0,0/6,0.11150111607142862,0.02728731942215087,0.8975385729120572,0,-0.0518518518518518,0.7497122266152844,,,,,,,,,,,,
2026-07-20,morning,priority_report,FCEL,bounce,Small,GapFade_strongstock,NO-GO,2,2/6,0.22781937172774872,0.03271154366044879,7.2116796334386155,0,-0.056790123456790055,0.6273914991899058,,,,,,,,,,,,
2026-07-20,morning,priority_report,ARM,bounce,Large,GapFade_strongstock,CAUTION,4,4/6,0.10504535231392058,0.010329727908978596,1.2742748604739516,0,-0.02548644453268836,1.0494765841330642,,,,,,,,,,,,
2026-07-20,morning,priority_report,ALAB,bounce,Medium,GapFade_strongstock,NO-GO,3,3/6,0.15006336200315537,0.016961991963638685,0.8108603090248111,0,-0.1193599908733102,0.5427854776442829,,,,,,,,,,,,
2026-07-20,morning,priority_report,UMC,bounce,Medium,GapFade_strongstock,CAUTION,4,4/6,0.08537462537462537,-0.05788235294117649,1.9794689830927883,0,-0.19662921348314613,0.9211912005616666,,,,,,,,,,,,
2026-07-20,morning,priority_report,AMAT,bounce,Large,GapFade_strongstock,NO-GO,0,0/6,0.09675022414823672,0.010761620662311759,1.0499063888796347,0,-0.07605750478918927,0.7328722956510306,,,,,,,,,,,,
2026-07-20,morning,priority_report,INOD,bounce,Small,GapFade_weakstock,NO-GO,0,0/6,0.07677285573331456,,0.6461095179398789,0,-0.06890215893431327,0.9531852475136746,,,,,,,,,,,,
2026-07-20,morning,priority_report,BABA,bounce,Large,GapFade_weakstock,NO-GO,0,0/6,0.033167743399290656,0.040532312777246206,0.697097208543707,0,0.016483983346078663,0.5015301530153041,,,,,,,,,,,,
2026-07-20,morning,priority_report,SKHY,bounce,Large,GapFade_strongstock,NO-GO,1,1/6,,0.04018697656300719,0.8395534396654314,0,-0.0920321885979826,,,,,,,,,,,,,
2026-07-20,morning,priority_report,DRAM,bounce,ETF,GapFade_strongstock,NO-GO,3,3/6,0.10063572365427337,0.012329286798179033,2.3698029175460595,0,-0.0702090592334495,1.2595587355205942,,,,,,,,,,,,
2026-07-20,morning,watchlist_report,AXTI,bounce,Medium,GapFade_strongstock,NO-GO,3,3/6,0.1796115583580764,0.017662450937636333,1.6057203911203788,0,-0.12635716959940096,0.7575212220057842,,,,,,,,,,,,
2026-07-20,morning,watchlist_report,MXL,bounce,Medium,GapFade_strongstock,CAUTION,4,4/6,0.17976506849315071,0.016146993318485476,1.7898024201017517,0,-0.17829806393516437,0.5303725943678399,,,,,,,,,,,,
2026-07-20,morning,watchlist_report,RXT,bounce,Small,GapFade_strongstock,NO-GO,2,2/6,0.2246320242107436,0.0009638554216866408,1.360277633179177,0,-0.06651685393258433,0.34829336252363424,,,,,,,,,,,,
2026-07-20,morning,watchlist_report,ALAB,bounce,Medium,GapFade_strongstock,NO-GO,3,3/6,0.15078120496490166,0.012120413674988494,0.8108603090248111,0,-0.12355256402943356,0.5427854776442829,,,,,,,,,,,,
2026-07-20,morning,watchlist_report,WOLF,bounce,Small,GapFade_strongstock,NO-GO,2,2/6,0.1494295112781955,0.01706256273000997,0.19710207966086926,0,-0.133903133903134,0.5822583384174145,,,,,,,,,,,,
2026-07-20,morning,watchlist_report,SNDK,bounce,Large,GapFade_strongstock,NO-GO,3,3/6,0.15673836428474552,0.03400451720523772,1.6430825878775688,0,-0.13257585139318878,0.8023292199097023,,,,,,,,,,,,
2026-07-20,morning,watchlist_report,UMC,bounce,Medium,GapFade_strongstock,CAUTION,4,4/6,0.08546,-0.058823529411764705,1.9794689830927883,0,-0.19743178170144468,0.9211912005616666,,,,,,,,,,,,
2026-07-20,morning,watchlist_report,SOXL,bounce,ETF,GapFade_strongstock,NO-GO,3,3/6,0.24108254724125847,0.0373470140990626,0.876644382786008,0,-0.1511362126245847,0.8243999792540134,,,,,,,,,,,,
2026-07-20,morning,watchlist_report,GLW,bounce,Large,GapFade_strongstock,NO-GO,3,3/6,0.12371606424730693,0.0191947480758035,1.942016726270905,0,-0.09650994782409268,0.5869485964272693,,,,,,,,,,,,
2026-07-20,morning,watchlist_report,FCEL,bounce,Small,GapFade_strongstock,NO-GO,2,2/6,0.22829748163693606,0.030548796972154513,7.2116796334386155,0,-0.058765432098765495,0.6273914991899058,,,,,,,,,,,,
2026-07-20,morning,watchlist_report,MRVL,bounce,Large,GapFade_strongstock,NO-GO,3,3/6,0.1093954100212554,0.018761924952300148,1.4156950242174167,0,-0.06806942693687575,0.765646325746846,,,,,,,,,,,,
2026-07-20,morning,watchlist_report,CRWD,bounce,Large,GapFade_weakstock,NO-GO,2,2/6,0.23746876013708873,-0.0024620839078195785,2.2397288808521507,0,-0.02026406151762827,0.20745671167451782,,,,,,,,,,,,
2026-07-20,morning,watchlist_report,HYLN,bounce,Small,GapFade_strongstock,NO-GO,2,2/6,0.11764514896867834,,1.5515411288825167,0,-0.05316455696202531,0.7272845338398349,,,,,,,,,,,,
2026-07-20,morning,watchlist_report,NOK,bounce,Medium,GapFade_strongstock,NO-GO,3,3/6,0.0736845758711648,0.01679841897233201,2.7008632474160224,0,-0.08533333333333341,0.6726330664154495,,,,,,,,,,,,
2026-07-20,morning,watchlist_report,AAOI,bounce,Medium,GapFade_strongstock,NO-GO,3,3/6,0.134166283224165,0.030758714969241343,1.3130868195988983,0,-0.03235860298835824,1.0364486325395428,,,,,,,,,,,,
2026-07-20,morning,watchlist_report,CRDO,bounce,Medium,GapFade_strongstock,NO-GO,3,3/6,0.12299883625078799,0.017515295046378443,1.2402577212797279,0,-0.09045602893181626,0.9502859136523024,,,,,,,,,,,,
2026-07-20,morning,watchlist_report,FJET,bounce,Micro,GapFade_weakstock,NO-GO,2,2/6,0.112595547309833,,0.4719749829481388,0,-0.11899313501144165,0.6574502792927872,,,,,,,,,,,,
2026-07-20,morning,watchlist_report,BE,bounce,Medium,GapFade_strongstock,NO-GO,2,2/6,0.14642337748749043,-0.02116672869371051,1.568886301402452,0,-0.12102097084134013,0.9461538532874963,,,,,,,,,,,,
2026-07-20,morning,watchlist_report,ARM,bounce,Large,GapFade_strongstock,CAUTION,4,4/6,0.10502589947089948,0.010516860660952889,1.2742748604739516,0,-0.025305945633731602,1.0494765841330642,,,,,,,,,,,,
2026-07-20,morning,watchlist_report,DRAM,bounce,ETF,GapFade_strongstock,NO-GO,3,3/6,0.09986851192689791,0.02010622154779974,2.3698029175460595,0,-0.06306620209059229,1.2595587355205942,,,,,,,,,,,,
2026-07-20,morning,watchlist_report,BOT,bounce,Small,GapFade_strongstock,NO-GO,1,1/6,0.15678042328042327,0.017820424948594912,0.748317350968618,0,-0.059829059829059845,0.7268524128959812,,,,,,,,,,,,
2026-07-20,morning,watchlist_report,HQ,bounce,Small,GapFade_strongstock,NO-GO,3,3/6,0.15779086892488955,,0.6153138632252175,0,0.01825650387950701,1.3278928017790612,,,,,,,,,,,,
2026-07-20,morning,watchlist_report,NBIS,bounce,Medium,GapFade_strongstock,NO-GO,2,2/6,0.1391202028368906,0.024084182094423503,1.772937949901999,0,-0.08781514711042045,0.8870949176603882,,,,,,,,,,,,
2026-07-20,morning,watchlist_report,INTC,bounce,Large,GapFade_strongstock,NO-GO,2,2/6,0.09584700222057736,0.015361952861952795,0.9985327490451105,0,-0.06301582677929891,0.914670169658805,,,,,,,,,,,,
2026-07-20,morning,watchlist_report,WDC,bounce,Large,GapFade_strongstock,CAUTION,4,4/6,0.11085881176270457,0.02061942081220396,1.2540356189133288,0,-0.052117390627432716,1.1558222768423199,,,,,,,,,,,,
2026-07-20,morning,watchlist_report,CRML,bounce,Small,GapFade_weakstock,NO-GO,0,0/6,0.09312977099236645,0.023437499999999917,0.7088616754553155,0,-0.12315930388219544,0.6229508196721307,,,,,,,,,,,,
2026-07-20,morning,watchlist_report,NVTS,bounce,Medium,GapFade_weakstock,NO-GO,1,1/6,0.11839055793991418,0.01657940663176261,0.4581338890195654,0,-0.12207987942727952,0.960667029182526,,,,,,,,,,,,
2026-07-20,morning,watchlist_report,MU,bounce,Large,GapFade_strongstock,NO-GO,1,1/6,0.09239936432943897,0.03717533423640962,1.8404885588520183,0,-0.026286106073340098,1.2286352503586637,,,,,,,,,,,,
2026-07-20,morning,watchlist_report,CBRS,bounce,Medium,GapFade_strongstock,NO-GO,2,2/6,0.11345954217162443,0.012669212079139174,0.48045850274298396,0,-0.048693005814901255,0.7109377163463529,,,,,,,,,,,,
2026-07-20,morning,watchlist_report,IONQ,bounce,Medium,GapFade_weakstock,NO-GO,1,1/6,0.09149821428571428,0.03507763082231164,0.9889915957898124,0,-0.04025593175153287,0.7954010725337247,,,,,,,,,,,,
2026-07-20,morning,watchlist_report,ON,bounce,Medium,GapFade_strongstock,NO-GO,3,3/6,0.06876088156954459,0.00675289000801178,0.9668401347616188,0,-0.049492111519343115,1.0994828455658059,,,,,,,,,,,,
2026-07-20,morning,watchlist_report,PL,bounce,Medium,GapFade_weakstock,NO-GO,1,1/6,0.10556860282574568,0.012461059190031204,1.62358691207184,0,-0.08634538152610437,0.9410057221713313,,,,,,,,,,,,
2026-07-20,morning,watchlist_report,AMAT,bounce,Large,GapFade_strongstock,NO-GO,0,0/6,0.09627009646302254,0.015802590340973463,1.0499063888796347,0,-0.07144952798439842,0.7328722956510306,,,,,,,,,,,,
2026-07-20,morning,watchlist_report,IREN,bounce,Medium,GapFade_weakstock,NO-GO,0,0/6,0.11220833504921139,0.03182629387269484,1.1586489343709607,0,-0.0937826541274818,0.693640345645756,,,,,,,,,,,,
2026-07-20,morning,watchlist_report,SIMO,bounce,Medium,GapFade_strongstock,NO-GO,0,0/6,0.10214149786780384,0.013903338692897045,1.664344873964481,0,-0.08657123381049754,0.9498091118528088,,,,,,,,,,,,
2026-07-20,morning,watchlist_report,RVI,bounce,Small,GapFade_weakstock,NO-GO,1,1/6,0.08932582123758595,,0.9298607474762868,0,-0.037499999999999985,1.4795492933655474,,,,,,,,,,,,
2026-07-20,morning,watchlist_report,STM,bounce,Medium,GapFade_strongstock,NO-GO,1,1/6,0.06820928467958887,0.001127940702545928,1.6496587474943332,0,-0.08295202952029516,1.2341184362664288,,,,,,,,,,,,
2026-07-20,morning,watchlist_report,STX,bounce,Large,GapFade_strongstock,NO-GO,1,1/6,0.10094785839005097,0.017951908183734083,1.4743503494820807,0,-0.031993239164553905,1.3375340938202984,,,,,,,,,,,,
2026-07-20,morning,watchlist_report,QCOM,bounce,Large,GapFade_strongstock,NO-GO,1,1/6,0.052771362586605086,0.008266387239492301,1.2884805114378433,0,-0.026856950219125753,0.8332603938730837,,,,,,,,,,,,
2026-07-20,morning,watchlist_report,POET,bounce,Small,GapFade_weakstock,NO-GO,0,0/6,0.10684722487125689,0.013531799729364078,1.122041563203411,0,-0.09431680773881493,0.6372724027133165,,,,,,,,,,,,
2026-07-20,morning,watchlist_report,EWY,bounce,ETF,GapFade_strongstock,NO-GO,1,1/6,0.06522571271977522,0.010274393995324326,2.0146158435699824,0,-0.04328827779072465,1.3817939313104375,,,,,,,,,,,,
2026-07-20,morning,watchlist_report,OKLO,bounce,Medium,GapFade_weakstock,NO-GO,1,1/6,0.08243704571290779,0.008756993432254912,0.7465251880910846,0,-0.09236156708251256,0.895086426820835,,,,,,,,,,,,
2026-07-20,morning,watchlist_report,DGXX,bounce,Small,GapFade_weakstock,NO-GO,0,0/6,0.10755233198677926,0.03183023872679048,1.0426154831853467,0,-0.05352798053527985,0.7600771686613289,,,,,,,,,,,,
2026-07-20,morning,watchlist_report,KEEL,bounce,Medium,GapFade_weakstock,NO-GO,0,0/6,0.1288936627282492,0.010126582278481022,0.8017609231624885,0,-0.08275862068965505,0.8944444444444434,,,,,,,,,,,,
2026-07-20,morning,watchlist_report,SPCE,bounce,Small,GapFade_weakstock,NO-GO,0,0/6,0.07693400167084379,0.0019531249999999584,0.8456100871509208,0,-0.05350553505535056,0.5827632388605337,,,,,,,,,,,,
2026-07-20,morning,watchlist_report,SMR,bounce,Medium,GapFade_weakstock,NO-GO,2,2/6,0.08879447004608292,0.003886010362694333,1.254627396338325,0,-0.07296650717703343,1.0026779597683264,,,,,,,,,,,,
2026-07-20,morning,watchlist_report,INOD,bounce,Small,GapFade_weakstock,NO-GO,0,0/6,0.07677285573331456,,0.6461095179398789,0,-0.06890215893431327,0.9531852475136746,,,,,,,,,,,,
2026-07-20,morning,watchlist_report,LWLG,bounce,Small,GapFade_weakstock,NO-GO,0,0/6,0.11132716737240923,0.028892455858747945,0.8975385729120572,0,-0.05037037037037035,0.7497122266152844,,,,,,,,,,,,
2026-07-20,morning,watchlist_report,CRWV,bounce,Medium,GapFade_weakstock,NO-GO,0,0/6,0.09267117384559401,0.018849883895642804,0.9372922518445911,0,-0.03280601659751039,0.8665658118810236,,,,,,,,,,,,
2026-07-20,morning,watchlist_report,RKLB,bounce,Medium,GapFade_weakstock,NO-GO,0,0/6,0.11110410030221352,0.03460514640638848,1.3391963568705476,0,-0.08188976377952767,0.7873567126570704,,,,,,,,,,,,
2026-07-20,morning,watchlist_report,RGTI,bounce,Medium,GapFade_weakstock,NO-GO,1,1/6,0.0844489513256826,0.02338766832034019,0.5942991302196032,0,-0.05311475409836069,0.9593725471819688,,,,,,,,,,,,
2026-07-20,morning,watchlist_report,LITE,bounce,Medium,GapFade_strongstock,NO-GO,1,1/6,0.08941560075685903,0.03026664119429048,0.9069665065025037,0,0.003989361702127659,1.42470360203948,,,,,,,,,,,,
2026-07-20,morning,watchlist_report,ORCL,bounce,Large,GapFade_weakstock,NO-GO,3,3/6,0.05440692436446154,0.006012182580492091,2.302681763718622,0,-0.04015397388482155,1.0023228204201724,,,,,,,,,,,,
2026-07-20,morning,watchlist_report,BRUN,bounce,Small,GapFade_weakstock,NO-GO,0,0/6,0.13757751257751255,,0.7389693073922857,0,-0.0483242400623538,0.7679387690018068,,,,,,,,,,,,
2026-07-20,morning,watchlist_report,GOOGL,bounce,Large,GapFade_strongstock,NO-GO,0,0/6,0.03174238016014164,0.005334948236583392,1.166278017064515,0,-0.06012078076135018,0.6470252587713716,,,,,,,,,,,,
2026-07-20,morning,watchlist_report,AMD,bounce,Large,GapFade_strongstock,NO-GO,1,1/6,0.08067069061211544,0.017589156043246786,0.43262079172078444,0,-0.04660392334731823,1.122190346895023,,,,,,,,,,,,
2026-07-20,morning,watchlist_report,DXYZ,bounce,Small,GapFade_weakstock,NO-GO,0,0/6,0.066580805295091,-0.0026954177897574234,0.7414717703607674,0,-0.023746701846965795,0.6552841083248415,,,,,,,,,,,,
2026-07-20,morning,watchlist_report,AVGO,bounce,Large,GapFade_strongstock,NO-GO,1,1/6,0.042215669666966917,0.009650913503674243,0.8700254666563709,0,-0.050411382773663346,1.236894991366139,,,,,,,,,,,,
2026-07-20,morning,watchlist_report,NVDA,bounce,Large,GapFade_strongstock,NO-GO,1,1/6,0.036031317872906914,0.005374488437453791,0.37958684395226816,0,-0.04047058823529409,1.1807884886490696,,,,,,,,,,,,
2026-07-20,morning,watchlist_report,MP,bounce,Medium,GapFade_weakstock,NO-GO,0,0/6,0.06531620232654807,0.011874447391688739,0.9150172118775312,0,-0.07446016983420947,0.8996677010695195,,,,,,,,,,,,
2026-07-20,morning,watchlist_report,SKHY,bounce,Large,GapFade_strongstock,NO-GO,1,1/6,,0.04784782185288583,0.8395534396654314,0,-0.08534512070724244,,,,,,,,,,,,,
2026-07-20,morning,watchlist_report,MSTR,bounce,Medium,GapFade_weakstock,NO-GO,1,1/6,0.07784375517080584,0.0012651555086979922,0.9047860531321731,0,-0.025648917615676618,0.7994106251721012,,,,,,,,,,,,
2026-07-20,morning,watchlist_report,KWEB,bounce,ETF,GapFade_weakstock,NO-GO,1,1/6,0.02367941712204006,0.023871689668034338,1.162598010721728,0,0.01666666666666664,0.46153846153846295,,,,,,,,,,,,
2026-07-20,morning,watchlist_report,APP,bounce,Large,GapFade_weakstock,NO-GO,0,0/6,0.07906824727077891,0.004852310736326382,0.8904985954327751,0,-0.057716519780001314,0.5265262145001387,,,,,,,,,,,,
2026-07-20,morning,watchlist_report,U,bounce,Medium,GapFade_weakstock,NO-GO,0,0/6,0.058371921182266,0.0003449465332873944,0.37167745303166133,0,-0.07259354013431403,0.6320941811890799,,,,,,,,,,,,
2026-07-20,morning,watchlist_report,ETHE,bounce,Medium,GapFade_weakstock,NO-GO,0,0/6,0.0384872550884535,0.009408602150537553,0.2954906109130617,0,-0.03221649484536083,0.7265448344886382,,,,,,,,,,,,
2026-07-20,morning,watchlist_report,TEAM,bounce,Medium,GapFade_weakstock,NO-GO,0,0/6,0.06399227799227797,-0.008468217386643865,0.6530797803230926,0,0.007954669281900447,0.7331965729455758,,,,,,,,,,,,
2026-07-20,morning,watchlist_report,OPEN,bounce,Medium,GapFade_weakstock,NO-GO,0,0/6,0.08845448798988623,0.00444444444444435,1.0999328641875938,0,-0.04842105263157904,0.6002787008253837,,,,,,,,,,,,
2026-07-20,morning,watchlist_report,IBIT,bounce,ETF,GapFade_weakstock,NO-GO,2,2/6,0.029719352684708725,0.0005502063273726553,0.41226284487204634,0,-0.01195327356696563,1.036180406410043,,,,,,,,,,,,
2026-07-20,morning,watchlist_report,FIG,bounce,Medium,GapFade_weakstock,NO-GO,1,1/6,0.07987876254180604,-0.0012526096033401914,1.3058889656557733,0,0.01787234042553199,0.7902862825142624,,,,,,,,,,,,
2026-07-20,morning,watchlist_report,TSLA,bounce,Large,GapFade_weakstock,NO-GO,0,0/6,0.04878351863963375,0.003702342190946395,0.29697693734425434,0,-0.030953708867819247,0.4542110202440003,,,,,,,,,,,,
2026-07-20,morning,watchlist_report,PLTR,bounce,Large,GapFade_weakstock,NO-GO,0,0/6,0.05481647696450919,-0.011895301405046134,0.4958074462509055,0,-0.022089563397129208,0.797708798214854,,,,,,,,,,,,
2026-07-20,morning,watchlist_report,MSFT,bounce,Large,GapFade_weakstock,NO-GO,0,0/6,0.029191816461684013,-0.0030978619673961974,1.308044239959846,0,-0.0076586709804614735,0.7852918574583093,,,,,,,,,,,,
2026-07-20,morning,watchlist_report,BABA,bounce,Large,GapFade_weakstock,NO-GO,0,0/6,0.03318993845970005,0.03983647908149951,0.697097208543707,0,0.015804231455518732,0.5015301530153041,,,,,,,,,,,,
2026-07-20,morning,watchlist_report,AAPL,breakout,Large,D2_continuation,CAUTION,1,1/6 [REDUCED_SIZE],0.024759684177155523,-0.0008389764487326349,,,,0.7254282626995098,0.038942023754642924,0.10437590286286003,,,,,,,,,,
2026-07-20,morning,watchlist_report,META,breakout,Large,D2_continuation,NO-GO,2,2/6 [AVOID],0.047532008243036626,-0.002027832386495481,,,,0.854982956283054,-0.00048110425303298095,0.06817654365364184,,,,,,,,,,
2026-07-20,evening,priority_report,AMD,breakout,Large,D2_continuation,CAUTION,4,4/6 [REDUCED_SIZE],0.07930202023902408,0.03515168629982241,,,,,-0.019309332466165154,0.0692993841915926,,,,,,,,,,
2026-07-20,evening,priority_report,HQ,bounce,Small,GapFade_strongstock,NO-GO,3,3/6,0.16573984396018296,-0.0004482294935005832,0.6153138632252175,0.003952870589573869,-0.03057964399817443,1.3278928017790612,,,,,,,,,,,,
2026-07-20,evening,priority_report,AAPL,breakout,Large,D2_continuation,CAUTION,2,2/6 [REDUCED_SIZE],0.025225677622102902,-0.01929645832084856,,,,,0.0197496682507487,0.10689499762761019,,,,,,,,,,
2026-07-20,evening,priority_report,SPCE,bounce,Small,GapFade_weakstock,NO-GO,0,0/6,0.07633876761536337,-0.00390625000000009,0.8456100871509208,0.020880430065058308,-0.046125461254612546,0.5827632388605337,,,,,,,,,,,,
2026-07-20,evening,priority_report,RXT,bounce,Small,GapFade_strongstock,NO-GO,2,2/6,0.22138112184375539,0.002409638554216816,1.360277633179177,0.02747444885184483,-0.052808988764045016,0.34829336252363424,,,,,,,,,,,,
2026-07-20,evening,priority_report,FJET,bounce,Micro,GapFade_weakstock,NO-GO,2,2/6,0.11941951987406531,0.0,0.4719749829481388,0.012652132491702966,-0.1693363844393593,0.6574502792927872,,,,,,,,,,,,
2026-07-20,evening,priority_report,GOOGL,bounce,Large,GapFade_strongstock,NO-GO,0,0/6,0.03145277142775937,0.0118522363526257,1.166278017064515,0.02363090187636648,-0.05146662353068055,0.6470252587713716,,,,,,,,,,,,
2026-07-20,evening,priority_report,NVDA,bounce,Large,GapFade_strongstock,NO-GO,1,1/6,0.03613232535427984,0.015088013411567488,0.37958684395226816,0.01201701599055655,-0.04315294117647053,1.1807884886490696,,,,,,,,,,,,
2026-07-20,evening,priority_report,CRWD,bounce,Large,GapFade_weakstock,NO-GO,2,2/6,0.2374335986800821,0.0,2.2397288808521507,0.06263835707045635,-0.02011897277167866,0.20745671167451782,,,,,,,,,,,,
2026-07-20,evening,priority_report,EWY,bounce,ETF,GapFade_strongstock,NO-GO,1,1/6,0.06538099307602423,0.016334440753045413,2.0146158435699824,0.08603257670492752,-0.04556047541365645,1.3817939313104375,,,,,,,,,,,,
2026-07-20,evening,priority_report,BOT,bounce,Small,GapFade_strongstock,NO-GO,1,1/6,0.17413532428678277,-0.012679917751884887,0.748317350968618,0.012180612568973176,-0.15352959797404248,0.7268524128959812,,,,,,,,,,,,
2026-07-20,evening,priority_report,GLW,bounce,Large,GapFade_strongstock,NO-GO,3,3/6,0.12662721481694555,0.02102063255934286,1.942016726270905,0.03970546353518222,-0.11728111920188054,0.5869485964272693,,,,,,,,,,,,
2026-07-20,evening,priority_report,AVGO,bounce,Large,GapFade_strongstock,NO-GO,1,1/6,0.0416965616526378,0.021398233668172326,0.8700254666563709,0.020486545203891676,-0.038589327381556196,1.236894991366139,,,,,,,,,,,,
2026-07-20,evening,priority_report,PLTR,bounce,Large,GapFade_weakstock,NO-GO,0,0/6,0.05280422501130947,-0.0037770055899682734,0.4958074462509055,0.012683539422267444,0.015176435406698574,0.797708798214854,,,,,,,,,,,,
2026-07-20,evening,priority_report,ORCL,bounce,Large,GapFade_weakstock,NO-GO,3,3/6,0.056412203648841405,-0.01692904042401709,2.302681763718622,0.02739703618460743,-0.07427353007774176,1.0023228204201724,,,,,,,,,,,,
2026-07-20,evening,priority_report,LITE,bounce,Medium,GapFade_strongstock,NO-GO,1,1/6,0.08697791508378243,0.04272536229906381,0.9069665065025037,0.048107803861301875,0.032127659574468045,1.42470360203948,,,,,,,,,,,,
2026-07-20,evening,priority_report,MSFT,bounce,Large,GapFade_weakstock,NO-GO,0,0/6,0.02861599785981809,-0.006119547001167965,1.308044239959846,0.03228361021233368,0.012309481080807837,0.7852918574583093,,,,,,,,,,,,
2026-07-20,evening,priority_report,HYLN,bounce,Small,GapFade_strongstock,NO-GO,2,2/6,0.12149799998422076,0.010695187165775291,1.5515411288825167,0.010840413044821093,-0.08318987341772158,0.7272845338398349,,,,,,,,,,,,
2026-07-20,evening,priority_report,MU,bounce,Large,GapFade_strongstock,NO-GO,1,1/6,0.09321024721969903,0.04313563814123329,1.8404885588520183,0.08396231813212333,-0.03475693369310385,1.2286352503586637,,,,,,,,,,,,
2026-07-20,evening,priority_report,IONQ,bounce,Medium,GapFade_weakstock,NO-GO,1,1/6,0.09459895790596537,0.007763082231167223,0.9889915957898124,0.035262803281531786,-0.07171420954412151,0.7954010725337247,,,,,,,,,,,,
2026-07-20,evening,priority_report,WDC,bounce,Large,GapFade_strongstock,CAUTION,4,4/6,0.10989872659524519,0.02962994006956956,1.2540356189133288,0.036432817275778066,-0.04383660283356693,1.1558222768423199,,,,,,,,,,,,
2026-07-20,evening,priority_report,STX,bounce,Large,GapFade_strongstock,NO-GO,1,1/6,0.09996787893330887,0.02838788309676766,1.4743503494820807,0.03421952391869964,-0.022503923699142808,1.3375340938202984,,,,,,,,,,,,
2026-07-20,evening,priority_report,KEEL,bounce,Medium,GapFade_weakstock,NO-GO,0,0/6,0.11863568956994563,0.032911392405063265,0.8017609231624885,0.030147130760727697,-0.003448275862068892,0.8944444444444434,,,,,,,,,,,,
2026-07-20,evening,priority_report,IREN,bounce,Medium,GapFade_weakstock,NO-GO,0,0/6,0.0966551816979284,0.08245092207019648,1.1586489343709607,0.16281315829936563,0.052040229885057486,0.693640345645756,,,,,,,,,,,,
2026-07-20,evening,priority_report,MP,bounce,Medium,GapFade_weakstock,NO-GO,0,0/6,0.06702517052550676,0.0026525198938991477,0.9150172118775312,0.01693962136339145,-0.09805903760614641,0.8996677010695195,,,,,,,,,,,,
2026-07-20,evening,priority_report,BE,bounce,Medium,GapFade_strongstock,CAUTION,4,4/6,0.15189539445418757,-0.005047450688500223,1.568886301402452,0.033531339327384294,-0.15268610577324748,0.9461538532874963,,,,,,,,,,,,
2026-07-20,evening,priority_report,OKLO,bounce,Medium,GapFade_weakstock,NO-GO,1,1/6,0.08257643202208421,0.0034054974458769295,0.7465251880910846,0.018808927432298145,-0.09389363099146421,0.895086426820835,,,,,,,,,,,,
2026-07-20,evening,priority_report,SMR,bounce,Medium,GapFade_weakstock,NO-GO,2,2/6,0.08607343875636556,0.006476683937823811,1.254627396338325,0.02185610777867142,-0.043660287081339635,1.0026779597683264,,,,,,,,,,,,
2026-07-20,evening,priority_report,RKLB,bounce,Medium,GapFade_weakstock,NO-GO,0,0/6,0.11712262272497337,0.011387163561076545,1.3391963568705476,0.04088719395673081,-0.12906824146981638,0.7873567126570704,,,,,,,,,,,,
2026-07-20,evening,priority_report,DGXX,bounce,Small,GapFade_strongstock,NO-GO,2,2/6,0.10353342524834726,0.03713527851458889,1.0426154831853467,0.0840539726277222,-0.0167883211678832,0.7600771686613289,,,,,,,,,,,,
2026-07-20,evening,priority_report,APP,bounce,Large,GapFade_weakstock,NO-GO,0,0/6,0.07904138135353499,0.01224855137325102,0.8904985954327751,0.007469080187474881,-0.057396240584896105,0.5265262145001387,,,,,,,,,,,,
2026-07-20,evening,priority_report,OPEN,bounce,Medium,GapFade_weakstock,NO-GO,0,0/6,0.09066083576287658,-0.0011111111111110875,1.0999328641875938,0.004603010096184339,-0.07157894736842102,0.6002787008253837,,,,,,,,,,,,
2026-07-20,evening,priority_report,CRML,bounce,Small,GapFade_weakstock,NO-GO,0,0/6,0.10000163937113726,0.01718749999999991,0.7088616754553155,0.018309000094205528,-0.1834136546184739,0.6229508196721307,,,,,,,,,,,,
2026-07-20,evening,priority_report,SNDK,bounce,Large,GapFade_strongstock,NO-GO,3,3/6,0.15587326095477433,0.03982816905566794,1.6430825878775688,0.07853318315629859,-0.12776160990712077,0.8023292199097023,,,,,,,,,,,,
2026-07-20,evening,priority_report,PL,bounce,Medium,GapFade_weakstock,NO-GO,2,2/6,0.10755421917983495,-0.03337783711615488,1.62358691207184,0.09401736931621671,-0.1032128514056225,0.9410057221713313,,,,,,,,,,,,
2026-07-20,evening,priority_report,RGTI,bounce,Medium,GapFade_weakstock,NO-GO,1,1/6,0.08503785614664272,0.01630049610205531,0.5942991302196032,0.017634951548085847,-0.05967213114754099,0.9593725471819688,,,,,,,,,,,,
2026-07-20,evening,priority_report,CRWV,bounce,Medium,GapFade_weakstock,NO-GO,0,0/6,0.09375846533934022,0.03489960387925156,0.9372922518445911,0.03454300489003932,-0.04402230290456444,0.8665658118810236,,,,,,,,,,,,
2026-07-20,evening,priority_report,NBIS,bounce,Medium,GapFade_strongstock,NO-GO,2,2/6,0.13736530241318243,0.052079230206516204,1.772937949901999,0.06056651480648872,-0.07616159590997942,0.8870949176603882,,,,,,,,,,,,
2026-07-20,evening,priority_report,CRDO,bounce,Medium,GapFade_strongstock,NO-GO,2,2/6,0.11822357382550337,0.0533846457469903,1.2402577212797279,0.04319577104448124,-0.053717914792273114,0.9502859136523024,,,,,,,,,,,,
2026-07-20,evening,priority_report,POET,bounce,Small,GapFade_weakstock,NO-GO,0,0/6,0.10821983966000193,0.024357239512855292,1.122041563203411,0.022925032023571643,-0.10580411124546554,0.6372724027133165,,,,,,,,,,,,
2026-07-20,evening,priority_report,U,bounce,Medium,GapFade_weakstock,NO-GO,0,0/6,0.05600614439324116,-0.004139358399447997,0.37167745303166133,0.006141363130359006,-0.03341861208826345,0.6320941811890799,,,,,,,,,,,,
2026-07-20,evening,priority_report,TSLA,bounce,Large,GapFade_weakstock,NO-GO,0,0/6,0.050231662311774374,0.01366715681125943,0.29697693734425434,0.008067623828547277,-0.05889063529888953,0.4542110202440003,,,,,,,,,,,,
2026-07-20,evening,priority_report,FIG,bounce,Medium,GapFade_weakstock,NO-GO,1,1/6,0.07835233330599527,-0.025887265135699417,1.3058889656557733,0.029211866090730898,0.03770212765957444,0.7902862825142624,,,,,,,,,,,,
2026-07-20,evening,priority_report,IBIT,bounce,ETF,GapFade_weakstock,NO-GO,2,2/6,0.029272656930070584,0.004951856946354875,0.41226284487204634,0.06953482987437196,0.003124151045911298,1.036180406410043,,,,,,,,,,,,
2026-07-20,evening,priority_report,ETHE,bounce,Medium,GapFade_weakstock,NO-GO,0,0/6,0.03773334191216582,0.013440860215053715,0.2954906109130617,0.019513160777210787,-0.012880154639175228,0.7265448344886382,,,,,,,,,,,,
2026-07-20,evening,priority_report,TEAM,bounce,Medium,GapFade_weakstock,NO-GO,0,0/6,0.0614990723562152,-0.024547111158752345,0.6530797803230926,0.01736334868463599,0.048817696414950464,0.7331965729455758,,,,,,,,,,,,
2026-07-20,evening,priority_report,MSTR,bounce,Medium,GapFade_weakstock,NO-GO,1,1/6,0.07563375547159885,0.008118081180811917,0.9047860531321731,0.028536207934670262,0.0028213809377244862,0.7994106251721012,,,,,,,,,,,,
2026-07-20,evening,priority_report,KWEB,bounce,ETF,GapFade_weakstock,NO-GO,1,1/6,0.023657870791628736,0.01976874300634096,1.162598010721728,0.023780304917755894,0.017592592592592646,0.46153846153846295,,,,,,,,,,,,
2026-07-20,evening,priority_report,AXTI,bounce,Medium,GapFade_strongstock,NO-GO,2,2/6,0.17283446244477169,0.0034888791975578653,1.6057203911203788,0.04693009485764043,-0.09210033695245229,0.7575212220057842,,,,,,,,,,,,
2026-07-20,evening,priority_report,CBRS,bounce,Medium,GapFade_strongstock,NO-GO,2,2/6,0.11204497832078787,0.02169385629989587,0.48045850274298396,0.022083328309486908,-0.03668278897885985,0.7109377163463529,,,,,,,,,,,,
2026-07-20,evening,priority_report,SOXL,bounce,ETF,GapFade_strongstock,NO-GO,3,3/6,0.2426785475781489,0.0594227504244483,0.876644382786008,0.07340045532389038,-0.15671885231048022,0.8243999792540134,,,,,,,,,,,,
2026-07-20,evening,priority_report,MRVL,bounce,Large,GapFade_strongstock,NO-GO,3,3/6,0.10695821828222642,0.022922408310366696,1.4156950242174167,0.04440118321800693,-0.0468340928924658,0.765646325746846,,,,,,,,,,,,
2026-07-20,evening,priority_report,META,breakout,Large,D2_continuation,NO-GO,3,3/6 [AVOID],0.04727389730999616,0.003420999674927689,,,,,0.004976172795251966,0.08066548349814041,,,,,,,,,,
2026-07-20,evening,priority_report,INTC,bounce,Large,GapFade_strongstock,NO-GO,2,2/6,0.09419732879402909,0.02672558922558914,0.9985327490451105,0.046876126982778016,-0.04660646664724728,0.914670169658805,,,,,,,,,,,,
2026-07-20,evening,priority_report,BRUN,bounce,Small,GapFade_weakstock,NO-GO,0,0/6,0.1392309513942336,0.026617526617526557,0.7389693073922857,0.008894125031866085,-0.05962587685113021,0.7679387690018068,,,,,,,,,,,,
2026-07-20,evening,priority_report,MXL,bounce,Medium,GapFade_strongstock,CAUTION,4,4/6,0.17595150049207453,0.037861915367483276,1.7898024201017517,0.04641892413777796,-0.16048851868527694,0.5303725943678399,,,,,,,,,,,,
2026-07-20,evening,priority_report,SIMO,bounce,Medium,GapFade_strongstock,NO-GO,1,1/6,0.1062446009259516,0.020637472808096035,1.664344873964481,0.05454634274140647,-0.12184730743012953,0.9498091118528088,,,,,,,,,,,,
2026-07-20,evening,priority_report,STM,bounce,Medium,GapFade_strongstock,NO-GO,1,1/6,0.06876266196889269,0.004995165968417582,1.6496587474943332,0.050799229258778174,-0.09033210332103317,1.2341184362664288,,,,,,,,,,,,
2026-07-20,evening,priority_report,ON,bounce,Medium,GapFade_strongstock,NO-GO,3,3/6,0.06934824448612213,0.02867116859333862,0.9668401347616188,0.0156490280653426,-0.05754268424465099,1.0994828455658059,,,,,,,,,,,,
2026-07-20,evening,priority_report,NVTS,bounce,Medium,GapFade_weakstock,NO-GO,1,1/6,0.11738297872340428,0.01657940663176261,0.4581338890195654,0.013848144295260484,-0.11454408440090427,0.960667029182526,,,,,,,,,,,,
2026-07-20,evening,priority_report,NOK,bounce,Medium,GapFade_strongstock,NO-GO,3,3/6,0.07473773146518342,0.009881422924901326,2.7008632474160224,0.08309148947152523,-0.09822222222222227,0.6726330664154495,,,,,,,,,,,,
2026-07-20,evening,priority_report,DXYZ,bounce,Small,GapFade_weakstock,NO-GO,0,0/6,0.06919915157074064,-0.0061609549480169485,0.7414717703607674,0.022634595719182034,-0.06068601583113454,0.6552841083248415,,,,,,,,,,,,
2026-07-20,evening,priority_report,QCOM,bounce,Large,GapFade_strongstock,NO-GO,1,1/6,0.0532106887116493,0.02194667598090587,1.2884805114378433,0.026102097190720402,-0.03489156084953354,0.8332603938730837,,,,,,,,,,,,
2026-07-20,evening,priority_report,WOLF,bounce,Small,GapFade_strongstock,NO-GO,2,2/6,0.1550659546972911,-0.00033456005352966087,0.19710207966086926,0.0031634822496222573,-0.16538461538461538,0.5822583384174145,,,,,,,,,,,,
2026-07-20,evening,priority_report,RVI,bounce,Small,GapFade_weakstock,NO-GO,1,1/6,0.08977159309021114,0.016042780748663166,0.9298607474762868,0.034805321407683595,-0.04227941176470583,1.4795492933655474,,,,,,,,,,,,
2026-07-20,evening,priority_report,AAOI,bounce,Medium,GapFade_strongstock,CAUTION,4,4/6,0.13730773753373027,0.023923444976076583,1.3130868195988983,0.04824758967586547,-0.054497204143367825,1.0364486325395428,,,,,,,,,,,,
2026-07-20,evening,priority_report,LWLG,bounce,Small,GapFade_weakstock,NO-GO,0,0/6,0.11669781567573886,0.0016051364365970765,0.8975385729120572,0.024733474009309156,-0.09407407407407405,0.7497122266152844,,,,,,,,,,,,
2026-07-20,evening,priority_report,FCEL,bounce,Small,GapFade_strongstock,NO-GO,2,2/6,0.21605511420059587,0.04514733711813989,7.2116796334386155,0.35671641948987015,-0.005432098765432071,0.6273914991899058,,,,,,,,,,,,
2026-07-20,evening,priority_report,ARM,bounce,Large,GapFade_strongstock,CAUTION,4,4/6,0.10457853573470105,0.01800217073992291,1.2742748604739516,0.028777257791396327,-0.021136421067831552,1.0494765841330642,,,,,,,,,,,,
2026-07-20,evening,priority_report,ALAB,bounce,Medium,GapFade_strongstock,NO-GO,3,3/6,0.1487625270032885,0.019004018180620454,0.8108603090248111,0.02412234146163156,-0.11165934630083844,0.5427854776442829,,,,,,,,,,,,
2026-07-20,evening,priority_report,UMC,bounce,Medium,GapFade_strongstock,NO-GO,3,3/6,0.08362035225048922,-0.026588235294117708,1.9794689830927883,0.08340345966510225,-0.1797752808988764,0.9211912005616666,,,,,,,,,,,,
2026-07-20,evening,priority_report,AMAT,bounce,Large,GapFade_strongstock,NO-GO,0,0/6,0.09812767005465621,0.030151417890722402,1.0499063888796347,0.030767263873197902,-0.08902714736896593,0.7328722956510306,,,,,,,,,,,,
2026-07-20,evening,priority_report,INOD,bounce,Small,GapFade_weakstock,NO-GO,0,0/6,0.07494874549916293,0.007975661897714183,0.6461095179398789,0.0200055132925639,-0.0462410044403614,0.9531852475136746,,,,,,,,,,,,
2026-07-20,evening,priority_report,BABA,bounce,Large,GapFade_weakstock,NO-GO,0,0/6,0.03296654907113853,0.03426980951552577,0.697097208543707,0.03576648495386971,0.022687569037301427,0.5015301530153041,,,,,,,,,,,,
2026-07-20,evening,priority_report,SKHY,bounce,Large,GapFade_strongstock,NO-GO,1,1/6,,0.06096215023047449,1.2184255050069932,0.0524908830395209,-0.12694094979032078,,,,,,,,,,,,,
2026-07-20,evening,priority_report,DRAM,bounce,ETF,GapFade_strongstock,NO-GO,3,3/6,0.1004287317021049,0.029021244309559963,2.3698029175460595,0.19921373531556286,-0.0682926829268293,1.2595587355205942,,,,,,,,,,,,
2026-07-20,evening,priority_report,PENG,bounce,Medium,GapFade_strongstock,CAUTION,4,4/6,0.18460362992240475,-0.0246647905975831,1.8717780960755108,0.12427744155222158,-0.2582704186684969,0.5699215471733785,,,,,,,,,,,,
2026-07-20,evening,priority_report,SPCX,bounce,Large,GapFade_strongstock,NO-GO,3,3/6,0.07798622073814122,0.010444390676667487,2.9691202193678063,0.15091023681192295,-0.10020699342056631,0.8649198994952945,,,,,,,,,,,,
2026-07-21,morning,priority_report,AMD,bounce,Large,GapFade_strongstock,NO-GO,0,0/6,0.07467945669336279,0.043886649323827805,0.5129568272412377,0,0.04936718968339514,0.5115043909646121,,,,,,,,,,,,
2026-07-21,morning,priority_report,HQ,bounce,Small,GapFade_strongstock,NO-GO,3,3/6,0.18277842565597663,,1.0464076349427853,0,-0.06354515050167216,1.2700779991386593,,,,,,,,,,,,
2026-07-21,morning,priority_report,AAPL,breakout,Large,D2_continuation,NO-GO,2,2/6 [AVOID],0.025742725274725257,-0.004868489543464206,,,,,0.00904445535007398,0.0753715848795439,,,,,,,,,,
2026-07-21,morning,priority_report,SPCE,bounce,Small,GapFade_weakstock,NO-GO,1,1/6,0.07543594257109852,0.01445312499999997,1.2815124484682432,0,0.002702702702702748,1.1740255952163925,,,,,,,,,,,,
2026-07-21,morning,priority_report,RXT,bounce,Small,GapFade_strongstock,NO-GO,2,2/6,0.20776333113890727,0.009302325581395357,0.6773717124295275,0,0.03087885985748216,0.2772562719329514,,,,,,,,,,,,
2026-07-21,morning,priority_report,FJET,bounce,Micro,GapFade_weakstock,NO-GO,2,2/6,0.11480342545737642,-0.005420054200542011,0.37161179617380774,0,-0.07788944723618092,0.90119689417828,,,,,,,,,,,,
2026-07-21,morning,priority_report,GOOGL,bounce,Large,GapFade_strongstock,NO-GO,0,0/6,0.0303570221327968,0.008551379300548285,0.8497409459000087,0,0.0015234441121706836,0.8499785251838633,,,,,,,,,,,,
2026-07-21,morning,priority_report,NVDA,bounce,Large,GapFade_strongstock,NO-GO,0,0/6,0.03540171842549441,0.011757182211727599,0.44568876831961096,0,-0.00834136933461918,0.7498896355520679,,,,,,,,,,,,
2026-07-21,morning,priority_report,CRWD,bounce,Large,GapFade_weakstock,NO-GO,2,2/6,0.05699214321590012,0.0030732026802357056,2.5313261079711764,0,-0.022870043188064373,0.9191746941802186,,,,,,,,,,,,
2026-07-21,morning,priority_report,EWY,bounce,ETF,GapFade_strongstock,NO-GO,0,0/6,0.06170749826937041,0.03905194645707961,3.3138704814530837,0,0.035871694417237907,0.4778712634243116,,,,,,,,,,,,
2026-07-21,morning,priority_report,BOT,bounce,Small,GapFade_weakstock,NO-GO,0,0/6,0.1602608116417299,0.027644673792849246,0.784889264671362,0,-0.04683760683760687,0.6834492350486793,,,,,,,,,,,,
2026-07-21,morning,priority_report,GLW,bounce,Large,GapFade_strongstock,NO-GO,3,3/6,0.10550545755384162,0.048922273024167275,1.5604735404292989,0,0.01388976576804102,0.46921696415359393,,,,,,,,,,,,
2026-07-21,morning,priority_report,AVGO,bounce,Large,GapFade_strongstock,NO-GO,0,0/6,0.0401868556701031,0.026020731965305622,0.8653935005894784,0,0.03618640672987051,0.48933782267115566,,,,,,,,,,,,
2026-07-21,morning,priority_report,PLTR,bounce,Large,GapFade_weakstock,NO-GO,0,0/6,0.052789978678038384,-0.006303299962921723,0.5460567973959688,0,-0.003272835465635211,0.6785548397520059,,,,,,,,,,,,
2026-07-21,morning,priority_report,ORCL,bounce,Large,GapFade_weakstock,NO-GO,2,2/6,0.05457793528147331,0.012934585598945522,1.674957652697678,0,-0.010144110780130352,0.8136228644419603,,,,,,,,,,,,
2026-07-21,morning,priority_report,LITE,bounce,Medium,GapFade_strongstock,NO-GO,0,0/6,0.08152857125042975,0.047521389850434324,1.1243587530859411,0,0.1355082621808758,0.5934517753243139,,,,,,,,,,,,
2026-07-21,morning,priority_report,MSFT,bounce,Large,GapFade_weakstock,NO-GO,1,1/6,0.027426979954580412,-0.007059583882274061,1.1669462936217543,0,-0.004113687359760743,1.2349727702260882,,,,,,,,,,,,
2026-07-21,morning,priority_report,HYLN,bounce,Small,GapFade_strongstock,NO-GO,2,2/6,0.11816875758802103,-0.005633802816901414,0.9569297498545388,0,-0.05614973262032096,0.6712443706227853,,,,,,,,,,,,
2026-07-21,morning,priority_report,MU,bounce,Large,GapFade_strongstock,NO-GO,0,0/6,0.08313806819954453,0.05816559979663984,2.494001304976029,0,0.07337083919362389,0.552943167551935,,,,,,,,,,,,
2026-07-21,morning,priority_report,IONQ,bounce,Medium,GapFade_weakstock,NO-GO,1,1/6,0.08681076639409971,0.040887850467289676,0.9654411735397428,0,0.01538461538461536,0.6755150051598623,,,,,,,,,,,,
2026-07-21,morning,priority_report,WDC,bounce,Large,GapFade_strongstock,NO-GO,2,2/6,0.09903040540540546,0.06273850067703414,1.404560161003502,0,0.10965917611019473,0.4037214107831245,,,,,,,,,,,,
2026-07-21,morning,priority_report,STX,bounce,Large,GapFade_strongstock,NO-GO,0,0/6,0.09040929231591101,0.053062496105676274,1.6614549194486228,0,0.13352291781244546,0.4532807693936657,,,,,,,,,,,,
2026-07-21,morning,priority_report,KEEL,bounce,Medium,GapFade_strongstock,NO-GO,2,2/6,0.10848907190370605,0.03917050691244238,0.593803658525007,0,0.14612452350698849,0.6744525547445257,,,,,,,,,,,,
2026-07-21,morning,priority_report,IREN,bounce,Medium,GapFade_weakstock,NO-GO,1,1/6,0.09700982398690135,0.04179104477611939,1.3168579346152267,0,0.20241171403962116,1.177767463448595,,,,,,,,,,,,
2026-07-21,morning,priority_report,MP,bounce,Medium,GapFade_weakstock,NO-GO,0,0/6,0.06433197947840957,0.02363238512035007,0.6713190054709374,0,0.02903651561812583,0.8905281695990962,,,,,,,,,,,,
2026-07-21,morning,priority_report,BE,bounce,Medium,GapFade_strongstock,NO-GO,2,2/6,0.14578188378556067,0.05580787577387599,1.6364006926267436,0,0.006421419242490276,0.8212386096079869,,,,,,,,,,,,
2026-07-21,morning,priority_report,OKLO,bounce,Medium,GapFade_weakstock,NO-GO,1,1/6,0.07770171026156944,0.02625873283546142,0.5989846431170072,0,0.021582733812949603,0.6223390366692351,,,,,,,,,,,,
2026-07-21,morning,priority_report,SMR,bounce,Medium,GapFade_weakstock,NO-GO,1,1/6,0.08285889570552145,0.02386934673366839,0.9735579353206822,0,0.06675392670157076,0.7478157855767807,,,,,,,,,,,,
2026-07-21,morning,priority_report,RKLB,bounce,Medium,GapFade_weakstock,NO-GO,0,0/6,0.10367554693757114,0.031031335564344485,0.9627998731003043,0,0.006384558277654148,0.5834531072435613,,,,,,,,,,,,
2026-07-21,morning,priority_report,DGXX,bounce,Small,GapFade_strongstock,NO-GO,1,1/6,0.09452713952713951,0.06056860321384428,1.4933863677066146,0,0.15322580645161285,0.7891074982826353,,,,,,,,,,,,
2026-07-21,morning,priority_report,APP,bounce,Large,GapFade_weakstock,NO-GO,0,0/6,0.07678097204254947,0.003909561940649948,0.970421293174894,0,-0.018919167740747624,0.47007733720470374,,,,,,,,,,,,
2026-07-21,morning,priority_report,OPEN,bounce,Medium,GapFade_weakstock,NO-GO,0,0/6,0.08769440436107104,0.002249718785151808,0.8140809563356244,0,-0.025164113785558034,0.6143157509827228,,,,,,,,,,,,
2026-07-21,morning,priority_report,CRML,bounce,Small,GapFade_weakstock,NO-GO,0,0/6,0.09375000000000003,0.04347826086956529,0.5229632975522716,0,-0.03427719821162437,0.8065843621399177,,,,,,,,,,,,
2026-07-21,morning,priority_report,SNDK,bounce,Large,GapFade_strongstock,NO-GO,3,3/6,0.14157777429198873,0.08034077429095222,1.8642918712828465,0,0.0649289905604219,0.3731158751216101,,,,,,,,,,,,
2026-07-21,morning,priority_report,PL,bounce,Medium,GapFade_weakstock,NO-GO,1,1/6,0.09830000626841347,0.028893905191873615,0.7611619253044695,0,0.03168854685377996,0.8704357918096134,,,,,,,,,,,,
2026-07-21,morning,priority_report,RGTI,bounce,Medium,GapFade_weakstock,NO-GO,1,1/6,0.07720770487078486,0.043508771929824504,0.5214334769370276,0,0.05460992907801415,0.4703510834873168,,,,,,,,,,,,
2026-07-21,morning,priority_report,CRWV,bounce,Medium,GapFade_weakstock,NO-GO,0,0/6,0.08878008503473207,0.03678072816862858,1.3441598997729507,0,0.03891372925524633,0.9360813529365531,,,,,,,,,,,,
2026-07-21,morning,priority_report,NBIS,bounce,Medium,GapFade_strongstock,NO-GO,2,2/6,0.1252808832261801,0.06707918081261637,1.5543329853193653,0,0.13448215637189262,0.6250643672349704,,,,,,,,,,,,
2026-07-21,morning,priority_report,CRDO,bounce,Medium,GapFade_strongstock,NO-GO,0,0/6,0.11281856745568956,0.05125666053661529,1.2854638282201845,0,0.07198153579843246,0.44887096847481295,,,,,,,,,,,,
2026-07-21,morning,priority_report,POET,bounce,Small,GapFade_weakstock,NO-GO,0,0/6,0.09407979407979407,0.0401606425702811,0.9926022598721571,0,0.013037809647979093,0.5540355677154587,,,,,,,,,,,,
2026-07-21,morning,priority_report,U,bounce,Medium,GapFade_weakstock,NO-GO,1,1/6,0.05873977873977873,-0.003690036900368985,0.5016856766442536,0,-0.016230539913878832,1.0632983950212889,,,,,,,,,,,,
2026-07-21,morning,priority_report,TSLA,bounce,Large,GapFade_weakstock,NO-GO,0,0/6,0.046611560155397316,0.01290689179316498,0.3187271424973425,0,-0.042755587377896045,0.9848943834943508,,,,,,,,,,,,
2026-07-21,morning,priority_report,FIG,bounce,Medium,GapFade_weakstock,NO-GO,1,1/6,0.08346986136226645,-0.01332223147377187,2.2049903203973193,0,0.012387868432293855,0.8722418605322924,,,,,,,,,,,,
2026-07-21,morning,priority_report,IBIT,bounce,ETF,GapFade_weakstock,NO-GO,1,1/6,0.028835167764786503,0.01680672268907556,1.0583906785479296,0,0.030777686177521225,0.9291728578504244,,,,,,,,,,,,
2026-07-21,morning,priority_report,ETHE,bounce,Medium,GapFade_weakstock,NO-GO,0,0/6,0.036703331811958013,0.021540469973890343,0.3385849610644901,0,0.03436880370125575,0.9374883420172366,,,,,,,,,,,,
2026-07-21,morning,priority_report,TEAM,bounce,Medium,GapFade_weakstock,NO-GO,1,1/6,0.06549757925207086,-0.026271907082858034,0.76278208894531,0,0.01663707232568219,1.1902439024390237,,,,,,,,,,,,
2026-07-21,morning,priority_report,MSTR,bounce,Medium,GapFade_weakstock,NO-GO,1,1/6,0.06885770778899797,0.034042118176242205,1.039843377711608,0,0.07572051472934174,0.8700556048955276,,,,,,,,,,,,
2026-07-21,morning,priority_report,KWEB,bounce,ETF,GapFade_weakstock,NO-GO,1,1/6,0.024298701298701292,0.002186588921282752,1.6279285323794563,0,0.0007278020378456904,0.7332977017637605,,,,,,,,,,,,
2026-07-21,morning,priority_report,AXTI,bounce,Medium,GapFade_strongstock,NO-GO,2,2/6,0.1570039187744923,0.06758140487405292,1.4339495837119787,0,0.14395435593592282,0.617011361038045,,,,,,,,,,,,
2026-07-21,morning,priority_report,CBRS,bounce,Medium,GapFade_strongstock,NO-GO,1,1/6,0.10025571115631358,0.032338308457711434,0.6793752052247839,0,0.011858583619638626,0.9405521868075571,,,,,,,,,,,,
2026-07-21,morning,priority_report,SOXL,bounce,ETF,GapFade_strongstock,NO-GO,3,3/6,0.20496938642782817,0.12389445215992974,1.2153164698480639,0,0.07916900617630546,0.4148674158077523,,,,,,,,,,,,
2026-07-21,morning,priority_report,MRVL,bounce,Large,GapFade_strongstock,NO-GO,2,2/6,0.09616476648351648,0.06699497281214734,1.2031385441788884,0,0.10462028677642053,0.5044427097208248,,,,,,,,,,,,
2026-07-21,morning,priority_report,META,breakout,Large,D2_continuation,NO-GO,3,3/6 [AVOID],0.04696518219874261,0.002353487651931535,,,,,0.0033971173419460043,0.07403523132983904,,,,,,,,,,
2026-07-21,morning,priority_report,INTC,bounce,Large,GapFade_strongstock,NO-GO,0,0/6,0.08487534645329321,0.056769008860498564,1.17560294791695,0,0.05764075067024117,0.46636303293504344,,,,,,,,,,,,
2026-07-21,morning,priority_report,BRUN,bounce,Small,GapFade_strongstock,NO-GO,0,0/6,0.13809625212947185,,0.6376991291924793,0,-0.013859722805543819,0.5952197378565922,,,,,,,,,,,,
2026-07-21,morning,priority_report,MXL,bounce,Medium,GapFade_strongstock,NO-GO,3,3/6,0.15963977441700217,0.05025996533795488,2.252059125393986,0,0.05887096774193542,0.3832568769562548,,,,,,,,,,,,
2026-07-21,morning,priority_report,SIMO,bounce,Medium,GapFade_strongstock,NO-GO,0,0/6,0.09794809885931557,0.041130596571790454,1.1675948043996969,0,-0.03468526335107355,0.7794925146591559,,,,,,,,,,,,
2026-07-21,morning,priority_report,STM,bounce,Medium,GapFade_strongstock,NO-GO,0,0/6,0.06220733942548126,0.04043217869860798,1.9015261635996499,0,0.024022622271785872,0.4051461420012213,,,,,,,,,,,,
2026-07-21,morning,priority_report,ON,bounce,Medium,GapFade_strongstock,NO-GO,2,2/6,0.06633041259982253,0.03990772779700108,1.0141371483198307,0,0.02315024965955506,0.5835778842375439,,,,,,,,,,,,
2026-07-21,morning,priority_report,NVTS,bounce,Medium,GapFade_weakstock,NO-GO,1,1/6,0.1089035861258084,0.05285961871750444,0.40461369643186756,0,0.03360272224585279,0.5705956975896788,,,,,,,,,,,,
2026-07-21,morning,priority_report,NOK,bounce,Medium,GapFade_strongstock,NO-GO,2,2/6,0.06812610649598258,0.04067460317460319,2.169895769944188,0,0.0105973025048169,0.3638180909545224,,,,,,,,,,,,
2026-07-21,morning,priority_report,DXYZ,bounce,Small,GapFade_weakstock,NO-GO,0,0/6,0.0695603521726782,0.023606023606023537,0.47685022885185757,0,-0.07366482504604052,0.7906517176897129,,,,,,,,,,,,
2026-07-21,morning,priority_report,QCOM,bounce,Large,GapFade_strongstock,NO-GO,0,0/6,0.05038411245505067,0.026303428839831014,1.316884726432062,0,0.024558935584080635,0.721005677210056,,,,,,,,,,,,
2026-07-21,morning,priority_report,WOLF,bounce,Small,GapFade_strongstock,NO-GO,2,2/6,0.13278153988868274,0.04833219877467671,0.24048456963312478,0,-0.012187299550994195,0.44458339300747207,,,,,,,,,,,,
2026-07-21,morning,priority_report,RVI,bounce,Small,GapFade_weakstock,NO-GO,1,1/6,0.08417708894878706,,1.0110101477724265,0,0.05451651412654202,1.0310697829309923,,,,,,,,,,,,
2026-07-21,morning,priority_report,AAOI,bounce,Medium,GapFade_strongstock,NO-GO,2,2/6,0.12053246155868053,0.055134925257231675,1.271150899242993,0,0.08439744612928979,0.40146914591855076,,,,,,,,,,,,
2026-07-21,morning,priority_report,LWLG,bounce,Small,GapFade_weakstock,NO-GO,0,0/6,0.10478306023540274,0.04033613445378155,0.8051119756706645,0,-0.015898251192368783,0.6321237817300797,,,,,,,,,,,,
2026-07-21,morning,priority_report,FCEL,bounce,Small,GapFade_strongstock,NO-GO,2,2/6,0.19320944544323057,0.041330645161290334,8.484390452915232,0,0.19698725376593268,0.35571246817061847,,,,,,,,,,,,
2026-07-21,morning,priority_report,ARM,bounce,Large,GapFade_strongstock,NO-GO,2,2/6,0.09176470588235294,0.053002485071028387,1.0734731619571711,0,0.08354642952559058,0.35851374174727374,,,,,,,,,,,,
2026-07-21,morning,priority_report,ALAB,bounce,Medium,GapFade_strongstock,NO-GO,3,3/6,0.12858898728133003,0.06473842570125223,1.2533038922591302,0,0.02927378495027214,0.3609520898341147,,,,,,,,,,,,
2026-07-21,morning,priority_report,UMC,bounce,Medium,GapFade_strongstock,NO-GO,0,0/6,0.07595736202430763,0.0596059113300493,1.9639566728439253,0,-0.03499327052489895,0.590632076873978,,,,,,,,,,,,
2026-07-21,morning,priority_report,AMAT,bounce,Large,GapFade_strongstock,NO-GO,0,0/6,0.08694026217566132,0.05495529769830699,1.2906172910632552,0,-0.011302658085678995,0.6642995507733908,,,,,,,,,,,,
2026-07-21,morning,priority_report,INOD,bounce,Medium,GapFade_strongstock,NO-GO,2,2/6,0.07102392520215638,0.02448453608247428,0.5156758664317387,0,0.04313596850910288,0.5113654629276179,,,,,,,,,,,,
2026-07-21,morning,priority_report,BABA,bounce,Large,GapFade_weakstock,NO-GO,0,0/6,0.03542487170306718,-0.005318264916071136,0.8145069562831344,0,0.018810111498851034,0.9409584772172179,,,,,,,,,,,,
2026-07-21,morning,priority_report,SKHY,bounce,Large,GapFade_strongstock,NO-GO,1,1/6,,0.07171209314633503,1.1907510404696748,0,0.06362024817805789,,,,,,,,,,,,,
2026-07-21,morning,priority_report,DRAM,bounce,ETF,GapFade_strongstock,NO-GO,2,2/6,0.0914475852452782,0.06200527704485486,3.257544156979672,0,0.07661444401987004,0.44245456939689265,,,,,,,,,,,,
2026-07-21,morning,priority_report,PENG,bounce,Medium,GapFade_strongstock,CAUTION,4,4/6,0.17818979591836734,0.05203832425324072,2.243423784542302,0,-0.151129301197514,0.6924799285329795,,,,,,,,,,,,
2026-07-21,morning,priority_report,SPCX,bounce,Large,GapFade_strongstock,NO-GO,3,3/6,0.07287757611241219,0.017939090529829,4.185036074453835,0,-0.06948363969186189,0.6770842957094155,,,,,,,,,,,,
2026-07-21,morning,watchlist_report,SOXL,bounce,ETF,GapFade_strongstock,NO-GO,3,3/6,0.20467653498599075,0.12550252174548635,1.2153164698480639,0,0.08071308253790006,0.4148674158077523,,,,,,,,,,,,
2026-07-21,morning,watchlist_report,BRUN,bounce,Small,GapFade_strongstock,NO-GO,0,0/6,0.13809625212947185,,0.6376991291924793,0,-0.013859722805543819,0.5952197378565922,,,,,,,,,,,,
2026-07-21,morning,watchlist_report,HYLN,bounce,Small,GapFade_strongstock,NO-GO,2,2/6,0.11555005935892361,0.01690140845070424,0.9569297498545388,0,-0.034759358288770144,0.6712443706227853,,,,,,,,,,,,
2026-07-21,morning,watchlist_report,FCEL,bounce,Small,GapFade_strongstock,NO-GO,2,2/6,0.1947174216027875,0.03326612903225807,8.484390452915232,0,0.1877172653534182,0.35571246817061847,,,,,,,,,,,,
2026-07-21,morning,watchlist_report,WOLF,bounce,Small,GapFade_strongstock,NO-GO,2,2/6,0.13325745938649164,0.04458815520762431,0.24048456963312478,0,-0.015715202052597767,0.44458339300747207,,,,,,,,,,,,
2026-07-21,morning,watchlist_report,RXT,bounce,Small,GapFade_strongstock,NO-GO,2,2/6,0.20776333113890727,0.009302325581395357,0.6773717124295275,0,0.03087885985748216,0.2772562719329514,,,,,,,,,,,,
2026-07-21,morning,watchlist_report,SPCX,bounce,Large,GapFade_strongstock,NO-GO,3,3/6,0.07292539604424449,0.017271589486858637,4.185036074453835,0,-0.07009381435435902,0.6770842957094155,,,,,,,,,,,,
2026-07-21,morning,watchlist_report,PENG,bounce,Medium,GapFade_strongstock,CAUTION,4,4/6,0.17758726768870922,0.05560773999624274,2.243423784542302,0,-0.1482492041837199,0.6924799285329795,,,,,,,,,,,,
2026-07-21,morning,watchlist_report,GLW,bounce,Large,GapFade_strongstock,NO-GO,3,3/6,0.10556461949265687,0.048334421946440276,1.5604735404292989,0,0.013321548077530235,0.46921696415359393,,,,,,,,,,,,
2026-07-21,morning,watchlist_report,ALAB,bounce,Medium,GapFade_strongstock,NO-GO,3,3/6,0.12972422204121672,0.05542075123750381,1.2533038922591302,0,0.020266466504034585,0.3609520898341147,,,,,,,,,,,,
2026-07-21,morning,watchlist_report,AXTI,bounce,Medium,GapFade_strongstock,NO-GO,2,2/6,0.1570039187744923,0.06758140487405292,1.4339495837119787,0,0.14395435593592282,0.617011361038045,,,,,,,,,,,,
2026-07-21,morning,watchlist_report,MXL,bounce,Medium,GapFade_strongstock,NO-GO,3,3/6,0.1584930236744982,0.05785895213971456,2.252059125393986,0,0.06653225806451597,0.3832568769562548,,,,,,,,,,,,
2026-07-21,morning,watchlist_report,FJET,bounce,Micro,GapFade_weakstock,NO-GO,2,2/6,0.11480342545737642,-0.005420054200542011,0.37161179617380774,0,-0.07788944723618092,0.90119689417828,,,,,,,,,,,,
2026-07-21,morning,watchlist_report,HQ,bounce,Small,GapFade_strongstock,NO-GO,3,3/6,0.18277842565597663,,1.0464076349427853,0,-0.06354515050167216,1.2700779991386593,,,,,,,,,,,,
2026-07-21,morning,watchlist_report,SNDK,bounce,Large,GapFade_strongstock,NO-GO,3,3/6,0.14211684798167767,0.07624285560228618,1.8642918712828465,0,0.06088953142274008,0.3731158751216101,,,,,,,,,,,,
2026-07-21,morning,watchlist_report,AAOI,bounce,Medium,GapFade_strongstock,NO-GO,2,2/6,0.12026692281465552,0.057464569986410426,1.271150899242993,0,0.08679169992019158,0.40146914591855076,,,,,,,,,,,,
2026-07-21,morning,watchlist_report,BE,bounce,Medium,GapFade_strongstock,NO-GO,2,2/6,0.14569337151294742,0.056449304780269924,1.6364006926267436,0,0.007032844773375922,0.8212386096079869,,,,,,,,,,,,
2026-07-21,morning,watchlist_report,DGXX,bounce,Small,GapFade_strongstock,NO-GO,1,1/6,0.094747997329773,0.058096415327564974,1.4933863677066146,0,0.15053763440860216,0.7891074982826353,,,,,,,,,,,,
2026-07-21,morning,watchlist_report,INOD,bounce,Medium,GapFade_strongstock,NO-GO,2,2/6,0.07102392520215638,0.02448453608247428,0.5156758664317387,0,0.04313596850910288,0.5113654629276179,,,,,,,,,,,,
2026-07-21,morning,watchlist_report,NOK,bounce,Medium,GapFade_strongstock,NO-GO,2,2/6,0.06793699683843422,0.04357142857142853,2.169895769944188,0,0.013410404624277348,0.3638180909545224,,,,,,,,,,,,
2026-07-21,morning,watchlist_report,MRVL,bounce,Large,GapFade_strongstock,NO-GO,2,2/6,0.09616014339969918,0.06704627064737864,1.2031385441788884,0,0.10467339352097704,0.5044427097208248,,,,,,,,,,,,
2026-07-21,morning,watchlist_report,KEEL,bounce,Medium,GapFade_strongstock,NO-GO,2,2/6,0.10873015873015873,0.03686635944700464,0.593803658525007,0,0.14358322744599744,0.6744525547445257,,,,,,,,,,,,
2026-07-21,morning,watchlist_report,IONQ,bounce,Medium,GapFade_weakstock,NO-GO,1,1/6,0.0869571589175299,0.039135514018691475,0.9654411735397428,0,0.013675213675213585,0.6755150051598623,,,,,,,,,,,,
2026-07-21,morning,watchlist_report,NBIS,bounce,Medium,GapFade_strongstock,NO-GO,2,2/6,0.12519736263736264,0.06779104150695431,1.5543329853193653,0,0.13523898236013268,0.6250643672349704,,,,,,,,,,,,
2026-07-21,morning,watchlist_report,CRML,bounce,Small,GapFade_weakstock,NO-GO,0,0/6,0.09378618294094948,0.04307568438003222,0.5229632975522716,0,-0.03464977645305513,0.8065843621399177,,,,,,,,,,,,
2026-07-21,morning,watchlist_report,SIMO,bounce,Medium,GapFade_strongstock,NO-GO,0,0/6,0.09794809885931557,0.041130596571790454,1.1675948043996969,0,-0.03468526335107355,0.7794925146591559,,,,,,,,,,,,
2026-07-21,morning,watchlist_report,ARM,bounce,Large,GapFade_strongstock,NO-GO,2,2/6,0.09173239436619718,0.05337339119468857,1.0734731619571711,0,0.08392809434754403,0.35851374174727374,,,,,,,,,,,,
2026-07-21,morning,watchlist_report,WDC,bounce,Large,GapFade_strongstock,NO-GO,2,2/6,0.09922195357833662,0.060686881949858405,1.404560161003502,0,0.1075169769285148,0.4037214107831245,,,,,,,,,,,,
2026-07-21,morning,watchlist_report,CBRS,bounce,Medium,GapFade_strongstock,NO-GO,2,2/6,0.10058622448979593,0.02894617819990957,0.6793752052247839,0,0.008533747090767993,0.9405521868075571,,,,,,,,,,,,
2026-07-21,morning,watchlist_report,UMC,bounce,Medium,GapFade_strongstock,NO-GO,0,0/6,0.07557089996035417,0.06502463054187194,1.9639566728439253,0,-0.030058322117541416,0.590632076873978,,,,,,,,,,,,
2026-07-21,morning,watchlist_report,PL,bounce,Medium,GapFade_weakstock,NO-GO,1,1/6,0.09842957569671101,0.027539503386004652,0.7611619253044695,0,0.030330466274332356,0.8704357918096134,,,,,,,,,,,,
2026-07-21,morning,watchlist_report,NVTS,bounce,Medium,GapFade_weakstock,NO-GO,1,1/6,0.108635350692001,0.05545927209705378,0.40461369643186756,0,0.036154827732879535,0.5705956975896788,,,,,,,,,,,,
2026-07-21,morning,watchlist_report,INTC,bounce,Large,GapFade_strongstock,NO-GO,0,0/6,0.08482572625659442,0.05738718318565828,1.17560294791695,0,0.05825943493503806,0.46636303293504344,,,,,,,,,,,,
2026-07-21,morning,watchlist_report,DRAM,bounce,ETF,GapFade_strongstock,NO-GO,2,2/6,0.09131794131794128,0.06351300414624948,3.257544156979672,0,0.07814291173098961,0.44245456939689265,,,,,,,,,,,,
2026-07-21,morning,watchlist_report,CRDO,bounce,Medium,GapFade_strongstock,NO-GO,0,0/6,0.11281856745568956,0.05125666053661529,1.2854638282201845,0,0.07198153579843246,0.44887096847481295,,,,,,,,,,,,
2026-07-21,morning,watchlist_report,CRWD,bounce,Large,GapFade_weakstock,NO-GO,2,2/6,0.05707814745616555,0.0015617915260214734,2.5313261079711764,0,-0.024342363564978306,0.9191746941802186,,,,,,,,,,,,
2026-07-21,morning,watchlist_report,LWLG,bounce,Small,GapFade_weakstock,NO-GO,0,0/6,0.10478306023540274,0.04033613445378155,0.8051119756706645,0,-0.015898251192368783,0.6321237817300797,,,,,,,,,,,,
2026-07-21,morning,watchlist_report,AMAT,bounce,Large,GapFade_strongstock,NO-GO,0,0/6,0.0871098986468176,0.05290089404603375,1.2906172910632552,0,-0.013228032018255325,0.6642995507733908,,,,,,,,,,,,
2026-07-21,morning,watchlist_report,MU,bounce,Large,GapFade_strongstock,NO-GO,0,0/6,0.08309270201587131,0.05874332724793742,2.494001304976029,0,0.07395686826066562,0.552943167551935,,,,,,,,,,,,
2026-07-21,morning,watchlist_report,ON,bounce,Medium,GapFade_strongstock,NO-GO,2,2/6,0.06643357031770716,0.038292964244521256,1.0141371483198307,0,0.021561507035860093,0.5835778842375439,,,,,,,,,,,,
2026-07-21,morning,watchlist_report,RKLB,bounce,Medium,GapFade_weakstock,NO-GO,0,0/6,0.10376740359463338,0.030118649224216674,0.9627998731003043,0,0.005493689680772154,0.5834531072435613,,,,,,,,,,,,
2026-07-21,morning,watchlist_report,SPCE,bounce,Small,GapFade_weakstock,NO-GO,1,1/6,0.07593300110741971,0.007812500000000007,1.2815124484682432,0,-0.003861003861003779,1.1740255952163925,,,,,,,,,,,,
2026-07-21,morning,watchlist_report,QCOM,bounce,Large,GapFade_strongstock,NO-GO,1,1/6,0.050586690736030206,0.022193518083607335,1.316884726432062,0,0.020456010784830787,0.721005677210056,,,,,,,,,,,,
2026-07-21,morning,watchlist_report,STX,bounce,Large,GapFade_strongstock,NO-GO,0,0/6,0.09040929231591101,0.053062496105676274,1.6614549194486228,0,0.13352291781244546,0.4532807693936657,,,,,,,,,,,,
2026-07-21,morning,watchlist_report,BOT,bounce,Small,GapFade_weakstock,NO-GO,0,0/6,0.1602608116417299,0.027644673792849246,0.784889264671362,0,-0.04683760683760687,0.6834492350486793,,,,,,,,,,,,
2026-07-21,morning,watchlist_report,STM,bounce,Medium,GapFade_strongstock,NO-GO,0,0/6,0.0621279854390482,0.04176108773065714,1.9015261635996499,0,0.02533057192926551,0.4051461420012213,,,,,,,,,,,,
2026-07-21,morning,watchlist_report,CRWV,bounce,Medium,GapFade_weakstock,NO-GO,0,0/6,0.08865976080610229,0.03818779085682989,1.3441598997729507,0,0.040323686737073074,0.9360813529365531,,,,,,,,,,,,
2026-07-21,morning,watchlist_report,EWY,bounce,ETF,GapFade_strongstock,NO-GO,0,0/6,0.06174763678755165,0.03837651971018052,3.3138704814530837,0,0.03519833496571988,0.4778712634243116,,,,,,,,,,,,
2026-07-21,morning,watchlist_report,POET,bounce,Small,GapFade_weakstock,NO-GO,0,0/6,0.09371794871794871,0.044176706827309245,0.9926022598721571,0,0.016949152542372867,0.5540355677154587,,,,,,,,,,,,
2026-07-21,morning,watchlist_report,RVI,bounce,Small,GapFade_weakstock,NO-GO,1,1/6,0.08417708894878706,,1.0110101477724265,0,0.05451651412654202,1.0310697829309923,,,,,,,,,,,,
2026-07-21,morning,watchlist_report,DXYZ,bounce,Small,GapFade_weakstock,NO-GO,0,0/6,0.06964342584167423,0.022385022385022414,0.47685022885185757,0,-0.07476979742173104,0.7906517176897129,,,,,,,,,,,,
2026-07-21,morning,watchlist_report,SMR,bounce,Medium,GapFade_weakstock,NO-GO,1,1/6,0.08316502463054186,0.02010050251256272,0.9735579353206822,0,0.06282722513089,0.7478157855767807,,,,,,,,,,,,
2026-07-21,morning,watchlist_report,OKLO,bounce,Medium,GapFade_weakstock,NO-GO,1,1/6,0.07782959927446174,0.024572392194651967,0.5989846431170072,0,0.01990407673860907,0.6223390366692351,,,,,,,,,,,,
2026-07-21,morning,watchlist_report,LITE,bounce,Medium,GapFade_strongstock,NO-GO,0,0/6,0.08141993417541361,0.04891907778721187,1.1243587530859411,0,0.1370233493337864,0.5934517753243139,,,,,,,,,,,,
2026-07-21,morning,watchlist_report,RGTI,bounce,Medium,GapFade_weakstock,NO-GO,1,1/6,0.07741595222040262,0.04070175438596492,0.5214334769370276,0,0.051773049645390104,0.4703510834873168,,,,,,,,,,,,
2026-07-21,morning,watchlist_report,ORCL,bounce,Large,GapFade_weakstock,NO-GO,2,2/6,0.05468913726859938,0.01087493821057841,1.674957652697678,0,-0.012156831173013373,0.8136228644419603,,,,,,,,,,,,
2026-07-21,morning,watchlist_report,GOOGL,bounce,Large,GapFade_strongstock,NO-GO,0,0/6,0.03038098459952318,0.0077559021563113105,0.8497409459000087,0,0.0007335101280822879,0.8499785251838633,,,,,,,,,,,,
2026-07-21,morning,watchlist_report,AMD,bounce,Large,GapFade_strongstock,NO-GO,0,0/6,0.07484461688051708,0.041583096689635994,0.5129568272412377,0,0.047051543098973914,0.5115043909646121,,,,,,,,,,,,
2026-07-21,morning,watchlist_report,AVGO,bounce,Large,GapFade_strongstock,NO-GO,0,0/6,0.04012997040277957,0.027475142796699773,0.8653935005894784,0,0.037655227667245356,0.48933782267115566,,,,,,,,,,,,
2026-07-21,morning,watchlist_report,TEAM,bounce,Medium,GapFade_weakstock,NO-GO,1,1/6,0.06549757925207086,-0.026271907082858034,0.76278208894531,0,0.01663707232568219,1.1902439024390237,,,,,,,,,,,,
2026-07-21,morning,watchlist_report,NVDA,bounce,Large,GapFade_strongstock,NO-GO,0,0/6,0.0354189396729651,0.011265249901613499,0.44568876831961096,0,-0.008823529411764766,0.7498896355520679,,,,,,,,,,,,
2026-07-21,morning,watchlist_report,MP,bounce,Medium,GapFade_weakstock,NO-GO,0,0/6,0.06430448717948718,0.024070021881837947,0.6713190054709374,0,0.029476462824460984,0.8905281695990962,,,,,,,,,,,,
2026-07-21,morning,watchlist_report,IREN,bounce,Medium,GapFade_weakstock,NO-GO,1,1/6,0.09724317975493792,0.0392910447761193,1.3168579346152267,0,0.19952627045650304,1.177767463448595,,,,,,,,,,,,
2026-07-21,morning,watchlist_report,SKHY,bounce,Large,GapFade_strongstock,NO-GO,1,1/6,,0.06761047896268854,1.1907510404696748,0,0.05954960278379616,,,,,,,,,,,,,
2026-07-21,morning,watchlist_report,APP,bounce,Large,GapFade_weakstock,NO-GO,0,0/6,0.07678097204254947,0.003909561940649948,0.970421293174894,0,-0.018919167740747624,0.47007733720470374,,,,,,,,,,,,
2026-07-21,morning,watchlist_report,MSTR,bounce,Medium,GapFade_weakstock,NO-GO,1,1/6,0.06875723996826333,0.035553056634635066,1.039843377711608,0,0.07729235350420072,0.8700556048955276,,,,,,,,,,,,
2026-07-21,morning,watchlist_report,KWEB,bounce,ETF,GapFade_weakstock,NO-GO,1,1/6,0.024325237921888808,0.0010932944606413114,1.6279285323794563,0,-0.00036390101892290987,0.7332977017637605,,,,,,,,,,,,
2026-07-21,morning,watchlist_report,OPEN,bounce,Medium,GapFade_weakstock,NO-GO,0,0/6,0.08779293739967899,0.001124859392575904,0.8140809563356244,0,-0.026258205689277923,0.6143157509827228,,,,,,,,,,,,
2026-07-21,morning,watchlist_report,TSLA,bounce,Large,GapFade_weakstock,NO-GO,0,0/6,0.04663647679631002,0.012365722325946352,0.3187271424973425,0,-0.04326701784892348,0.9848943834943508,,,,,,,,,,,,
2026-07-21,morning,watchlist_report,ETHE,bounce,Medium,GapFade_weakstock,NO-GO,0,0/6,0.03675029704780185,0.020234986945169744,0.3385849610644901,0,0.033046926635822864,0.9374883420172366,,,,,,,,,,,,
2026-07-21,morning,watchlist_report,FIG,bounce,Medium,GapFade_weakstock,NO-GO,1,1/6,0.0836463304137723,-0.01540383014154875,2.2049903203973193,0,0.010252029047415567,0.8722418605322924,,,,,,,,,,,,
2026-07-21,morning,watchlist_report,U,bounce,Medium,GapFade_weakstock,NO-GO,1,1/6,0.05860166034838523,-0.0013418316001341545,0.5016856766442536,0,-0.013911891354753285,1.0632983950212889,,,,,,,,,,,,
2026-07-21,morning,watchlist_report,IBIT,bounce,ETF,GapFade_weakstock,NO-GO,1,1/6,0.028796782291191203,0.018162103551097906,1.0583906785479296,0,0.032151690024732116,0.9291728578504244,,,,,,,,,,,,
2026-07-21,morning,watchlist_report,PLTR,bounce,Large,GapFade_weakstock,NO-GO,0,0/6,0.05279391852270425,-0.006377456433073676,0.5460567973959688,0,-0.0033472180898541253,0.6785548397520059,,,,,,,,,,,,
2026-07-21,morning,watchlist_report,BABA,bounce,Large,GapFade_weakstock,NO-GO,0,0/6,0.03546338665933881,-0.006398537477148165,0.8145069562831344,0,0.017703634351859718,0.9409584772172179,,,,,,,,,,,,
2026-07-21,morning,watchlist_report,AAPL,breakout,Large,D2_continuation,NO-GO,2,2/6 [AVOID],0.025753026485319387,-0.005266542147646807,,,,1.1988450380519298,0.008640837567933966,0.0753715848795439,,,,,,,,,,
2026-07-21,morning,watchlist_report,META,breakout,Large,D2_continuation,NO-GO,3,3/6 [AVOID],0.04696518219874261,0.002353487651931535,,,,0.5686615346411712,0.0033971173419460043,0.07403523132983904,,,,,,,,,,
2026-07-21,morning,watchlist_report,MSFT,bounce,Large,GapFade_weakstock,NO-GO,1,1/6,0.02745791263873971,-0.008178179919958289,1.1669462936217543,0,-0.005235602094240894,1.2349727702260882,,,,,,,,,,,,
2026-07-21,evening,priority_report,AMD,breakout,Large,D2_continuation,CAUTION,4,4/6 [REDUCED_SIZE],0.07210483654853367,0.08116031534841228,,,,,0.04831632553848853,0.09468724899016914,,,,,,,,,,
2026-07-21,evening,priority_report,HQ,bounce,Small,GapFade_strongstock,NO-GO,3,3/6,0.2130512722484176,0.023469387755101902,1.0464076349427853,0.01057862191840602,-0.19660774008600088,1.2700779991386593,,,,,,,,,,,,
2026-07-21,evening,priority_report,AAPL,breakout,Large,D2_continuation,CAUTION,3,3/6 [REDUCED_SIZE],0.025497167934311733,0.004715392388009494,,,,,0.018762329643137756,0.08624723989058437,,,,,,,,,,
2026-07-21,evening,priority_report,SPCE,bounce,Small,GapFade_weakstock,NO-GO,1,1/6,0.07189252948885977,0.015625000000000014,1.2815124484682432,0.015263991726990018,0.052123552123552214,1.1740255952163925,,,,,,,,,,,,
2026-07-21,evening,priority_report,RXT,bounce,Small,GapFade_strongstock,NO-GO,2,2/6,0.20752424790399485,-0.00697674418604657,0.6773717124295275,0.022192859637178316,0.03206650831353914,0.2772562719329514,,,,,,,,,,,,
2026-07-21,evening,priority_report,FJET,bounce,Micro,GapFade_weakstock,NO-GO,2,2/6,0.10612810363440087,0.008130081300813075,0.37161179617380774,0.01612203177171625,-0.002512562814070298,0.90119689417828,,,,,,,,,,,,
2026-07-21,evening,priority_report,GOOGL,bounce,Large,GapFade_strongstock,NO-GO,0,0/6,0.030918785990942086,-0.001903463166567277,0.8497409459000087,0.02177076516819073,-0.016673249449867315,0.8499785251838633,,,,,,,,,,,,
2026-07-21,evening,priority_report,NVDA,bounce,Large,GapFade_strongstock,NO-GO,0,0/6,0.035134371262438464,0.02095631641086182,0.44568876831961096,0.01252224356085727,-0.000795564127290222,0.7498896355520679,,,,,,,,,,,,
2026-07-21,evening,priority_report,CRWD,bounce,Large,GapFade_weakstock,NO-GO,2,2/6,0.05939820302188454,0.006650209078542965,2.5313261079711764,0.04692905653517031,-0.06245092265410284,0.9191746941802186,,,,,,,,,,,,
2026-07-21,evening,priority_report,EWY,bounce,ETF,GapFade_strongstock,NO-GO,0,0/6,0.0602512426123297,0.04242908019157556,3.3138704814530837,0.04774048770509365,0.06090842311459346,0.4778712634243116,,,,,,,,,,,,
2026-07-21,evening,priority_report,BOT,bounce,Small,GapFade_weakstock,NO-GO,0,0/6,0.15894953499008999,0.03759675635827496,0.784889264671362,0.03554239739383048,-0.038974358974359,0.6834492350486793,,,,,,,,,,,,
2026-07-21,evening,priority_report,GLW,bounce,Large,GapFade_strongstock,NO-GO,3,3/6,0.10430387483730255,0.05355976485956902,1.5604735404292989,0.052016921127983534,0.02556979607298448,0.46921696415359393,,,,,,,,,,,,
2026-07-21,evening,priority_report,AVGO,bounce,Large,GapFade_strongstock,NO-GO,0,0/6,0.04032195500387898,0.03186481912418012,0.8653935005894784,0.020788075408263246,0.03271464815062091,0.48933782267115566,,,,,,,,,,,,
2026-07-21,evening,priority_report,PLTR,bounce,Large,GapFade_weakstock,NO-GO,0,0/6,0.05325095711274573,-0.007563959955505984,0.5460567973959688,0.013859522835106372,-0.01190121987503715,0.6785548397520059,,,,,,,,,,,,
2026-07-21,evening,priority_report,ORCL,bounce,Large,GapFade_weakstock,NO-GO,2,2/6,0.05312609566033682,0.011781183061459935,1.674957652697678,0.026634559145304538,0.01690685130021744,0.8136228644419603,,,,,,,,,,,,
2026-07-21,evening,priority_report,LITE,bounce,Medium,GapFade_strongstock,NO-GO,0,0/6,0.07815924344633249,0.06002220625693952,1.1243587530859411,0.04062916010199388,0.1844583209436019,0.5934517753243139,,,,,,,,,,,,
2026-07-21,evening,priority_report,MSFT,bounce,Large,GapFade_weakstock,NO-GO,1,1/6,0.027512392692540154,-0.00866290486962145,1.1669462936217543,0.02993723262809563,-0.007205435053602638,1.2349727702260882,,,,,,,,,,,,
2026-07-21,evening,priority_report,HYLN,bounce,Small,GapFade_strongstock,NO-GO,2,2/6,0.10962830861648205,0.01690140845070424,0.9569297498545388,0.01647499326048144,0.017379679144385013,0.6712443706227853,,,,,,,,,,,,
2026-07-21,evening,priority_report,MU,bounce,Large,GapFade_strongstock,NO-GO,0,0/6,0.07811453106576198,0.06920019411642361,2.494001304976029,0.09692558158811347,0.14239920300046882,0.552943167551935,,,,,,,,,,,,
2026-07-21,evening,priority_report,IONQ,bounce,Medium,GapFade_weakstock,NO-GO,1,1/6,0.08797087615256508,0.03563084112149529,0.9654411735397428,0.029921327369768207,0.0019943019943020023,0.6755150051598623,,,,,,,,,,,,
2026-07-21,evening,priority_report,WDC,bounce,Large,GapFade_strongstock,NO-GO,1,1/6,0.09370650128783595,0.0849164991178038,1.404560161003502,0.04717501453886943,0.17270409802703443,0.4037214107831245,,,,,,,,,,,,
2026-07-21,evening,priority_report,STX,breakout,Large,D2_continuation,CAUTION,3,3/6 [REDUCED_SIZE],0.0857351187136284,0.11047417284566013,,,,,0.07301394562796706,0.02265987931261185,,,,,,,,,,
2026-07-21,evening,priority_report,KEEL,bounce,Medium,GapFade_strongstock,NO-GO,2,2/6,0.10671444150179156,0.06221198156682038,0.593803658525007,0.038816230388454824,0.16518424396442183,0.6744525547445257,,,,,,,,,,,,
2026-07-21,evening,priority_report,IREN,bounce,Medium,GapFade_weakstock,NO-GO,1,1/6,0.0999451765946231,0.017661691542288402,1.3168579346152267,0.06617602239830973,0.16709732988802758,1.177767463448595,,,,,,,,,,,,
2026-07-21,evening,priority_report,MP,bounce,Medium,GapFade_weakstock,NO-GO,0,0/6,0.06567969079072285,0.02188183807439825,0.6713190054709374,0.02370191535630074,0.007921249450065896,0.8905281695990962,,,,,,,,,,,,
2026-07-21,evening,priority_report,BE,bounce,Medium,GapFade_strongstock,NO-GO,2,2/6,0.13426743818377287,0.07109509793971375,1.6364006926267436,0.045686946126038665,0.09272964736612982,0.8212386096079869,,,,,,,,,,,,
2026-07-21,evening,priority_report,OKLO,bounce,Medium,GapFade_weakstock,NO-GO,1,1/6,0.0766757669016182,0.02144061671886294,0.5989846431170072,0.01302549652033577,0.03525179856115105,0.6223390366692351,,,,,,,,,,,,
2026-07-21,evening,priority_report,SMR,bounce,Medium,GapFade_weakstock,NO-GO,1,1/6,0.07898245614035085,0.01758793969849242,0.9735579353206822,0.016373236349403873,0.1191099476439792,0.7478157855767807,,,,,,,,,,,,
2026-07-21,evening,priority_report,RKLB,bounce,Medium,GapFade_weakstock,NO-GO,0,0/6,0.10343138904075026,0.009126863401277892,0.9627998731003043,0.032994944930010685,0.008760207869339324,0.5834531072435613,,,,,,,,,,,,
2026-07-21,evening,priority_report,DGXX,bounce,Small,GapFade_strongstock,NO-GO,1,1/6,0.0962091170987968,0.0383189122373301,1.4933863677066146,0.08014957499224679,0.13306451612903217,0.7891074982826353,,,,,,,,,,,,
2026-07-21,evening,priority_report,APP,bounce,Large,GapFade_weakstock,NO-GO,0,0/6,0.0765878225346792,-0.012976919453603504,0.970421293174894,0.008648254737913209,-0.016444945682194897,0.47007733720470374,,,,,,,,,,,,
2026-07-21,evening,priority_report,OPEN,bounce,Medium,GapFade_weakstock,NO-GO,0,0/6,0.09048931565955702,0.00562429696287952,0.8140809563356244,0.005500600352786648,-0.05527352297593001,0.6143157509827228,,,,,,,,,,,,
2026-07-21,evening,priority_report,CRML,bounce,Small,GapFade_weakstock,NO-GO,0,0/6,0.09696727853152438,0.037037037037037104,0.5229632975522716,0.030061737349709527,-0.06631892697466472,0.8065843621399177,,,,,,,,,,,,
2026-07-21,evening,priority_report,SNDK,bounce,Large,GapFade_strongstock,NO-GO,2,2/6,0.13634604926335683,0.08678960422732666,1.8642918712828465,0.07784782564244422,0.10579130878476059,0.3731158751216101,,,,,,,,,,,,
2026-07-21,evening,priority_report,PL,bounce,Medium,GapFade_weakstock,NO-GO,1,1/6,0.09812777673487266,0.022573363431151242,0.7611619253044695,0.015177499012847135,0.033499320959710206,0.8704357918096134,,,,,,,,,,,,
2026-07-21,evening,priority_report,RGTI,bounce,Medium,GapFade_weakstock,NO-GO,1,1/6,0.07573077647945718,0.034385964912280714,0.5214334769370276,0.022954611576670485,0.07517730496453905,0.4703510834873168,,,,,,,,,,,,
2026-07-21,evening,priority_report,CRWV,bounce,Medium,GapFade_weakstock,NO-GO,0,0/6,0.08640980221192236,0.02657404872707351,1.3441598997729507,0.02831773344474941,0.0674118776573859,0.9360813529365531,,,,,,,,,,,,
2026-07-21,evening,priority_report,NBIS,bounce,Medium,GapFade_strongstock,NO-GO,1,1/6,0.11598130936262484,0.057113131091884824,1.5543329853193653,0.07158554026660292,0.22544681841998016,0.6250643672349704,,,,,,,,,,,,
2026-07-21,evening,priority_report,CRDO,bounce,Medium,GapFade_strongstock,NO-GO,0,0/6,0.11290466143812646,0.05832979676521906,1.2854638282201845,0.030922632044226933,0.07116411020820317,0.44887096847481295,,,,,,,,,,,,
2026-07-21,evening,priority_report,POET,bounce,Small,GapFade_strongstock,NO-GO,1,1/6,0.08807228915662649,0.04685408299866139,0.9926022598721571,0.02858572880745835,0.08213820078226867,0.5540355677154587,,,,,,,,,,,,
2026-07-21,evening,priority_report,U,bounce,Medium,GapFade_weakstock,NO-GO,1,1/6,0.05860166034838523,0.00234820530023483,0.5016856766442536,0.006831181067355519,-0.013911891354753285,1.0632983950212889,,,,,,,,,,,,
2026-07-21,evening,priority_report,TSLA,bounce,Large,GapFade_weakstock,NO-GO,0,0/6,0.04613644132939735,0.0043158265010688835,0.3187271424973425,0.01858039324502357,-0.032897765048841635,0.9848943834943508,,,,,,,,,,,,
2026-07-21,evening,priority_report,FIG,bounce,Medium,GapFade_weakstock,NO-GO,1,1/6,0.09014516811509295,-0.027893422148209748,2.2049903203973193,0.041005632798901716,-0.06258009397693293,0.8722418605322924,,,,,,,,,,,,
2026-07-21,evening,priority_report,IBIT,bounce,ETF,GapFade_weakstock,NO-GO,1,1/6,0.028808287198219245,0.019517484413120057,1.0583906785479296,0.10498596157057653,0.03173948887056887,0.9291728578504244,,,,,,,,,,,,
2026-07-21,evening,priority_report,ETHE,bounce,Medium,GapFade_weakstock,NO-GO,0,0/6,0.03709442317450067,0.020234986945169744,0.3385849610644901,0.033022410581212636,0.023463317911434148,0.9374883420172366,,,,,,,,,,,,
2026-07-21,evening,priority_report,TEAM,bounce,Medium,GapFade_weakstock,NO-GO,2,2/6,0.06789578273349522,-0.031338794980815154,0.76278208894531,0.011457090650851898,-0.01927241229969685,1.1902439024390237,,,,,,,,,,,,
2026-07-21,evening,priority_report,MSTR,bounce,Medium,GapFade_weakstock,NO-GO,1,1/6,0.06951055032791562,0.03567777550603158,1.039843377711608,0.0567128580034427,0.06561735616292674,0.8700556048955276,,,,,,,,,,,,
2026-07-21,evening,priority_report,KWEB,bounce,ETF,GapFade_weakstock,NO-GO,1,1/6,0.02471663716346534,-0.005830903790087469,1.6279285323794563,0.0125112331848635,-0.016193595342066967,0.7332977017637605,,,,,,,,,,,,
2026-07-21,evening,priority_report,AXTI,bounce,Medium,GapFade_strongstock,NO-GO,2,2/6,0.14662512156421145,0.07188203972967448,1.4339495837119787,0.06775310172787828,0.2249286811498793,0.617011361038045,,,,,,,,,,,,
2026-07-21,evening,priority_report,CBRS,bounce,Medium,GapFade_strongstock,NO-GO,1,1/6,0.08849584442579875,0.02210538218000903,0.6793752052247839,0.02176960252211089,0.14632051424138312,0.9405521868075571,,,,,,,,,,,,
2026-07-21,evening,priority_report,SOXL,bounce,ETF,GapFade_strongstock,NO-GO,2,2/6,0.19743832643472423,0.1390980191506469,1.2153164698480639,0.06279020620970113,0.12033267827063455,0.4148674158077523,,,,,,,,,,,,
2026-07-21,evening,priority_report,MRVL,bounce,Large,GapFade_strongstock,NO-GO,2,2/6,0.09616319458514344,0.054452652098081505,1.2031385441788884,0.07338534077212211,0.10463834306956976,0.5044427097208248,,,,,,,,,,,,
2026-07-21,evening,priority_report,META,breakout,Large,D2_continuation,NO-GO,3,3/6 [AVOID],0.04699639842952979,0.0016876983819772886,,,,,0.0027306348659940963,0.08375111926863818,,,,,,,,,,
2026-07-21,evening,priority_report,INTC,bounce,Large,GapFade_strongstock,NO-GO,0,0/6,0.08275739612827877,0.06315681022048213,1.17560294791695,0.04410456024217955,0.08470818725510403,0.46636303293504344,,,,,,,,,,,,
2026-07-21,evening,priority_report,BRUN,bounce,Small,GapFade_strongstock,NO-GO,0,0/6,0.12680876026593663,-0.007666098807495729,0.6376991291924793,0.009927945250609029,0.07391852162956748,0.5952197378565922,,,,,,,,,,,,
2026-07-21,evening,priority_report,MXL,bounce,Medium,GapFade_strongstock,NO-GO,2,2/6,0.14649296946501375,0.07212371683775491,2.252059125393986,0.09093834550875282,0.15389784946236543,0.3832568769562548,,,,,,,,,,,,
2026-07-21,evening,priority_report,SIMO,bounce,Medium,GapFade_strongstock,NO-GO,0,0/6,0.09312372345232714,0.06864336328728068,1.1675948043996969,0.02385780187179821,0.015323912644521973,0.7794925146591559,,,,,,,,,,,,
2026-07-21,evening,priority_report,STM,bounce,Medium,GapFade_strongstock,NO-GO,0,0/6,0.06093503722732615,0.05746196179993521,1.9015261635996499,0.05329467710063039,0.04540385534491001,0.4051461420012213,,,,,,,,,,,,
2026-07-21,evening,priority_report,ON,bounce,Medium,GapFade_strongstock,NO-GO,2,2/6,0.06586288546255506,0.05017301038062277,1.0141371483198307,0.02128714020651725,0.030413073082160604,0.5835778842375439,,,,,,,,,,,,
2026-07-21,evening,priority_report,NVTS,bounce,Medium,GapFade_weakstock,NO-GO,1,1/6,0.10493089384841969,0.04419410745233983,0.40461369643186756,0.016345142203385135,0.0727350063802636,0.5705956975896788,,,,,,,,,,,,
2026-07-21,evening,priority_report,NOK,bounce,Medium,GapFade_strongstock,NO-GO,2,2/6,0.06726050420168068,0.039682539682539715,2.169895769944188,0.10217583394590196,0.02360308285163769,0.3638180909545224,,,,,,,,,,,,
2026-07-21,evening,priority_report,DXYZ,bounce,Small,GapFade_weakstock,NO-GO,0,0/6,0.06804522976051562,0.01750101750101749,0.47685022885185757,0.011874719191731681,-0.05303867403314909,0.7906517176897129,,,,,,,,,,,,
2026-07-21,evening,priority_report,QCOM,bounce,Large,GapFade_strongstock,NO-GO,1,1/6,0.05085689537833324,0.030354626585251385,1.316884726432062,0.022335230240091826,0.015034288728679429,0.721005677210056,,,,,,,,,,,,
2026-07-21,evening,priority_report,WOLF,bounce,Small,GapFade_strongstock,NO-GO,2,2/6,0.13026505585511797,0.04526889040163383,0.24048456963312478,0.0036657393148981604,0.006895445798588835,0.44458339300747207,,,,,,,,,,,,
2026-07-21,evening,priority_report,RVI,bounce,Small,GapFade_weakstock,NO-GO,1,1/6,0.08240461238060055,-0.0060377358490566095,1.0110101477724265,0.02128532405711209,0.07719856744926389,1.0310697829309923,,,,,,,,,,,,
2026-07-21,evening,priority_report,AAOI,bounce,Medium,GapFade_strongstock,NO-GO,2,2/6,0.11041529219137514,0.045816346340516394,1.271150899242993,0.04343176673330945,0.1837589784517159,0.40146914591855076,,,,,,,,,,,,
2026-07-21,evening,priority_report,LWLG,bounce,Small,GapFade_weakstock,NO-GO,0,0/6,0.09623251377702417,0.03361344537815129,0.8051119756706645,0.03795516561436035,0.0715421303656598,0.6321237817300797,,,,,,,,,,,,
2026-07-21,evening,priority_report,FCEL,bounce,Small,GapFade_strongstock,NO-GO,1,1/6,0.18272864009417,0.013104838709677498,8.484390452915232,0.33264474855973314,0.265643105446118,0.35571246817061847,,,,,,,,,,,,
2026-07-21,evening,priority_report,ARM,bounce,Large,GapFade_strongstock,NO-GO,2,2/6,0.08998186685087645,0.058825711212492166,1.0734731619571711,0.02513490622377736,0.1050150757604671,0.35851374174727374,,,,,,,,,,,,
2026-07-21,evening,priority_report,ALAB,bounce,Medium,GapFade_strongstock,NO-GO,3,3/6,0.13167582716768275,0.05650457795464115,1.2533038922591302,0.022384030843653216,0.0051448051541877204,0.3609520898341147,,,,,,,,,,,,
2026-07-21,evening,priority_report,UMC,bounce,Medium,GapFade_strongstock,NO-GO,1,1/6,0.07714083367057871,0.059359605911329966,1.9639566728439253,0.12402671689968008,-0.04979811574697171,0.590632076873978,,,,,,,,,,,,
2026-07-21,evening,priority_report,AMAT,bounce,Large,GapFade_strongstock,NO-GO,0,0/6,0.08512446594399918,0.07466235495529769,1.2906172910632552,0.03399668769211093,0.009787317490595991,0.6642995507733908,,,,,,,,,,,,
2026-07-21,evening,priority_report,INOD,bounce,Medium,GapFade_weakstock,NO-GO,0,0/6,0.07199747597795897,0.02142396907216492,0.5156758664317387,0.021207770377787663,0.02903067082171565,0.5113654629276179,,,,,,,,,,,,
2026-07-21,evening,priority_report,BABA,bounce,Large,GapFade_weakstock,NO-GO,0,0/6,0.035901762279715026,-0.013960445404686777,0.8145069562831344,0.0391892692962128,0.005277044854881305,0.9409584772172179,,,,,,,,,,,,
2026-07-21,evening,priority_report,SKHY,bounce,Large,GapFade_strongstock,NO-GO,0,0/6,,0.07005821645938082,0.654716606829905,0.040172114776337545,0.12179108397347523,,,,,,,,,,,,,
2026-07-21,evening,priority_report,DRAM,bounce,ETF,GapFade_strongstock,NO-GO,2,2/6,0.08752562936002424,0.07519788918205794,3.257544156979672,0.16233717890454777,0.12485670615208247,0.44245456939689265,,,,,,,,,,,,
2026-07-21,evening,priority_report,PENG,bounce,Medium,GapFade_strongstock,NO-GO,3,3/6,0.1720749882984751,0.05203832425324072,2.243423784542302,0.07656098854874108,-0.12096407457935421,0.6924799285329795,,,,,,,,,,,,
2026-07-21,evening,priority_report,SPCX,bounce,Large,GapFade_strongstock,NO-GO,3,3/6,0.07189933265120131,0.018815185648727657,5.1741737967304715,0.20482414516826544,-0.056823278163374416,0.6770842957094155,,,,,,,,,,,,
2026-07-22,morning,priority_report,AMD,breakout,Large,D2_continuation,NO-GO,2,2/6 [AVOID],0.0733493325494074,-0.01814742023767977,,,,,0.019426272384104135,0.06267434811384243,,,,,,,,,,
2026-07-22,morning,priority_report,HQ,bounce,Small,GapFade_strongstock,CAUTION,4,4/6,0.20399041342121027,,0.5324557404613232,0,-0.25190497534737777,1.0603301415731656,,,,,,,,,,,,
2026-07-22,morning,priority_report,AAPL,breakout,Large,D2_continuation,NO-GO,2,2/6 [AVOID],0.025190132349598746,-0.002746079209129292,,,,,0.011207562231526736,0.07719467781590596,,,,,,,,,,
2026-07-22,morning,priority_report,SPCE,bounce,Small,GapFade_weakstock,NO-GO,1,1/6,0.0722717895822589,-0.003597122302158197,0.6785814110694062,0,0.08203124999999999,1.1888536054518857,,,,,,,,,,,,
2026-07-22,morning,priority_report,RXT,bounce,Small,GapFade_strongstock,NO-GO,2,2/6,0.20493882275132277,-0.015945330296127425,0.7936426366398928,0,0.04096385542168673,0.32755936004905223,,,,,,,,,,,,
2026-07-22,morning,priority_report,FJET,bounce,Micro,GapFade_weakstock,NO-GO,3,3/6,0.1011467564693371,,0.29143534948361116,0,0.0467532467532468,1.0747717595107504,,,,,,,,,,,,
2026-07-22,morning,priority_report,GOOGL,bounce,Large,GapFade_strongstock,NO-GO,0,0/6,0.030191893992065778,0.006193288203946519,0.7023736682112451,0,0.007295902183003229,0.40963287466371817,,,,,,,,,,,,
2026-07-22,morning,priority_report,NVDA,bounce,Large,GapFade_strongstock,NO-GO,0,0/6,0.035350847905624455,-0.009214144435332127,0.27421070460111663,0,0.0126719589763818,0.6390870185449372,,,,,,,,,,,,
2026-07-22,morning,priority_report,CRWD,bounce,Large,GapFade_weakstock,NO-GO,2,2/6,0.059209702948430074,0.015171331415119046,2.04070035946349,0,-0.04446523537522159,0.8982002424543839,,,,,,,,,,,,
2026-07-22,morning,priority_report,EWY,bounce,ETF,GapFade_strongstock,NO-GO,0,0/6,0.06435832760070322,-0.02712550607287448,1.6476193681034037,0,0.034883720930232655,0.48865135919767666,,,,,,,,,,,,
2026-07-22,morning,priority_report,BOT,bounce,Small,GapFade_weakstock,NO-GO,0,0/6,0.14948644421272161,-0.03825903825903826,0.589719611717809,0,-0.0610006854009596,0.36621732382330885,,,,,,,,,,,,
2026-07-22,morning,priority_report,GLW,bounce,Large,GapFade_strongstock,NO-GO,3,3/6,0.1022635542439674,-0.02235084046548855,0.8585299178183529,0,0.026971088545372144,0.4865308808540424,,,,,,,,,,,,
2026-07-22,morning,priority_report,AVGO,bounce,Large,GapFade_strongstock,NO-GO,0,0/6,0.04170209884901827,-0.017335058214747706,0.5364191288070826,0,0.02420279107395678,0.7174562457382186,,,,,,,,,,,,
2026-07-22,morning,priority_report,PLTR,bounce,Large,GapFade_weakstock,NO-GO,0,0/6,0.053043305051897145,0.00015076134479127267,0.5239391327272789,0,0.00226620335398105,0.4909214545971255,,,,,,,,,,,,
2026-07-22,morning,priority_report,ORCL,bounce,Large,GapFade_weakstock,NO-GO,2,2/6,0.053316225819186734,-0.003148366784730354,1.5430600617488834,0,0.001898583972787035,0.7715660866345809,,,,,,,,,,,,
2026-07-22,morning,priority_report,LITE,bounce,Medium,GapFade_strongstock,NO-GO,0,0/6,0.0836793338024865,-0.025669802760399256,1.0081867125040096,0,0.11358860293114256,0.6324743233164901,,,,,,,,,,,,
2026-07-22,morning,priority_report,MSFT,bounce,Large,GapFade_weakstock,NO-GO,0,0/6,0.027349848962084658,0.0023130106851037484,0.9861415131551226,0,0.012315270935960649,0.4723226153440025,,,,,,,,,,,,
2026-07-22,morning,priority_report,HYLN,bounce,Small,GapFade_strongstock,NO-GO,2,2/6,0.09883749999999998,0.03092783505154642,1.1241672245712986,0,0.06951871657754005,0.6955861894523838,,,,,,,,,,,,
2026-07-22,morning,priority_report,MU,bounce,Large,GapFade_strongstock,NO-GO,0,0/6,0.08595342205323195,-0.024741970705177165,1.4826800090736973,0,0.11526002709229036,0.814811128437086,,,,,,,,,,,,
2026-07-22,morning,priority_report,IONQ,bounce,Medium,GapFade_weakstock,NO-GO,0,0/6,0.08558241141574473,0.003660940580118349,0.6651024075969713,0,0.02472685451408854,0.4475179264768544,,,,,,,,,,,,
2026-07-22,morning,priority_report,WDC,bounce,Large,GapFade_strongstock,NO-GO,2,2/6,0.10022610146862487,-0.02441692955743173,0.6446581620720762,0,0.12107623318385644,0.6828485926679796,,,,,,,,,,,,
2026-07-22,morning,priority_report,STX,bounce,Large,GapFade_strongstock,NO-GO,0,0/6,0.09076506389252947,-0.02223517935032466,1.1515282060229755,0,0.1070766574410279,0.6959190563614844,,,,,,,,,,,,
2026-07-22,morning,priority_report,KEEL,bounce,Medium,GapFade_strongstock,NO-GO,2,2/6,0.10515873015873017,0.0064516129032256685,0.6677549082303044,0,0.18481012658227836,0.5079825834542816,,,,,,,,,,,,
2026-07-22,morning,priority_report,IREN,bounce,Medium,GapFade_weakstock,NO-GO,0,0/6,0.10062881110993621,-0.018406393799951515,2.5990632385966874,0,0.20553242117787043,0.5737423553559785,,,,,,,,,,,,
2026-07-22,morning,priority_report,MP,bounce,Medium,GapFade_weakstock,NO-GO,0,0/6,0.0654476785329682,0.002807775377969818,0.6344589679993877,0,0.02630415561450039,0.7865113075691725,,,,,,,,,,,,
2026-07-22,morning,priority_report,BE,bounce,Medium,GapFade_strongstock,NO-GO,2,2/6,0.1375533116883117,-0.02766728542384863,1.6532975548200226,0,0.023446222553033084,0.7369704591513748,,,,,,,,,,,,
2026-07-22,morning,priority_report,OKLO,bounce,Medium,GapFade_weakstock,NO-GO,1,1/6,0.07283883586293227,0.03444368910038513,0.4359145753456143,0,0.1104354171734371,0.5789312006324195,,,,,,,,,,,,
2026-07-22,morning,priority_report,SMR,bounce,Medium,GapFade_weakstock,NO-GO,1,1/6,0.07902843991451583,-0.002296211251435287,1.5661174632046786,0,0.12564766839378236,0.9319160443492202,,,,,,,,,,,,
2026-07-22,morning,priority_report,RKLB,bounce,Medium,GapFade_weakstock,NO-GO,0,0/6,0.0927165774344588,0.046151620370370336,0.772453132183034,0,0.06935817805383018,0.5727636806458937,,,,,,,,,,,,
2026-07-22,morning,priority_report,DGXX,bounce,Small,GapFade_strongstock,NO-GO,2,2/6,0.09748809523809523,-0.007092198581560342,1.3600481305683636,0,0.11405835543766582,0.48846012944193473,,,,,,,,,,,,
2026-07-22,morning,priority_report,APP,bounce,Large,GapFade_weakstock,NO-GO,0,0/6,0.07476166010542469,-0.001143017098602741,0.8834242723853114,0,0.008621095774249701,0.5185402689804934,,,,,,,,,,,,
2026-07-22,morning,priority_report,OPEN,bounce,Medium,GapFade_weakstock,NO-GO,0,0/6,0.08808195153061227,0.0,0.6329398144927784,0,-0.00444444444444435,0.6588831568467749,,,,,,,,,,,,
2026-07-22,morning,priority_report,CRML,bounce,Small,GapFade_weakstock,NO-GO,0,0/6,0.0968904912122578,-0.0015748031496062658,0.5408193582547359,0,-0.009375000000000078,0.6339069767441847,,,,,,,,,,,,
2026-07-22,morning,priority_report,SNDK,bounce,Large,GapFade_strongstock,NO-GO,2,2/6,0.13528654357188674,-0.01912671448345293,1.1816945747941798,0,0.15070636689744768,0.5025524389164719,,,,,,,,,,,,
2026-07-22,morning,priority_report,PL,bounce,Medium,GapFade_weakstock,NO-GO,0,0/6,0.0890932051992854,0.0038961038961038896,0.6995867669495764,0,0.032042723631508785,0.6001728608470192,,,,,,,,,,,,
2026-07-22,morning,priority_report,RGTI,bounce,Medium,GapFade_weakstock,NO-GO,1,1/6,0.07651498074574996,-0.0045811518324606355,0.36728990457278227,0,0.07795889440113406,0.6179793900485474,,,,,,,,,,,,
2026-07-22,morning,priority_report,CRWV,bounce,Medium,GapFade_weakstock,NO-GO,0,0/6,0.08501004533736332,0.009675797939180648,0.8542330419014444,0,0.09752766015571644,0.8710856048136634,,,,,,,,,,,,
2026-07-22,morning,priority_report,NBIS,bounce,Medium,GapFade_strongstock,NO-GO,2,2/6,0.11485692791316263,-0.01954637654434806,1.0525194759300052,0,0.19678127286027797,1.0438938351197466,,,,,,,,,,,,
2026-07-22,morning,priority_report,CRDO,bounce,Medium,GapFade_strongstock,NO-GO,1,1/6,0.110113495720869,-0.030687452539420217,0.807734765638658,0,0.07065324649694095,0.39506786940758937,,,,,,,,,,,,
2026-07-22,morning,priority_report,POET,bounce,Small,GapFade_strongstock,NO-GO,2,2/6,0.09168185801928132,-0.02628434886499389,0.6749888030550408,0,0.10284167794316654,0.9100555401542886,,,,,,,,,,,,
2026-07-22,morning,priority_report,U,bounce,Medium,GapFade_weakstock,NO-GO,0,0/6,0.05826701821668264,-0.0023434884499497917,0.5605053673834955,0,0.027940669196274658,0.5672796083754985,,,,,,,,,,,,
2026-07-22,morning,priority_report,TSLA,bounce,Large,GapFade_weakstock,NO-GO,0,0/6,0.04535894228021729,-0.0016211437468662134,0.3443802625084252,0,-0.006628242831635287,0.8210955710955696,,,,,,,,,,,,
2026-07-22,morning,priority_report,FIG,bounce,Medium,GapFade_weakstock,NO-GO,2,2/6,0.09302385285324322,0.0022799817601459513,1.3321153378105348,0,-0.08225469728601248,1.0026095796375918,,,,,,,,,,,,
2026-07-22,morning,priority_report,IBIT,bounce,ETF,GapFade_weakstock,NO-GO,1,1/6,0.028423414820473617,-0.0071675073002389995,0.6264610933347908,0,0.02888583218707007,0.49857214849655795,,,,,,,,,,,,
2026-07-22,morning,priority_report,ETHE,bounce,Medium,GapFade_weakstock,NO-GO,0,0/6,0.035906912442396306,-0.001931745009658684,0.3681523434252008,0,0.04166666666666661,0.4312225673143566,,,,,,,,,,,,
2026-07-22,morning,priority_report,TEAM,bounce,Medium,GapFade_weakstock,NO-GO,1,1/6,0.07087279843444225,0.0071743929359824035,0.6681920785618746,0,-0.021867295530067596,1.1179589131875425,,,,,,,,,,,,
2026-07-22,morning,priority_report,MSTR,bounce,Medium,GapFade_weakstock,NO-GO,1,1/6,0.06721939280762812,-0.009514467876409994,1.286455443783927,0,0.06462836056932009,0.6850511525906705,,,,,,,,,,,,
2026-07-22,morning,priority_report,KWEB,bounce,ETF,GapFade_weakstock,NO-GO,1,1/6,0.025181598062953992,-0.017394522575869684,1.0380346343826958,0,-0.009697873927638868,0.4935897435897411,,,,,,,,,,,,
2026-07-22,morning,priority_report,AXTI,bounce,Medium,GapFade_strongstock,NO-GO,2,2/6,0.1529129827826896,-0.022119978764820386,1.1632551484612432,0,0.2049716528565198,0.6514814927522997,,,,,,,,,,,,
2026-07-22,morning,priority_report,CBRS,bounce,Medium,GapFade_strongstock,NO-GO,2,2/6,0.09542975241678275,-0.03145227022102892,0.5510320560876961,0,0.16863357630452375,1.6114420500006115,,,,,,,,,,,,
2026-07-22,morning,priority_report,SOXL,bounce,ETF,GapFade_strongstock,NO-GO,3,3/6,0.20614007389989925,-0.061120222025987124,0.6075114514941481,0,0.09876725474274745,0.3835881625410021,,,,,,,,,,,,
2026-07-22,morning,priority_report,MRVL,bounce,Large,GapFade_strongstock,NO-GO,2,2/6,0.09518486280070475,-0.021398345835737725,1.0174668408479821,0,0.0785986856052575,0.4005973561459463,,,,,,,,,,,,
2026-07-22,morning,priority_report,META,bounce,Large,GapFade_strongstock,NO-GO,0,0/6,0.04709677383542786,-0.0006368338484956248,0.6616756061250052,0,-0.004040185136453017,0.41845333969467735,,,,,,,,,,,,
2026-07-22,morning,priority_report,INTC,bounce,Large,GapFade_strongstock,NO-GO,0,0/6,0.08389277232937221,-0.028433380749170227,0.8322176284233563,0,0.07798505892255887,0.5956981419337257,,,,,,,,,,,,
2026-07-22,morning,priority_report,BRUN,bounce,Small,GapFade_strongstock,NO-GO,0,0/6,0.11714509540596497,,0.4540387473113508,0,0.04545454545454543,0.9078098877477906,,,,,,,,,,,,
2026-07-22,morning,priority_report,MXL,bounce,Medium,GapFade_strongstock,NO-GO,2,2/6,0.13814048184594505,-0.02161282825935393,2.127242263256473,0,0.1720489977728285,0.5863424220093336,,,,,,,,,,,,
2026-07-22,morning,priority_report,SIMO,bounce,Medium,GapFade_strongstock,NO-GO,0,0/6,0.09749684336846497,-0.01570981773735487,1.5102285212447246,0,0.035846022888489634,0.6626799552291004,,,,,,,,,,,,
2026-07-22,morning,priority_report,STM,bounce,Medium,GapFade_strongstock,NO-GO,0,0/6,0.06379722234353843,-0.00015283509093695727,0.8486357041295133,0,0.05414115372220431,0.48638898111605944,,,,,,,,,,,,
2026-07-22,morning,priority_report,ON,bounce,Medium,GapFade_strongstock,NO-GO,2,2/6,0.06573589908404304,-0.023720623764550808,0.5718907430076418,0,0.017511731715691897,0.5407328005045532,,,,,,,,,,,,
2026-07-22,morning,priority_report,NVTS,bounce,Medium,GapFade_weakstock,NO-GO,0,0/6,0.10643700787401578,-0.009746588693957116,0.345056411717581,0,0.10820244328097717,0.6732014055853524,,,,,,,,,,,,
2026-07-22,morning,priority_report,NOK,bounce,Medium,GapFade_strongstock,NO-GO,2,2/6,0.06919642857142858,-0.006585136406397016,1.5138690653418914,0,0.04347826086956535,0.4310850439882715,,,,,,,,,,,,
2026-07-22,morning,priority_report,DXYZ,bounce,Small,GapFade_weakstock,NO-GO,0,0/6,0.07048235294117645,-0.006622516556291457,0.5550260727756328,0,-0.018097805159799727,0.9959383519724029,,,,,,,,,,,,
2026-07-22,morning,priority_report,QCOM,bounce,Large,GapFade_strongstock,NO-GO,1,1/6,0.04957589938578534,-0.014697406340057702,0.779834809948565,0,-0.0048317615554780095,0.6312684365781736,,,,,,,,,,,,
2026-07-22,morning,priority_report,WOLF,bounce,Small,GapFade_strongstock,NO-GO,2,2/6,0.1211184331797235,-0.023006618342262856,0.12394181397572288,0,0.03713616594178653,0.47940280108208083,,,,,,,,,,,,
2026-07-22,morning,priority_report,RVI,bounce,Small,GapFade_weakstock,NO-GO,0,0/6,0.0801302752293578,,0.3720570620631144,0,0.04087089381207029,0.7144329188706459,,,,,,,,,,,,
2026-07-22,morning,priority_report,AAOI,bounce,Medium,GapFade_strongstock,NO-GO,2,2/6,0.11782764866419455,-0.021214153949354362,0.680208756377709,0,0.13983009471731284,0.9306369098284498,,,,,,,,,,,,
2026-07-22,morning,priority_report,LWLG,bounce,Small,GapFade_weakstock,NO-GO,1,1/6,0.09793315285297795,-0.0029069767441859845,0.7865386002891693,0,0.10112359550561795,1.1238105363882829,,,,,,,,,,,,
2026-07-22,morning,priority_report,FCEL,bounce,Small,GapFade_strongstock,NO-GO,1,1/6,0.1675750055785082,-0.023706099815157193,7.219957789053399,0,0.14230873208975386,0.7541612024614138,,,,,,,,,,,,
2026-07-22,morning,priority_report,ARM,bounce,Large,GapFade_strongstock,NO-GO,2,2/6,0.09300792447317115,-0.021261174196665945,0.4398089791425948,0,0.061304689546764456,0.7393573170375008,,,,,,,,,,,,
2026-07-22,morning,priority_report,ALAB,bounce,Medium,GapFade_strongstock,NO-GO,2,2/6,0.13116322921451543,-0.027486788204759437,0.5107930478956623,0,0.024306699163427953,0.4260663961055162,,,,,,,,,,,,
2026-07-22,morning,priority_report,UMC,bounce,Medium,GapFade_strongstock,NO-GO,0,0/6,0.07710253998118533,0.0033034450212364457,1.4484417619929575,0,0.0004705882352941912,0.378233284529037,,,,,,,,,,,,
2026-07-22,morning,priority_report,AMAT,bounce,Large,GapFade_strongstock,NO-GO,0,0/6,0.08760896805260708,-0.022584359224160837,0.8197999921438924,0,0.04180040025676847,0.424056378517156,,,,,,,,,,,,
2026-07-22,morning,priority_report,INOD,bounce,Medium,GapFade_strongstock,NO-GO,2,2/6,0.07029215981012661,-0.006757818639006753,0.311948979827887,0,0.03930274625883901,0.4502005587214016,,,,,,,,,,,,
2026-07-22,morning,priority_report,BABA,bounce,Large,GapFade_weakstock,NO-GO,0,0/6,0.03654711488942553,-0.01500127150970586,1.0662797010831673,0,0.010701052448464815,0.4238499705659737,,,,,,,,,,,,
2026-07-22,morning,priority_report,SKHY,bounce,Large,GapFade_strongstock,NO-GO,0,0/6,,-0.0542049552169361,0.6429281279924767,0,0.05576835681360776,,,,,,,,,,,,,
2026-07-22,morning,priority_report,DRAM,bounce,ETF,GapFade_strongstock,NO-GO,2,2/6,0.09553288779458315,-0.03381478334749366,1.1987947587665033,0,0.07852807283763279,0.5329528718703971,,,,,,,,,,,,
2026-07-22,morning,priority_report,PENG,bounce,Medium,GapFade_strongstock,NO-GO,3,3/6,0.16866524893670246,-0.01721170395869191,3.3206635733807452,0,-0.05479225293825518,0.4091047311078319,,,,,,,,,,,,
2026-07-22,morning,priority_report,SPCX,bounce,Large,GapFade_strongstock,CAUTION,4,4/6,0.07099535283993116,0.007770762506070858,3.4767347077268758,0,0.0041132349383015175,1.0770544887102411,,,,,,,,,,,,
2026-07-22,morning,watchlist_report,RXT,bounce,Small,GapFade_strongstock,NO-GO,2,2/6,0.20493882275132277,-0.015945330296127425,0.7936426366398928,0,0.04096385542168673,0.32755936004905223,,,,,,,,,,,,
2026-07-22,morning,watchlist_report,FCEL,bounce,Small,GapFade_strongstock,NO-GO,1,1/6,0.16699797843665767,-0.02033271719038823,7.219957789053399,0,0.14625574479589068,0.7541612024614138,,,,,,,,,,,,
2026-07-22,morning,watchlist_report,WOLF,bounce,Small,GapFade_strongstock,NO-GO,2,2/6,0.12069017771042842,-0.019539867633154774,0.12394181397572288,0,0.04081632653061221,0.47940280108208083,,,,,,,,,,,,
2026-07-22,morning,watchlist_report,GLW,bounce,Large,GapFade_strongstock,NO-GO,3,3/6,0.10244420910319965,-0.024074872236931204,0.8585299178183529,0,0.025160080201797982,0.4865308808540424,,,,,,,,,,,,
2026-07-22,morning,watchlist_report,HQ,bounce,Small,GapFade_strongstock,CAUTION,4,4/6,0.20399041342121027,,0.5324557404613232,0,-0.25190497534737777,1.0603301415731656,,,,,,,,,,,,
2026-07-22,morning,watchlist_report,SOXL,bounce,ETF,GapFade_strongstock,NO-GO,3,3/6,0.2070022937327127,-0.0650309070266179,0.6075114514941481,0,0.0941905957038458,0.3835881625410021,,,,,,,,,,,,
2026-07-22,morning,watchlist_report,SPCX,bounce,Large,GapFade_strongstock,CAUTION,4,4/6,0.07102872778431174,0.0072972316658572005,3.4767347077268758,0,0.0036414226953787403,1.0770544887102411,,,,,,,,,,,,
2026-07-22,morning,watchlist_report,PENG,bounce,Medium,GapFade_strongstock,NO-GO,3,3/6,0.1691391941391941,-0.01996557659208268,3.3206635733807452,0,-0.057440821056116524,0.4091047311078319,,,,,,,,,,,,
2026-07-22,morning,watchlist_report,AXTI,bounce,Medium,GapFade_strongstock,NO-GO,2,2/6,0.15445021803274406,-0.031852769421341305,1.1632551484612432,0,0.192978630614915,0.6514814927522997,,,,,,,,,,,,
2026-07-22,morning,watchlist_report,BRUN,bounce,Small,GapFade_strongstock,NO-GO,0,0/6,0.11714509540596497,,0.4540387473113508,0,0.04545454545454543,0.9078098877477906,,,,,,,,,,,,
2026-07-22,morning,watchlist_report,ALAB,bounce,Medium,GapFade_strongstock,NO-GO,2,2/6,0.13116322921451543,-0.027486788204759437,0.5107930478956623,0,0.024306699163427953,0.4260663961055162,,,,,,,,,,,,
2026-07-22,morning,watchlist_report,SNDK,bounce,Large,GapFade_strongstock,NO-GO,2,2/6,0.13607207834101384,-0.02478922863973832,1.1816945747941798,0,0.14406341801862985,0.5025524389164719,,,,,,,,,,,,
2026-07-22,morning,watchlist_report,MRVL,bounce,Large,GapFade_strongstock,NO-GO,2,2/6,0.09553765404938103,-0.025012021542604394,1.0174668408479821,0,0.0746157515369938,0.4005973561459463,,,,,,,,,,,,
2026-07-22,morning,watchlist_report,HYLN,bounce,Small,GapFade_strongstock,NO-GO,2,2/6,0.09883749999999998,0.03092783505154642,1.1241672245712986,0,0.06951871657754005,0.6955861894523838,,,,,,,,,,,,
2026-07-22,morning,watchlist_report,POET,bounce,Small,GapFade_strongstock,NO-GO,2,2/6,0.091907397645405,-0.028673835125447845,0.6749888030550408,0,0.10013531799729379,0.9100555401542886,,,,,,,,,,,,
2026-07-22,morning,watchlist_report,MXL,bounce,Medium,GapFade_strongstock,NO-GO,2,2/6,0.13846938775510206,-0.023936788287241485,2.127242263256473,0,0.16926503340757232,0.5863424220093336,,,,,,,,,,,,
2026-07-22,morning,watchlist_report,AAOI,bounce,Medium,GapFade_strongstock,NO-GO,2,2/6,0.11815438760292689,-0.023920845212141554,0.680208756377709,0,0.136678058783322,0.9306369098284498,,,,,,,,,,,,
2026-07-22,morning,watchlist_report,BE,bounce,Medium,GapFade_strongstock,NO-GO,2,2/6,0.13880890129548448,-0.03646247679660568,1.6532975548200226,0,0.014188686267212425,0.7369704591513748,,,,,,,,,,,,
2026-07-22,morning,watchlist_report,INOD,bounce,Medium,GapFade_strongstock,NO-GO,2,2/6,0.07029215981012661,-0.006757818639006753,0.311948979827887,0,0.03930274625883901,0.4502005587214016,,,,,,,,,,,,
2026-07-22,morning,watchlist_report,LWLG,bounce,Small,GapFade_strongstock,NO-GO,2,2/6,0.0959744897959184,0.017441860465116296,0.7865386002891693,0,0.12359550561797746,1.1238105363882829,,,,,,,,,,,,
2026-07-22,morning,watchlist_report,ARM,bounce,Large,GapFade_strongstock,NO-GO,2,2/6,0.09332980814339098,-0.024636730749318447,0.4398089791425948,0,0.057644372918148085,0.7393573170375008,,,,,,,,,,,,
2026-07-22,morning,watchlist_report,DGXX,bounce,Small,GapFade_strongstock,NO-GO,1,1/6,0.09201123595505617,0.05200945626477535,1.3600481305683636,0,0.18037135278514593,0.48846012944193473,,,,,,,,,,,,
2026-07-22,morning,watchlist_report,FJET,bounce,Micro,GapFade_weakstock,NO-GO,3,3/6,0.1011467564693371,,0.29143534948361116,0,0.0467532467532468,1.0747717595107504,,,,,,,,,,,,
2026-07-22,morning,watchlist_report,BOT,bounce,Small,GapFade_weakstock,NO-GO,0,0/6,0.14948644421272161,-0.03825903825903826,0.589719611717809,0,-0.0610006854009596,0.36621732382330885,,,,,,,,,,,,
2026-07-22,morning,watchlist_report,INTC,bounce,Large,GapFade_strongstock,NO-GO,0,0/6,0.08414878737866795,-0.03138928402086299,0.8322176284233563,0,0.07470538720538714,0.5956981419337257,,,,,,,,,,,,
2026-07-22,morning,watchlist_report,KEEL,bounce,Medium,GapFade_strongstock,NO-GO,2,2/6,0.10698757763975157,-0.010752688172043163,0.6677549082303044,0,0.1645569620253163,0.5079825834542816,,,,,,,,,,,,
2026-07-22,morning,watchlist_report,NOK,bounce,Medium,GapFade_strongstock,NO-GO,2,2/6,0.06926858334574706,-0.007619943555973781,1.5138690653418914,0,0.04239130434782612,0.4310850439882715,,,,,,,,,,,,
2026-07-22,morning,watchlist_report,CRML,bounce,Small,GapFade_weakstock,NO-GO,0,0/6,0.0968904912122578,-0.0015748031496062658,0.5408193582547359,0,-0.009375000000000078,0.6339069767441847,,,,,,,,,,,,
2026-07-22,morning,watchlist_report,DRAM,bounce,ETF,GapFade_strongstock,NO-GO,2,2/6,0.09580246913580243,-0.03653355989804585,1.1987947587665033,0,0.07549317147192725,0.5329528718703971,,,,,,,,,,,,
2026-07-22,morning,watchlist_report,CRDO,bounce,Medium,GapFade_strongstock,NO-GO,1,1/6,0.11002258765650581,-0.02988654129628799,0.807734765638658,0,0.07153789224393134,0.39506786940758937,,,,,,,,,,,,
2026-07-22,morning,watchlist_report,AMAT,bounce,Large,GapFade_strongstock,NO-GO,1,1/6,0.08811999375032552,-0.028252590558852063,0.8197999921438924,0,0.035758788656874325,0.424056378517156,,,,,,,,,,,,
2026-07-22,morning,watchlist_report,NBIS,bounce,Medium,GapFade_strongstock,NO-GO,2,2/6,0.11536137628605161,-0.023833671399594265,1.0525194759300052,0,0.19154802768555507,1.0438938351197466,,,,,,,,,,,,
2026-07-22,morning,watchlist_report,WDC,bounce,Large,GapFade_strongstock,NO-GO,2,2/6,0.10041379079721781,-0.026240449315268307,0.6446581620720762,0,0.11898076358912026,0.6828485926679796,,,,,,,,,,,,
2026-07-22,morning,watchlist_report,UMC,bounce,Medium,GapFade_strongstock,NO-GO,0,0/6,0.07783475783475784,-0.006134969325153495,1.4484417619929575,0,-0.008941176470588296,0.378233284529037,,,,,,,,,,,,
2026-07-22,morning,watchlist_report,SIMO,bounce,Medium,GapFade_strongstock,NO-GO,0,0/6,0.09749684336846497,-0.01570981773735487,1.5102285212447246,0,0.035846022888489634,0.6626799552291004,,,,,,,,,,,,
2026-07-22,morning,watchlist_report,ON,bounce,Medium,GapFade_strongstock,NO-GO,2,2/6,0.06573589908404304,-0.023720623764550808,0.5718907430076418,0,0.017511731715691897,0.5407328005045532,,,,,,,,,,,,
2026-07-22,morning,watchlist_report,EWY,bounce,ETF,GapFade_strongstock,NO-GO,0,0/6,0.0645425045353502,-0.029901677270098414,1.6476193681034037,0,0.03193060169804355,0.48865135919767666,,,,,,,,,,,,
2026-07-22,morning,watchlist_report,CRWD,bounce,Large,GapFade_weakstock,NO-GO,2,2/6,0.059209702948430074,0.015171331415119046,2.04070035946349,0,-0.04446523537522159,0.8982002424543839,,,,,,,,,,,,
2026-07-22,morning,watchlist_report,MU,bounce,Large,GapFade_strongstock,NO-GO,0,0/6,0.0862083686440678,-0.027626130487629064,1.4826800090736973,0,0.1119618352081983,0.814811128437086,,,,,,,,,,,,
2026-07-22,morning,watchlist_report,QCOM,bounce,Large,GapFade_strongstock,NO-GO,1,1/6,0.04957589938578534,-0.014697406340057702,0.779834809948565,0,-0.0048317615554780095,0.6312684365781736,,,,,,,,,,,,
2026-07-22,morning,watchlist_report,CBRS,bounce,Medium,GapFade_strongstock,NO-GO,2,2/6,0.09538725524846256,-0.03102076041616723,0.5510320560876961,0,0.16915422885572126,1.6114420500006115,,,,,,,,,,,,
2026-07-22,morning,watchlist_report,STX,bounce,Large,GapFade_strongstock,NO-GO,0,0/6,0.0909747648987755,-0.024488972113519428,1.1515282060229755,0,0.10452479496229343,0.6959190563614844,,,,,,,,,,,,
2026-07-22,morning,watchlist_report,IONQ,bounce,Medium,GapFade_weakstock,NO-GO,0,0/6,0.08581645629655352,0.0009236834694452751,0.6651024075969713,0,0.021932144910868274,0.4475179264768544,,,,,,,,,,,,
2026-07-22,morning,watchlist_report,NVTS,bounce,Medium,GapFade_weakstock,NO-GO,0,0/6,0.1071966693100714,-0.016764132553606228,0.345056411717581,0,0.10034904013961593,0.6732014055853524,,,,,,,,,,,,
2026-07-22,morning,watchlist_report,STM,bounce,Medium,GapFade_strongstock,NO-GO,0,0/6,0.06389489108564429,-0.0016811860003058785,0.8486357041295133,0,0.05252980986142428,0.48638898111605944,,,,,,,,,,,,
2026-07-22,morning,watchlist_report,LITE,bounce,Medium,GapFade_strongstock,NO-GO,0,0/6,0.08327828039714769,-0.020977601604661084,1.0081867125040096,0,0.11895144783166392,0.6324743233164901,,,,,,,,,,,,
2026-07-22,morning,watchlist_report,RKLB,bounce,Medium,GapFade_weakstock,NO-GO,0,0/6,0.09324528114444668,0.04021990740740742,0.772453132183034,0,0.06329488317065958,0.5727636806458937,,,,,,,,,,,,
2026-07-22,morning,watchlist_report,SPCE,bounce,Small,GapFade_weakstock,NO-GO,1,1/6,0.0722717895822589,-0.003597122302158197,0.6785814110694062,0,0.08203124999999999,1.1888536054518857,,,,,,,,,,,,
2026-07-22,morning,watchlist_report,RVI,bounce,Small,GapFade_weakstock,NO-GO,0,0/6,0.0801302752293578,,0.3720570620631144,0,0.04087089381207029,0.7144329188706459,,,,,,,,,,,,
2026-07-22,morning,watchlist_report,NVDA,bounce,Large,GapFade_strongstock,NO-GO,0,0/6,0.0354094671422998,-0.01085435862800907,0.27421070460111663,0,0.010995513041763176,0.6390870185449372,,,,,,,,,,,,
2026-07-22,morning,watchlist_report,AVGO,bounce,Large,GapFade_strongstock,NO-GO,0,0/6,0.041790124387485854,-0.019404915912031046,0.5364191288070826,0,0.022045439223353364,0.7174562457382186,,,,,,,,,,,,
2026-07-22,morning,watchlist_report,PL,bounce,Medium,GapFade_weakstock,NO-GO,0,0/6,0.0890932051992854,0.0038961038961038896,0.6995867669495764,0,0.032042723631508785,0.6001728608470192,,,,,,,,,,,,
2026-07-22,morning,watchlist_report,ORCL,bounce,Large,GapFade_weakstock,NO-GO,2,2/6,0.05337944664031621,-0.0043290043290043064,1.5430600617488834,0,0.0007119689897951381,0.7715660866345809,,,,,,,,,,,,
2026-07-22,morning,watchlist_report,RGTI,bounce,Medium,GapFade_weakstock,NO-GO,1,1/6,0.07666619612271784,-0.0065445026178010245,0.36728990457278227,0,0.0758327427356485,0.6179793900485474,,,,,,,,,,,,
2026-07-22,morning,watchlist_report,SKHY,bounce,Large,GapFade_strongstock,NO-GO,0,0/6,,-0.056880307083866474,0.6429281279924767,0,0.05278192559890928,,,,,,,,,,,,,
2026-07-22,morning,watchlist_report,GOOGL,bounce,Large,GapFade_strongstock,NO-GO,0,0/6,0.03015908422394354,0.007287915886504478,0.7023736682112451,0,0.008391729388355466,0.40963287466371817,,,,,,,,,,,,
2026-07-22,morning,watchlist_report,FIG,bounce,Medium,GapFade_weakstock,NO-GO,2,2/6,0.09278282014032183,0.004883720930232516,1.3321153378105348,0,-0.07987056367432152,1.0026095796375918,,,,,,,,,,,,
2026-07-22,morning,watchlist_report,CRWV,bounce,Medium,GapFade_weakstock,NO-GO,0,0/6,0.08537406718449972,0.00537069615481284,0.8542330419014444,0,0.09284797158858095,0.8710856048136634,,,,,,,,,,,,
2026-07-22,morning,watchlist_report,IREN,bounce,Medium,GapFade_weakstock,NO-GO,0,0/6,0.10065364546608377,-0.018648583192056093,2.5990632385966874,0,0.20523497917906028,0.5737423553559785,,,,,,,,,,,,
2026-07-22,morning,watchlist_report,DXYZ,bounce,Small,GapFade_weakstock,NO-GO,0,0/6,0.07048235294117645,-0.006622516556291457,0.5550260727756328,0,-0.018097805159799727,0.9959383519724029,,,,,,,,,,,,
2026-07-22,morning,watchlist_report,META,bounce,Large,GapFade_strongstock,NO-GO,0,0/6,0.04709677383542786,-0.0006368338484956248,0.6616756061250052,0,-0.004040185136453017,0.41845333969467735,,,,,,,,,,,,
2026-07-22,morning,watchlist_report,OKLO,bounce,Medium,GapFade_weakstock,NO-GO,1,1/6,0.07291870300751882,0.033310673011556734,0.4359145753456143,0,0.10921916808562399,0.5789312006324195,,,,,,,,,,,,
2026-07-22,morning,watchlist_report,SMR,bounce,Medium,GapFade_weakstock,NO-GO,1,1/6,0.0793022104915869,-0.005740528128587911,1.5661174632046786,0,0.12176165803108814,0.9319160443492202,,,,,,,,,,,,
2026-07-22,morning,watchlist_report,MP,bounce,Medium,GapFade_weakstock,NO-GO,0,0/6,0.0654476785329682,0.002807775377969818,0.6344589679993877,0,0.02630415561450039,0.7865113075691725,,,,,,,,,,,,
2026-07-22,morning,watchlist_report,MSTR,bounce,Medium,GapFade_weakstock,NO-GO,1,1/6,0.06757405958899242,-0.014713094654242274,1.286455443783927,0,0.059040590405904154,0.6850511525906705,,,,,,,,,,,,
2026-07-22,morning,watchlist_report,KWEB,bounce,ETF,GapFade_weakstock,NO-GO,1,1/6,0.02513426423200859,-0.015544041450777134,1.0380346343826958,0,-0.00783289817232366,0.4935897435897411,,,,,,,,,,,,
2026-07-22,morning,watchlist_report,APP,bounce,Large,GapFade_weakstock,NO-GO,0,0/6,0.07476166010542469,-0.001143017098602741,0.8834242723853114,0,0.008621095774249701,0.5185402689804934,,,,,,,,,,,,
2026-07-22,morning,watchlist_report,OPEN,bounce,Medium,GapFade_weakstock,NO-GO,0,0/6,0.08847693786034597,-0.004464285714285817,0.6329398144927784,0,-0.008888888888888898,0.6588831568467749,,,,,,,,,,,,
2026-07-22,morning,watchlist_report,ETHE,bounce,Medium,GapFade_weakstock,NO-GO,0,0/6,0.035906912442396306,-0.001931745009658684,0.3681523434252008,0,0.04166666666666661,0.4312225673143566,,,,,,,,,,,,
2026-07-22,morning,watchlist_report,TSLA,bounce,Large,GapFade_weakstock,NO-GO,0,0/6,0.04532400722331555,-0.0008516084764996108,0.3443802625084252,0,-0.0058625669572523,0.8210955710955696,,,,,,,,,,,,
2026-07-22,morning,watchlist_report,TEAM,bounce,Medium,GapFade_weakstock,NO-GO,1,1/6,0.07087279843444225,0.0071743929359824035,0.6681920785618746,0,-0.021867295530067596,1.1179589131875425,,,,,,,,,,,,
2026-07-22,morning,watchlist_report,U,bounce,Medium,GapFade_weakstock,NO-GO,0,0/6,0.05826701821668264,-0.0023434884499497917,0.5605053673834955,0,0.027940669196274658,0.5672796083754985,,,,,,,,,,,,
2026-07-22,morning,watchlist_report,IBIT,bounce,ETF,GapFade_weakstock,NO-GO,1,1/6,0.028499617004978908,-0.009822139633660859,0.6264610933347908,0,0.02613480055020621,0.49857214849655795,,,,,,,,,,,,
2026-07-22,morning,watchlist_report,PLTR,bounce,Large,GapFade_weakstock,NO-GO,0,0/6,0.05295549822637858,0.001809136137494415,0.5239391327272789,0,0.003928085813567081,0.4909214545971255,,,,,,,,,,,,
2026-07-22,morning,watchlist_report,BABA,bounce,Large,GapFade_weakstock,NO-GO,0,0/6,0.03656294200848655,-0.015427651097736654,1.0662797010831673,0,0.010263547012264129,0.4238499705659737,,,,,,,,,,,,
2026-07-22,morning,watchlist_report,AMD,breakout,Large,D2_continuation,NO-GO,2,2/6 [AVOID],0.07345238987314673,-0.01952500780632955,,,,0.6513778582260146,0.01799596707255596,0.06267434811384243,,,,,,,,,,
2026-07-22,morning,watchlist_report,MSFT,bounce,Large,GapFade_weakstock,NO-GO,0,0/6,0.02733887692930394,0.0027152734129477917,0.9861415131551226,0,0.012721547915291226,0.4723226153440025,,,,,,,,,,,,
2026-07-22,morning,watchlist_report,AAPL,breakout,Large,D2_continuation,NO-GO,2,2/6 [AVOID],0.025171648701060458,-0.0020137914200281473,,,,0.8963284286507547,0.01195009623879505,0.07719467781590596,,,,,,,,,,
2026-07-22,evening,priority_report,AMD,breakout,Large,D2_continuation,CAUTION,4,4/6 [REDUCED_SIZE],0.07041193447837966,0.0228128501368405,,,,,0.061954016980803404,0.10919366256772307,,,,,,,,,,
2026-07-22,evening,priority_report,HQ,bounce,Small,GapFade_strongstock,GO,5,5/6,0.2238395792241946,0.0053924505692031065,0.5324557404613232,0.015378560752811824,-0.3182429403854773,1.0603301415731656,,,,,,,,,,,,
2026-07-22,evening,priority_report,AAPL,breakout,Large,D2_continuation,NO-GO,2,2/6 [AVOID],0.025387427866613795,-0.010496124977116,,,,,0.0033490773212708274,0.08139569281741793,,,,,,,,,,
2026-07-22,evening,priority_report,SPCE,bounce,Small,GapFade_weakstock,NO-GO,1,1/6,0.07497859818084537,-0.014388489208632947,0.6785814110694062,0.02659661287525766,0.04296874999999995,1.1888536054518857,,,,,,,,,,,,
2026-07-22,evening,priority_report,RXT,bounce,Small,GapFade_strongstock,NO-GO,2,2/6,0.21514841173407398,-0.020501138952163978,0.7936426366398928,0.011735441199216117,-0.00843373493975907,0.32755936004905223,,,,,,,,,,,,
2026-07-22,evening,priority_report,FJET,bounce,Micro,GapFade_weakstock,NO-GO,3,3/6,0.10957565284178186,-0.004962779156327658,0.29143534948361116,0.005330664887594583,-0.033766233766233736,1.0747717595107504,,,,,,,,,,,,
2026-07-22,evening,priority_report,GOOGL,bounce,Large,GapFade_strongstock,NO-GO,0,0/6,0.030472805627105227,0.0028950021604493606,0.7023736682112451,0.025221150241102788,-0.001989791504455396,0.40963287466371817,,,,,,,,,,,,
2026-07-22,evening,priority_report,NVDA,breakout,Large,D2_continuation,CAUTION,3,3/6 [REDUCED_SIZE],0.03396181655373351,0.03130879444256843,,,,,0.04026255565012543,0.022172255501583825,,,,,,,,,,
2026-07-22,evening,priority_report,CRWD,bounce,Large,GapFade_weakstock,NO-GO,2,2/6,0.06136154694193627,0.007376405963902676,2.04070035946349,0.09365082482271316,-0.07797419736064609,0.8982002424543839,,,,,,,,,,,,
2026-07-22,evening,priority_report,EWY,bounce,ETF,GapFade_strongstock,NO-GO,0,0/6,0.0634232484956019,-0.028918449971081547,1.6476193681034037,0.04289080316356175,0.05014150362987576,0.48865135919767666,,,,,,,,,,,,
2026-07-22,evening,priority_report,BOT,bounce,Small,GapFade_weakstock,NO-GO,0,0/6,0.14929573797807807,-0.017199017199017144,0.589719611717809,0.011985506255393604,-0.05980123372172724,0.36621732382330885,,,,,,,,,,,,
2026-07-22,evening,priority_report,GLW,bounce,Large,GapFade_strongstock,NO-GO,3,3/6,0.10376334564243948,-0.03331075672680252,0.8585299178183529,0.016584111902428988,0.012127288015005497,0.4865308808540424,,,,,,,,,,,,
2026-07-22,evening,priority_report,AVGO,bounce,Large,GapFade_strongstock,NO-GO,0,0/6,0.03982673967988941,-0.01630012936610611,0.5364191288070826,0.018010401656233254,0.07243039169419548,0.7174562457382186,,,,,,,,,,,,
2026-07-22,evening,priority_report,PLTR,bounce,Large,GapFade_weakstock,NO-GO,0,0/6,0.05679297703587567,-0.0033167495854062846,0.5239391327272789,0.012805347028362078,-0.06390693458226314,0.4909214545971255,,,,,,,,,,,,
2026-07-22,evening,priority_report,ORCL,bounce,Large,GapFade_weakstock,NO-GO,2,2/6,0.05413693578128758,-0.00684769775678859,1.5430600617488834,0.022864871210789273,-0.013290087809508683,0.7715660866345809,,,,,,,,,,,,
2026-07-22,evening,priority_report,LITE,bounce,Medium,GapFade_strongstock,NO-GO,0,0/6,0.08248460784516734,-0.032642437556712256,1.0081867125040096,0.033507625388839966,0.12971807538003868,0.6324743233164901,,,,,,,,,,,,
2026-07-22,evening,priority_report,MSFT,bounce,Large,GapFade_weakstock,NO-GO,0,0/6,0.02805858025145211,0.004600879949717119,0.9861415131551226,0.023137430763460535,-0.013254786450662664,0.4723226153440025,,,,,,,,,,,,
2026-07-22,evening,priority_report,HYLN,bounce,Small,GapFade_strongstock,NO-GO,2,2/6,0.0995843828715365,0.012886597938144399,1.1241672245712986,0.08439241052815073,0.061497326203208545,0.6955861894523838,,,,,,,,,,,,
2026-07-22,evening,priority_report,MU,bounce,Large,GapFade_strongstock,NO-GO,0,0/6,0.08397131585985558,-0.033548958612307174,1.4826800090736973,0.0846473624983105,0.14158525237057543,0.814811128437086,,,,,,,,,,,,
2026-07-22,evening,priority_report,IONQ,bounce,Medium,GapFade_weakstock,NO-GO,0,0/6,0.08706028665212337,-0.017459870459025556,0.6651024075969713,0.02829925225923604,0.0073317998849912434,0.4475179264768544,,,,,,,,,,,,
2026-07-22,evening,priority_report,WDC,bounce,Large,GapFade_strongstock,NO-GO,0,0/6,0.09603468126751018,-0.04130272251499841,0.6446581620720762,0.036373565349941794,0.1700054482209463,0.6828485926679796,,,,,,,,,,,,
2026-07-22,evening,priority_report,STX,breakout,Large,D2_continuation,CAUTION,3,3/6 [REDUCED_SIZE],0.08722841193831046,0.017408026193332784,,,,,0.07667557713273188,0.04403666377380412,,,,,,,,,,
2026-07-22,evening,priority_report,KEEL,bounce,Medium,GapFade_strongstock,NO-GO,2,2/6,0.10426755447941889,-0.03010752688172055,0.6677549082303044,0.014076366157915991,0.19493670886075937,0.5079825834542816,,,,,,,,,,,,
2026-07-22,evening,priority_report,IREN,bounce,Medium,GapFade_weakstock,NO-GO,0,0/6,0.09787582707669101,-0.023976749818358005,2.5990632385966874,0.036242107473400204,0.2394408090422369,0.5737423553559785,,,,,,,,,,,,
2026-07-22,evening,priority_report,MP,bounce,Medium,GapFade_weakstock,NO-GO,0,0/6,0.06647130513585724,-0.016414686825053953,0.6344589679993877,0.012100719471895623,0.010499557913351047,0.7865113075691725,,,,,,,,,,,,
2026-07-22,evening,priority_report,BE,bounce,Medium,GapFade_strongstock,NO-GO,2,2/6,0.13548409997953337,-0.038407142225757966,1.6532975548200226,0.050849750379999135,0.03907703758838856,0.7369704591513748,,,,,,,,,,,,
2026-07-22,evening,priority_report,OKLO,bounce,Medium,GapFade_weakstock,NO-GO,1,1/6,0.07483891193209224,0.02424654430092908,0.4359145753456143,0.051025375886643715,0.08075893943079543,0.5789312006324195,,,,,,,,,,,,
2026-07-22,evening,priority_report,SMR,bounce,Medium,GapFade_weakstock,NO-GO,1,1/6,0.08046363712444551,-0.00459242250287037,1.5661174632046786,0.028096294167424908,0.10556994818652855,0.9319160443492202,,,,,,,,,,,,
2026-07-22,evening,priority_report,RKLB,bounce,Medium,GapFade_weakstock,NO-GO,0,0/6,0.0959201046467661,0.01982060185185171,0.772453132183034,0.05540025614482841,0.03364389233954439,0.5727636806458937,,,,,,,,,,,,
2026-07-22,evening,priority_report,DGXX,bounce,Small,GapFade_strongstock,NO-GO,1,1/6,0.09555425904317386,-0.007092198581560342,1.3600481305683636,0.01166190086848852,0.13660477453580905,0.48846012944193473,,,,,,,,,,,,
2026-07-22,evening,priority_report,APP,bounce,Large,GapFade_weakstock,NO-GO,0,0/6,0.07707940653865787,-0.009645664699433136,0.8834242723853114,0.006777986144692319,-0.021707730720309043,0.5185402689804934,,,,,,,,,,,,
2026-07-22,evening,priority_report,OPEN,bounce,Medium,GapFade_weakstock,NO-GO,0,0/6,0.08937874130399615,-0.008928571428571435,0.6329398144927784,0.005431965148679401,-0.018888888888888882,0.6588831568467749,,,,,,,,,,,,
2026-07-22,evening,priority_report,CRML,bounce,Small,GapFade_weakstock,NO-GO,0,0/6,0.09314415682876641,-0.0015748031496062658,0.5408193582547359,0.025776932423200297,0.030468749999999906,0.6339069767441847,,,,,,,,,,,,
2026-07-22,evening,priority_report,SNDK,bounce,Large,GapFade_strongstock,NO-GO,1,1/6,0.13092078468189752,-0.039889266389832694,1.1816945747941798,0.06786249030258382,0.18907847536942182,0.5025524389164719,,,,,,,,,,,,
2026-07-22,evening,priority_report,PL,bounce,Medium,GapFade_weakstock,NO-GO,0,0/6,0.09227652651055956,-0.008658008658008781,0.6995867669495764,0.014275404060013971,-0.003560302625723111,0.6001728608470192,,,,,,,,,,,,
2026-07-22,evening,priority_report,RGTI,bounce,Medium,GapFade_weakstock,NO-GO,1,1/6,0.0763142857142857,-0.016034031413612516,0.36728990457278227,0.012263347338565538,0.08079376328844795,0.6179793900485474,,,,,,,,,,,,
2026-07-22,evening,priority_report,CRWV,bounce,Medium,GapFade_weakstock,NO-GO,0,0/6,0.08245481823825619,0.0038954511183714787,0.8542330419014444,0.043450663509230096,0.13153940718481097,0.8710856048136634,,,,,,,,,,,,
2026-07-22,evening,priority_report,NBIS,breakout,Medium,D2_continuation,CAUTION,5,5/6 [REDUCED_SIZE],0.10838001432437744,0.03904665314401622,,,,,0.12598015104586932,0.015272713710543897,,,,,,,,,,
2026-07-22,evening,priority_report,CRDO,bounce,Medium,GapFade_strongstock,NO-GO,0,0/6,0.10510525455893627,-0.03267521329342921,0.807734765638658,0.017084170757991814,0.12166962699822378,0.39506786940758937,,,,,,,,,,,,
2026-07-22,evening,priority_report,POET,bounce,Small,GapFade_weakstock,NO-GO,0,0/6,0.09660079416381935,-0.03703703703703689,0.6749888030550408,0.035901446388131315,0.04668470906630591,0.9100555401542886,,,,,,,,,,,,
2026-07-22,evening,priority_report,U,bounce,Medium,GapFade_weakstock,NO-GO,0,0/6,0.05983312001575268,0.007030465349849257,0.5605053673834955,0.0064375065406975475,0.0010348395998620607,0.5672796083754985,,,,,,,,,,,,
2026-07-22,evening,priority_report,TSLA,bounce,Large,GapFade_weakstock,NO-GO,0,0/6,0.045714906815916785,-0.008972633467922925,0.3443802625084252,0.008153943083057006,-0.014363249658649309,0.8210955710955696,,,,,,,,,,,,
2026-07-22,evening,priority_report,FIG,bounce,Medium,GapFade_weakstock,NO-GO,2,2/6,0.09653750168622692,0.0031919744642042993,1.3321153378105348,0.028646248389233634,-0.11565762004175364,1.0026095796375918,,,,,,,,,,,,
2026-07-22,evening,priority_report,IBIT,bounce,ETF,GapFade_weakstock,NO-GO,1,1/6,0.028499617004978908,-0.013804088133793552,0.6264610933347908,0.05140782993251882,0.02613480055020621,0.49857214849655795,,,,,,,,,,,,
2026-07-22,evening,priority_report,ETHE,bounce,Medium,GapFade_weakstock,NO-GO,0,0/6,0.03573400596193533,-0.001931745009658684,0.3681523434252008,0.017619853455801932,0.046706989247311724,0.4312225673143566,,,,,,,,,,,,
2026-07-22,evening,priority_report,TEAM,bounce,Medium,GapFade_weakstock,NO-GO,1,1/6,0.07551544672049106,-0.0006622516556290073,0.6681920785618746,0.0137424318103616,-0.0820023582377533,1.1179589131875425,,,,,,,,,,,,
2026-07-22,evening,priority_report,MSTR,bounce,Medium,GapFade_weakstock,NO-GO,1,1/6,0.067675117504629,-0.01853849926434527,1.286455443783927,0.037256668253346635,0.05745914602003166,0.6850511525906705,,,,,,,,,,,,
2026-07-22,evening,priority_report,KWEB,bounce,ETF,GapFade_weakstock,NO-GO,1,1/6,0.02524339922867391,-0.012583271650629158,1.0380346343826958,0.020222367986337166,-0.01212234240954865,0.4935897435897411,,,,,,,,,,,,
2026-07-22,evening,priority_report,AXTI,bounce,Medium,GapFade_strongstock,NO-GO,3,3/6,0.15904331693151566,-0.04344363829410721,1.1632551484612432,0.05219775862305867,0.1585259485390319,0.6514814927522997,,,,,,,,,,,,
2026-07-22,evening,priority_report,CBRS,bounce,Medium,GapFade_strongstock,NO-GO,2,2/6,0.09365867116413683,-0.019465886752649004,0.5510320560876961,0.021015490164232407,0.19073238458868447,1.6114420500006115,,,,,,,,,,,,
2026-07-22,evening,priority_report,SOXL,bounce,ETF,GapFade_strongstock,NO-GO,3,3/6,0.18761720744380006,-0.07218998360035318,0.6075114514941481,0.0536486137937658,0.20724514652690637,0.3835881625410021,,,,,,,,,,,,
2026-07-22,evening,priority_report,MRVL,bounce,Large,GapFade_strongstock,NO-GO,2,2/6,0.09101877800338976,-0.03274668205424121,1.0174668408479821,0.038502594813829186,0.12796798812804738,0.4005973561459463,,,,,,,,,,,,
2026-07-22,evening,priority_report,META,bounce,Large,GapFade_weakstock,NO-GO,0,0/6,0.0483795770439606,0.006042155294263991,0.6616756061250052,0.015551789880799641,-0.030448445070509682,0.41845333969467735,,,,,,,,,,,,
2026-07-22,evening,priority_report,INTC,bounce,Large,GapFade_strongstock,NO-GO,0,0/6,0.08218547660027868,-0.03703176861071599,0.8322176284233563,0.03241294937704644,0.10037878787878779,0.5956981419337257,,,,,,,,,,,,
2026-07-22,evening,priority_report,BRUN,bounce,Small,GapFade_strongstock,NO-GO,0,0/6,0.12383910085773442,-0.027027027027027077,0.4540387473113508,0.0048009971322178135,-0.011056511056511184,0.9078098877477906,,,,,,,,,,,,
2026-07-22,evening,priority_report,MXL,bounce,Medium,GapFade_strongstock,NO-GO,2,2/6,0.13048495144075134,-0.052172902626074935,2.127242263256473,0.04975319475021813,0.24081291759465473,0.5863424220093336,,,,,,,,,,,,
2026-07-22,evening,priority_report,SIMO,bounce,Medium,GapFade_strongstock,NO-GO,0,0/6,0.0943873690484609,-0.012690081604774165,1.5102285212447246,0.013810142446696417,0.06997068003404901,0.6626799552291004,,,,,,,,,,,,
2026-07-22,evening,priority_report,STM,bounce,Medium,GapFade_strongstock,NO-GO,0,0/6,0.06333253847821373,-0.010239951092770925,0.8486357041295133,0.05338904062431739,0.06187560425394784,0.48638898111605944,,,,,,,,,,,,
2026-07-22,evening,priority_report,ON,bounce,Medium,GapFade_strongstock,NO-GO,1,1/6,0.0630616319042994,-0.012738853503184676,0.5718907430076418,0.01687505870338965,0.06066155430925944,0.5407328005045532,,,,,,,,,,,,
2026-07-22,evening,priority_report,NVTS,bounce,Medium,GapFade_strongstock,NO-GO,2,2/6,0.10446290571870172,-0.035477582846003906,0.345056411717581,0.018465102570893663,0.12914485165794054,0.6732014055853524,,,,,,,,,,,,
2026-07-22,evening,priority_report,NOK,bounce,Medium,GapFade_strongstock,NO-GO,2,2/6,0.07022722592160363,-0.03668861712135471,1.5138690653418914,0.11895172206216517,0.028162055335968397,0.4310850439882715,,,,,,,,,,,,
2026-07-22,evening,priority_report,DXYZ,bounce,Small,GapFade_weakstock,NO-GO,0,0/6,0.07163411717815861,-0.021815348656018786,0.5550260727756328,0.014620242686577545,-0.03388525221409315,0.9959383519724029,,,,,,,,,,,,
2026-07-22,evening,priority_report,QCOM,bounce,Large,GapFade_strongstock,NO-GO,0,0/6,0.048093292475314964,-0.01608069164265125,0.779834809948565,0.01992859439634018,0.025847013622074734,0.6312684365781736,,,,,,,,,,,,
2026-07-22,evening,priority_report,WOLF,bounce,Small,GapFade_strongstock,NO-GO,2,2/6,0.12498906220277724,-0.040025212732429864,0.12394181397572288,0.0032747263511440426,0.005018400802944081,0.47940280108208083,,,,,,,,,,,,
2026-07-22,evening,priority_report,RVI,bounce,Small,GapFade_weakstock,NO-GO,0,0/6,0.07840394973070017,-0.03082568807339449,0.3720570620631144,0.021589862669303263,0.06378915202444621,0.7144329188706459,,,,,,,,,,,,
2026-07-22,evening,priority_report,AAOI,bounce,Medium,GapFade_strongstock,NO-GO,2,2/6,0.12355946124575691,-0.03584605064564821,0.680208756377709,0.042597516585621574,0.08695439898447418,0.9306369098284498,,,,,,,,,,,,
2026-07-22,evening,priority_report,LWLG,bounce,Small,GapFade_weakstock,NO-GO,1,1/6,0.09800458476607275,0.0029069767441861137,0.7865386002891693,0.07727660962172742,0.10032102728731941,1.1238105363882829,,,,,,,,,,,,
2026-07-22,evening,priority_report,FCEL,bounce,Small,GapFade_strongstock,NO-GO,1,1/6,0.15623817929643172,-0.045517560073937126,7.219957789053399,0.13544952375870878,0.2251959989186266,0.7541612024614138,,,,,,,,,,,,
2026-07-22,evening,priority_report,ARM,bounce,Large,GapFade_strongstock,NO-GO,2,2/6,0.09246987288008253,-0.031926276188175194,0.4398089791425948,0.019664871040348603,0.06748007036191485,0.7393573170375008,,,,,,,,,,,,
2026-07-22,evening,priority_report,ALAB,bounce,Medium,GapFade_strongstock,NO-GO,2,2/6,0.12337960282413131,-0.03599236999280793,0.5107930478956623,0.015880700312066662,0.08892694815888282,0.4260663961055162,,,,,,,,,,,,
2026-07-22,evening,priority_report,UMC,bounce,Medium,GapFade_strongstock,NO-GO,0,0/6,0.07665185877951834,-0.008966493629070376,1.4484417619929575,0.029693585076974546,0.006352941176470662,0.378233284529037,,,,,,,,,,,,
2026-07-22,evening,priority_report,AMAT,bounce,Large,GapFade_strongstock,NO-GO,0,0/6,0.08618914327484638,-0.03586041980338324,0.8197999921438924,0.01910139106362227,0.0589623532077182,0.424056378517156,,,,,,,,,,,,
2026-07-22,evening,priority_report,INOD,bounce,Medium,GapFade_weakstock,NO-GO,0,0/6,0.07176840872374803,-0.01603017444601608,0.311948979827887,0.013321636682563668,0.017924683440223587,0.4502005587214016,,,,,,,,,,,,
2026-07-22,evening,priority_report,BABA,bounce,Large,GapFade_weakstock,NO-GO,0,0/6,0.03647479328292034,-0.01479189624480804,1.0662797010831673,0.013910704588572447,0.012705053492215386,0.4238499705659737,,,,,,,,,,,,
2026-07-22,evening,priority_report,SKHY,bounce,Large,GapFade_strongstock,NO-GO,0,0/6,,-0.056874491101547034,0.7198363758541372,0.04497994420529072,0.08189962994221911,,,,,,,,,,,,,
2026-07-22,evening,priority_report,DRAM,bounce,ETF,GapFade_strongstock,NO-GO,2,2/6,0.09356660678082293,-0.04222599830076464,1.1987947587665033,0.14524703510751621,0.10119309559939312,0.5329528718703971,,,,,,,,,,,,
2026-07-22,evening,priority_report,PENG,bounce,Medium,GapFade_strongstock,NO-GO,3,3/6,0.16213443963443958,-0.03407917383821005,3.3206635733807452,0.030936875457475057,-0.016719086243999304,0.4091047311078319,,,,,,,,,,,,
2026-07-22,evening,priority_report,SPCX,bounce,Large,GapFade_strongstock,CAUTION,4,4/6,0.07576001910149507,-0.002023636069289299,3.4767347077268758,0.15404914219549493,-0.05903701911444466,1.0770544887102411,,,,,,,,,,,,
2026-07-23,morning,priority_report,AMD,breakout,Large,D2_continuation,CAUTION,3,3/6 [REDUCED_SIZE],0.06928889969169366,0.010899281226802783,,,,,0.05357633040782049,0.10607737080462287,,,,,,,,,,
2026-07-23,morning,priority_report,HQ,bounce,Small,GapFade_strongstock,CAUTION,4,4/6,0.21740534738485556,,1.068326006886411,0,-0.25306122448979596,0.8828664658859855,,,,,,,,,,,,
2026-07-23,morning,priority_report,AAPL,breakout,Large,D2_continuation,NO-GO,2,2/6 [AVOID],0.02501674709680263,-0.005339224891834696,,,,,0.0012292877029303805,0.06655768654263854,,,,,,,,,,
2026-07-23,morning,priority_report,SPCE,bounce,Small,GapFade_weakstock,NO-GO,0,0/6,0.06977429633563462,0.007490636704119857,0.9118303799761098,0,0.05078124999999996,0.8258172546333286,,,,,,,,,,,,
2026-07-23,morning,priority_report,RXT,bounce,Small,GapFade_strongstock,NO-GO,2,2/6,0.20916608876560336,-0.004830917874396033,0.7503101762695868,0,-0.04186046511627901,0.31331073296476547,,,,,,,,,,,,
2026-07-23,morning,priority_report,FJET,bounce,Micro,GapFade_weakstock,NO-GO,3,3/6,0.10420122887864823,,0.3133554079155976,0,0.008130081300813075,1.0577135696911628,,,,,,,,,,,,
2026-07-23,morning,priority_report,GOOGL,bounce,Large,GapFade_strongstock,NO-GO,1,1/6,0.03240456441440856,-0.03788476716653506,0.663317473900374,0,-0.06494502684735365,0.769785097753463,,,,,,,,,,,,
2026-07-23,morning,priority_report,NVDA,breakout,Large,D2_continuation,NO-GO,2,2/6 [AVOID],0.035375585105302046,-0.005517306422710628,,,,,0.019695471049756802,0.01041221537146694,,,,,,,,,,
2026-07-23,morning,priority_report,CRWD,bounce,Large,GapFade_weakstock,NO-GO,2,2/6,0.061634756607141905,0.006119307929094682,2.719233408998155,0,-0.04492417754043025,0.7223376940946326,,,,,,,,,,,,
2026-07-23,morning,priority_report,EWY,bounce,ETF,GapFade_strongstock,NO-GO,0,0/6,0.05639800077639753,0.03643724696356263,1.8195973171928295,0,0.08461255065700585,0.41908654190865235,,,,,,,,,,,,
2026-07-23,morning,priority_report,BOT,bounce,Small,GapFade_weakstock,NO-GO,0,0/6,0.13963560764233113,-0.003383211678832012,0.48150735293467783,0,0.006535200884629652,0.521888990877245,,,,,,,,,,,,
2026-07-23,morning,priority_report,GLW,bounce,Large,GapFade_strongstock,NO-GO,3,3/6,0.08952642496392495,0.02817084252888487,1.1166062687350866,0,0.03461789679947754,0.533813385932269,,,,,,,,,,,,
2026-07-23,morning,priority_report,AVGO,bounce,Large,GapFade_strongstock,NO-GO,1,1/6,0.04128238453276046,0.005519014137748539,0.6434324282735879,0,0.055108948593188,1.1283007969526895,,,,,,,,,,,,
2026-07-23,morning,priority_report,PLTR,bounce,Large,GapFade_weakstock,NO-GO,1,1/6,0.05484708137027868,0.005298225897086063,0.3970445408766079,0,-0.0713385242862439,1.295042585717405,,,,,,,,,,,,
2026-07-23,morning,priority_report,ORCL,bounce,Large,GapFade_weakstock,NO-GO,2,2/6,0.05281134012477296,0.006277813095994851,1.1641448217036685,0,0.043252595155709346,0.6190654205607478,,,,,,,,,,,,
2026-07-23,morning,priority_report,LITE,bounce,Medium,GapFade_strongstock,NO-GO,0,0/6,0.07770860441675065,0.03344582379173195,0.9208745354321372,0,0.12004441251387904,0.7635217027104623,,,,,,,,,,,,
2026-07-23,morning,priority_report,MSFT,bounce,Large,GapFade_weakstock,NO-GO,1,1/6,0.027899809734562218,-0.010401444894194747,0.8523040320094792,0,-0.03979740982873057,1.3027580214461978,,,,,,,,,,,,
2026-07-23,morning,priority_report,HYLN,bounce,Small,GapFade_strongstock,NO-GO,2,2/6,0.07858682266009853,0.18066157760814236,0.915877779690624,0,0.30704225352112674,0.9872673849167491,,,,,,,,,,,,
2026-07-23,morning,priority_report,MU,breakout,Large,D2_continuation,CAUTION,3,3/6 [REDUCED_SIZE],0.07666804560589247,0.032955350815024806,,,,,0.06164668899460625,0.051767633899245914,,,,,,,,,,
2026-07-23,morning,priority_report,IONQ,bounce,Medium,GapFade_weakstock,NO-GO,0,0/6,0.08263692507719811,0.0138408304498269,0.8268699349078501,0,0.026869158878504513,0.4594711533733889,,,,,,,,,,,,
2026-07-23,morning,priority_report,WDC,breakout,Large,D2_continuation,CAUTION,3,3/6 [REDUCED_SIZE],0.09179932506475397,0.030412991538972936,,,,,0.07633879448902636,0.02915041089589046,,,,,,,,,,
2026-07-23,morning,priority_report,STX,breakout,Large,D2_continuation,CAUTION,3,3/6 [REDUCED_SIZE],0.0841404607006521,0.02406122673714351,,,,,0.08663126919571333,0.05419489888490317,,,,,,,,,,
2026-07-23,morning,priority_report,KEEL,bounce,Medium,GapFade_strongstock,NO-GO,2,2/6,0.09579575210939772,0.04690831556503192,0.6168488431960845,0,0.131336405529954,0.8397873955960526,,,,,,,,,,,,
2026-07-23,morning,priority_report,IREN,bounce,Medium,GapFade_weakstock,NO-GO,0,0/6,0.0951688189400054,0.02906976744186036,1.4202347366451706,0,0.05671641791044761,0.8583220845671635,,,,,,,,,,,,
2026-07-23,morning,priority_report,MP,bounce,Medium,GapFade_weakstock,NO-GO,0,0/6,0.06540570175438597,-0.001751313485113798,0.50315740833612,0,-0.002188183807439856,0.606873428331937,,,,,,,,,,,,
2026-07-23,morning,priority_report,BE,bounce,Medium,GapFade_strongstock,NO-GO,2,2/6,0.12745233881163087,0.03565209421684539,1.4320942778022239,0,0.14685882472343448,0.463300031344605,,,,,,,,,,,,
2026-07-23,morning,priority_report,OKLO,bounce,Medium,GapFade_weakstock,NO-GO,2,2/6,0.07572295345104335,0.0,0.6347821750114065,0,0.07203083594314628,1.017606633966006,,,,,,,,,,,,
2026-07-23,morning,priority_report,SMR,bounce,Medium,GapFade_weakstock,NO-GO,1,1/6,0.07884156446801456,-0.006912442396313422,1.5704588730948272,0,0.08291457286432151,0.6547831753305428,,,,,,,,,,,,
2026-07-23,morning,priority_report,RKLB,bounce,Medium,GapFade_weakstock,NO-GO,0,0/6,0.09022530400609041,-0.004587813620071587,0.8641652970730489,0,0.056130209917858415,0.5890482184883143,,,,,,,,,,,,
2026-07-23,morning,priority_report,DGXX,bounce,Small,GapFade_strongstock,NO-GO,1,1/6,0.09246527777777777,0.006993006993007051,0.997895358985735,0,0.06798516687268241,0.725998247590437,,,,,,,,,,,,
2026-07-23,morning,priority_report,APP,bounce,Large,GapFade_weakstock,NO-GO,0,0/6,0.07060787856884712,0.006230605120248238,0.8379807076433193,0,-0.022491756947715522,0.5995400227941224,,,,,,,,,,,,
2026-07-23,morning,priority_report,OPEN,bounce,Medium,GapFade_weakstock,NO-GO,0,0/6,0.08359758090879377,-0.0022831050228310015,0.5178117415138825,0,-0.01687289088863896,0.41059732134128535,,,,,,,,,,,,
2026-07-23,morning,priority_report,CRML,bounce,Small,GapFade_weakstock,NO-GO,1,1/6,0.09792802617230101,0.004601226993865069,0.6871909542619506,0,0.05475040257648951,1.216035634743874,,,,,,,,,,,,
2026-07-23,morning,priority_report,SNDK,bounce,Large,GapFade_strongstock,NO-GO,0,0/6,0.12241341367221738,0.01921501685143848,1.343868931882094,0,0.17186095833782664,0.5632627845019222,,,,,,,,,,,,
2026-07-23,morning,priority_report,PL,bounce,Medium,GapFade_weakstock,NO-GO,0,0/6,0.0853920515574651,0.00044247787610610665,0.4767616525153756,0,0.020767494356659182,0.4247132815390308,,,,,,,,,,,,
2026-07-23,morning,priority_report,RGTI,bounce,Medium,GapFade_weakstock,NO-GO,1,1/6,0.07349584771857795,0.005252790544977024,0.4426748556072276,0,0.07438596491228074,0.49323625191232184,,,,,,,,,,,,
2026-07-23,morning,priority_report,CRWV,bounce,Medium,GapFade_weakstock,NO-GO,0,0/6,0.07317853352872808,0.026258470474346585,0.9335666857476377,0,0.16082671776621954,0.9329272924392158,,,,,,,,,,,,
2026-07-23,morning,priority_report,NBIS,breakout,Medium,D2_continuation,CAUTION,4,4/6 [REDUCED_SIZE],0.09858257354422728,0.039970663733039966,,,,,0.11341319669615715,0.004214160392908824,,,,,,,,,,
2026-07-23,morning,priority_report,CRDO,bounce,Medium,GapFade_strongstock,NO-GO,0,0/6,0.10189811108598808,0.024094274324265124,0.7409986849220209,0,0.10232470410713453,0.7302591591174665,,,,,,,,,,,,
2026-07-23,morning,priority_report,POET,bounce,Small,GapFade_weakstock,NO-GO,0,0/6,0.09550511508951405,0.022222222222222213,1.0073026350988925,0,0.04685408299866139,0.7831559215371218,,,,,,,,,,,,
2026-07-23,morning,priority_report,U,bounce,Medium,GapFade_weakstock,NO-GO,0,0/6,0.05576154745663611,0.0017082336863683196,0.770292887498111,0,-0.016437437101643693,0.740093494691772,,,,,,,,,,,,
2026-07-23,morning,priority_report,TSLA,bounce,Large,GapFade_weakstock,NO-GO,0,0/6,0.047054344749504685,-0.0553728509932889,0.33273515272068555,0,-0.0440241361582379,0.4373116462046544,,,,,,,,,,,,
2026-07-23,morning,priority_report,FIG,bounce,Medium,GapFade_weakstock,NO-GO,1,1/6,0.09185103220478946,0.0072193758733116505,2.306151749720096,0,-0.09970857618651123,0.5752466025841584,,,,,,,,,,,,
2026-07-23,morning,priority_report,IBIT,bounce,ETF,GapFade_weakstock,NO-GO,1,1/6,0.027464775214036133,-0.0034815211569363294,0.8332872814471338,0,0.008674437516942269,0.4598986545518079,,,,,,,,,,,,
2026-07-23,morning,priority_report,ETHE,bounce,Medium,GapFade_weakstock,NO-GO,0,0/6,0.034911691656701306,-0.0006435006435006298,0.35215480345291156,0,0.01370757180156652,0.532481391212701,,,,,,,,,,,,
2026-07-23,morning,priority_report,TEAM,bounce,Medium,GapFade_weakstock,NO-GO,0,0/6,0.07367304656669296,0.0173302107728336,0.77332831359137,0,-0.09903556984340983,0.9202097980136149,,,,,,,,,,,,
2026-07-23,morning,priority_report,MSTR,bounce,Medium,GapFade_weakstock,NO-GO,1,1/6,0.06205851979345957,-0.004099590040996008,1.6088516284115746,0,0.01819668779390719,0.619637970564307,,,,,,,,,,,,
2026-07-23,morning,priority_report,KWEB,bounce,ETF,GapFade_weakstock,NO-GO,1,1/6,0.024116562449895778,0.010968229954614188,0.631232713918047,0,-0.02587463556851315,0.4807366286607038,,,,,,,,,,,,
2026-07-23,morning,priority_report,AXTI,bounce,Medium,GapFade_strongstock,NO-GO,2,2/6,0.14648022511756995,0.04926387315968302,1.6254026609438286,0,0.13843948392381744,0.5342119321366637,,,,,,,,,,,,
2026-07-23,morning,priority_report,CBRS,bounce,Medium,GapFade_strongstock,NO-GO,2,2/6,0.09715672066491966,0.028979980934222993,0.8004505920591325,0,0.22048846675712347,1.9452476802274365,,,,,,,,,,,,
2026-07-23,morning,priority_report,SOXL,bounce,ETF,GapFade_strongstock,NO-GO,2,2/6,0.17521321500511075,0.0052922541772781155,0.6418001424663098,0,0.18296908120751415,0.6612157301333013,,,,,,,,,,,,
2026-07-23,morning,priority_report,MRVL,bounce,Large,GapFade_strongstock,NO-GO,2,2/6,0.08534455487306568,0.02734726764301617,0.9000297972068209,0,0.11193187647481273,0.7751650642881951,,,,,,,,,,,,
2026-07-23,morning,priority_report,META,bounce,Large,GapFade_weakstock,NO-GO,0,0/6,0.04442455949683208,-0.014940127876014486,0.5920522884852915,0,-0.043431137260974015,0.9108235049783107,,,,,,,,,,,,
2026-07-23,morning,priority_report,INTC,bounce,Large,GapFade_strongstock,NO-GO,0,0/6,0.07664951256985139,0.023874488403819807,0.978566729121505,0,0.08252627240881918,0.666785513778725,,,,,,,,,,,,
2026-07-23,morning,priority_report,BRUN,bounce,Small,GapFade_strongstock,NO-GO,0,0/6,0.11345405214108766,,0.7795410793208184,0,0.031516183986371314,0.9316350402911355,,,,,,,,,,,,
2026-07-23,morning,priority_report,MXL,bounce,Medium,GapFade_strongstock,NO-GO,1,1/6,0.12433127490356076,0.036751152073732696,1.6251759945516553,0,0.1997067057725635,0.9143258426966293,,,,,,,,,,,,
2026-07-23,morning,priority_report,SIMO,bounce,Medium,GapFade_strongstock,NO-GO,0,0/6,0.0964075242423013,,0.8389888950892707,0,0.11507857962867658,0.8701553191209561,,,,,,,,,,,,
2026-07-23,morning,priority_report,STM,bounce,Medium,GapFade_strongstock,NO-GO,2,2/6,0.06822402485329651,-0.11905123916679335,1.1621983623972885,0,-0.062156037552606076,0.5084874396013066,,,,,,,,,,,,
2026-07-23,morning,priority_report,ON,bounce,Medium,GapFade_strongstock,NO-GO,2,2/6,0.06453084954912194,-0.021986353297953006,0.8017046999785685,0,0.041522491349480904,0.8486158968079139,,,,,,,,,,,,
2026-07-23,morning,priority_report,NVTS,bounce,Medium,GapFade_weakstock,NO-GO,0,0/6,0.10514000000000001,-0.013417521704814517,0.37881359154233507,0,0.08318890814558066,0.7114323758797797,,,,,,,,,,,,
2026-07-23,morning,priority_report,NOK,bounce,Medium,GapFade_strongstock,NO-GO,2,2/6,0.06786722214756083,0.034046692607004034,1.8806502453469616,0,0.05456349206349213,0.3881188118811896,,,,,,,,,,,,
2026-07-23,morning,priority_report,DXYZ,bounce,Small,GapFade_weakstock,NO-GO,0,0/6,0.07106473837043784,-0.007908264136022115,0.4404125947971642,0,0.021164021164021145,0.38137664148192063,,,,,,,,,,,,
2026-07-23,morning,priority_report,QCOM,bounce,Large,GapFade_strongstock,NO-GO,0,0/6,0.04761160714285715,0.0021067015885668995,1.0715868310960137,0,0.03334899013621423,0.9612581511315695,,,,,,,,,,,,
2026-07-23,morning,priority_report,WOLF,bounce,Small,GapFade_strongstock,NO-GO,2,2/6,0.12629167282217954,-0.008882815169115068,0.14186380788046107,0,-0.012593601089176223,0.6823662903254107,,,,,,,,,,,,
2026-07-23,morning,priority_report,RVI,bounce,Small,GapFade_weakstock,NO-GO,0,0/6,0.07716023446415604,,0.3765222605257467,0,0.03924528301886789,0.8941206525063943,,,,,,,,,,,,
2026-07-23,morning,priority_report,AAOI,bounce,Medium,GapFade_strongstock,NO-GO,2,2/6,0.11861530790326605,0.036916395222584136,1.354554723959003,0,0.1124053581828771,0.5502705111336236,,,,,,,,,,,,
2026-07-23,morning,priority_report,LWLG,bounce,Small,GapFade_weakstock,NO-GO,1,1/6,0.09157226767358927,0.005908419497784348,1.0381651455067558,0,0.14453781512605032,1.1305194433308516,,,,,,,,,,,,
2026-07-23,morning,priority_report,FCEL,bounce,Small,GapFade_strongstock,NO-GO,1,1/6,0.14589564110722242,-0.0008900756564307777,6.470049132774736,0,0.1315524193548387,0.6808417838839822,,,,,,,,,,,,
2026-07-23,morning,priority_report,ARM,bounce,Large,GapFade_strongstock,NO-GO,2,2/6,0.08954252596718353,0.0045871559633027924,0.6700906697751806,0,0.05596973406030924,0.3506486156011827,,,,,,,,,,,,
2026-07-23,morning,priority_report,ALAB,bounce,Medium,GapFade_strongstock,NO-GO,2,2/6,0.11593085375182237,0.02177911422052324,0.6752001150027223,0,0.09386133488627922,0.8128296015469351,,,,,,,,,,,,
2026-07-23,morning,priority_report,UMC,bounce,Medium,GapFade_strongstock,NO-GO,0,0/6,0.0735794467459575,0.004227336777829961,1.6400628041802072,0,0.05320197044334967,0.3845839500903571,,,,,,,,,,,,
2026-07-23,morning,priority_report,AMAT,bounce,Large,GapFade_strongstock,NO-GO,0,0/6,0.07875166997028031,0.005758954361640769,0.9558883321523025,0,0.05974890622027766,0.45954556199762225,,,,,,,,,,,,
2026-07-23,morning,priority_report,INOD,bounce,Medium,GapFade_weakstock,NO-GO,0,0/6,0.06991108101824949,0.000651359713401828,0.4939439812720962,0,-0.010148195876288587,0.6424527275584944,,,,,,,,,,,,
2026-07-23,morning,priority_report,BABA,bounce,Large,GapFade_weakstock,NO-GO,0,0/6,0.03565623854332151,0.0029169526424159525,0.6763113312255786,0,-0.028585673923882313,0.405449404506897,,,,,,,,,,,,
2026-07-23,morning,priority_report,SKHY,bounce,Large,GapFade_strongstock,NO-GO,0,0/6,,0.06492406365341556,0.7095627071207156,0,0.1643291876157714,,,,,,,,,,,,,
2026-07-23,morning,priority_report,DRAM,bounce,ETF,GapFade_strongstock,NO-GO,2,2/6,0.08538610038610034,0.024753332179331827,1.6815534199382198,0,0.1157180550320392,0.5104001808727108,,,,,,,,,,,,
2026-07-23,morning,priority_report,PENG,bounce,Medium,GapFade_strongstock,NO-GO,2,2/6,0.15489993098688748,0.014020270270270242,1.7071248032675725,0,0.1277475108021793,0.5732019265484217,,,,,,,,,,,,
2026-07-23,morning,priority_report,SPCX,bounce,Large,GapFade_strongstock,CAUTION,4,4/6,0.07154203485517918,0.009890681936491416,4.728235909683419,0,-0.02878598247809753,1.1504062704518336,,,,,,,,,,,,
2026-07-23,morning,watchlist_report,HQ,bounce,Small,GapFade_strongstock,CAUTION,4,4/6,0.21740534738485556,,1.068326006886411,0,-0.25306122448979596,0.8828664658859855,,,,,,,,,,,,
2026-07-23,morning,watchlist_report,BRUN,bounce,Small,GapFade_strongstock,NO-GO,0,0/6,0.11345405214108766,,0.7795410793208184,0,0.031516183986371314,0.9316350402911355,,,,,,,,,,,,
2026-07-23,morning,watchlist_report,STM,bounce,Medium,GapFade_strongstock,NO-GO,2,2/6,0.06862673611111111,-0.12422076934772686,1.1621983623972885,0,-0.06765943671090967,0.5084874396013066,,,,,,,,,,,,
2026-07-23,morning,watchlist_report,RXT,bounce,Small,GapFade_strongstock,NO-GO,2,2/6,0.20967500868960726,-0.007246376811594049,0.7503101762695868,0,-0.044186046511627795,0.31331073296476547,,,,,,,,,,,,
2026-07-23,morning,watchlist_report,GLW,bounce,Large,GapFade_strongstock,NO-GO,3,3/6,0.08989531356124066,0.023951707127093325,1.1166062687350866,0,0.030372305682560455,0.533813385932269,,,,,,,,,,,,
2026-07-23,morning,watchlist_report,SPCX,bounce,Large,GapFade_strongstock,CAUTION,4,4/6,0.07160354993244074,0.009023078257851744,4.728235909683419,0,-0.029620358781810574,1.1504062704518336,,,,,,,,,,,,
2026-07-23,morning,watchlist_report,FCEL,bounce,Small,GapFade_strongstock,NO-GO,1,1/6,0.1456361557517627,0.0008900756564307777,6.470049132774736,0,0.1335685483870967,0.6808417838839822,,,,,,,,,,,,
2026-07-23,morning,watchlist_report,WOLF,bounce,Small,GapFade_strongstock,NO-GO,2,2/6,0.12650971783741122,-0.010591048855483386,0.14186380788046107,0,-0.014295439074200073,0.6823662903254107,,,,,,,,,,,,
2026-07-23,morning,watchlist_report,SOXL,bounce,ETF,GapFade_strongstock,NO-GO,2,2/6,0.1751071825543852,0.0059009876389837165,0.6418001424663098,0,0.18368540311380743,0.6612157301333013,,,,,,,,,,,,
2026-07-23,morning,watchlist_report,DGXX,bounce,Small,GapFade_strongstock,NO-GO,1,1/6,0.09246527777777777,0.006993006993007051,0.997895358985735,0,0.06798516687268241,0.725998247590437,,,,,,,,,,,,
2026-07-23,morning,watchlist_report,AXTI,bounce,Medium,GapFade_strongstock,NO-GO,2,2/6,0.14645387975334015,0.04945262363155917,1.6254026609438286,0,0.13864427605979937,0.5342119321366637,,,,,,,,,,,,
2026-07-23,morning,watchlist_report,AAOI,bounce,Medium,GapFade_strongstock,NO-GO,2,2/6,0.11902035098252596,0.033387622149837114,1.354554723959003,0,0.10861968549796154,0.5502705111336236,,,,,,,,,,,,
2026-07-23,morning,watchlist_report,NOK,bounce,Medium,GapFade_strongstock,NO-GO,2,2/6,0.0690362269309638,0.01653696498054474,1.8806502453469616,0,0.03670634920634913,0.3881188118811896,,,,,,,,,,,,
2026-07-23,morning,watchlist_report,FJET,bounce,Micro,GapFade_weakstock,NO-GO,3,3/6,0.10420122887864823,,0.3133554079155976,0,0.008130081300813075,1.0577135696911628,,,,,,,,,,,,
2026-07-23,morning,watchlist_report,MRVL,bounce,Large,GapFade_strongstock,NO-GO,2,2/6,0.08581965909392149,0.021659794303047503,0.9000297972068209,0,0.1057761362470504,0.7751650642881951,,,,,,,,,,,,
2026-07-23,morning,watchlist_report,HYLN,bounce,Small,GapFade_strongstock,NO-GO,2,2/6,0.07874125054370797,0.17834605597964362,0.915877779690624,0,0.30447887323943656,0.9872673849167491,,,,,,,,,,,,
2026-07-23,morning,watchlist_report,BE,bounce,Medium,GapFade_strongstock,NO-GO,2,2/6,0.12708121667444003,0.03867656493446979,1.4320942778022239,0,0.15020805845935245,0.463300031344605,,,,,,,,,,,,
2026-07-23,morning,watchlist_report,ARM,bounce,Large,GapFade_strongstock,NO-GO,2,2/6,0.0897000603196944,0.0028228652081863496,0.6700906697751806,0,0.05411520344200873,0.3506486156011827,,,,,,,,,,,,
2026-07-23,morning,watchlist_report,ALAB,bounce,Medium,GapFade_strongstock,NO-GO,2,2/6,0.11723867778200325,0.01038093655086962,0.6752001150027223,0,0.08165906370312857,0.8128296015469351,,,,,,,,,,,,
2026-07-23,morning,watchlist_report,ON,bounce,Medium,GapFade_strongstock,NO-GO,2,2/6,0.0651003878257816,-0.030542618867107043,0.8017046999785685,0,0.03241061130334489,0.8486158968079139,,,,,,,,,,,,
2026-07-23,morning,watchlist_report,BOT,bounce,Small,GapFade_weakstock,NO-GO,0,0/6,0.14015192686255332,-0.007054744525547342,0.48150735293467783,0,0.002827128639882139,0.521888990877245,,,,,,,,,,,,
2026-07-23,morning,watchlist_report,SNDK,bounce,Large,GapFade_strongstock,NO-GO,0,0/6,0.1221810448139822,0.021153401239315393,1.343868931882094,0,0.17408965095797826,0.5632627845019222,,,,,,,,,,,,
2026-07-23,morning,watchlist_report,CRWD,bounce,Large,GapFade_weakstock,NO-GO,2,2/6,0.06162922999254028,0.006209531896826324,2.719233408998155,0,-0.04483853090835813,0.7223376940946326,,,,,,,,,,,,
2026-07-23,morning,watchlist_report,MXL,bounce,Medium,GapFade_strongstock,NO-GO,1,1/6,0.125137808171026,0.030069124423963128,1.6251759945516553,0,0.19197440341287816,0.9143258426966293,,,,,,,,,,,,
2026-07-23,morning,watchlist_report,PENG,bounce,Medium,GapFade_strongstock,NO-GO,2,2/6,0.15497738095238092,0.013513513513513466,1.7071248032675725,0,0.1271839188427579,0.5732019265484217,,,,,,,,,,,,
2026-07-23,morning,watchlist_report,GOOGL,bounce,Large,GapFade_strongstock,NO-GO,1,1/6,0.03240653363834064,-0.03794323131339695,0.663317473900374,0,-0.06500184664337054,0.769785097753463,,,,,,,,,,,,
2026-07-23,morning,watchlist_report,KEEL,bounce,Medium,GapFade_strongstock,NO-GO,2,2/6,0.09618755477651184,0.04264392324093801,0.6168488431960845,0,0.1267281105990783,0.8397873955960526,,,,,,,,,,,,
2026-07-23,morning,watchlist_report,AMAT,bounce,Large,GapFade_strongstock,NO-GO,0,0/6,0.0789088900308325,0.0037550548815714203,0.9558883321523025,0,0.057637435799885776,0.45954556199762225,,,,,,,,,,,,
2026-07-23,morning,watchlist_report,IONQ,bounce,Medium,GapFade_weakstock,NO-GO,0,0/6,0.08263692507719811,0.0138408304498269,0.8268699349078501,0,0.026869158878504513,0.4594711533733889,,,,,,,,,,,,
2026-07-23,morning,watchlist_report,NVTS,bounce,Medium,GapFade_weakstock,NO-GO,0,0/6,0.10547752808988764,-0.016574585635359042,0.37881359154233507,0,0.07972270363951489,0.7114323758797797,,,,,,,,,,,,
2026-07-23,morning,watchlist_report,INTC,bounce,Large,GapFade_strongstock,NO-GO,0,0/6,0.07661305446836268,0.02436172286104073,0.978566729121505,0,0.08304141767978572,0.666785513778725,,,,,,,,,,,,
2026-07-23,morning,watchlist_report,UMC,bounce,Medium,GapFade_strongstock,NO-GO,0,0/6,0.0735794467459575,0.004227336777829961,1.6400628041802072,0,0.05320197044334967,0.3845839500903571,,,,,,,,,,,,
2026-07-23,morning,watchlist_report,CRML,bounce,Small,GapFade_weakstock,NO-GO,1,1/6,0.09850249876049197,-0.0012576687116563714,0.6871909542619506,0,0.04859903381642513,1.216035634743874,,,,,,,,,,,,
2026-07-23,morning,watchlist_report,RKLB,bounce,Medium,GapFade_weakstock,NO-GO,0,0/6,0.09040760365338227,-0.006594982078852957,0.8641652970730489,0,0.05400060845756026,0.5890482184883143,,,,,,,,,,,,
2026-07-23,morning,watchlist_report,DRAM,bounce,ETF,GapFade_strongstock,NO-GO,2,2/6,0.08511293387535175,0.028042236454907346,1.6815534199382198,0,0.11929890689785146,0.5104001808727108,,,,,,,,,,,,
2026-07-23,morning,watchlist_report,SPCE,bounce,Small,GapFade_weakstock,NO-GO,0,0/6,0.07056122448979592,-0.0037453183520598453,0.9118303799761098,0,0.039062500000000035,0.8258172546333286,,,,,,,,,,,,
2026-07-23,morning,watchlist_report,QCOM,bounce,Large,GapFade_strongstock,NO-GO,0,0/6,0.04761160714285715,0.0021067015885668995,1.0715868310960137,0,0.03334899013621423,0.9612581511315695,,,,,,,,,,,,
2026-07-23,morning,watchlist_report,RVI,bounce,Small,GapFade_weakstock,NO-GO,0,0/6,0.07716023446415604,,0.3765222605257467,0,0.03924528301886789,0.8941206525063943,,,,,,,,,,,,
2026-07-23,morning,watchlist_report,CRDO,bounce,Medium,GapFade_strongstock,NO-GO,0,0/6,0.10184583106832885,0.024619967582248985,0.7409986849220209,0,0.10289055500542271,0.7302591591174665,,,,,,,,,,,,
2026-07-23,morning,watchlist_report,CBRS,bounce,Medium,GapFade_strongstock,NO-GO,2,2/6,0.09805606758832565,0.019542421353670136,0.8004505920591325,0,0.20929443690637728,1.9452476802274365,,,,,,,,,,,,
2026-07-23,morning,watchlist_report,SIMO,bounce,Medium,GapFade_strongstock,NO-GO,0,0/6,0.0964075242423013,,0.8389888950892707,0,0.11507857962867658,0.8701553191209561,,,,,,,,,,,,
2026-07-23,morning,watchlist_report,TSLA,bounce,Large,GapFade_weakstock,NO-GO,0,0/6,0.04710100580818814,-0.05630865484880084,0.33273515272068555,0,-0.04497118272587062,0.4373116462046544,,,,,,,,,,,,
2026-07-23,morning,watchlist_report,EWY,bounce,ETF,GapFade_strongstock,NO-GO,0,0/6,0.05628329297820825,0.03854955113536345,1.8195973171928295,0,0.08682303819231232,0.41908654190865235,,,,,,,,,,,,
2026-07-23,morning,watchlist_report,PL,bounce,Medium,GapFade_weakstock,NO-GO,0,0/6,0.0856169807328535,-0.0021858407079646948,0.4767616525153756,0,0.018085778781038408,0.4247132815390308,,,,,,,,,,,,
2026-07-23,morning,watchlist_report,POET,bounce,Small,GapFade_weakstock,NO-GO,0,0/6,0.09562740076824583,0.020915032679738464,1.0073026350988925,0,0.04551539491298526,0.7831559215371218,,,,,,,,,,,,
2026-07-23,morning,watchlist_report,RGTI,bounce,Medium,GapFade_weakstock,NO-GO,1,1/6,0.07364014584891547,0.003282994090610567,0.4426748556072276,0,0.07228070175438592,0.49323625191232184,,,,,,,,,,,,
2026-07-23,morning,watchlist_report,INOD,bounce,Medium,GapFade_weakstock,NO-GO,0,0/6,0.06991108101824949,0.000651359713401828,0.4939439812720962,0,-0.010148195876288587,0.6424527275584944,,,,,,,,,,,,
2026-07-23,morning,watchlist_report,ORCL,bounce,Large,GapFade_weakstock,NO-GO,2,2/6,0.05283220097961763,0.005880483153210385,1.1641448217036685,0,0.04284066567803595,0.6190654205607478,,,,,,,,,,,,
2026-07-23,morning,watchlist_report,LWLG,bounce,Small,GapFade_weakstock,NO-GO,1,1/6,0.09157226767358927,0.005908419497784348,1.0381651455067558,0,0.14453781512605032,1.1305194433308516,,,,,,,,,,,,
2026-07-23,morning,watchlist_report,APP,bounce,Large,GapFade_weakstock,NO-GO,0,0/6,0.07060787856884712,0.006230605120248238,0.8379807076433193,0,-0.022491756947715522,0.5995400227941224,,,,,,,,,,,,
2026-07-23,morning,watchlist_report,OKLO,bounce,Medium,GapFade_weakstock,NO-GO,2,2/6,0.07562099256219544,0.0013483146067416242,0.6347821750114065,0,0.07347627077812587,1.017606633966006,,,,,,,,,,,,
2026-07-23,morning,watchlist_report,FIG,bounce,Medium,GapFade_weakstock,NO-GO,1,1/6,0.09242803961975674,0.0009315323707498638,2.306151749720096,0,-0.1053288925895088,0.5752466025841584,,,,,,,,,,,,
2026-07-23,morning,watchlist_report,LITE,bounce,Medium,GapFade_strongstock,NO-GO,0,0/6,0.07797779126396195,0.029878269253947164,0.9208745354321372,0,0.11617791130559736,0.7635217027104623,,,,,,,,,,,,
2026-07-23,morning,watchlist_report,SMR,bounce,Medium,GapFade_weakstock,NO-GO,1,1/6,0.07902032273871117,-0.009158986175115146,1.5704588730948272,0,0.08046482412060305,0.6547831753305428,,,,,,,,,,,,
2026-07-23,morning,watchlist_report,DXYZ,bounce,Small,GapFade_weakstock,NO-GO,0,0/6,0.07106473837043784,-0.007908264136022115,0.4404125947971642,0,0.021164021164021145,0.38137664148192063,,,,,,,,,,,,
2026-07-23,morning,watchlist_report,AVGO,bounce,Large,GapFade_strongstock,NO-GO,1,1/6,0.041303087834933354,0.005014994581789796,0.6434324282735879,0,0.05458007192722653,1.1283007969526895,,,,,,,,,,,,
2026-07-23,morning,watchlist_report,TEAM,bounce,Medium,GapFade_weakstock,NO-GO,0,0/6,0.07369001019703297,0.017096018735362924,0.77332831359137,0,-0.09924297417816039,0.9202097980136149,,,,,,,,,,,,
2026-07-23,morning,watchlist_report,KWEB,bounce,ETF,GapFade_weakstock,NO-GO,1,1/6,0.024116562449895778,0.010968229954614188,0.631232713918047,0,-0.02587463556851315,0.4807366286607038,,,,,,,,,,,,
2026-07-23,morning,watchlist_report,MP,bounce,Medium,GapFade_weakstock,NO-GO,0,0/6,0.06540570175438597,-0.001751313485113798,0.50315740833612,0,-0.002188183807439856,0.606873428331937,,,,,,,,,,,,
2026-07-23,morning,watchlist_report,PLTR,bounce,Large,GapFade_weakstock,NO-GO,1,1/6,0.05494360451163906,0.003532150598057413,0.3970445408766079,0,-0.07296996662958835,1.295042585717405,,,,,,,,,,,,
2026-07-23,morning,watchlist_report,CRWV,bounce,Medium,GapFade_weakstock,NO-GO,0,0/6,0.07331685089865833,0.02432236205227499,0.9335666857476377,0,0.15863673692855193,0.9329272924392158,,,,,,,,,,,,
2026-07-23,morning,watchlist_report,IREN,bounce,Medium,GapFade_weakstock,NO-GO,0,0/6,0.09528096697080908,0.027858527131782912,1.4202347366451706,0,0.055472636815920316,0.8583220845671635,,,,,,,,,,,,
2026-07-23,morning,watchlist_report,OPEN,bounce,Medium,GapFade_weakstock,NO-GO,0,0/6,0.08359758090879377,-0.0022831050228310015,0.5178117415138825,0,-0.01687289088863896,0.41059732134128535,,,,,,,,,,,,
2026-07-23,morning,watchlist_report,MSTR,bounce,Medium,GapFade_weakstock,NO-GO,1,1/6,0.06211464748697188,-0.004999500049995,1.6088516284115746,0,0.017276630545900756,0.619637970564307,,,,,,,,,,,,
2026-07-23,morning,watchlist_report,META,bounce,Large,GapFade_weakstock,NO-GO,0,0/6,0.04448216022227367,-0.01621569909274991,0.5920522884852915,0,-0.044669814972516875,0.9108235049783107,,,,,,,,,,,,
2026-07-23,morning,watchlist_report,ETHE,bounce,Medium,GapFade_weakstock,NO-GO,0,0/6,0.034911691656701306,-0.0006435006435006298,0.35215480345291156,0,0.01370757180156652,0.532481391212701,,,,,,,,,,,,
2026-07-23,morning,watchlist_report,U,bounce,Medium,GapFade_weakstock,NO-GO,0,0/6,0.05576154745663611,0.0017082336863683196,0.770292887498111,0,-0.016437437101643693,0.740093494691772,,,,,,,,,,,,
2026-07-23,morning,watchlist_report,WDC,breakout,Large,D2_continuation,CAUTION,3,3/6 [REDUCED_SIZE],0.09204323321413592,0.027682468967251843,,,,0.7484755868029372,0.07348657174212382,0.02979627615619751,,,,,,,,,,
2026-07-23,morning,watchlist_report,NBIS,breakout,Medium,D2_continuation,CAUTION,4,4/6 [REDUCED_SIZE],0.09879158253407369,0.03777044371103781,,,,0.8557920708920067,0.11105759754940933,0.004214160392908824,,,,,,,,,,
2026-07-23,morning,watchlist_report,MU,breakout,Large,D2_continuation,CAUTION,3,3/6 [REDUCED_SIZE],0.07663088608228118,0.033456247133864164,,,,0.6127468721088316,0.06216149819522252,0.051767633899245914,,,,,,,,,,
2026-07-23,morning,watchlist_report,IBIT,bounce,ETF,GapFade_weakstock,NO-GO,1,1/6,0.027464775214036133,-0.0034815211569363294,0.8332872814471338,0,0.008674437516942269,0.4598986545518079,,,,,,,,,,,,
2026-07-23,morning,watchlist_report,BABA,bounce,Large,GapFade_weakstock,NO-GO,0,0/6,0.035637947039280825,0.0034317089910774834,0.6763113312255786,0,-0.028087086588000746,0.405449404506897,,,,,,,,,,,,
2026-07-23,morning,watchlist_report,AMD,breakout,Large,D2_continuation,CAUTION,3,3/6 [REDUCED_SIZE],0.06935721968959692,0.009903499719370509,,,,0.9013257157543122,0.05253851007698074,0.10607737080462287,,,,,,,,,,
2026-07-23,morning,watchlist_report,MSFT,bounce,Large,GapFade_weakstock,NO-GO,1,1/6,0.02788247882201625,-0.009786340113746973,0.8523040320094792,0,-0.03920057669840175,1.3027580214461978,,,,,,,,,,,,
2026-07-23,morning,watchlist_report,STX,breakout,Large,D2_continuation,CAUTION,3,3/6 [REDUCED_SIZE],0.0846822742733457,0.017509084902543746,,,,0.8459172801969302,0.07967879212521004,0.05419489888490317,,,,,,,,,,
2026-07-23,morning,watchlist_report,AAPL,breakout,Large,D2_continuation,NO-GO,2,2/6 [AVOID],0.0250082605669172,-0.005001687686029014,,,,0.6979128588856588,0.001569053927355295,0.06655768654263854,,,,,,,,,,
2026-07-23,morning,watchlist_report,NVDA,breakout,Large,D2_continuation,NO-GO,2,2/6 [AVOID],0.03536049456278865,-0.005092898236348262,,,,1.2653549715161077,0.020130639110805128,0.01041221537146694,,,,,,,,,,
2026-07-23,morning,watchlist_report,SKHY,bounce,Large,GapFade_strongstock,NO-GO,0,0/6,,0.06710231741997945,0.7095627071207156,0,0.16671077004498555,,,,,,,,,,,,,
2026-07-23,evening,priority_report,AMD,breakout,Large,D2_continuation,CAUTION,2,2/6 [REDUCED_SIZE],0.07219694909651243,-0.029819129868013734,,,,,0.011138913606760415,0.10607737080462287,,,,,,,,,,
2026-07-23,evening,priority_report,HQ,bounce,Small,GapFade_strongstock,CAUTION,4,4/6,0.22557152981674597,-0.009562841530054683,1.068326006886411,0.011160778338638917,-0.2801020408163266,0.8828664658859855,,,,,,,,,,,,
2026-07-23,evening,priority_report,AAPL,breakout,Large,D2_continuation,NO-GO,2,2/6 [AVOID],0.025274836589666415,-0.015496026266531687,,,,,-0.008994586868399873,0.06655768654263854,,,,,,,,,,
2026-07-23,evening,priority_report,SPCE,bounce,Small,GapFade_weakstock,NO-GO,0,0/6,0.07205100082259391,-0.014981273408239714,0.9118303799761098,0.02072658368015825,0.017578124999999972,0.8258172546333286,,,,,,,,,,,,
2026-07-23,evening,priority_report,RXT,bounce,Small,GapFade_strongstock,NO-GO,2,2/6,0.21436922530206118,-0.007246376811594049,0.7503101762695868,0.016153799304143183,-0.0651162790697675,0.31331073296476547,,,,,,,,,,,,
2026-07-23,evening,priority_report,FJET,bounce,Micro,GapFade_weakstock,NO-GO,3,3/6,0.10737633557578156,-0.018817204301075346,0.3133554079155976,0.012430903524166698,-0.021680216802168042,1.0577135696911628,,,,,,,,,,,,
2026-07-23,evening,priority_report,GOOGL,bounce,Large,GapFade_weakstock,NO-GO,0,0/6,0.03345351239206514,-0.061270425911309837,0.663317473900374,0.15166719408690743,-0.0942640415920907,0.769785097753463,,,,,,,,,,,,
2026-07-23,evening,priority_report,NVDA,breakout,Large,D2_continuation,NO-GO,2,2/6 [AVOID],0.03591804310371512,-0.020536640573422568,,,,,0.004295356889325065,0.01041221537146694,,,,,,,,,,
2026-07-23,evening,priority_report,CRWD,bounce,Large,GapFade_weakstock,NO-GO,2,2/6,0.06374405736107862,0.005784948519265489,2.719233408998155,0.04879626867597521,-0.07652778477505162,0.7223376940946326,,,,,,,,,,,,
2026-07-23,evening,priority_report,EWY,bounce,ETF,GapFade_strongstock,NO-GO,0,0/6,0.057694694255764525,0.0033444816053511306,1.8195973171928295,0.0880829137305598,0.06023578533709918,0.41908654190865235,,,,,,,,,,,,
2026-07-23,evening,priority_report,BOT,bounce,Small,GapFade_weakstock,NO-GO,0,0/6,0.1454538023487099,-0.01459854014598535,0.48150735293467783,0.01237938873009495,-0.03372650202727605,0.521888990877245,,,,,,,,,,,,
2026-07-23,evening,priority_report,GLW,bounce,Large,GapFade_strongstock,NO-GO,3,3/6,0.09033050330776299,-0.011716214461898007,1.1166062687350866,0.03616543806955169,0.025408229915088273,0.533813385932269,,,,,,,,,,,,
2026-07-23,evening,priority_report,AVGO,bounce,Large,GapFade_strongstock,NO-GO,1,1/6,0.042216111817957126,-0.011642851742647627,0.6434324282735879,0.020326266630268135,0.03177226570763694,1.1283007969526895,,,,,,,,,,,,
2026-07-23,evening,priority_report,PLTR,bounce,Large,GapFade_weakstock,NO-GO,1,1/6,0.05610144572408722,0.010957694468973342,0.3970445408766079,0.018390332204455472,-0.0921023359288097,1.295042585717405,,,,,,,,,,,,
2026-07-23,evening,priority_report,ORCL,bounce,Large,GapFade_weakstock,NO-GO,2,2/6,0.05569899637696248,-0.014939605848696835,1.1641448217036685,0.024526219102960847,-0.010833745262810989,0.6190654205607478,,,,,,,,,,,,
2026-07-23,evening,priority_report,LITE,breakout,Medium,D2_continuation,CAUTION,3,3/6 [REDUCED_SIZE],0.07980363002987383,0.006315535735808134,,,,,0.06294865748089727,0.039138809946261385,,,,,,,,,,
2026-07-23,evening,priority_report,MSFT,bounce,Large,GapFade_weakstock,NO-GO,1,1/6,0.02821535164489926,-0.0009607009273966287,0.8523040320094792,0.038938955970462555,-0.050535683213602224,1.3027580214461978,,,,,,,,,,,,
2026-07-23,evening,priority_report,HYLN,bounce,Small,GapFade_strongstock,NO-GO,2,2/6,0.08937324929971989,0.09160305343511446,0.915877779690624,0.257394189498389,0.1492957746478874,0.9872673849167491,,,,,,,,,,,,
2026-07-23,evening,priority_report,MU,breakout,Large,D2_continuation,CAUTION,4,4/6 [REDUCED_SIZE],0.07711974586291417,0.02690519864926829,,,,,0.05542848797592624,0.0668139738849524,,,,,,,,,,
2026-07-23,evening,priority_report,IONQ,bounce,Medium,GapFade_weakstock,NO-GO,0,0/6,0.08508094540891026,-0.019607843137254895,0.8268699349078501,0.04307385343443925,-0.002628504672897296,0.4594711533733889,,,,,,,,,,,,
2026-07-23,evening,priority_report,WDC,breakout,Large,D2_continuation,CAUTION,4,4/6 [REDUCED_SIZE],0.09352935728368689,0.011353225429787936,,,,,0.05642952913071293,0.03404822245321875,,,,,,,,,,
2026-07-23,evening,priority_report,STX,breakout,Large,D2_continuation,CAUTION,4,4/6 [REDUCED_SIZE],0.08498302589094678,0.013908159894284766,,,,,0.07585785094528642,0.05814958451507837,,,,,,,,,,
2026-07-23,evening,priority_report,KEEL,bounce,Medium,GapFade_strongstock,NO-GO,2,2/6,0.09758446947243628,0.006396588486140588,0.6168488431960845,0.03316668204159865,0.11059907834101393,0.8397873955960526,,,,,,,,,,,,
2026-07-23,evening,priority_report,IREN,bounce,Medium,GapFade_weakstock,NO-GO,0,0/6,0.09957565095003519,-0.016472868217054255,1.4202347366451706,0.0521656821225145,0.009950248756218869,0.8583220845671635,,,,,,,,,,,,
2026-07-23,evening,priority_report,MP,bounce,Medium,GapFade_weakstock,NO-GO,0,0/6,0.06709786276715411,-0.019264448336252245,0.50315740833612,0.02200717764910615,-0.02735229759299781,0.606873428331937,,,,,,,,,,,,
2026-07-23,evening,priority_report,BE,bounce,Medium,GapFade_strongstock,NO-GO,2,2/6,0.13115485188702566,-0.014664100449088025,1.4320942778022239,0.033001822070786564,0.11448289860956055,0.463300031344605,,,,,,,,,,,,
2026-07-23,evening,priority_report,OKLO,bounce,Medium,GapFade_weakstock,NO-GO,3,3/6,0.07700346043353358,-0.0319101123595506,0.6347821750114065,0.015317390950556599,0.05420380631173211,1.017606633966006,,,,,,,,,,,,
2026-07-23,evening,priority_report,SMR,bounce,Medium,GapFade_weakstock,NO-GO,1,1/6,0.07653400215253386,-0.02188940092165893,1.5704588730948272,0.030351144824117132,0.11556532663316574,0.6547831753305428,,,,,,,,,,,,
2026-07-23,evening,priority_report,RKLB,bounce,Medium,GapFade_weakstock,NO-GO,0,0/6,0.08977275518978013,-0.023225806451612967,0.8641652970730489,0.03180315164621256,0.06145421356860369,0.5890482184883143,,,,,,,,,,,,
2026-07-23,evening,priority_report,DGXX,bounce,Small,GapFade_strongstock,NO-GO,1,1/6,0.09193325661680092,-0.016317016317016382,0.997895358985735,0.021266243317448537,0.07416563658838067,0.725998247590437,,,,,,,,,,,,
2026-07-23,evening,priority_report,APP,bounce,Large,GapFade_weakstock,NO-GO,0,0/6,0.073717864868944,0.004315360744763316,0.8379807076433193,0.007650722038924524,-0.06373056994818653,0.5995400227941224,,,,,,,,,,,,
2026-07-23,evening,priority_report,OPEN,bounce,Medium,GapFade_weakstock,NO-GO,0,0/6,0.09452042136388841,-0.02283105022831042,0.5178117415138825,0.012626165896180583,-0.13048368953880765,0.41059732134128535,,,,,,,,,,,,
2026-07-23,evening,priority_report,CRML,bounce,Small,GapFade_weakstock,NO-GO,1,1/6,0.10523848587835465,-0.03220858895705521,0.6871909542619506,0.02132661492041334,-0.018518518518518552,1.216035634743874,,,,,,,,,,,,
2026-07-23,evening,priority_report,SNDK,bounce,Large,GapFade_strongstock,NO-GO,0,0/6,0.1215624763378524,-0.019802785020665726,1.343868931882094,0.07096143345516248,0.18006398504619148,0.5632627845019222,,,,,,,,,,,,
2026-07-23,evening,priority_report,PL,bounce,Medium,GapFade_weakstock,NO-GO,0,0/6,0.08760046668395127,-0.013716814159292136,0.4767616525153756,0.011408597939097839,-0.004966139954853248,0.4247132815390308,,,,,,,,,,,,
2026-07-23,evening,priority_report,RGTI,bounce,Medium,GapFade_weakstock,NO-GO,1,1/6,0.07556893408807444,-0.028562048588312572,0.4426748556072276,0.028694646933264997,0.044912280701754424,0.49323625191232184,,,,,,,,,,,,
2026-07-23,evening,priority_report,CRWV,bounce,Medium,GapFade_weakstock,NO-GO,0,0/6,0.07632382006482726,-0.019845111326234274,0.9335666857476377,0.03700236623095144,0.1129893238434163,0.9329272924392158,,,,,,,,,,,,
2026-07-23,evening,priority_report,NBIS,breakout,Medium,D2_continuation,CAUTION,4,4/6 [REDUCED_SIZE],0.10165858821314132,0.008502933626695956,,,,,0.07972322139944026,0.0188128684514842,,,,,,,,,,
2026-07-23,evening,priority_report,CRDO,bounce,Medium,GapFade_strongstock,NO-GO,0,0/6,0.10164049892184729,-0.01901257283042013,0.7409986849220209,0.018794631311950465,0.10511859291743302,0.7302591591174665,,,,,,,,,,,,
2026-07-23,evening,priority_report,POET,bounce,Small,GapFade_weakstock,NO-GO,0,0/6,0.098399209486166,-0.015686274509803935,1.0073026350988925,0.0351101124547439,0.016064257028112466,0.7831559215371218,,,,,,,,,,,,
2026-07-23,evening,priority_report,U,bounce,Medium,GapFade_weakstock,NO-GO,0,0/6,0.05742636359074713,-0.00751622822002046,0.770292887498111,0.008085101958617376,-0.04495135860449513,0.740093494691772,,,,,,,,,,,,
2026-07-23,evening,priority_report,TSLA,bounce,Large,GapFade_weakstock,NO-GO,2,2/6,0.051719814578601885,-0.08825967220127802,0.33273515272068555,0.06803036025431335,-0.1302594907595313,0.4373116462046544,,,,,,,,,,,,
2026-07-23,evening,priority_report,FIG,bounce,Medium,GapFade_weakstock,NO-GO,1,1/6,0.09918994114499737,0.010246856078248831,2.306151749720096,0.023527867129245737,-0.16631973355537058,0.5752466025841584,,,,,,,,,,,,
2026-07-23,evening,priority_report,IBIT,bounce,ETF,GapFade_weakstock,NO-GO,1,1/6,0.0278350615746775,-0.01459560792715591,0.8332872814471338,0.06048948948499655,-0.004743833017077721,0.4598986545518079,,,,,,,,,,,,
2026-07-23,evening,priority_report,ETHE,bounce,Medium,GapFade_weakstock,NO-GO,0,0/6,0.035740182691402195,-0.014800514800514714,0.35215480345291156,0.0280102491637801,-0.009791122715404723,0.532481391212701,,,,,,,,,,,,
2026-07-23,evening,priority_report,TEAM,bounce,Medium,GapFade_weakstock,NO-GO,0,0/6,0.07851710360297208,0.02681498829039803,0.77332831359137,0.020226826145048935,-0.15461993155656964,0.9202097980136149,,,,,,,,,,,,
2026-07-23,evening,priority_report,MSTR,bounce,Medium,GapFade_weakstock,NO-GO,2,2/6,0.06514231513335693,-0.03009699030096995,1.6088516284115746,0.04819243549968222,-0.030004089143324354,0.619637970564307,,,,,,,,,,,,
2026-07-23,evening,priority_report,KWEB,bounce,ETF,GapFade_weakstock,NO-GO,1,1/6,0.02459972197236078,0.002647503782148271,0.631232713918047,0.018202357639987676,-0.04500728862973771,0.4807366286607038,,,,,,,,,,,,
2026-07-23,evening,priority_report,AXTI,bounce,Medium,GapFade_strongstock,NO-GO,2,2/6,0.15288839118073064,-0.029765949414873503,1.6254026609438286,0.05491368411666684,0.09072291624001638,0.5342119321366637,,,,,,,,,,,,
2026-07-23,evening,priority_report,CBRS,bounce,Medium,GapFade_strongstock,NO-GO,2,2/6,0.09623396585062105,-0.02035271687321263,0.8004505920591325,0.024500121305568938,0.23219131614653998,1.9452476802274365,,,,,,,,,,,,
2026-07-23,evening,priority_report,SOXL,bounce,ETF,GapFade_strongstock,NO-GO,3,3/6,0.1854601513594319,-0.05484812721287044,0.6418001424663098,0.0647554453524537,0.11760836196184492,0.6612157301333013,,,,,,,,,,,,
2026-07-23,evening,priority_report,MRVL,bounce,Large,GapFade_strongstock,NO-GO,2,2/6,0.0896935064935065,-0.014834826295085052,0.9000297972068209,0.04251922223870416,0.058017851646660526,0.7751650642881951,,,,,,,,,,,,
2026-07-23,evening,priority_report,META,bounce,Large,GapFade_weakstock,NO-GO,0,0/6,0.04524852503032373,-0.02991214503244733,0.5920522884852915,0.0434231692303617,-0.06085004257954644,0.9108235049783107,,,,,,,,,,,,
2026-07-23,evening,priority_report,INTC,bounce,Large,GapFade_strongstock,NO-GO,0,0/6,0.08065662779884113,-0.014422139933736151,0.978566729121505,0.037519984582064014,0.028745106119925735,0.666785513778725,,,,,,,,,,,,
2026-07-23,evening,priority_report,BRUN,bounce,Small,GapFade_strongstock,NO-GO,0,0/6,0.11535924193354924,-0.05057803468208084,0.7795410793208184,0.01101035891580456,0.01448040885860306,0.9316350402911355,,,,,,,,,,,,
2026-07-23,evening,priority_report,MXL,breakout,Medium,D2_continuation,CAUTION,4,4/6 [REDUCED_SIZE],0.12358965457385872,0.04297235023041479,,,,,0.07225359054555235,0.04414450827474859,,,,,,,,,,
2026-07-23,evening,priority_report,SIMO,bounce,Medium,GapFade_strongstock,NO-GO,0,0/6,0.09404211531373757,-0.02016472593013351,0.8389888950892707,0.013528764016244902,0.14312576699259716,0.8701553191209561,,,,,,,,,,,,
2026-07-23,evening,priority_report,STM,bounce,Medium,GapFade_strongstock,CAUTION,4,4/6,0.07383078072469182,-0.17287517105063097,1.1621983623972885,0.24864687281990266,-0.13337649724830045,0.5084874396013066,,,,,,,,,,,,
2026-07-23,evening,priority_report,ON,bounce,Medium,GapFade_strongstock,NO-GO,2,2/6,0.06591036889815306,-0.03758258420881619,0.8017046999785685,0.01936843122480739,0.019723183391003388,0.8486158968079139,,,,,,,,,,,,
2026-07-23,evening,priority_report,NVTS,bounce,Medium,GapFade_weakstock,NO-GO,2,2/6,0.10942964196502916,-0.05564325177584847,0.37881359154233507,0.02567812147654287,0.04072790294627389,0.7114323758797797,,,,,,,,,,,,
2026-07-23,evening,priority_report,NOK,bounce,Medium,GapFade_strongstock,NO-GO,3,3/6,0.07320431977966227,-0.01653696498054474,1.8806502453469616,0.2837954563109878,-0.022321428571428537,0.3881188118811896,,,,,,,,,,,,
2026-07-23,evening,priority_report,DXYZ,bounce,Small,GapFade_weakstock,NO-GO,0,0/6,0.07539172455451523,-0.024120205614867513,0.4404125947971642,0.044603467300429134,-0.037444037444037515,0.38137664148192063,,,,,,,,,,,,
2026-07-23,evening,priority_report,QCOM,bounce,Large,GapFade_weakstock,NO-GO,0,0/6,0.04961891791297287,-0.025337356943574495,1.0715868310960137,0.016753141402851973,-0.008454673555659922,0.9612581511315695,,,,,,,,,,,,
2026-07-23,evening,priority_report,WOLF,bounce,Small,GapFade_weakstock,NO-GO,0,0/6,0.1420047065337763,-0.02972326614280837,0.14186380788046107,0.00733258153862369,-0.12185159972770587,0.6823662903254107,,,,,,,,,,,,
2026-07-23,evening,priority_report,RVI,bounce,Small,GapFade_weakstock,NO-GO,0,0/6,0.08212532781228435,-0.027233115468409588,0.3765222605257467,0.011293960504912241,-0.02358490566037736,0.8941206525063943,,,,,,,,,,,,
2026-07-23,evening,priority_report,AAOI,bounce,Medium,GapFade_strongstock,NO-GO,2,2/6,0.12133096162551246,-0.01750814332247559,1.354554723959003,0.055702278250336336,0.0875072801397787,0.5502705111336236,,,,,,,,,,,,
2026-07-23,evening,priority_report,LWLG,bounce,Small,GapFade_weakstock,NO-GO,1,1/6,0.09384607115984092,-0.0265878877400295,1.0381651455067558,0.031226670243827803,0.11680672268907552,1.1305194433308516,,,,,,,,,,,,
2026-07-23,evening,priority_report,FCEL,breakout,Small,D2_continuation,CAUTION,3,3/6 [REDUCED_SIZE],0.13872753675803232,0.05073431241655543,,,,,0.1133848078051852,0.15319057048475385,,,,,,,,,,
2026-07-23,evening,priority_report,ARM,bounce,Large,GapFade_strongstock,NO-GO,2,2/6,0.09128028194950283,-0.027981651376146614,0.6700906697751806,0.01377732545144326,0.035866622157931675,0.3506486156011827,,,,,,,,,,,,
2026-07-23,evening,priority_report,ALAB,bounce,Medium,GapFade_strongstock,NO-GO,2,2/6,0.1221338209044251,-0.011771105637740014,0.6752001150027223,0.01049313697816344,0.03830599501763251,0.8128296015469351,,,,,,,,,,,,
2026-07-23,evening,priority_report,UMC,bounce,Medium,GapFade_strongstock,NO-GO,1,1/6,0.07581342512908777,-0.026773132926256472,1.6400628041802072,0.025106957387903018,0.022167487684729027,0.3845839500903571,,,,,,,,,,,,
2026-07-23,evening,priority_report,AMAT,bounce,Large,GapFade_strongstock,NO-GO,0,0/6,0.07870929966823852,-0.008945335066435457,0.9558883321523025,0.02921181497845633,0.060319383678904215,0.45954556199762225,,,,,,,,,,,,
2026-07-23,evening,priority_report,INOD,bounce,Medium,GapFade_weakstock,NO-GO,0,0/6,0.07172013236346296,-0.013678553981436189,0.4939439812720962,0.00993637040843906,-0.03511597938144329,0.6424527275584944,,,,,,,,,,,,
2026-07-23,evening,priority_report,BABA,bounce,Large,GapFade_weakstock,NO-GO,0,0/6,0.036795676957223564,-0.006863417982155089,0.6763113312255786,0.01680269773521075,-0.05866710985540969,0.405449404506897,,,,,,,,,,,,
2026-07-23,evening,priority_report,SKHY,bounce,Large,GapFade_strongstock,NO-GO,0,0/6,,0.032946088219277504,0.5207946457589265,0.06124260649907912,0.119145276528182,,,,,,,,,,,,,
2026-07-23,evening,priority_report,DRAM,bounce,ETF,GapFade_strongstock,NO-GO,2,2/6,0.08666707488824929,-0.0057123074259997466,1.6815534199382198,0.12485909917599308,0.09922728986053525,0.5104001808727108,,,,,,,,,,,,
2026-07-23,evening,priority_report,PENG,bounce,Medium,GapFade_strongstock,NO-GO,2,2/6,0.16029379171078875,-0.02922297297297304,1.7071248032675725,0.0319666182614726,0.08979898553447307,0.5732019265484217,,,,,,,,,,,,
2026-07-23,evening,priority_report,SPCX,bounce,Large,GapFade_strongstock,CAUTION,4,4/6,0.0711569680666467,-0.0004771820232518377,4.728235909683419,0.2942686715636063,-0.023530246141009566,1.1504062704518336,,,,,,,,,,,,
2026-07-24,morning,priority_report,AMD,breakout,Large,D2_continuation,NO-GO,3,3/6 [AVOID],0.07052302201668846,0.0005373455131648976,,,,,0.015184173702681786,0.07244940707003206,,,,,,,,,,
2026-07-24,morning,priority_report,HQ,bounce,Small,GapFade_strongstock,NO-GO,3,3/6,0.2185979413599501,,0.5685804966065124,0,-0.17675254643499105,0.6159407365129191,,,,,,,,,,,,
2026-07-24,morning,priority_report,AAPL,bounce,Large,GapFade_strongstock,NO-GO,0,0/6,0.02311855715792552,0.002114033451470341,0.7209181925768293,0,-0.01647647525477523,0.5300565042150501,,,,,,,,,,,,
2026-07-24,morning,priority_report,SPCE,bounce,Small,GapFade_weakstock,NO-GO,0,0/6,0.06887320044296788,0.0,0.45948877444508146,0,-0.07194244604316538,0.7315994693893954,,,,,,,,,,,,
2026-07-24,morning,priority_report,RXT,bounce,Small,GapFade_strongstock,NO-GO,2,2/6,0.2018157708628006,0.004975124378109568,0.476991334540279,0,-0.07972665148063773,0.2575626166259291,,,,,,,,,,,,
2026-07-24,morning,priority_report,FJET,bounce,Micro,GapFade_weakstock,NO-GO,2,2/6,0.10308632543926664,0.008086253369272304,0.2851487615265879,0,-0.07196029776674938,0.778123610493552,,,,,,,,,,,,
2026-07-24,morning,priority_report,GOOGL,bounce,Large,GapFade_weakstock,NO-GO,0,0/6,0.03690444271239284,0.009632031225408424,1.1130113787445082,0,-0.07604781794613273,0.8101646518150584,,,,,,,,,,,,
2026-07-24,morning,priority_report,NVDA,bounce,Large,GapFade_strongstock,NO-GO,0,0/6,0.03530914384596371,-0.003448936577888479,0.4261206440041151,0,0.00361811954266969,0.6682399844418486,,,,,,,,,,,,
2026-07-24,morning,priority_report,CRWD,bounce,Large,GapFade_weakstock,NO-GO,2,2/6,0.06271107478212026,0.012772325809617315,2.4927156895463183,0,-0.02818362542505891,0.7237553443991183,,,,,,,,,,,,
2026-07-24,morning,priority_report,EWY,bounce,ETF,GapFade_strongstock,NO-GO,0,0/6,0.05526266954585331,-0.02588289428275624,1.1111250935046773,0,-0.02047426257952569,0.6186369533694595,,,,,,,,,,,,
2026-07-24,morning,priority_report,BOT,bounce,Small,GapFade_weakstock,NO-GO,0,0/6,0.13570039991113086,0.00038895371450789614,0.3323690464025683,0,-0.09722709722709721,0.7105294394531652,,,,,,,,,,,,
2026-07-24,morning,priority_report,GLW,bounce,Large,GapFade_strongstock,NO-GO,2,2/6,0.08118309885023692,-0.0032038959374599513,1.0962727030623527,0,-0.042177205837078964,0.6920665732297595,,,,,,,,,,,,
2026-07-24,morning,priority_report,AVGO,bounce,Large,GapFade_strongstock,NO-GO,0,0/6,0.0408414502855683,-0.002598924758580372,0.6315784829611524,0,0.012807244501940462,0.6749070919305146,,,,,,,,,,,,
2026-07-24,morning,priority_report,PLTR,bounce,Large,GapFade_weakstock,NO-GO,0,0/6,0.054313194711991315,0.009277782280943479,0.6617113503572098,0,-0.06140057289311017,0.8384118970415829,,,,,,,,,,,,
2026-07-24,morning,priority_report,ORCL,bounce,Large,GapFade_weakstock,NO-GO,2,2/6,0.052893564150190385,0.032639953348883664,0.8842602457499116,0,-0.024336088154269936,0.8022468139994473,,,,,,,,,,,,
2026-07-24,morning,priority_report,LITE,bounce,Medium,GapFade_strongstock,NO-GO,1,1/6,0.07858317377209659,-0.005673912000383881,0.8826577641298874,0,-0.010327618319881535,1.1205360280800012,,,,,,,,,,,,
2026-07-24,morning,priority_report,MSFT,bounce,Large,GapFade_weakstock,NO-GO,1,1/6,0.028981443138878835,0.012579275643377566,0.9939397410819883,0,-0.028585795097423015,1.2850681157543618,,,,,,,,,,,,
2026-07-24,morning,priority_report,HYLN,bounce,Small,GapFade_strongstock,NO-GO,3,3/6,0.08738616614529023,-0.0024271844660193657,1.9058252517511114,0,0.059278350515464026,1.4706654468795992,,,,,,,,,,,,
2026-07-24,morning,priority_report,MU,bounce,Large,GapFade_strongstock,NO-GO,0,0/6,0.07367393798540833,-0.019197947910039273,1.2408405363989718,0,0.00039142168476133106,0.6620348121818878,,,,,,,,,,,,
2026-07-24,morning,priority_report,IONQ,bounce,Medium,GapFade_weakstock,NO-GO,0,0/6,0.07525194279100528,0.014382154388024714,0.605533587866851,0,-0.026753027316248824,0.7508342511240076,,,,,,,,,,,,
2026-07-24,morning,priority_report,WDC,bounce,Large,GapFade_strongstock,NO-GO,1,1/6,0.08761429919479864,-0.012967938384381174,0.6498109327551583,0,0.004868797753423584,0.4633317961925955,,,,,,,,,,,,
2026-07-24,morning,priority_report,STX,breakout,Large,D2_continuation,NO-GO,2,2/6 [AVOID],0.07906501344723935,-0.0113427345187002,,,,,0.04113813624062766,0.024122021206318706,,,,,,,,,,
2026-07-24,morning,priority_report,KEEL,bounce,Medium,GapFade_strongstock,NO-GO,2,2/6,0.08843446244477172,0.008316008316008323,0.6310321909091742,0,0.04301075268817189,0.8036704581411218,,,,,,,,,,,,
2026-07-24,morning,priority_report,IREN,bounce,Medium,GapFade_weakstock,NO-GO,0,0/6,0.09418998707333263,0.007639231148348997,1.1619849347097924,0,-0.009687575684184999,0.7994436201780417,,,,,,,,,,,,
2026-07-24,morning,priority_report,MP,bounce,Medium,GapFade_weakstock,NO-GO,0,0/6,0.06256218112244898,0.003359462486002208,0.3972460048838229,0,-0.032397408207343416,0.6365095950457449,,,,,,,,,,,,
2026-07-24,morning,priority_report,BE,bounce,Medium,GapFade_strongstock,NO-GO,2,2/6,0.12113937602627262,0.0009203865623561373,0.8937108072501688,0,-0.03871652081675944,0.6041943300257484,,,,,,,,,,,,
2026-07-24,morning,priority_report,OKLO,bounce,Medium,GapFade_weakstock,NO-GO,1,1/6,0.06978305817985178,0.020681818181818103,0.689125290545588,0,0.01767505098572386,0.7498507136117282,,,,,,,,,,,,
2026-07-24,morning,priority_report,SMR,bounce,Medium,GapFade_weakstock,NO-GO,1,1/6,0.07082207207207203,0.007945516458569838,1.7110896266636761,0,0.01951779563719861,0.8904436317379564,,,,,,,,,,,,
2026-07-24,morning,priority_report,RKLB,bounce,Medium,GapFade_weakstock,NO-GO,0,0/6,0.08438667484161048,-0.0012858979854263352,0.9070859737581227,0,0.011284722222222238,0.6713424912328301,,,,,,,,,,,,
2026-07-24,morning,priority_report,DGXX,bounce,Small,GapFade_strongstock,NO-GO,1,1/6,0.08607553366174057,0.004618937644341702,0.6333935940429328,0,0.028368794326240947,0.880541777947348,,,,,,,,,,,,
2026-07-24,morning,priority_report,APP,bounce,Large,GapFade_weakstock,NO-GO,0,0/6,0.0670587827262379,0.006869578298149749,1.3481192783986786,0,-0.06319251673703603,0.682861078112082,,,,,,,,,,,,
2026-07-24,morning,priority_report,OPEN,bounce,Medium,GapFade_weakstock,NO-GO,1,1/6,0.09666727873668751,0.011703511053315976,0.7341970747907448,0,-0.13169642857142863,1.2897711083673655,,,,,,,,,,,,
2026-07-24,morning,priority_report,CRML,bounce,Small,GapFade_weakstock,NO-GO,0,0/6,0.10055931018410631,0.0032733224222585224,0.699583359492241,0,-0.03464566929133855,0.7462340672074171,,,,,,,,,,,,
2026-07-24,morning,priority_report,SNDK,bounce,Large,GapFade_strongstock,NO-GO,2,2/6,0.1171881567555252,-0.026597032906298664,0.990088811952011,0,-0.013778784446961173,0.7499492260763049,,,,,,,,,,,,
2026-07-24,morning,priority_report,PL,bounce,Medium,GapFade_weakstock,NO-GO,0,0/6,0.08263336753013592,-0.003577817531305827,0.47635444596854415,0,-0.03549783549783551,0.7631425800193993,,,,,,,,,,,,
2026-07-24,morning,priority_report,RGTI,bounce,Medium,GapFade_weakstock,NO-GO,1,1/6,0.06960330736510059,0.0063973063973064405,0.7572426564288421,0,-0.021924083769633448,0.8988470861286408,,,,,,,,,,,,
2026-07-24,morning,priority_report,CRWV,bounce,Medium,GapFade_weakstock,NO-GO,0,0/6,0.07420946542139117,-0.004030826140567138,0.8804919954219963,0,0.014992460417190264,0.7740908365090602,,,,,,,,,,,,
2026-07-24,morning,priority_report,NBIS,bounce,Medium,GapFade_strongstock,NO-GO,0,0/6,0.09657486235808199,0.001629180431732876,1.0537097880860224,0,0.02033007560390939,0.7522837184309515,,,,,,,,,,,,
2026-07-24,morning,priority_report,CRDO,bounce,Medium,GapFade_strongstock,NO-GO,0,0/6,0.09363544416740004,-0.011585623678646973,0.6282809481843871,0,0.04417742439808811,0.8173345677437075,,,,,,,,,,,,
2026-07-24,morning,priority_report,POET,bounce,Small,GapFade_weakstock,NO-GO,0,0/6,0.08805143608034538,0.0013157894736842994,0.8394880741606836,0,-0.09080047789725197,0.6193369576804182,,,,,,,,,,,,
2026-07-24,morning,priority_report,U,bounce,Medium,GapFade_weakstock,NO-GO,0,0/6,0.05493884540117415,0.008984105044920455,0.5537905253712844,0,-0.022430532306662258,0.8477670421657264,,,,,,,,,,,,
2026-07-24,morning,priority_report,TSLA,bounce,Large,GapFade_weakstock,NO-GO,2,2/6,0.054694989875640226,0.012950045356439007,0.3114525197901775,0,-0.14540944237722012,1.4891136416521114,,,,,,,,,,,,
2026-07-24,morning,priority_report,FIG,bounce,Medium,GapFade_weakstock,NO-GO,1,1/6,0.09557199350328371,0.01150000000000002,1.0253941226678607,0,-0.07751937984496121,0.9723694856268873,,,,,,,,,,,,
2026-07-24,morning,priority_report,IBIT,bounce,ETF,GapFade_weakstock,NO-GO,1,1/6,0.026893498019109736,0.0035470668485676005,0.4412713741057986,0,-0.02362622776745422,0.3638503755054846,,,,,,,,,,,,
2026-07-24,morning,priority_report,ETHE,bounce,Medium,GapFade_weakstock,NO-GO,0,0/6,0.03361165684348395,0.009920634920634944,0.2611929299060946,0,-0.01674179008370894,0.6332196785192422,,,,,,,,,,,,
2026-07-24,morning,priority_report,TEAM,bounce,Medium,GapFade_weakstock,NO-GO,1,1/6,0.08215163215163213,0.015595757953836555,0.718061933833187,0,-0.10154525386313454,1.1514633625293749,,,,,,,,,,,,
2026-07-24,morning,priority_report,MSTR,bounce,Medium,GapFade_weakstock,NO-GO,1,1/6,0.06286286557633808,0.013136815123357942,1.0391806960633487,0,-0.06954389406571852,0.8669883235670378,,,,,,,,,,,,
2026-07-24,morning,priority_report,KWEB,bounce,ETF,GapFade_weakstock,NO-GO,1,1/6,0.02437139593080186,-0.0003806623524932627,1.1819935139731463,0,-0.028127313101406294,0.7109454346588665,,,,,,,,,,,,
2026-07-24,morning,priority_report,AXTI,bounce,Medium,GapFade_strongstock,NO-GO,2,2/6,0.14455909460558414,-0.004345361798601868,0.8478331314618139,0,-0.06742169527517246,0.8264349678451316,,,,,,,,,,,,
2026-07-24,morning,priority_report,CBRS,bounce,Medium,GapFade_strongstock,NO-GO,2,2/6,0.1007294652242324,-0.005409090909090899,1.3796443370893239,0,0.0490962266864842,1.5884266902076223,,,,,,,,,,,,
2026-07-24,morning,priority_report,SOXL,bounce,ETF,GapFade_strongstock,NO-GO,2,2/6,0.16172590214956056,-0.012861587301587304,0.5413261937314416,0,-0.019337075816828513,0.48810817367580345,,,,,,,,,,,,
2026-07-24,morning,priority_report,MRVL,bounce,Large,GapFade_strongstock,NO-GO,2,2/6,0.0797884110081593,-0.012994458245748132,0.686968640677212,0,-0.006539719176764828,0.5787329924603515,,,,,,,,,,,,
2026-07-24,morning,priority_report,META,bounce,Large,GapFade_weakstock,NO-GO,0,0/6,0.04471277926678411,0.006038607490513064,0.7137555483589582,0,-0.05288827449092117,0.6393030700537504,,,,,,,,,,,,
2026-07-24,morning,priority_report,INTC,bounce,Large,GapFade_strongstock,NO-GO,0,0/6,0.07148660287081339,0.04260201536466124,0.7272475956055792,0,-0.009009009009009035,0.6619502432951613,,,,,,,,,,,,
2026-07-24,morning,priority_report,BRUN,bounce,Small,GapFade_strongstock,NO-GO,0,0/6,0.10819761904761904,,0.5423758270838668,0,-0.05992949471210345,0.7911449508175081,,,,,,,,,,,,
2026-07-24,morning,priority_report,MXL,bounce,Medium,GapFade_strongstock,NO-GO,3,3/6,0.12386763855548351,-0.10642262165716784,2.333667990903828,0,-0.05263769463165235,0.8441489549810792,,,,,,,,,,,,
2026-07-24,morning,priority_report,SIMO,bounce,Medium,GapFade_strongstock,NO-GO,0,0/6,0.09121426047450781,-0.021032240210322347,0.7910744580242058,0,0.017363482762339517,0.7104772145618489,,,,,,,,,,,,
2026-07-24,morning,priority_report,STM,bounce,Medium,GapFade_strongstock,NO-GO,3,3/6,0.08054539763687107,0.023929706487193888,0.8958429546980071,0,-0.16292220693871318,0.8772583167909648,,,,,,,,,,,,
2026-07-24,morning,priority_report,ON,bounce,Medium,GapFade_strongstock,NO-GO,2,2/6,0.061845438242546485,-0.010096527238433337,0.6652811229854555,0,-0.02020645728091372,0.6025897768152458,,,,,,,,,,,,
2026-07-24,morning,priority_report,NVTS,bounce,Medium,GapFade_weakstock,NO-GO,1,1/6,0.0997486991485336,0.004156275976724914,0.39568939954481785,0,-0.05808966861598435,0.8630961202169602,,,,,,,,,,,,
2026-07-24,morning,priority_report,NOK,bounce,Medium,GapFade_strongstock,NO-GO,3,3/6,0.07277065314643605,-0.015416238437821207,1.7278523515029862,0,-0.0987770460959549,0.9682377049180334,,,,,,,,,,,,
2026-07-24,morning,priority_report,DXYZ,bounce,Small,GapFade_weakstock,NO-GO,0,0/6,0.07421606401896855,-0.00041476565740348445,0.349836548376322,0,-0.061160888196338144,0.8162776302390116,,,,,,,,,,,,
2026-07-24,morning,priority_report,QCOM,bounce,Large,GapFade_strongstock,NO-GO,1,1/6,0.0463610913801028,-0.0009350710069547367,0.6295959729994728,0,-0.014697406340057702,0.7115703522116872,,,,,,,,,,,,
2026-07-24,morning,priority_report,WOLF,bounce,Small,GapFade_weakstock,NO-GO,0,0/6,0.13200413916545478,-0.016178736517719634,0.11586911513679611,0,-0.195083517176174,0.9698979224312171,,,,,,,,,,,,
2026-07-24,morning,priority_report,RVI,bounce,Small,GapFade_weakstock,NO-GO,0,0/6,0.08041526960919035,,0.4161072313406222,0,-0.0462385321100918,0.7177058021387632,,,,,,,,,,,,
2026-07-24,morning,priority_report,AAOI,bounce,Medium,GapFade_strongstock,NO-GO,2,2/6,0.11225454728219303,-0.00028209248348506883,1.0638698464644039,0,-0.06097266476605741,0.9187582281278811,,,,,,,,,,,,
2026-07-24,morning,priority_report,LWLG,bounce,Small,GapFade_weakstock,NO-GO,0,0/6,0.08519490254872564,-0.0014970059880239203,1.299089430751177,0,-0.030523255813953484,0.6951165860096781,,,,,,,,,,,,
2026-07-24,morning,priority_report,FCEL,breakout,Small,D2_continuation,CAUTION,3,3/6 [REDUCED_SIZE],0.13068215937068398,0.021030042918454867,,,,,0.10014180096175591,0.0861182225994732,,,,,,,,,,
2026-07-24,morning,priority_report,ARM,bounce,Large,GapFade_strongstock,NO-GO,2,2/6,0.07920999301187982,0.011164499717354325,0.3397048855988236,0,-0.012183757291271285,0.40714780391620675,,,,,,,,,,,,
2026-07-24,morning,priority_report,ALAB,bounce,Medium,GapFade_strongstock,NO-GO,2,2/6,0.1097810039805396,-0.01214178670826078,0.5403116358922523,0,0.010037837330748239,0.6655524437800564,,,,,,,,,,,,
2026-07-24,morning,priority_report,UMC,bounce,Medium,GapFade_strongstock,NO-GO,2,2/6,0.07415681309327095,-0.043076185912793524,0.6949771048215923,0,-0.05752713544124592,0.4524013928946949,,,,,,,,,,,,
2026-07-24,morning,priority_report,AMAT,bounce,Large,GapFade_strongstock,NO-GO,0,0/6,0.07236315753279865,-0.003393745557924606,0.621952708648625,0,-0.006483039589053172,0.7169647156215951,,,,,,,,,,,,
2026-07-24,morning,priority_report,INOD,bounce,Small,GapFade_weakstock,NO-GO,0,0/6,0.0677077416666667,-0.0001666388935177139,0.3224999360156933,0,-0.057048561999057085,0.6572365124667552,,,,,,,,,,,,
2026-07-24,morning,priority_report,BABA,bounce,Large,GapFade_weakstock,NO-GO,0,0/6,0.03750317742755465,-0.01455374364369627,0.5139566240639731,0,-0.04721539374417219,0.7852240955689237,,,,,,,,,,,,
2026-07-24,morning,priority_report,SKHY,bounce,Large,GapFade_strongstock,NO-GO,0,0/6,,-0.023362831858407127,0.5137931779304656,0,-0.037222286844248026,,,,,,,,,,,,,
2026-07-24,morning,priority_report,DRAM,bounce,ETF,GapFade_strongstock,NO-GO,2,2/6,0.08370916193181817,-0.03396226415094335,1.0542263788323605,0,-0.04299065420560749,0.46664545550959724,,,,,,,,,,,,
2026-07-24,morning,priority_report,PENG,bounce,Medium,GapFade_strongstock,NO-GO,2,2/6,0.15117721674876847,-0.007019346002396792,1.219502968852704,0,-0.0017211703958692154,0.41455115395675507,,,,,,,,,,,,
2026-07-24,morning,priority_report,SPCX,bounce,Large,GapFade_strongstock,NO-GO,2,2/6,0.07246944741270252,-0.01632273342354527,5.409318329863827,0,-0.058523555123846556,0.9135213876711902,,,,,,,,,,,,
2026-07-24,morning,watchlist_report,HQ,bounce,Small,GapFade_strongstock,NO-GO,3,3/6,0.2185979413599501,,0.5685804966065124,0,-0.17675254643499105,0.6159407365129191,,,,,,,,,,,,
2026-07-24,morning,watchlist_report,MXL,bounce,Medium,GapFade_strongstock,NO-GO,3,3/6,0.12367044540079074,-0.10499780797895658,2.333667990903828,0,-0.05112712061352551,0.8441489549810792,,,,,,,,,,,,
2026-07-24,morning,watchlist_report,SPCX,bounce,Large,GapFade_strongstock,NO-GO,2,2/6,0.07254429321431646,-0.017337618403247608,5.409318329863827,0,-0.05949490043710546,0.9135213876711902,,,,,,,,,,,,
2026-07-24,morning,watchlist_report,RXT,bounce,Small,GapFade_strongstock,NO-GO,2,2/6,0.20131746031746034,0.007462686567164241,0.476991334540279,0,-0.07744874715261957,0.2575626166259291,,,,,,,,,,,,
2026-07-24,morning,watchlist_report,BRUN,bounce,Small,GapFade_strongstock,NO-GO,0,0/6,0.10819761904761904,,0.5423758270838668,0,-0.05992949471210345,0.7911449508175081,,,,,,,,,,,,
2026-07-24,morning,watchlist_report,WOLF,bounce,Small,GapFade_weakstock,NO-GO,0,0/6,0.12966868131868134,0.0015408320493065927,0.11586911513679611,0,-0.18058619602899464,0.9698979224312171,,,,,,,,,,,,
2026-07-24,morning,watchlist_report,STM,bounce,Medium,GapFade_strongstock,NO-GO,3,3/6,0.08034003694357,0.026547018134230594,0.8958429546980071,0,-0.16078251566559695,0.8772583167909648,,,,,,,,,,,,
2026-07-24,morning,watchlist_report,NOK,bounce,Medium,GapFade_strongstock,NO-GO,3,3/6,0.0724680724680725,-0.011305241521068984,1.7278523515029862,0,-0.09501411100658527,0.9682377049180334,,,,,,,,,,,,
2026-07-24,morning,watchlist_report,AXTI,bounce,Medium,GapFade_strongstock,NO-GO,2,2/6,0.14455909460558414,-0.004345361798601868,0.8478331314618139,0,-0.06742169527517246,0.8264349678451316,,,,,,,,,,,,
2026-07-24,morning,watchlist_report,SOXL,bounce,ETF,GapFade_strongstock,NO-GO,2,2/6,0.15994034367134038,-0.0018412698412697908,0.5413261937314416,0,-0.008389050081998134,0.48810817367580345,,,,,,,,,,,,
2026-07-24,morning,watchlist_report,HYLN,bounce,Small,GapFade_strongstock,NO-GO,3,3/6,0.08738616614529023,-0.0024271844660193657,1.9058252517511114,0,0.059278350515464026,1.4706654468795992,,,,,,,,,,,,
2026-07-24,morning,watchlist_report,GLW,bounce,Large,GapFade_strongstock,NO-GO,2,2/6,0.08084529068012838,0.0009611687812380218,1.0962727030623527,0,-0.03817498922480136,0.6920665732297595,,,,,,,,,,,,
2026-07-24,morning,watchlist_report,AAOI,bounce,Medium,GapFade_strongstock,NO-GO,2,2/6,0.11194307340033077,0.002499553651133736,1.0638698464644039,0,-0.058359885963441285,0.9187582281278811,,,,,,,,,,,,
2026-07-24,morning,watchlist_report,ALAB,bounce,Medium,GapFade_strongstock,NO-GO,2,2/6,0.1097810039805396,-0.01214178670826078,0.5403116358922523,0,0.010037837330748239,0.6655524437800564,,,,,,,,,,,,
2026-07-24,morning,watchlist_report,BE,bounce,Medium,GapFade_strongstock,NO-GO,2,2/6,0.12010673421942057,0.00952600092038653,0.8937108072501688,0,-0.030451692742862135,0.6041943300257484,,,,,,,,,,,,
2026-07-24,morning,watchlist_report,DGXX,bounce,Small,GapFade_strongstock,NO-GO,1,1/6,0.08627386438446347,0.002309468822170851,0.6333935940429328,0,0.02600472813238757,0.880541777947348,,,,,,,,,,,,
2026-07-24,morning,watchlist_report,UMC,bounce,Medium,GapFade_strongstock,NO-GO,1,1/6,0.07331612446958981,-0.032103497843795,0.6949771048215923,0,-0.04672015101462963,0.4524013928946949,,,,,,,,,,,,
2026-07-24,morning,watchlist_report,FJET,bounce,Micro,GapFade_weakstock,NO-GO,2,2/6,0.10308632543926664,0.008086253369272304,0.2851487615265879,0,-0.07196029776674938,0.778123610493552,,,,,,,,,,,,
2026-07-24,morning,watchlist_report,BOT,bounce,Small,GapFade_weakstock,NO-GO,0,0/6,0.13570039991113086,0.00038895371450789614,0.3323690464025683,0,-0.09722709722709721,0.7105294394531652,,,,,,,,,,,,
2026-07-24,morning,watchlist_report,MRVL,bounce,Large,GapFade_strongstock,NO-GO,2,2/6,0.07915623392214027,-0.005111790559908242,0.686968640677212,0,0.0013944989421042124,0.5787329924603515,,,,,,,,,,,,
2026-07-24,morning,watchlist_report,SNDK,bounce,Large,GapFade_strongstock,NO-GO,2,2/6,0.11668049425420865,-0.022361876137189266,0.990088811952011,0,-0.009487857052976063,0.7499492260763049,,,,,,,,,,,,
2026-07-24,morning,watchlist_report,CRWD,bounce,Large,GapFade_weakstock,NO-GO,2,2/6,0.06286427376519654,0.010304219823356314,2.4927156895463183,0,-0.030551922573894864,0.7237553443991183,,,,,,,,,,,,
2026-07-24,morning,watchlist_report,CRML,bounce,Small,GapFade_weakstock,NO-GO,0,0/6,0.10055931018410631,0.0032733224222585224,0.699583359492241,0,-0.03464566929133855,0.7462340672074171,,,,,,,,,,,,
2026-07-24,morning,watchlist_report,KEEL,bounce,Medium,GapFade_strongstock,NO-GO,2,2/6,0.08843446244477172,0.008316008316008323,0.6310321909091742,0,0.04301075268817189,0.8036704581411218,,,,,,,,,,,,
2026-07-24,morning,watchlist_report,PENG,bounce,Medium,GapFade_strongstock,NO-GO,2,2/6,0.15001332029817913,0.0006848142441363851,1.219502968852704,0,0.006024096385542193,0.41455115395675507,,,,,,,,,,,,
2026-07-24,morning,watchlist_report,ON,bounce,Medium,GapFade_strongstock,NO-GO,2,2/6,0.061845438242546485,-0.010096527238433337,0.6652811229854555,0,-0.02020645728091372,0.6025897768152458,,,,,,,,,,,,
2026-07-24,morning,watchlist_report,DRAM,bounce,ETF,GapFade_strongstock,NO-GO,2,2/6,0.08342771190939656,-0.030703259005145783,1.0542263788323605,0,-0.039762107051826735,0.46664545550959724,,,,,,,,,,,,
2026-07-24,morning,watchlist_report,WDC,bounce,Large,GapFade_strongstock,NO-GO,1,1/6,0.08754439839399045,-0.012179831631739128,0.6498109327551583,0,0.005671146446871777,0.4633317961925955,,,,,,,,,,,,
2026-07-24,morning,watchlist_report,ARM,bounce,Large,GapFade_strongstock,NO-GO,2,2/6,0.07889847910068565,0.015156868287167762,0.3397048855988236,0,-0.008283574362337466,0.40714780391620675,,,,,,,,,,,,
2026-07-24,morning,watchlist_report,OPEN,bounce,Medium,GapFade_weakstock,NO-GO,1,1/6,0.09641941391941396,0.014304291287386141,0.7341970747907448,0,-0.1294642857142858,1.2897711083673655,,,,,,,,,,,,
2026-07-24,morning,watchlist_report,TSLA,bounce,Large,GapFade_weakstock,NO-GO,2,2/6,0.05455213649039533,0.01560261503331352,0.3114525197901775,0,-0.1431715620299264,1.4891136416521114,,,,,,,,,,,,
2026-07-24,morning,watchlist_report,EWY,bounce,ETF,GapFade_strongstock,NO-GO,0,0/6,0.055172431216572546,-0.02428965834579554,1.1111250935046773,0,-0.01887218045112785,0.6186369533694595,,,,,,,,,,,,
2026-07-24,morning,watchlist_report,SPCE,bounce,Small,GapFade_weakstock,NO-GO,0,0/6,0.06835655208419202,0.007558139534883663,0.45948877444508146,0,-0.0649280575539568,0.7315994693893954,,,,,,,,,,,,
2026-07-24,morning,watchlist_report,RVI,bounce,Small,GapFade_weakstock,NO-GO,0,0/6,0.08041526960919035,,0.4161072313406222,0,-0.0462385321100918,0.7177058021387632,,,,,,,,,,,,
2026-07-24,morning,watchlist_report,NVTS,bounce,Medium,GapFade_weakstock,NO-GO,1,1/6,0.09950159254453228,0.0066500415627597734,0.39568939954481785,0,-0.05575048732943469,0.8630961202169602,,,,,,,,,,,,
2026-07-24,morning,watchlist_report,QCOM,bounce,Large,GapFade_strongstock,NO-GO,1,1/6,0.04620971705106742,0.0023376775173863436,0.6295959729994728,0,-0.011469740634005816,0.7115703522116872,,,,,,,,,,,,
2026-07-24,morning,watchlist_report,IONQ,bounce,Medium,GapFade_weakstock,NO-GO,0,0/6,0.07512152347940909,0.016143234517170448,0.605533587866851,0,-0.02506336243311745,0.7508342511240076,,,,,,,,,,,,
2026-07-24,morning,watchlist_report,INTC,bounce,Large,GapFade_strongstock,NO-GO,0,0/6,0.0700586138985276,0.06385313778309878,0.7272475956055792,0,0.011190137505926909,0.6619502432951613,,,,,,,,,,,,
2026-07-24,morning,watchlist_report,POET,bounce,Small,GapFade_weakstock,NO-GO,0,0/6,0.08770568436798801,0.005263157894736847,0.8394880741606836,0,-0.08721624850657105,0.6193369576804182,,,,,,,,,,,,
2026-07-24,morning,watchlist_report,RKLB,bounce,Medium,GapFade_weakstock,NO-GO,0,0/6,0.08443499243384732,-0.001857408201171531,0.9070859737581227,0,0.010706018518518445,0.6713424912328301,,,,,,,,,,,,
2026-07-24,morning,watchlist_report,SIMO,bounce,Medium,GapFade_strongstock,NO-GO,0,0/6,0.09121426047450781,-0.021032240210322347,0.7910744580242058,0,0.017363482762339517,0.7104772145618489,,,,,,,,,,,,
2026-07-24,morning,watchlist_report,MU,bounce,Large,GapFade_strongstock,NO-GO,0,0/6,0.07336572940225226,-0.01507760979994149,1.2408405363989718,0,0.004594054510619809,0.6620348121818878,,,,,,,,,,,,
2026-07-24,morning,watchlist_report,NBIS,bounce,Medium,GapFade_strongstock,NO-GO,0,0/6,0.09585163356822551,0.009186767434493376,1.0537097880860224,0,0.02802876636548042,0.7522837184309515,,,,,,,,,,,,
2026-07-24,morning,watchlist_report,AMAT,bounce,Large,GapFade_strongstock,NO-GO,0,0/6,0.0718991185781854,0.0030383795309169093,0.621952708648625,0,-7.08528916835774e-05,0.7169647156215951,,,,,,,,,,,,
2026-07-24,morning,watchlist_report,INOD,bounce,Small,GapFade_weakstock,NO-GO,0,0/6,0.0677077416666667,-0.0001666388935177139,0.3224999360156933,0,-0.057048561999057085,0.6572365124667552,,,,,,,,,,,,
2026-07-24,morning,watchlist_report,CRDO,bounce,Medium,GapFade_strongstock,NO-GO,0,0/6,0.09270741816421614,-0.0016913319238900874,0.6282809481843871,0,0.054629919149506365,0.8173345677437075,,,,,,,,,,,,
2026-07-24,morning,watchlist_report,PL,bounce,Medium,GapFade_weakstock,NO-GO,0,0/6,0.08263336753013592,-0.003577817531305827,0.47635444596854415,0,-0.03549783549783551,0.7631425800193993,,,,,,,,,,,,
2026-07-24,morning,watchlist_report,DXYZ,bounce,Small,GapFade_weakstock,NO-GO,0,0/6,0.0736052322163433,0.007880547490667826,0.349836548376322,0,-0.053369692247760066,0.8162776302390116,,,,,,,,,,,,
2026-07-24,morning,watchlist_report,CBRS,bounce,Medium,GapFade_strongstock,NO-GO,2,2/6,0.10018461038961042,0.0,1.3796443370893239,0,0.05480174521743303,1.5884266902076223,,,,,,,,,,,,
2026-07-24,morning,watchlist_report,RGTI,bounce,Medium,GapFade_weakstock,NO-GO,1,1/6,0.06960330736510059,0.0063973063973064405,0.7572426564288421,0,-0.021924083769633448,0.8988470861286408,,,,,,,,,,,,
2026-07-24,morning,watchlist_report,APP,bounce,Large,GapFade_weakstock,NO-GO,0,0/6,0.0670587827262379,0.006869578298149749,1.3481192783986786,0,-0.06319251673703603,0.682861078112082,,,,,,,,,,,,
2026-07-24,morning,watchlist_report,FIG,bounce,Medium,GapFade_weakstock,NO-GO,1,1/6,0.09510189023961779,0.016499999999999914,1.0253941226678607,0,-0.07295941632466947,0.9723694856268873,,,,,,,,,,,,
2026-07-24,morning,watchlist_report,ORCL,bounce,Large,GapFade_weakstock,NO-GO,2,2/6,0.05291836734693878,0.03215594801732755,0.8842602457499116,0,-0.024793388429752,0.8022468139994473,,,,,,,,,,,,
2026-07-24,morning,watchlist_report,LWLG,bounce,Small,GapFade_weakstock,NO-GO,0,0/6,0.08519490254872564,-0.0014970059880239203,1.299089430751177,0,-0.030523255813953484,0.6951165860096781,,,,,,,,,,,,
2026-07-24,morning,watchlist_report,MSTR,bounce,Medium,GapFade_weakstock,NO-GO,1,1/6,0.06269762831007707,0.01580689949802418,1.0391806960633487,0,-0.0670917116233448,0.8669883235670378,,,,,,,,,,,,
2026-07-24,morning,watchlist_report,AAPL,bounce,Large,GapFade_strongstock,NO-GO,0,0/6,0.02311497166253827,0.002269477087607913,0.7209181925768293,0,-0.016323915298712462,0.5300565042150501,,,,,,,,,,,,
2026-07-24,morning,watchlist_report,OKLO,bounce,Medium,GapFade_weakstock,NO-GO,1,1/6,0.06990758739364585,0.018863636363636326,0.689125290545588,0,0.01586222524359836,0.7498507136117282,,,,,,,,,,,,
2026-07-24,morning,watchlist_report,AVGO,bounce,Large,GapFade_strongstock,NO-GO,0,0/6,0.040748803880016594,-0.00033123550844663867,0.6315784829611524,0,0.015109961190168112,0.6749070919305146,,,,,,,,,,,,
2026-07-24,morning,watchlist_report,NVDA,bounce,Large,GapFade_strongstock,NO-GO,0,0/6,0.03523124357656734,-0.0012454493197930202,0.4261206440041151,0,0.005837232862173805,0.6682399844418486,,,,,,,,,,,,
2026-07-24,morning,watchlist_report,LITE,bounce,Medium,GapFade_strongstock,NO-GO,1,1/6,0.07845539779277404,-0.004054507941077678,0.8826577641298874,0,-0.008715793495391321,1.1205360280800012,,,,,,,,,,,,
2026-07-24,morning,watchlist_report,TEAM,bounce,Medium,GapFade_weakstock,NO-GO,1,1/6,0.08204076625129253,0.016968184653774164,0.718061933833187,0,-0.10033112582781446,1.1514633625293749,,,,,,,,,,,,
2026-07-24,morning,watchlist_report,SMR,bounce,Medium,GapFade_weakstock,NO-GO,1,1/6,0.07066292134831456,0.010215664018161165,1.7110896266636761,0,0.021814006888633695,0.8904436317379564,,,,,,,,,,,,
2026-07-24,morning,watchlist_report,MP,bounce,Medium,GapFade_weakstock,NO-GO,0,0/6,0.06256218112244898,0.003359462486002208,0.3972460048838229,0,-0.032397408207343416,0.6365095950457449,,,,,,,,,,,,
2026-07-24,morning,watchlist_report,GOOGL,bounce,Large,GapFade_weakstock,NO-GO,0,0/6,0.03683897672102578,0.011426233120337422,1.1130113787445082,0,-0.07440587642229579,0.8101646518150584,,,,,,,,,,,,
2026-07-24,morning,watchlist_report,CRWV,bounce,Medium,GapFade_weakstock,NO-GO,0,0/6,0.07400158730158729,-0.0012330456226879694,0.8804919954219963,0,0.01784367931641118,0.7740908365090602,,,,,,,,,,,,
2026-07-24,morning,watchlist_report,PLTR,bounce,Large,GapFade_weakstock,NO-GO,0,0/6,0.05424984529348399,0.010456350814622616,0.6617113503572098,0,-0.06030453791647822,0.8384118970415829,,,,,,,,,,,,
2026-07-24,morning,watchlist_report,IREN,bounce,Medium,GapFade_weakstock,NO-GO,0,0/6,0.09393728222996515,0.010349926071956672,1.1619849347097924,0,-0.007023492371034128,0.7994436201780417,,,,,,,,,,,,
2026-07-24,morning,watchlist_report,KWEB,bounce,ETF,GapFade_weakstock,NO-GO,1,1/6,0.02437139593080186,-0.0003806623524932627,1.1819935139731463,0,-0.028127313101406294,0.7109454346588665,,,,,,,,,,,,
2026-07-24,morning,watchlist_report,SKHY,bounce,Large,GapFade_strongstock,NO-GO,0,0/6,,-0.018401769911504443,0.5137931779304656,0,-0.032331627311852976,,,,,,,,,,,,,
2026-07-24,morning,watchlist_report,BABA,bounce,Large,GapFade_weakstock,NO-GO,0,0/6,0.03750317742755465,-0.01455374364369627,0.5139566240639731,0,-0.04721539374417219,0.7852240955689237,,,,,,,,,,,,
2026-07-24,morning,watchlist_report,U,bounce,Medium,GapFade_weakstock,NO-GO,0,0/6,0.05493884540117415,0.008984105044920455,0.5537905253712844,0,-0.022430532306662258,0.8477670421657264,,,,,,,,,,,,
2026-07-24,morning,watchlist_report,FCEL,breakout,Small,D2_continuation,CAUTION,3,3/6 [REDUCED_SIZE],0.1308471620971621,0.019742489270386302,,,,0.9617461229178639,0.098754484693204,0.0861182225994732,,,,,,,,,,
2026-07-24,morning,watchlist_report,AMD,breakout,Large,D2_continuation,CAUTION,3,3/6 [REDUCED_SIZE],0.07026018713758568,0.004280234949693241,,,,0.8707723363512717,0.018981855155475222,0.07244940707003206,,,,,,,,,,
2026-07-24,morning,watchlist_report,STX,breakout,Large,D2_continuation,NO-GO,2,2/6 [AVOID],0.07880320876695047,-0.00805815888587196,,,,0.44106293305549904,0.04459706692581247,0.024122021206318706,,,,,,,,,,
2026-07-24,morning,watchlist_report,ETHE,bounce,Medium,GapFade_weakstock,NO-GO,0,0/6,0.03361165684348395,0.009920634920634944,0.2611929299060946,0,-0.01674179008370894,0.6332196785192422,,,,,,,,,,,,
2026-07-24,morning,watchlist_report,META,bounce,Large,GapFade_weakstock,NO-GO,0,0/6,0.04469665281765677,0.006401583897046684,0.7137555483589582,0,-0.05254655876733808,0.6393030700537504,,,,,,,,,,,,
2026-07-24,morning,watchlist_report,IBIT,bounce,ETF,GapFade_weakstock,NO-GO,1,1/6,0.026849697533736592,0.0051841746248296,0.4412713741057986,0,-0.02203344836740107,0.3638503755054846,,,,,,,,,,,,
2026-07-24,morning,watchlist_report,MSFT,bounce,Large,GapFade_weakstock,NO-GO,1,1/6,0.029010725666468052,0.011557209497353177,0.9939397410819883,0,-0.02956631049654303,1.2850681157543618,,,,,,,,,,,,
2026-07-24,evening,priority_report,AMD,breakout,Large,D2_continuation,CAUTION,2,2/6 [REDUCED_SIZE],0.07255324447686368,-0.027460208638292443,,,,,-0.01322323558034265,0.08824798681518772,,,,,,,,,,
2026-07-24,evening,priority_report,HQ,bounce,Small,GapFade_strongstock,CAUTION,4,4/6,0.2536770028957529,0.01892285298398834,0.5685804966065124,0.006789638898605701,-0.2905931695626124,0.6159407365129191,,,,,,,,,,,,
2026-07-24,evening,priority_report,AAPL,breakout,Large,D2_continuation,CAUTION,2,2/6 [REDUCED_SIZE],0.022375461917415698,0.03539451594851704,,,,,0.030035193131080076,0.0946190586871905,,,,,,,,,,
2026-07-24,evening,priority_report,SPCE,bounce,Small,GapFade_weakstock,NO-GO,0,0/6,0.07079396698918611,0.003875968992247979,0.45948877444508146,0.008572781592937825,-0.09712230215827339,0.7315994693893954,,,,,,,,,,,,
2026-07-24,evening,priority_report,RXT,bounce,Small,GapFade_strongstock,NO-GO,2,2/6,0.2035794542536116,0.009950248756218916,0.476991334540279,0.012759543116098592,-0.08769931662870155,0.2575626166259291,,,,,,,,,,,,
2026-07-24,evening,priority_report,FJET,bounce,Micro,GapFade_weakstock,NO-GO,2,2/6,0.11260671100615026,0.0026954177897574746,0.2851487615265879,0.003819435487226315,-0.1504218362282879,0.778123610493552,,,,,,,,,,,,
2026-07-24,evening,priority_report,GOOGL,bounce,Large,GapFade_weakstock,NO-GO,0,0/6,0.037061586148595775,0.0022978375145582745,1.1130113787445082,0.0437052266429806,-0.07996543281002447,0.8101646518150584,,,,,,,,,,,,
2026-07-24,evening,priority_report,NVDA,breakout,Large,D2_continuation,NO-GO,2,2/6 [AVOID],0.03559573709550694,-0.011472504311170636,,,,,-0.0040554892648175175,0.011680810758166418,,,,,,,,,,
2026-07-24,evening,priority_report,CRWD,bounce,Large,GapFade_weakstock,NO-GO,2,2/6,0.0635501531363732,0.008614109693599457,2.4927156895463183,0.030775512180519996,-0.041014909756735565,0.7237553443991183,,,,,,,,,,,,
2026-07-24,evening,priority_report,EWY,bounce,ETF,GapFade_strongstock,NO-GO,0,0/6,0.057114088693999615,-0.03140457839641095,1.1111250935046773,0.05303973759862398,-0.052226720647773284,0.6186369533694595,,,,,,,,,,,,
2026-07-24,evening,priority_report,BOT,bounce,Small,GapFade_weakstock,NO-GO,0,0/6,0.14107575932555722,0.014780241151302956,0.3323690464025683,0.011699007684538723,-0.13162513162513162,0.7105294394531652,,,,,,,,,,,,
2026-07-24,evening,priority_report,GLW,bounce,Large,GapFade_strongstock,NO-GO,2,2/6,0.08567735995347935,-0.008266051518646624,1.0962727030623527,0.0054521185839185625,-0.09242041746197889,0.6920665732297595,,,,,,,,,,,,
2026-07-24,evening,priority_report,AVGO,bounce,Large,GapFade_strongstock,NO-GO,0,0/6,0.04200022517873561,-0.012204754503528984,0.6315784829611524,0.012065298451969596,-0.015135834411384276,0.6749070919305146,,,,,,,,,,,,
2026-07-24,evening,priority_report,PLTR,bounce,Large,GapFade_weakstock,NO-GO,0,0/6,0.05430647807183581,0.014549728459106766,0.6617113503572098,0.01826477175954465,-0.06128448665762095,0.8384118970415829,,,,,,,,,,,,
2026-07-24,evening,priority_report,ORCL,bounce,Large,GapFade_weakstock,NO-GO,2,2/6,0.05629420206306959,0.020243252249250186,0.8842602457499116,0.030035287668888192,-0.08327430145611962,0.8022468139994473,,,,,,,,,,,,
2026-07-24,evening,priority_report,LITE,bounce,Medium,GapFade_strongstock,NO-GO,1,1/6,0.0852830995056607,-0.027757785135070278,0.8826577641298874,0.01694828104201193,-0.08807727207603036,1.1205360280800012,,,,,,,,,,,,
2026-07-24,evening,priority_report,MSFT,bounce,Large,GapFade_weakstock,NO-GO,1,1/6,0.029108006238627512,0.014335132868599056,0.9939397410819883,0.02747874104227984,-0.03280955373978633,1.2850681157543618,,,,,,,,,,,,
2026-07-24,evening,priority_report,HYLN,bounce,Small,GapFade_strongstock,NO-GO,3,3/6,0.09603132161955691,-0.012135922330097044,1.9058252517511114,0.03725979739235192,-0.036082474226804044,1.4706654468795992,,,,,,,,,,,,
2026-07-24,evening,priority_report,MU,bounce,Large,GapFade_strongstock,NO-GO,0,0/6,0.07823453104022982,-0.031488270164914574,1.2408405363989718,0.06393552310532578,-0.0579252590593519,0.6620348121818878,,,,,,,,,,,,
2026-07-24,evening,priority_report,IONQ,bounce,Medium,GapFade_weakstock,NO-GO,0,0/6,0.07876157307259668,0.0008805400645729714,0.605533587866851,0.021957372877859895,-0.07012109264995761,0.7508342511240076,,,,,,,,,,,,
2026-07-24,evening,priority_report,WDC,bounce,Large,GapFade_strongstock,NO-GO,2,2/6,0.09389759661267003,-0.03546480386888762,0.6498109327551583,0.022089845416388667,-0.062373493316800165,0.4633317961925955,,,,,,,,,,,,
2026-07-24,evening,priority_report,STX,breakout,Large,D2_continuation,NO-GO,2,2/6 [AVOID],0.0844330078913624,-0.07419856354558989,,,,,-0.025054267304858935,0.025610832955209006,,,,,,,,,,
2026-07-24,evening,priority_report,KEEL,bounce,Medium,GapFade_strongstock,NO-GO,2,2/6,0.09939910610826021,0.0,0.6310321909091742,0.019593801818607873,-0.07204301075268815,0.8036704581411218,,,,,,,,,,,,
2026-07-24,evening,priority_report,IREN,bounce,Medium,GapFade_weakstock,NO-GO,0,0/6,0.102187014365311,-0.01392311483489398,1.1619849347097924,0.026487190305824998,-0.08718818115766533,0.7994436201780417,,,,,,,,,,,,
2026-07-24,evening,priority_report,MP,bounce,Medium,GapFade_weakstock,NO-GO,0,0/6,0.06763479040264755,-0.004703247480403155,0.3972460048838229,0.009994400297911783,-0.10496760259179265,0.6365095950457449,,,,,,,,,,,,
2026-07-24,evening,priority_report,BE,bounce,Medium,GapFade_strongstock,NO-GO,3,3/6,0.14035699065477464,-0.01431201104463881,0.8937108072501688,0.030760309789470853,-0.17033501281711302,0.6041943300257484,,,,,,,,,,,,
2026-07-24,evening,priority_report,OKLO,bounce,Medium,GapFade_weakstock,NO-GO,1,1/6,0.07692580124833438,-0.009318181818181741,0.689125290545588,0.005124761750381656,-0.07681849082256968,0.7498507136117282,,,,,,,,,,,,
2026-07-24,evening,priority_report,SMR,bounce,Medium,GapFade_weakstock,NO-GO,1,1/6,0.07711833231146532,-0.013620885357548353,1.7110896266636761,0.011572857184026177,-0.06371986222732508,0.8904436317379564,,,,,,,,,,,,
2026-07-24,evening,priority_report,RKLB,bounce,Medium,GapFade_weakstock,NO-GO,0,0/6,0.0921811949058607,-0.009858551221603054,0.9070859737581227,0.030252531031710127,-0.07422598379629636,0.6713424912328301,,,,,,,,,,,,
2026-07-24,evening,priority_report,DGXX,bounce,Small,GapFade_strongstock,NO-GO,2,2/6,0.09291031549096065,-0.002309468822170851,0.6333935940429328,0.005935441765872072,-0.0472813238770686,0.880541777947348,,,,,,,,,,,,
2026-07-24,evening,priority_report,APP,bounce,Large,GapFade_weakstock,NO-GO,0,0/6,0.06840264952085837,-0.004412575841147247,1.3481192783986786,0.007855984761114666,-0.08159742471249626,0.682861078112082,,,,,,,,,,,,
2026-07-24,evening,priority_report,OPEN,bounce,Medium,GapFade_weakstock,NO-GO,1,1/6,0.09629595756356324,0.022106631989596868,0.7341970747907448,0.008279290290193315,-0.1283482142857144,1.2897711083673655,,,,,,,,,,,,
2026-07-24,evening,priority_report,CRML,bounce,Small,GapFade_weakstock,NO-GO,0,0/6,0.10573388875275672,0.002454991816693892,0.699583359492241,0.009217523844291933,-0.0818897637795275,0.7462340672074171,,,,,,,,,,,,
2026-07-24,evening,priority_report,SNDK,bounce,Large,GapFade_strongstock,NO-GO,2,2/6,0.128612742577882,-0.03674091645811726,0.990088811952011,0.05556094040862376,-0.10138417012709204,0.7499492260763049,,,,,,,,,,,,
2026-07-24,evening,priority_report,PL,bounce,Medium,GapFade_weakstock,NO-GO,0,0/6,0.08989606584821427,-0.004919499105545592,0.47635444596854415,0.010274592062036519,-0.11341991341991346,0.7631425800193993,,,,,,,,,,,,
2026-07-24,evening,priority_report,RGTI,bounce,Medium,GapFade_weakstock,NO-GO,1,1/6,0.07276820066956477,0.0,0.7572426564288421,0.010620527803217013,-0.06446335078534028,0.8988470861286408,,,,,,,,,,,,
2026-07-24,evening,priority_report,CRWV,bounce,Medium,GapFade_weakstock,NO-GO,0,0/6,0.0816305130250384,-0.019728729963008562,0.8804919954219963,0.016798811040823654,-0.07728072379994963,0.7740908365090602,,,,,,,,,,,,
2026-07-24,evening,priority_report,NBIS,bounce,Medium,GapFade_strongstock,NO-GO,2,2/6,0.11102121376260474,-0.013440738561795713,1.0537097880860224,0.029078199419429338,-0.11243776507468185,0.7522837184309515,,,,,,,,,,,,
2026-07-24,evening,priority_report,CRDO,bounce,Medium,GapFade_strongstock,NO-GO,1,1/6,0.10298400973262177,-0.02190274841437635,0.6282809481843871,0.016364688311861574,-0.05060972886049945,0.8173345677437075,,,,,,,,,,,,
2026-07-24,evening,priority_report,POET,bounce,Small,GapFade_weakstock,NO-GO,0,0/6,0.09711180124223598,-0.009210526315789395,0.8394880741606836,0.022970361261975304,-0.17562724014336906,0.6193369576804182,,,,,,,,,,,,
2026-07-24,evening,priority_report,U,bounce,Medium,GapFade_weakstock,NO-GO,0,0/6,0.055518750154500265,0.017968210089841036,0.5537905253712844,0.003504083129878829,-0.03264144626715773,0.8477670421657264,,,,,,,,,,,,
2026-07-24,evening,priority_report,TSLA,bounce,Large,GapFade_weakstock,NO-GO,2,2/6,0.057273657466220124,0.0032218711877131895,0.3114525197901775,0.021601478036414077,-0.183886205895548,1.4891136416521114,,,,,,,,,,,,
2026-07-24,evening,priority_report,FIG,bounce,Medium,GapFade_weakstock,NO-GO,1,1/6,0.0908349273465553,0.019999999999999928,1.0253941226678607,0.03404428532043727,-0.029411764705882335,0.9723694856268873,,,,,,,,,,,,
2026-07-24,evening,priority_report,IBIT,bounce,ETF,GapFade_weakstock,NO-GO,1,1/6,0.027200408556107687,-0.006002728512960406,0.4412713741057986,0.04697899102343712,-0.03464295195115476,0.3638503755054846,,,,,,,,,,,,
2026-07-24,evening,priority_report,ETHE,bounce,Medium,GapFade_weakstock,NO-GO,0,0/6,0.034171105193075896,-0.004629629629629531,0.2611929299060946,0.00994676517737875,-0.03283966516419831,0.6332196785192422,,,,,,,,,,,,
2026-07-24,evening,priority_report,TEAM,bounce,Medium,GapFade_weakstock,NO-GO,1,1/6,0.07736167118397565,0.015970056144728646,0.718061933833187,0.01958696651349883,-0.04591611479028694,1.1514633625293749,,,,,,,,,,,,
2026-07-24,evening,priority_report,MSTR,bounce,Medium,GapFade_weakstock,NO-GO,1,1/6,0.06424446701757629,-0.002776887749652792,1.0391806960633487,0.030453605566591803,-0.08955370279548808,0.8669883235670378,,,,,,,,,,,,
2026-07-24,evening,priority_report,KWEB,bounce,ETF,GapFade_weakstock,NO-GO,1,1/6,0.02433432916892992,-0.002283974114959982,1.1819935139731463,0.005138589145083486,-0.026646928201332305,0.7109454346588665,,,,,,,,,,,,
2026-07-24,evening,priority_report,AXTI,bounce,Medium,GapFade_strongstock,NO-GO,3,3/6,0.16229791831517437,-0.03646325335348573,0.8478331314618139,0.02278547856912319,-0.1693505574234649,0.8264349678451316,,,,,,,,,,,,
2026-07-24,evening,priority_report,CBRS,bounce,Medium,GapFade_strongstock,NO-GO,2,2/6,0.11149643001676593,-0.030818181818181824,1.3796443370893239,0.012430353805586944,-0.05221268638826287,1.5884266902076223,,,,,,,,,,,,
2026-07-24,evening,priority_report,SOXL,bounce,ETF,GapFade_strongstock,NO-GO,2,2/6,0.18405707760408332,-0.03841269841269848,0.5413261937314416,0.032867852772754176,-0.1383184054497288,0.48810817367580345,,,,,,,,,,,,
2026-07-24,evening,priority_report,MRVL,bounce,Large,GapFade_strongstock,NO-GO,2,2/6,0.08489177935052894,-0.030622969615899085,0.686968640677212,0.026174846477378794,-0.0662627428351606,0.5787329924603515,,,,,,,,,,,,
2026-07-24,evening,priority_report,META,bounce,Large,GapFade_weakstock,NO-GO,0,0/6,0.045440107142857136,-0.00131991420557675,0.7137555483589582,0.018810160869675904,-0.06804802659169623,0.6393030700537504,,,,,,,,,,,,
2026-07-24,evening,priority_report,INTC,bounce,Large,GapFade_strongstock,NO-GO,2,2/6,0.07973476358202582,0.0012970168612191505,0.7272475956055792,0.1140625644342543,-0.11152204836415368,0.6619502432951613,,,,,,,,,,,,
2026-07-24,evening,priority_report,BRUN,bounce,Small,GapFade_weakstock,NO-GO,0,0/6,0.11647198282766795,0.0,0.5423758270838668,0.0010500098022793235,-0.12671367019193103,0.7911449508175081,,,,,,,,,,,,
2026-07-24,evening,priority_report,MXL,bounce,Medium,GapFade_strongstock,GO,5,5/6,0.14328786281822603,-0.09031126698816304,2.333667990903828,0.2819663537905997,-0.1810364861724378,0.8441489549810792,,,,,,,,,,,,
2026-07-24,evening,priority_report,SIMO,bounce,Medium,GapFade_strongstock,NO-GO,1,1/6,0.09562022416019304,-0.04064618790646188,0.7910744580242058,0.013337638299321265,-0.02951432577201005,0.7104772145618489,,,,,,,,,,,,
2026-07-24,evening,priority_report,STM,bounce,Medium,GapFade_strongstock,CAUTION,4,4/6,0.08553507374835538,0.01738642736960179,0.8958429546980071,0.08731779912171826,-0.21175301849304604,0.8772583167909648,,,,,,,,,,,,
2026-07-24,evening,priority_report,ON,bounce,Medium,GapFade_strongstock,NO-GO,2,2/6,0.06376805732116027,-0.01819593919893488,0.6652811229854555,0.007040762287437435,-0.04974741928398859,0.6025897768152458,,,,,,,,,,,,
2026-07-24,evening,priority_report,NVTS,bounce,Medium,GapFade_weakstock,NO-GO,1,1/6,0.10944470251178821,0.004156275976724914,0.39568939954481785,0.009436834060710025,-0.14153606237816757,0.8630961202169602,,,,,,,,,,,,
2026-07-24,evening,priority_report,NOK,bounce,Medium,GapFade_strongstock,CAUTION,4,4/6,0.0763155837047463,-0.015416238437821207,1.7278523515029862,0.15358425480907834,-0.14063969896519293,0.9682377049180334,,,,,,,,,,,,
2026-07-24,evening,priority_report,DXYZ,bounce,Small,GapFade_weakstock,NO-GO,0,0/6,0.07801994080074774,-0.020323517212774717,0.349836548376322,0.012361679993709691,-0.10693416439423455,0.8162776302390116,,,,,,,,,,,,
2026-07-24,evening,priority_report,QCOM,bounce,Large,GapFade_weakstock,NO-GO,0,0/6,0.047463340348715854,-0.008298755186722084,0.6295959729994728,0.012997874141960894,-0.03757925072046115,0.7115703522116872,,,,,,,,,,,,
2026-07-24,evening,priority_report,WOLF,bounce,Small,GapFade_weakstock,NO-GO,1,1/6,0.14799761695723068,-0.013482280431433027,0.11586911513679611,0.0015260628408326068,-0.2820674440592499,0.9698979224312171,,,,,,,,,,,,
2026-07-24,evening,priority_report,RVI,bounce,Small,GapFade_weakstock,NO-GO,0,0/6,0.08264107778342654,0.00577145055790697,0.4161072313406222,0.00995774989309546,-0.07192660550458718,0.7177058021387632,,,,,,,,,,,,
2026-07-24,evening,priority_report,AAOI,bounce,Medium,GapFade_strongstock,NO-GO,3,3/6,0.12468961657267554,-0.027182645956079287,1.0638698464644039,0.021021087323289757,-0.15462015763877252,0.9187582281278811,,,,,,,,,,,,
2026-07-24,evening,priority_report,LWLG,bounce,Small,GapFade_weakstock,NO-GO,0,0/6,0.09180129240710824,-0.005988023952095814,1.299089430751177,0.008208601315536863,-0.10029069767441853,0.6951165860096781,,,,,,,,,,,,
2026-07-24,evening,priority_report,FCEL,breakout,Small,D2_continuation,CAUTION,1,1/6 [REDUCED_SIZE],0.14706379240437897,-0.09270386266094421,,,,,-0.02240446942700625,0.0861182225994732,,,,,,,,,,
2026-07-24,evening,priority_report,ARM,bounce,Large,GapFade_strongstock,NO-GO,2,2/6,0.08634507712816608,-0.0009539287733183954,0.3397048855988236,0.014150217250895025,-0.09381147965347049,0.40714780391620675,,,,,,,,,,,,
2026-07-24,evening,priority_report,ALAB,bounce,Medium,GapFade_strongstock,NO-GO,2,2/6,0.1201479493298353,-0.02954399486191401,0.5403116358922523,0.012103444985839507,-0.07711310547546835,0.6655524437800564,,,,,,,,,,,,
2026-07-24,evening,priority_report,UMC,bounce,Medium,GapFade_strongstock,NO-GO,3,3/6,0.07637884034480218,-0.049353138476281797,0.6949771048215923,0.021415259893614494,-0.08494572911750829,0.4524013928946949,,,,,,,,,,,,
2026-07-24,evening,priority_report,AMAT,bounce,Large,GapFade_strongstock,NO-GO,0,0/6,0.07583239248280446,-0.01170931058990746,0.621952708648625,0.023114447594140136,-0.051935169604109356,0.7169647156215951,,,,,,,,,,,,
2026-07-24,evening,priority_report,INOD,bounce,Small,GapFade_weakstock,NO-GO,0,0/6,0.07167381205683146,0.007998666888851924,0.3224999360156933,0.005167220132627844,-0.10922677982083921,0.6572365124667552,,,,,,,,,,,,
2026-07-24,evening,priority_report,BABA,bounce,Large,GapFade_weakstock,NO-GO,0,0/6,0.037451531632154436,-0.011134490618972436,0.5139566240639731,0.016755231979642706,-0.045901500381452846,0.7852240955689237,,,,,,,,,,,,
2026-07-24,evening,priority_report,SKHY,bounce,Large,GapFade_strongstock,NO-GO,0,0/6,,-0.03300884955752212,0.7311554158226325,0.029892381726848757,-0.10218680935209953,,,,,,,,,,,,,
2026-07-24,evening,priority_report,DRAM,bounce,ETF,GapFade_strongstock,NO-GO,2,2/6,0.08861842105263155,-0.043567753001715254,1.0542263788323605,0.1261675950889184,-0.09600679694137636,0.46664545550959724,,,,,,,,,,,,
2026-07-24,evening,priority_report,PENG,bounce,Medium,GapFade_strongstock,NO-GO,2,2/6,0.16316111967675048,-0.02174285225132676,1.219502968852704,0.2529416259132762,-0.07504302925989671,0.41455115395675507,,,,,,,,,,,,
2026-07-24,evening,priority_report,SPCX,bounce,Large,GapFade_strongstock,NO-GO,2,2/6,0.07400282202433213,-0.018902232746955343,5.409318329863827,0.1446373566483126,-0.07803140683179537,0.9135213876711902,,,,,,,,,,,,
2026-07-27,morning,priority_report,AMD,breakout,Large,D2_continuation,CAUTION,3,3/6 [REDUCED_SIZE],0.0674156879718115,0.030769230769230663,,,,,0.015280272736944326,0.060020358684142947,,,,,,,,,,
2026-07-27,morning,priority_report,HQ,bounce,Small,GapFade_strongstock,NO-GO,3,3/6,0.256081163300073,0.003418803418803498,0.4665711876127415,0,-0.1980874316939891,0.8082775989260979,,,,,,,,,,,,
2026-07-27,morning,priority_report,AAPL,breakout,Large,D2_continuation,CAUTION,2,2/6 [REDUCED_SIZE],0.02352657159986296,0.001741637138910699,,,,,0.025606687391470664,0.09361744092865712,,,,,,,,,,
2026-07-27,morning,priority_report,SPCE,bounce,Small,GapFade_weakstock,NO-GO,0,0/6,0.07164769493454752,0.008032128514056052,0.5006143450508934,0,-0.05992509363295886,0.7228819954720573,,,,,,,,,,,,
2026-07-27,morning,priority_report,RXT,bounce,Small,GapFade_strongstock,NO-GO,2,2/6,0.18798815506101935,0.0101522842639594,0.45122198402968405,0,-0.03864734299516901,0.3206392545848569,,,,,,,,,,,,
2026-07-27,morning,priority_report,FJET,bounce,Micro,GapFade_weakstock,NO-GO,2,2/6,0.11229795918367351,0.020408163265306076,0.3754387522698834,0,-0.05913978494623661,0.839603096717915,,,,,,,,,,,,
2026-07-27,morning,priority_report,GOOGL,bounce,Large,GapFade_strongstock,NO-GO,0,0/6,0.0355901604776109,0.017045099143053695,1.9649441266731709,0,-0.049402204098336636,0.5927301072209522,,,,,,,,,,,,
2026-07-27,morning,priority_report,NVDA,breakout,Large,D2_continuation,NO-GO,3,3/6 [AVOID],0.03633242940477331,0.011119706052987734,,,,,0.009693057419737049,0.0019867638313373847,,,,,,,,,,
2026-07-27,morning,priority_report,CRWD,bounce,Large,GapFade_weakstock,NO-GO,2,2/6,0.05592802304070928,0.018392623308598918,1.8062980097194818,0,-0.009388599936312372,0.3836566509039226,,,,,,,,,,,,
2026-07-27,morning,priority_report,EWY,bounce,ETF,GapFade_strongstock,NO-GO,0,0/6,0.0550823034803099,0.034241531664211976,1.5937229451208195,0,-0.011089596901953968,0.6441486496883884,,,,,,,,,,,,
2026-07-27,morning,priority_report,BOT,bounce,Small,GapFade_strongstock,NO-GO,2,2/6,0.11797348484848484,0.029239766081871347,0.4961058660284845,0,-0.03649635036496351,0.7994862738802372,,,,,,,,,,,,
2026-07-27,morning,priority_report,GLW,bounce,Large,GapFade_strongstock,NO-GO,2,2/6,0.08289164069033679,0.02502557108762351,0.9819728429189468,0,-0.024276256004154284,0.9205256936617984,,,,,,,,,,,,
2026-07-27,morning,priority_report,AVGO,bounce,Large,GapFade_strongstock,NO-GO,0,0/6,0.03920603693700269,0.02482195224130698,0.6088466660924539,0,-0.013633728988684824,0.6855544808209515,,,,,,,,,,,,
2026-07-27,morning,priority_report,PLTR,bounce,Large,GapFade_weakstock,NO-GO,0,0/6,0.05174736229892106,0.016717377155873767,0.5105108794024736,0,0.003250381311712387,0.5087271108695973,,,,,,,,,,,,
2026-07-27,morning,priority_report,ORCL,bounce,Large,GapFade_weakstock,NO-GO,3,3/6,0.05731340034108641,0.027132794156013607,1.2913317509209656,0,-0.06142720915448191,1.230558193521156,,,,,,,,,,,,
2026-07-27,morning,priority_report,LITE,bounce,Medium,GapFade_strongstock,NO-GO,1,1/6,0.08710040842258124,0.031468302336858926,1.0360418715686626,0,-0.05146438471736778,1.11133623425413,,,,,,,,,,,,
2026-07-27,morning,priority_report,MSFT,bounce,Large,GapFade_weakstock,NO-GO,0,0/6,0.02885499927806924,0.010924810060256787,1.0720470430377325,0,-0.011451555054567738,0.7526307112077945,,,,,,,,,,,,
2026-07-27,morning,priority_report,HYLN,bounce,Small,GapFade_strongstock,NO-GO,3,3/6,0.09683754240482473,0.018817204301075224,2.5360387828989377,0,-0.03562340966921122,1.1443696236035963,,,,,,,,,,,,
2026-07-27,morning,priority_report,MU,bounce,Large,GapFade_strongstock,NO-GO,0,0/6,0.07842072860341252,0.033031109180737234,1.5777344937042945,0,-0.008452495101513333,0.8462998269602348,,,,,,,,,,,,
2026-07-27,morning,priority_report,IONQ,bounce,Medium,GapFade_weakstock,NO-GO,0,0/6,0.07450372416101764,0.03958587088915947,0.7146952917992266,0,-0.015570934256055338,0.6840420333728352,,,,,,,,,,,,
2026-07-27,morning,priority_report,WDC,bounce,Large,GapFade_strongstock,NO-GO,1,1/6,0.08765480158730161,0.0388611004232398,0.6811312996351249,0,-0.029945928467494134,0.8966148022629047,,,,,,,,,,,,
2026-07-27,morning,priority_report,STX,bounce,Large,GapFade_strongstock,NO-GO,0,0/6,0.08204608258268983,0.03309889748617448,1.0767770030386197,0,-0.031075872701244386,0.9765799891735176,,,,,,,,,,,,
2026-07-27,morning,priority_report,KEEL,bounce,Medium,GapFade_strongstock,NO-GO,3,3/6,0.09778619800064496,0.03990610328638496,0.7310201068053167,0,-0.05543710021321976,1.3158111695549661,,,,,,,,,,,,
2026-07-27,morning,priority_report,IREN,bounce,Medium,GapFade_weakstock,NO-GO,0,0/6,0.09491161569468583,0.04208254653358517,1.1646719888945083,0,-0.06419573643410849,0.8755096911948334,,,,,,,,,,,,
2026-07-27,morning,priority_report,MP,bounce,Medium,GapFade_weakstock,NO-GO,1,1/6,0.06909586866195992,0.02397094430992741,0.4503464868456258,0,-0.07421190893169878,1.2251270505929037,,,,,,,,,,,,
2026-07-27,morning,priority_report,BE,bounce,Medium,GapFade_strongstock,NO-GO,3,3/6,0.13528185149554606,0.05213910974092712,0.9026226948255273,0,-0.10856016863715516,1.1768298558230845,,,,,,,,,,,,
2026-07-27,morning,priority_report,OKLO,bounce,Medium,GapFade_weakstock,NO-GO,2,2/6,0.0772726333907057,0.031055900621118012,0.5474245439536083,0,-0.06741573033707865,1.0789524093782437,,,,,,,,,,,,
2026-07-27,morning,priority_report,SMR,bounce,Medium,GapFade_weakstock,NO-GO,2,2/6,0.07732810615199033,0.024721878862793485,1.2765819426116076,0,-0.044930875576036935,1.146556430855627,,,,,,,,,,,,
2026-07-27,morning,priority_report,RKLB,bounce,Medium,GapFade_weakstock,NO-GO,1,1/6,0.08659455058619193,0.029572836801752475,0.6108817876618245,0,-0.056630824372759896,1.1495420009050914,,,,,,,,,,,,
2026-07-27,morning,priority_report,DGXX,bounce,Small,GapFade_strongstock,NO-GO,2,2/6,0.0896775312066574,0.03517587939698496,0.6491607053867577,0,-0.03962703962703961,0.9743649228627768,,,,,,,,,,,,
2026-07-27,morning,priority_report,APP,bounce,Large,GapFade_weakstock,NO-GO,0,0/6,0.0642704797708557,0.017909076993724123,0.9250989281979214,0,-0.032680372381691275,0.5432086523428397,,,,,,,,,,,,
2026-07-27,morning,priority_report,OPEN,bounce,Medium,GapFade_weakstock,NO-GO,0,0/6,0.09134667879890812,0.023468057366362413,0.6670389387048805,0,-0.10388127853881281,0.6554437692997306,,,,,,,,,,,,
2026-07-27,morning,priority_report,CRML,bounce,Small,GapFade_weakstock,NO-GO,0,0/6,0.09688826025459692,0.04302925989672978,0.5496276844904981,0,-0.0705521472392638,0.6046228710462292,,,,,,,,,,,,
2026-07-27,morning,priority_report,SNDK,bounce,Large,GapFade_strongstock,NO-GO,2,2/6,0.12576305658009815,0.04611015202984909,1.1972116963027468,0,-0.060321271580158466,0.8549883764045636,,,,,,,,,,,,
2026-07-27,morning,priority_report,PL,bounce,Medium,GapFade_weakstock,NO-GO,1,1/6,0.08786632215951587,0.026380068392770042,0.4994213945634588,0,-0.07035398230088495,1.077964790094797,,,,,,,,,,,,
2026-07-27,morning,priority_report,RGTI,bounce,Medium,GapFade_weakstock,NO-GO,1,1/6,0.07008040254908747,0.03530035335689041,0.43082988943432166,0,-0.03811556139198954,0.7401795032352328,,,,,,,,,,,,
2026-07-27,morning,priority_report,CRWV,bounce,Medium,GapFade_weakstock,NO-GO,1,1/6,0.08365130321791636,0.04006677796327226,0.681975977134703,0,-0.09535333978702802,1.2631257938067082,,,,,,,,,,,,
2026-07-27,morning,priority_report,NBIS,bounce,Medium,GapFade_strongstock,NO-GO,3,3/6,0.11337914579374679,0.05703786547371773,0.9518619271577053,0,-0.09020902090209024,1.4277250293525865,,,,,,,,,,,,
2026-07-27,morning,priority_report,CRDO,bounce,Medium,GapFade_strongstock,NO-GO,1,1/6,0.09377329261697998,0.05348346235045745,0.7010625376520012,0,-0.016296490997502952,1.0338706443899501,,,,,,,,,,,,
2026-07-27,morning,priority_report,POET,bounce,Small,GapFade_weakstock,NO-GO,1,1/6,0.09607940941739822,0.03918722786647322,0.5934960141611881,0,-0.06405228758169937,1.0030111099574288,,,,,,,,,,,,
2026-07-27,morning,priority_report,U,bounce,Medium,GapFade_weakstock,NO-GO,0,0/6,0.05503308012741974,0.018518518518518434,0.6344621380111185,0,-0.004099760847283943,0.8664677857429098,,,,,,,,,,,,
2026-07-27,morning,priority_report,TSLA,bounce,Large,GapFade_weakstock,NO-GO,1,1/6,0.05289454249057692,0.01341724435357648,1.17526339697421,0,-0.15181412261704225,0.9803491711728807,,,,,,,,,,,,
2026-07-27,morning,priority_report,FIG,bounce,Medium,GapFade_weakstock,NO-GO,1,1/6,0.08890409590409595,0.015624999999999918,1.247038392345265,0,-0.0009315323707498638,0.49030073526382134,,,,,,,,,,,,
2026-07-27,morning,priority_report,IBIT,bounce,ETF,GapFade_weakstock,NO-GO,1,1/6,0.024979680303440777,0.015405777166437281,0.6855158218024638,0,-0.011515800749866276,0.4446854663774448,,,,,,,,,,,,
2026-07-27,morning,priority_report,ETHE,bounce,Medium,GapFade_weakstock,NO-GO,0,0/6,0.0297260397830018,0.05193075898801606,0.4029484981066188,0,0.01673101673101683,0.3619551662256288,,,,,,,,,,,,
2026-07-27,morning,priority_report,TEAM,bounce,Medium,GapFade_weakstock,NO-GO,0,0/6,0.07691251534535115,0.017955801104972403,0.9716535076714,0,0.03559718969555026,0.8320907277118552,,,,,,,,,,,,
2026-07-27,morning,priority_report,MSTR,bounce,Medium,GapFade_weakstock,NO-GO,1,1/6,0.05836254438316841,0.03141703938038612,1.3668134539004055,0,-0.05459454054594548,0.7103793306538779,,,,,,,,,,,,
2026-07-27,morning,priority_report,KWEB,bounce,ETF,GapFade_weakstock,NO-GO,1,1/6,0.022858886034688147,0.0162190947128186,0.7776602873990774,0,0.010453857791225372,0.45848489456016667,,,,,,,,,,,,
2026-07-27,morning,priority_report,AXTI,bounce,Medium,GapFade_strongstock,NO-GO,2,2/6,0.14754021486643437,0.04171077704848626,0.8457643849107044,0,-0.07134767836919581,0.7769688179269615,,,,,,,,,,,,
2026-07-27,morning,priority_report,CBRS,bounce,Medium,GapFade_strongstock,NO-GO,1,1/6,0.11271167603384849,0.019937725994375245,1.058606754650753,0,-0.03198284080076267,0.9661164931603273,,,,,,,,,,,,
2026-07-27,morning,priority_report,SOXL,bounce,ETF,GapFade_strongstock,NO-GO,2,2/6,0.16747802796664843,0.08373949272713985,0.6675043102013446,0,-0.07903348034039384,0.8839627073019113,,,,,,,,,,,,
2026-07-27,morning,priority_report,MRVL,bounce,Large,GapFade_strongstock,NO-GO,2,2/6,0.08275187895359463,0.03830510219842454,0.6658248694930362,0,-0.044172709607090486,0.8853364149974323,,,,,,,,,,,,
2026-07-27,morning,priority_report,META,bounce,Large,GapFade_weakstock,NO-GO,0,0/6,0.04435530617477369,0.015717669987734845,1.004484520120556,0,-0.0360747484733007,0.5791582413642363,,,,,,,,,,,,
2026-07-27,morning,priority_report,INTC,bounce,Large,GapFade_strongstock,NO-GO,3,3/6,0.08119409168286104,0.02718804159445413,1.3027785529793108,0,-0.07591112843500299,1.3195429468370024,,,,,,,,,,,,
2026-07-27,morning,priority_report,BRUN,bounce,Small,GapFade_weakstock,NO-GO,0,0/6,0.1196753844131949,,0.9073187776764905,0,-0.10239471511147814,0.8917099526690901,,,,,,,,,,,,
2026-07-27,morning,priority_report,MXL,bounce,Medium,GapFade_strongstock,CAUTION,4,4/6,0.14686064171328606,0.037994133258835015,3.269850412834077,0,-0.14389400921658982,1.7465065287822756,,,,,,,,,,,,
2026-07-27,morning,priority_report,SIMO,bounce,Medium,GapFade_strongstock,NO-GO,0,0/6,0.08887347670250893,0.029900332225913706,1.503899736076758,0,-0.009514342516330612,0.7485168799428936,,,,,,,,,,,,
2026-07-27,morning,priority_report,STM,bounce,Medium,GapFade_strongstock,NO-GO,3,3/6,0.0796064997112406,0.05587892898719446,3.807800622170541,0,-0.17257108103998775,0.8286810023313875,,,,,,,,,,,,
2026-07-27,morning,priority_report,ON,bounce,Medium,GapFade_strongstock,NO-GO,2,2/6,0.059370162647223744,0.026955419882502055,0.8973353686043525,0,-0.03444167659482284,0.7179496868416825,,,,,,,,,,,,
2026-07-27,morning,priority_report,NVTS,bounce,Medium,GapFade_weakstock,NO-GO,2,2/6,0.10270614422074276,0.04380952380952387,0.3902274351426397,0,-0.10036306235201257,1.0079562649485037,,,,,,,,,,,,
2026-07-27,morning,priority_report,NOK,bounce,Medium,GapFade_strongstock,NO-GO,3,3/6,0.07547387887193716,0.018681318681318674,3.3625751494963425,0,-0.09824902723735407,0.9790709545686553,,,,,,,,,,,,
2026-07-27,morning,priority_report,DXYZ,bounce,Small,GapFade_weakstock,NO-GO,0,0/6,0.07639718430034127,0.006008583690987149,0.8465925970884793,0,-0.07315144325820475,0.8404299874354318,,,,,,,,,,,,
2026-07-27,morning,priority_report,QCOM,bounce,Large,GapFade_strongstock,NO-GO,1,1/6,0.04336478249979128,0.02473498233215545,0.8770417929702843,0,-0.02579285998975119,0.7183565019831314,,,,,,,,,,,,
2026-07-27,morning,priority_report,WOLF,bounce,Small,GapFade_weakstock,NO-GO,0,0/6,0.1384241108111281,0.05413598960588999,0.31507995037471687,0,-0.1684318414759139,0.9275080878705261,,,,,,,,,,,,
2026-07-27,morning,priority_report,RVI,bounce,Small,GapFade_weakstock,NO-GO,0,0/6,0.07642255062944718,0.0243328100470958,0.3514247148140259,0,-0.052287581699346324,0.5514811207242315,,,,,,,,,,,,
2026-07-27,morning,priority_report,AAOI,bounce,Medium,GapFade_strongstock,NO-GO,2,2/6,0.12034903846153845,0.03844233649525706,0.8288906465216971,0,-0.058993847267462866,0.8173341962081438,,,,,,,,,,,,
2026-07-27,morning,priority_report,LWLG,bounce,Small,GapFade_weakstock,NO-GO,1,1/6,0.0956494033136369,0.019008264462809954,0.6021438737565092,0,-0.08936484490398812,1.0175034825267997,,,,,,,,,,,,
2026-07-27,morning,priority_report,FCEL,bounce,Small,GapFade_strongstock,NO-GO,1,1/6,0.13459188267833025,0.04468485418626525,7.707732954909034,0,-0.011570983533600268,0.8179211469534038,,,,,,,,,,,,
2026-07-27,morning,priority_report,ARM,bounce,Large,GapFade_strongstock,NO-GO,3,3/6,0.08652324863149376,0.03180646898196216,0.47071109382536924,0,-0.053352152434721266,1.316530163606732,,,,,,,,,,,,
2026-07-27,morning,priority_report,ALAB,bounce,Medium,GapFade_strongstock,NO-GO,2,2/6,0.11512341086887509,0.03398724192331445,0.4896004169220362,0,-0.08886504782483862,0.847341474868897,,,,,,,,,,,,
2026-07-27,morning,priority_report,UMC,bounce,Medium,GapFade_strongstock,NO-GO,1,1/6,0.07360788276907529,0.015913757700205273,0.8664554842076336,0,-0.07045561296383279,0.7619962929910068,,,,,,,,,,,,
2026-07-27,morning,priority_report,AMAT,bounce,Large,GapFade_strongstock,NO-GO,0,0/6,0.07222535850100965,0.039589743589743626,0.7155974769935077,0,0.006426920854997219,0.814368739895976,,,,,,,,,,,,
2026-07-27,morning,priority_report,INOD,bounce,Small,GapFade_weakstock,NO-GO,1,1/6,0.06734372290640397,0.0377527285739846,0.30732143385303773,0,-0.055528415567497096,1.244260041351347,,,,,,,,,,,,
2026-07-27,morning,priority_report,BABA,bounce,Large,GapFade_weakstock,NO-GO,0,0/6,0.037488064796503205,0.011325129302657357,0.6177387020535895,0,-0.027024708304735807,0.39193028378076245,,,,,,,,,,,,
2026-07-27,morning,priority_report,SKHY,bounce,Large,GapFade_strongstock,NO-GO,0,0/6,,0.057320954907161915,0.7227329891641704,0,-0.011132691958613179,,,,,,,,,,,,,
2026-07-27,morning,priority_report,DRAM,bounce,ETF,GapFade_strongstock,NO-GO,2,2/6,0.08467032967032964,0.050751879699248034,1.299502431352015,0,-0.03236974208066478,0.7373647435220265,,,,,,,,,,,,
2026-07-27,morning,priority_report,PENG,bounce,Medium,GapFade_strongstock,NO-GO,2,2/6,0.15310757839721253,0.03546889507892287,1.6545447570507685,0,-0.05810810810810819,0.6917895381515855,,,,,,,,,,,,
2026-07-27,morning,priority_report,SPCX,bounce,Large,GapFade_strongstock,NO-GO,2,2/6,0.06971048863990038,-0.002780915964195648,4.340852537676192,0,-0.004424778761061991,0.7000631306930352,,,,,,,,,,,,
2026-07-27,morning,watchlist_report,HQ,bounce,Small,GapFade_strongstock,NO-GO,3,3/6,0.256081163300073,0.003418803418803498,0.4665711876127415,0,-0.1980874316939891,0.8082775989260979,,,,,,,,,,,,
2026-07-27,morning,watchlist_report,BOT,bounce,Small,GapFade_strongstock,NO-GO,2,2/6,0.11797348484848484,0.029239766081871347,0.4961058660284845,0,-0.03649635036496351,0.7994862738802372,,,,,,,,,,,,
2026-07-27,morning,watchlist_report,NOK,bounce,Medium,GapFade_strongstock,NO-GO,3,3/6,0.07531139474088885,0.020879120879120826,3.3625751494963425,0,-0.09630350194552532,0.9790709545686553,,,,,,,,,,,,
2026-07-27,morning,watchlist_report,MXL,bounce,Medium,GapFade_strongstock,CAUTION,4,4/6,0.1467027058168341,0.03911160776644779,3.269850412834077,0,-0.1429723502304147,1.7465065287822756,,,,,,,,,,,,
2026-07-27,morning,watchlist_report,BE,bounce,Medium,GapFade_strongstock,NO-GO,3,3/6,0.13461751788545998,0.05733138622965019,0.9026226948255273,0,-0.10416093850242869,1.1768298558230845,,,,,,,,,,,,
2026-07-27,morning,watchlist_report,RXT,bounce,Small,GapFade_strongstock,NO-GO,2,2/6,0.18611762615493957,0.020304568527918686,0.45122198402968405,0,-0.02898550724637684,0.3206392545848569,,,,,,,,,,,,
2026-07-27,morning,watchlist_report,WOLF,bounce,Small,GapFade_weakstock,NO-GO,0,0/6,0.1384241108111281,0.05413598960588999,0.31507995037471687,0,-0.1684318414759139,0.9275080878705261,,,,,,,,,,,,
2026-07-27,morning,watchlist_report,STM,bounce,Medium,GapFade_strongstock,CAUTION,4,4/6,0.0797824256774533,0.05355064027939461,3.807800622170541,0,-0.17439562110384674,0.8286810023313875,,,,,,,,,,,,
2026-07-27,morning,watchlist_report,SPCX,bounce,Large,GapFade_strongstock,NO-GO,2,2/6,0.06923768125834016,0.00402885200312865,4.340852537676192,0,0.0023737636647579545,0.7000631306930352,,,,,,,,,,,,
2026-07-27,morning,watchlist_report,HYLN,bounce,Small,GapFade_strongstock,NO-GO,3,3/6,0.09683754240482473,0.018817204301075224,2.5360387828989377,0,-0.03562340966921122,1.1443696236035963,,,,,,,,,,,,
2026-07-27,morning,watchlist_report,AXTI,bounce,Medium,GapFade_strongstock,NO-GO,2,2/6,0.14694288606130712,0.04594537370315482,0.8457643849107044,0,-0.0675726689316723,0.7769688179269615,,,,,,,,,,,,
2026-07-27,morning,watchlist_report,SOXL,bounce,ETF,GapFade_strongstock,NO-GO,2,2/6,0.16677657522811662,0.08829763906147199,0.6675043102013446,0,-0.07515994782284628,0.8839627073019113,,,,,,,,,,,,
2026-07-27,morning,watchlist_report,ALAB,bounce,Medium,GapFade_strongstock,NO-GO,2,2/6,0.11512341086887509,0.03398724192331445,0.4896004169220362,0,-0.08886504782483862,0.847341474868897,,,,,,,,,,,,
2026-07-27,morning,watchlist_report,AAOI,bounce,Medium,GapFade_strongstock,NO-GO,2,2/6,0.1198994156528403,0.042336495257114276,0.8288906465216971,0,-0.05546507419471585,0.8173341962081438,,,,,,,,,,,,
2026-07-27,morning,watchlist_report,FCEL,bounce,Small,GapFade_strongstock,NO-GO,1,1/6,0.13447079236552922,0.045625587958607654,7.707732954909034,0,-0.01068090787716949,0.8179211469534038,,,,,,,,,,,,
2026-07-27,morning,watchlist_report,GLW,bounce,Large,GapFade_strongstock,NO-GO,2,2/6,0.08283653389556858,0.025707466757585964,0.9819728429189468,0,-0.02362715825003255,0.9205256936617984,,,,,,,,,,,,
2026-07-27,morning,watchlist_report,DGXX,bounce,Small,GapFade_strongstock,NO-GO,2,2/6,0.0896775312066574,0.03517587939698496,0.6491607053867577,0,-0.03962703962703961,0.9743649228627768,,,,,,,,,,,,
2026-07-27,morning,watchlist_report,FJET,bounce,Micro,GapFade_weakstock,NO-GO,2,2/6,0.11229795918367351,0.020408163265306076,0.3754387522698834,0,-0.05913978494623661,0.839603096717915,,,,,,,,,,,,
2026-07-27,morning,watchlist_report,INTC,bounce,Large,GapFade_strongstock,NO-GO,3,3/6,0.08111710613448918,0.02816291161178519,1.3027785529793108,0,-0.07503410641200547,1.3195429468370024,,,,,,,,,,,,
2026-07-27,morning,watchlist_report,MRVL,bounce,Large,GapFade_strongstock,NO-GO,2,2/6,0.08266170403968215,0.03943777995160375,0.6658248694930362,0,-0.043130006161429556,0.8853364149974323,,,,,,,,,,,,
2026-07-27,morning,watchlist_report,SNDK,bounce,Large,GapFade_strongstock,NO-GO,2,2/6,0.125332715342961,0.049702066046667104,1.1972116963027468,0,-0.05709479950227288,0.8549883764045636,,,,,,,,,,,,
2026-07-27,morning,watchlist_report,ARM,bounce,Large,GapFade_strongstock,NO-GO,3,3/6,0.08652324863149376,0.03180646898196216,0.47071109382536924,0,-0.053352152434721266,1.316530163606732,,,,,,,,,,,,
2026-07-27,morning,watchlist_report,PENG,bounce,Medium,GapFade_strongstock,NO-GO,2,2/6,0.15110227560050568,0.049210770659238595,1.6545447570507685,0,-0.045608108108108156,0.6917895381515855,,,,,,,,,,,,
2026-07-27,morning,watchlist_report,UMC,bounce,Medium,GapFade_strongstock,NO-GO,1,1/6,0.07320100502512562,0.0215605749486652,0.8664554842076336,0,-0.06528886801315174,0.7619962929910068,,,,,,,,,,,,
2026-07-27,morning,watchlist_report,CRML,bounce,Small,GapFade_weakstock,NO-GO,0,0/6,0.09688826025459692,0.04302925989672978,0.5496276844904981,0,-0.0705521472392638,0.6046228710462292,,,,,,,,,,,,
2026-07-27,morning,watchlist_report,NVTS,bounce,Medium,GapFade_weakstock,NO-GO,2,2/6,0.1030533199195171,0.04029304029304025,0.3902274351426397,0,-0.10339384372533547,1.0079562649485037,,,,,,,,,,,,
2026-07-27,morning,watchlist_report,KEEL,bounce,Medium,GapFade_strongstock,NO-GO,3,3/6,0.09734670947030498,0.044600938967136246,0.7310201068053167,0,-0.05117270788912584,1.3158111695549661,,,,,,,,,,,,
2026-07-27,morning,watchlist_report,NBIS,bounce,Medium,GapFade_strongstock,NO-GO,3,3/6,0.11309424493488222,0.059700697662033224,0.9518619271577053,0,-0.08791712504583794,1.4277250293525865,,,,,,,,,,,,
2026-07-27,morning,watchlist_report,DRAM,bounce,ETF,GapFade_strongstock,NO-GO,2,2/6,0.0844588049352503,0.05338345864661647,1.299502431352015,0,-0.029946338930240676,0.7373647435220265,,,,,,,,,,,,
2026-07-27,morning,watchlist_report,CRWD,bounce,Large,GapFade_weakstock,NO-GO,2,2/6,0.05598831551928897,0.01729594063727623,1.8062980097194818,0,-0.010455365672433919,0.3836566509039226,,,,,,,,,,,,
2026-07-27,morning,watchlist_report,BRUN,bounce,Small,GapFade_weakstock,NO-GO,0,0/6,0.1196753844131949,,0.9073187776764905,0,-0.10239471511147814,0.8917099526690901,,,,,,,,,,,,
2026-07-27,morning,watchlist_report,ON,bounce,Medium,GapFade_strongstock,NO-GO,2,2/6,0.059370162647223744,0.026955419882502055,0.8973353686043525,0,-0.03444167659482284,0.7179496868416825,,,,,,,,,,,,
2026-07-27,morning,watchlist_report,WDC,bounce,Large,GapFade_strongstock,NO-GO,1,1/6,0.08752189796446669,0.04043863024240111,0.6811312996351249,0,-0.028472883395907648,0.8966148022629047,,,,,,,,,,,,
2026-07-27,morning,watchlist_report,TSLA,bounce,Large,GapFade_weakstock,NO-GO,1,1/6,0.05280798021805104,0.015078426987828731,1.17526339697421,0,-0.1504237854602818,0.9803491711728807,,,,,,,,,,,,
2026-07-27,morning,watchlist_report,CRDO,bounce,Medium,GapFade_strongstock,NO-GO,1,1/6,0.09383597529921059,0.05277973258268825,0.7010625376520012,0,-0.016953607569982935,1.0338706443899501,,,,,,,,,,,,
2026-07-27,morning,watchlist_report,SPCE,bounce,Small,GapFade_weakstock,NO-GO,0,0/6,0.07164769493454752,0.008032128514056052,0.5006143450508934,0,-0.05992509363295886,0.7228819954720573,,,,,,,,,,,,
2026-07-27,morning,watchlist_report,IONQ,bounce,Medium,GapFade_weakstock,NO-GO,0,0/6,0.07441283326625482,0.04085566382460401,0.7146952917992266,0,-0.014368512110726655,0.6840420333728352,,,,,,,,,,,,
2026-07-27,morning,watchlist_report,POET,bounce,Small,GapFade_weakstock,NO-GO,1,1/6,0.09621378621378618,0.037735849056603876,0.5934960141611881,0,-0.06535947712418301,1.0030111099574288,,,,,,,,,,,,
2026-07-27,morning,watchlist_report,RKLB,bounce,Medium,GapFade_weakstock,NO-GO,1,1/6,0.08652879921900425,0.030355186981692973,0.6108817876618245,0,-0.05591397849462374,1.1495420009050914,,,,,,,,,,,,
2026-07-27,morning,watchlist_report,PL,bounce,Medium,GapFade_weakstock,NO-GO,1,1/6,0.08778275932341552,0.02735710796287261,0.4994213945634588,0,-0.06946902654867257,1.077964790094797,,,,,,,,,,,,
2026-07-27,morning,watchlist_report,OPEN,bounce,Medium,GapFade_weakstock,NO-GO,0,0/6,0.09076853526220616,0.029986962190352077,0.6670389387048805,0,-0.0981735159817351,0.6554437692997306,,,,,,,,,,,,
2026-07-27,morning,watchlist_report,QCOM,bounce,Large,GapFade_strongstock,NO-GO,1,1/6,0.04333439017471258,0.025453674312750793,0.8770417929702843,0,-0.02510960542048623,0.7183565019831314,,,,,,,,,,,,
2026-07-27,morning,watchlist_report,RVI,bounce,Small,GapFade_weakstock,NO-GO,0,0/6,0.07642255062944718,0.0243328100470958,0.3514247148140259,0,-0.052287581699346324,0.5514811207242315,,,,,,,,,,,,
2026-07-27,morning,watchlist_report,INOD,bounce,Small,GapFade_weakstock,NO-GO,1,1/6,0.06734372290640397,0.0377527285739846,0.30732143385303773,0,-0.055528415567497096,1.244260041351347,,,,,,,,,,,,
2026-07-27,morning,watchlist_report,CBRS,bounce,Medium,GapFade_strongstock,NO-GO,1,1/6,0.11193454418442195,0.02701888308557651,1.058606754650753,0,-0.02526215443279319,0.9661164931603273,,,,,,,,,,,,
2026-07-27,morning,watchlist_report,OKLO,bounce,Medium,GapFade_weakstock,NO-GO,2,2/6,0.0773471848942182,0.030062111801242256,0.5474245439536083,0,-0.06831460674157301,1.0789524093782437,,,,,,,,,,,,
2026-07-27,morning,watchlist_report,DXYZ,bounce,Small,GapFade_weakstock,NO-GO,0,0/6,0.07639718430034127,0.006008583690987149,0.8465925970884793,0,-0.07315144325820475,0.8404299874354318,,,,,,,,,,,,
2026-07-27,morning,watchlist_report,LWLG,bounce,Small,GapFade_weakstock,NO-GO,1,1/6,0.0935997732426304,0.04132231404958678,0.6021438737565092,0,-0.069423929098966,1.0175034825267997,,,,,,,,,,,,
2026-07-27,morning,watchlist_report,SIMO,bounce,Medium,GapFade_strongstock,NO-GO,0,0/6,0.08887347670250893,0.029900332225913706,1.503899736076758,0,-0.009514342516330612,0.7485168799428936,,,,,,,,,,,,
2026-07-27,morning,watchlist_report,AMAT,bounce,Large,GapFade_strongstock,NO-GO,0,0/6,0.07222535850100965,0.039589743589743626,0.7155974769935077,0,0.006426920854997219,0.814368739895976,,,,,,,,,,,,
2026-07-27,morning,watchlist_report,ORCL,bounce,Large,GapFade_weakstock,NO-GO,3,3/6,0.05719234297301213,0.029306896251848027,1.2913317509209656,0,-0.05944055944055947,1.230558193521156,,,,,,,,,,,,
2026-07-27,morning,watchlist_report,GOOGL,bounce,Large,GapFade_strongstock,NO-GO,0,0/6,0.03561644648627262,0.01629448927253387,1.9649441266731709,0,-0.0501037738606799,0.5927301072209522,,,,,,,,,,,,
2026-07-27,morning,watchlist_report,EWY,bounce,ETF,GapFade_strongstock,NO-GO,0,0/6,0.05503658660523732,0.03510063819342169,1.5937229451208195,0,-0.010268145279586928,0.6441486496883884,,,,,,,,,,,,
2026-07-27,morning,watchlist_report,STX,bounce,Large,GapFade_strongstock,NO-GO,0,0/6,0.08204608258268983,0.03309889748617448,1.0767770030386197,0,-0.031075872701244386,0.9765799891735176,,,,,,,,,,,,
2026-07-27,morning,watchlist_report,MP,bounce,Medium,GapFade_weakstock,NO-GO,1,1/6,0.06932536858159634,0.02058111380145282,0.4503464868456258,0,-0.07727670753064801,1.2251270505929037,,,,,,,,,,,,
2026-07-27,morning,watchlist_report,MU,bounce,Large,GapFade_strongstock,NO-GO,0,0/6,0.07820535704926528,0.03587599761116234,1.5777344937042945,0,-0.005721849335056498,0.8462998269602348,,,,,,,,,,,,
2026-07-27,morning,watchlist_report,CRWV,bounce,Medium,GapFade_weakstock,NO-GO,1,1/6,0.08356188440100785,0.04117974401780757,0.681975977134703,0,-0.09438528557599223,1.2631257938067082,,,,,,,,,,,,
2026-07-27,morning,watchlist_report,RGTI,bounce,Medium,GapFade_weakstock,NO-GO,1,1/6,0.06993479953289217,0.03745583038869253,0.43082988943432166,0,-0.03611293499671705,0.7401795032352328,,,,,,,,,,,,
2026-07-27,morning,watchlist_report,LITE,bounce,Medium,GapFade_strongstock,NO-GO,1,1/6,0.08710040842258124,0.031468302336858926,1.0360418715686626,0,-0.05146438471736778,1.11133623425413,,,,,,,,,,,,
2026-07-27,morning,watchlist_report,IREN,bounce,Medium,GapFade_weakstock,NO-GO,0,0/6,0.09476442786988147,0.04370110601564601,1.1646719888945083,0,-0.06274224806201559,0.8755096911948334,,,,,,,,,,,,
2026-07-27,morning,watchlist_report,APP,bounce,Large,GapFade_weakstock,NO-GO,0,0/6,0.0642704797708557,0.017909076993724123,0.9250989281979214,0,-0.032680372381691275,0.5432086523428397,,,,,,,,,,,,
2026-07-27,morning,watchlist_report,KWEB,bounce,ETF,GapFade_weakstock,NO-GO,1,1/6,0.02287292669876938,0.015595283377710161,0.7776602873990774,0,0.009833585476550605,0.45848489456016667,,,,,,,,,,,,
2026-07-27,morning,watchlist_report,SMR,bounce,Medium,GapFade_weakstock,NO-GO,2,2/6,0.0771419975932611,0.027194066749073008,1.2765819426116076,0,-0.04262672811059899,1.146556430855627,,,,,,,,,,,,
2026-07-27,morning,watchlist_report,MSTR,bounce,Medium,GapFade_weakstock,NO-GO,1,1/6,0.05824549895955851,0.03348969128395324,1.3668134539004055,0,-0.052694730526947405,0.7103793306538779,,,,,,,,,,,,
2026-07-27,morning,watchlist_report,AVGO,bounce,Large,GapFade_strongstock,NO-GO,0,0/6,0.03916601035513745,0.025869291998324242,0.6088466660924539,0,-0.012625689876767196,0.6855544808209515,,,,,,,,,,,,
2026-07-27,morning,watchlist_report,FIG,bounce,Medium,GapFade_weakstock,NO-GO,1,1/6,0.08890409590409595,0.015624999999999918,1.247038392345265,0,-0.0009315323707498638,0.49030073526382134,,,,,,,,,,,,
2026-07-27,morning,watchlist_report,TEAM,bounce,Medium,GapFade_weakstock,NO-GO,0,0/6,0.07700829680904399,0.016689686924493588,0.9716535076714,0,0.03430913348946127,0.8320907277118552,,,,,,,,,,,,
2026-07-27,morning,watchlist_report,PLTR,bounce,Large,GapFade_weakstock,NO-GO,0,0/6,0.051851916757639775,0.014667263260657289,0.5105108794024736,0,0.0012274223328249377,0.5087271108695973,,,,,,,,,,,,
2026-07-27,morning,watchlist_report,ETHE,bounce,Medium,GapFade_weakstock,NO-GO,0,0/6,0.029632266786840913,0.055259653794940085,0.4029484981066188,0,0.019948519948519983,0.3619551662256288,,,,,,,,,,,,
2026-07-27,morning,watchlist_report,BABA,bounce,Large,GapFade_weakstock,NO-GO,0,0/6,0.037458338577721836,0.012127697520955943,0.6177387020535895,0,-0.026252573781743328,0.39193028378076245,,,,,,,,,,,,
2026-07-27,morning,watchlist_report,U,bounce,Medium,GapFade_weakstock,NO-GO,0,0/6,0.054957666519845336,0.019916142557652002,0.6344621380111185,0,-0.002733173898189214,0.8664677857429098,,,,,,,,,,,,
2026-07-27,morning,watchlist_report,IBIT,bounce,ETF,GapFade_weakstock,NO-GO,1,1/6,0.0249526387009472,0.016506189821182984,0.6855158218024638,0,-0.010444563470808799,0.4446854663774448,,,,,,,,,,,,
2026-07-27,morning,watchlist_report,MSFT,bounce,Large,GapFade_weakstock,NO-GO,0,0/6,0.02888269408930889,0.009955462405030159,1.0720470430377325,0,-0.012399446636265757,0.7526307112077945,,,,,,,,,,,,
2026-07-27,morning,watchlist_report,META,bounce,Large,GapFade_weakstock,NO-GO,0,0/6,0.044281691968340454,0.017406206421478686,1.004484520120556,0,-0.03447231213227674,0.5791582413642363,,,,,,,,,,,,
2026-07-27,morning,watchlist_report,SKHY,bounce,Large,GapFade_strongstock,NO-GO,0,0/6,,0.06120204438118657,0.7227329891641704,0,-0.007502874084830937,,,,,,,,,,,,,
2026-07-27,morning,watchlist_report,AMD,breakout,Large,D2_continuation,CAUTION,3,3/6 [REDUCED_SIZE],0.0673918883049318,0.0311332503113325,,,,0.8546934486368621,0.015638822302603095,0.060020358684142947,,,,,,,,,,
2026-07-27,morning,watchlist_report,AAPL,breakout,Large,D2_continuation,CAUTION,2,2/6 [REDUCED_SIZE],0.023530803758812387,0.0015614677797130463,,,,1.6245216307102848,0.02542222575704773,0.09361744092865712,,,,,,,,,,
2026-07-27,morning,watchlist_report,NVDA,breakout,Large,D2_continuation,NO-GO,3,3/6 [AVOID],0.036318536878473806,0.011506478437439545,,,,0.9343738807801082,0.010079284084141714,0.0019867638313373847,,,,,,,,,,
2026-07-27,evening,priority_report,AMD,breakout,Large,D2_continuation,NO-GO,2,2/6 [AVOID],0.07416028928951153,-0.06297538078360007,,,,,-0.0770556759350482,0.060020358684142947,,,,,,,,,,
2026-07-27,evening,priority_report,HQ,bounce,Small,GapFade_strongstock,NO-GO,3,3/6,0.24051142857142857,0.04786324786324791,0.4665711876127415,0.01574983295997145,-0.14617486338797817,0.8082775989260979,,,,,,,,,,,,
2026-07-27,evening,priority_report,AAPL,breakout,Large,D2_continuation,CAUTION,2,2/6 [REDUCED_SIZE],0.023377400519271316,0.008133745720977784,,,,,0.03215107874473866,0.10886734671885373,,,,,,,,,,
2026-07-27,evening,priority_report,SPCE,bounce,Small,GapFade_weakstock,NO-GO,0,0/6,0.07052380952380952,0.016064257028112285,0.5006143450508934,0.02156708796171359,-0.04494382022471914,0.7228819954720573,,,,,,,,,,,,
2026-07-27,evening,priority_report,RXT,bounce,Small,GapFade_strongstock,NO-GO,2,2/6,0.19484188988095236,-0.0025380710659897937,0.45122198402968405,0.0203502253256199,-0.07246376811594199,0.3206392545848569,,,,,,,,,,,,
2026-07-27,evening,priority_report,FJET,bounce,Micro,GapFade_weakstock,NO-GO,2,2/6,0.10994205794205798,0.020408163265306076,0.3754387522698834,0.02277869049071792,-0.038978494623655914,0.839603096717915,,,,,,,,,,,,
2026-07-27,evening,priority_report,GOOGL,bounce,Large,GapFade_strongstock,NO-GO,0,0/6,0.035341285836430585,0.016575967973978895,1.9649441266731709,0.03736045018371921,-0.042708059282644796,0.5927301072209522,,,,,,,,,,,,
2026-07-27,evening,priority_report,NVDA,breakout,Large,D2_continuation,NO-GO,2,2/6 [AVOID],0.03848931433888591,-0.04554196480371307,,,,,-0.04688866613220697,0.0019867638313373847,,,,,,,,,,
2026-07-27,evening,priority_report,CRWD,bounce,Large,GapFade_weakstock,NO-GO,2,2/6,0.05746144893802735,0.025234613705805323,1.8062980097194818,0.05455334902563123,-0.035824222481689844,0.3836566509039226,,,,,,,,,,,,
2026-07-27,evening,priority_report,EWY,bounce,ETF,GapFade_strongstock,NO-GO,2,2/6,0.05813495790952114,0.021907216494845318,1.5937229451208195,0.022038060013822813,-0.06301707445872211,0.6441486496883884,,,,,,,,,,,,
2026-07-27,evening,priority_report,BOT,bounce,Small,GapFade_strongstock,NO-GO,2,2/6,0.12109253499222394,0.03430799220272915,0.4961058660284845,0.02634217981233235,-0.06131386861313868,0.7994862738802372,,,,,,,,,,,,
2026-07-27,evening,priority_report,GLW,bounce,Large,GapFade_strongstock,NO-GO,3,3/6,0.08867258346549549,-0.0061370610296625,0.9819728429189468,0.022678210469375383,-0.0878878359080877,0.9205256936617984,,,,,,,,,,,,
2026-07-27,evening,priority_report,AVGO,bounce,Large,GapFade_strongstock,NO-GO,0,0/6,0.040168689746984065,0.02067186845412647,0.6088466660924539,0.017763781260463858,-0.03727224616315118,0.6855544808209515,,,,,,,,,,,,
2026-07-27,evening,priority_report,PLTR,bounce,Large,GapFade_weakstock,NO-GO,0,0/6,0.04915346529278278,0.026317930361210537,0.5105108794024736,0.01771481458760298,0.05619330496909369,0.5087271108695973,,,,,,,,,,,,
2026-07-27,evening,priority_report,ORCL,bounce,Large,GapFade_weakstock,NO-GO,3,3/6,0.05642011763865407,0.026176189233846466,1.2913317509209656,0.0464877765546755,-0.04656706929434202,1.230558193521156,,,,,,,,,,,,
2026-07-27,evening,priority_report,LITE,bounce,Medium,GapFade_strongstock,CAUTION,4,4/6,0.09624286957847275,0.006369677191051014,1.0360418715686626,0.024791667360853524,-0.14156924189466075,1.11133623425413,,,,,,,,,,,,
2026-07-27,evening,priority_report,MSFT,bounce,Large,GapFade_weakstock,NO-GO,0,0/6,0.02830161171136987,0.02195441446161906,1.0720470430377325,0.04316210576212976,0.007877747604652471,0.7526307112077945,,,,,,,,,,,,
2026-07-27,evening,priority_report,HYLN,bounce,Small,GapFade_strongstock,NO-GO,3,3/6,0.09800114438298685,0.024193548387096735,2.5360387828989377,0.015235127839541361,-0.04707379134860052,1.1443696236035963,,,,,,,,,,,,
2026-07-27,evening,priority_report,MU,bounce,Large,GapFade_strongstock,NO-GO,0,0/6,0.0836196643578882,0.012481676529670454,1.5777344937042945,0.06857556176242785,-0.0701005753116271,0.8462998269602348,,,,,,,,,,,,
2026-07-27,evening,priority_report,IONQ,bounce,Medium,GapFade_weakstock,NO-GO,0,0/6,0.07321695863146639,0.049634591961022996,0.7146952917992266,0.052577100769440555,0.0017301038062284392,0.6840420333728352,,,,,,,,,,,,
2026-07-27,evening,priority_report,WDC,bounce,Large,GapFade_strongstock,NO-GO,3,3/6,0.09558093949586623,0.006156213928434101,0.6811312996351249,0.029869247387305547,-0.11038856054754152,0.8966148022629047,,,,,,,,,,,,
2026-07-27,evening,priority_report,STX,bounce,Large,GapFade_strongstock,NO-GO,1,1/6,0.08882441034637013,0.0050487853561741415,1.0767770030386197,0.026428771266938197,-0.10501596740447088,0.9765799891735176,,,,,,,,,,,,
2026-07-27,evening,priority_report,KEEL,bounce,Medium,GapFade_weakstock,NO-GO,1,1/6,0.10722595473833098,0.023474178403755996,0.7310201068053167,0.016699776574115924,-0.1385927505330491,1.3158111695549661,,,,,,,,,,,,
2026-07-27,evening,priority_report,IREN,bounce,Medium,GapFade_weakstock,NO-GO,0,0/6,0.10211490639982493,0.01402751551119512,1.1646719888945083,0.028384295999549527,-0.13020833333333334,0.8755096911948334,,,,,,,,,,,,
2026-07-27,evening,priority_report,MP,bounce,Medium,GapFade_weakstock,NO-GO,1,1/6,0.06857696047205551,0.002421307506053303,0.4503464868456258,0.017233598097821427,-0.06720665499124344,1.2251270505929037,,,,,,,,,,,,
2026-07-27,evening,priority_report,BE,bounce,Medium,GapFade_strongstock,CAUTION,4,4/6,0.1412315376683316,0.0303964519443994,0.9026226948255273,0.05024343568676366,-0.14611401338099161,1.1768298558230845,,,,,,,,,,,,
2026-07-27,evening,priority_report,OKLO,bounce,Medium,GapFade_weakstock,NO-GO,2,2/6,0.07788255703009804,0.013664596273291855,0.5474245439536083,0.02422736253195219,-0.07471910112359557,1.0789524093782437,,,,,,,,,,,,
2026-07-27,evening,priority_report,SMR,bounce,Medium,GapFade_weakstock,NO-GO,2,2/6,0.07627007733491967,0.02904820766378238,1.2765819426116076,0.023360065078976235,-0.03168202764976963,1.146556430855627,,,,,,,,,,,,
2026-07-27,evening,priority_report,RKLB,bounce,Medium,GapFade_weakstock,NO-GO,1,1/6,0.08708423396869064,0.013925833202941646,0.6108817876618245,0.07172859988100706,-0.061935483870967645,1.1495420009050914,,,,,,,,,,,,
2026-07-27,evening,priority_report,DGXX,bounce,Small,GapFade_weakstock,NO-GO,0,0/6,0.09839452159026059,0.045226130653266375,0.6491607053867577,0.020336568003057384,-0.12470862470862475,0.9743649228627768,,,,,,,,,,,,
2026-07-27,evening,priority_report,APP,bounce,Large,GapFade_weakstock,NO-GO,0,0/6,0.06217763360708829,0.032583295066074776,0.9250989281979214,0.009065487511516406,-0.00012121799844843717,0.5432086523428397,,,,,,,,,,,,
2026-07-27,evening,priority_report,OPEN,bounce,Medium,GapFade_weakstock,NO-GO,0,0/6,0.09398052799101293,0.003911342894393774,0.6670389387048805,0.008193012631790625,-0.12899543378995432,0.6554437692997306,,,,,,,,,,,,
2026-07-27,evening,priority_report,CRML,bounce,Small,GapFade_weakstock,NO-GO,0,0/6,0.09818442427138081,0.02925989672977639,0.5496276844904981,0.03546117426035123,-0.08282208588957042,0.6046228710462292,,,,,,,,,,,,
2026-07-27,evening,priority_report,SNDK,bounce,Large,GapFade_strongstock,CAUTION,4,4/6,0.14955407694538134,0.018398117725678054,1.1972116963027468,0.04760501994214624,-0.20980509857622545,0.8549883764045636,,,,,,,,,,,,
2026-07-27,evening,priority_report,PL,bounce,Medium,GapFade_weakstock,NO-GO,1,1/6,0.08901019424163109,0.0019540791402053105,0.4994213945634588,0.02171759234529222,-0.08230088495575234,1.077964790094797,,,,,,,,,,,,
2026-07-27,evening,priority_report,RGTI,bounce,Medium,GapFade_weakstock,NO-GO,1,1/6,0.06749788672865595,0.06643109540636039,0.43082988943432166,0.03982892815049853,-0.0013131976362442267,0.7401795032352328,,,,,,,,,,,,
2026-07-27,evening,priority_report,CRWV,bounce,Medium,GapFade_weakstock,NO-GO,1,1/6,0.08799440873970106,0.026711185308848105,0.681975977134703,0.02811411209013967,-0.14000363020329143,1.2631257938067082,,,,,,,,,,,,
2026-07-27,evening,priority_report,NBIS,bounce,Medium,GapFade_strongstock,NO-GO,3,3/6,0.11986520111400267,0.04769132449273038,0.9518619271577053,0.05267705418573691,-0.13943894389438938,1.4277250293525865,,,,,,,,,,,,
2026-07-27,evening,priority_report,CRDO,bounce,Medium,GapFade_strongstock,NO-GO,3,3/6,0.10208364210570056,0.01782782078348573,0.7010625376520012,0.026864591782391204,-0.0963770972970605,1.0338706443899501,,,,,,,,,,,,
2026-07-27,evening,priority_report,POET,bounce,Small,GapFade_weakstock,NO-GO,1,1/6,0.09926819212533496,0.023222060957910035,0.5934960141611881,0.05527264453123138,-0.09411764705882361,1.0030111099574288,,,,,,,,,,,,
2026-07-27,evening,priority_report,U,bounce,Medium,GapFade_weakstock,NO-GO,0,0/6,0.0522035237785319,0.031446540880503096,0.6344621380111185,0.004499350350277639,0.04988042364195425,0.8664677857429098,,,,,,,,,,,,
2026-07-27,evening,priority_report,TSLA,bounce,Large,GapFade_weakstock,NO-GO,1,1/6,0.05455937478226538,0.000670862217678933,1.17526339697421,0.021920226767129097,-0.17769578353519955,0.9803491711728807,,,,,,,,,,,,
2026-07-27,evening,priority_report,FIG,bounce,Medium,GapFade_weakstock,NO-GO,1,1/6,0.08327479725514665,0.036458333333333315,1.247038392345265,0.026356153842907227,0.06660456450861667,0.49030073526382134,,,,,,,,,,,,
2026-07-27,evening,priority_report,IBIT,bounce,ETF,GapFade_weakstock,NO-GO,1,1/6,0.025122615803814686,0.010729023383768929,0.6855158218024638,0.05136329195557982,-0.017139796464916993,0.4446854663774448,,,,,,,,,,,,
2026-07-27,evening,priority_report,ETHE,bounce,Medium,GapFade_weakstock,NO-GO,0,0/6,0.030039745991137096,0.0479360852197071,0.4029484981066188,0.03865670122860159,0.0061132561132561545,0.3619551662256288,,,,,,,,,,,,
2026-07-27,evening,priority_report,TEAM,bounce,Medium,GapFade_weakstock,NO-GO,0,0/6,0.06980136333650955,0.03740791896869245,0.9716535076714,0.027192059635046985,0.14110070257611237,0.8320907277118552,,,,,,,,,,,,
2026-07-27,evening,priority_report,MSTR,bounce,Medium,GapFade_weakstock,NO-GO,1,1/6,0.05606765465788023,0.03130795243809321,1.3668134539004055,0.04462940376946756,-0.015898410158984137,0.7103793306538779,,,,,,,,,,,,
2026-07-27,evening,priority_report,KWEB,bounce,ETF,GapFade_weakstock,NO-GO,1,1/6,0.022656543975408738,0.0182578927348802,0.7776602873990774,0.01940922868483251,0.019478063540090657,0.45848489456016667,,,,,,,,,,,,
2026-07-27,evening,priority_report,AXTI,bounce,Medium,GapFade_strongstock,NO-GO,2,2/6,0.1531107059993371,0.02710141858987934,0.8457643849107044,0.05502846784846456,-0.1051340128350321,0.7769688179269615,,,,,,,,,,,,
2026-07-27,evening,priority_report,CBRS,bounce,Medium,GapFade_strongstock,NO-GO,1,1/6,0.12266552856606981,0.017276014463640004,1.058606754650753,0.020317878318645254,-0.11053384175405145,0.9661164931603273,,,,,,,,,,,,
2026-07-27,evening,priority_report,SOXL,bounce,ETF,GapFade_strongstock,CAUTION,4,4/6,0.19839696616901792,0.02806812367516997,0.6675043102013446,0.04580588434224468,-0.22256040747872546,0.8839627073019113,,,,,,,,,,,,
2026-07-27,evening,priority_report,MRVL,bounce,Large,GapFade_strongstock,NO-GO,2,2/6,0.08855232637467594,0.023116923235339593,0.6658248694930362,0.03260754661886694,-0.1067823119579127,0.8853364149974323,,,,,,,,,,,,
2026-07-27,evening,priority_report,META,bounce,Large,GapFade_weakstock,NO-GO,0,0/6,0.044949005249142686,0.02021203313227704,1.004484520120556,0.028997777977914814,-0.04880654368034188,0.5791582413642363,,,,,,,,,,,,
2026-07-27,evening,priority_report,INTC,bounce,Large,GapFade_strongstock,CAUTION,4,4/6,0.08414442614377043,0.0015164644714038191,1.3027785529793108,0.04342399401627522,-0.10831221984018718,1.3195429468370024,,,,,,,,,,,,
2026-07-27,evening,priority_report,BRUN,bounce,Small,GapFade_weakstock,NO-GO,0,0/6,0.1364311933478163,-0.016099356025758873,0.9073187776764905,0.039646843047370796,-0.21263418662262587,0.8917099526690901,,,,,,,,,,,,
2026-07-27,evening,priority_report,MXL,bounce,Medium,GapFade_strongstock,GO,5,5/6,0.17105351545006722,-0.013619220561531059,3.269850412834077,0.10317958151426536,-0.26497695852534564,1.7465065287822756,,,,,,,,,,,,
2026-07-27,evening,priority_report,SIMO,bounce,Medium,GapFade_strongstock,NO-GO,2,2/6,0.10269071481818931,0.011443337024732459,1.503899736076758,0.0375407866306484,-0.14278614030105083,0.7485168799428936,,,,,,,,,,,,
2026-07-27,evening,priority_report,STM,bounce,Medium,GapFade_strongstock,CAUTION,4,4/6,0.08214231540170105,0.029685681024447054,3.807800622170541,0.08194807331653474,-0.19811464193401238,0.8286810023313875,,,,,,,,,,,,
2026-07-27,evening,priority_report,ON,bounce,Medium,GapFade_strongstock,NO-GO,2,2/6,0.06029333029560856,0.011634604308259312,0.8973353686043525,0.010225720680034816,-0.04922560381241202,0.7179496868416825,,,,,,,,,,,,
2026-07-27,evening,priority_report,NVTS,bounce,Medium,GapFade_weakstock,NO-GO,2,2/6,0.10332618837473206,0.032509157509157546,0.3902274351426397,0.01960876191545896,-0.10576164167324387,1.0079562649485037,,,,,,,,,,,,
2026-07-27,evening,priority_report,NOK,bounce,Medium,GapFade_weakstock,NO-GO,0,0/6,0.07718067922149557,0.026923076923077032,3.3625751494963425,0.15957647734191638,-0.11819066147859922,0.9790709545686553,,,,,,,,,,,,
2026-07-27,evening,priority_report,DXYZ,bounce,Small,GapFade_weakstock,NO-GO,0,0/6,0.07814750163648262,-0.007510729613733936,0.8465925970884793,0.021130109544321637,-0.09391063661526296,0.8404299874354318,,,,,,,,,,,,
2026-07-27,evening,priority_report,QCOM,bounce,Large,GapFade_strongstock,NO-GO,1,1/6,0.04378962633211926,0.01676947954722412,0.8770417929702843,0.0241988318186261,-0.03524454819791606,0.7183565019831314,,,,,,,,,,,,
2026-07-27,evening,priority_report,WOLF,bounce,Small,GapFade_weakstock,NO-GO,0,0/6,0.14604433711065704,0.017756604590731924,0.31507995037471687,0.0035255411126481613,-0.21182097710966857,0.9275080878705261,,,,,,,,,,,,
2026-07-27,evening,priority_report,RVI,bounce,Small,GapFade_weakstock,NO-GO,0,0/6,0.07943562610229277,0.020408163265306107,0.3514247148140259,0.017723004846235443,-0.08823529411764705,0.5514811207242315,,,,,,,,,,,,
2026-07-27,evening,priority_report,AAOI,bounce,Medium,GapFade_strongstock,NO-GO,3,3/6,0.1298102053515868,0.004093859211183191,0.8288906465216971,0.0348388465213216,-0.12757871878393046,0.8173341962081438,,,,,,,,,,,,
2026-07-27,evening,priority_report,LWLG,bounce,Small,GapFade_weakstock,NO-GO,1,1/6,0.09943989400144546,0.0033057851239670184,0.6021438737565092,0.014887861423582267,-0.12407680945347119,1.0175034825267997,,,,,,,,,,,,
2026-07-27,evening,priority_report,FCEL,bounce,Small,GapFade_strongstock,NO-GO,1,1/6,0.14067226890756304,0.00893697083725295,7.707732954909034,0.1351588448415112,-0.054294615042278546,0.8179211469534038,,,,,,,,,,,,
2026-07-27,evening,priority_report,ARM,bounce,Large,GapFade_strongstock,NO-GO,3,3/6,0.08828043334166405,0.013345640552286556,0.47071109382536924,0.019841815029426026,-0.07219477769936479,1.316530163606732,,,,,,,,,,,,
2026-07-27,evening,priority_report,ALAB,bounce,Medium,GapFade_strongstock,NO-GO,3,3/6,0.12386844325710517,0.011729199533575747,0.4896004169220362,0.02096893142686531,-0.15319058915970324,0.847341474868897,,,,,,,,,,,,
2026-07-27,evening,priority_report,UMC,bounce,Medium,GapFade_strongstock,NO-GO,2,2/6,0.07705368950013224,0.02823408624229983,0.8664554842076336,0.023083958942404195,-0.11202442461249404,0.7619962929910068,,,,,,,,,,,,
2026-07-27,evening,priority_report,AMAT,bounce,Large,GapFade_strongstock,NO-GO,0,0/6,0.07862718049003663,0.006135198135198068,0.7155974769935077,0.027275151079910426,-0.07551632004621593,0.814368739895976,,,,,,,,,,,,
2026-07-27,evening,priority_report,INOD,bounce,Small,GapFade_weakstock,NO-GO,1,1/6,0.06659737303617103,0.0135981392020039,0.30732143385303773,0.015009674692635401,-0.04494382022471907,1.244260041351347,,,,,,,,,,,,
2026-07-27,evening,priority_report,BABA,bounce,Large,GapFade_weakstock,NO-GO,0,0/6,0.03716527320749533,0.017656500802568253,0.6177387020535895,0.014928856016875929,-0.01857412491420733,0.39193028378076245,,,,,,,,,,,,
2026-07-27,evening,priority_report,SKHY,bounce,Large,GapFade_strongstock,NO-GO,1,1/6,,0.03318884647732416,0.5308387789917178,0.03098553544632472,-0.12809342288376604,,,,,,,,,,,,,
2026-07-27,evening,priority_report,DRAM,bounce,ETF,GapFade_strongstock,NO-GO,2,2/6,0.09121355614899647,0.032236842105263085,1.299502431352015,0.06681157166376832,-0.10178293231781205,0.7373647435220265,,,,,,,,,,,,
2026-07-27,evening,priority_report,PENG,bounce,Medium,GapFade_strongstock,NO-GO,2,2/6,0.1645106189696227,0.008356545961002706,1.6545447570507685,0.04906080933538084,-0.12339527027027027,0.6917895381515855,,,,,,,,,,,,
2026-07-27,evening,priority_report,SPCX,bounce,Large,GapFade_strongstock,NO-GO,2,2/6,0.07161395319094511,-0.01364386894933513,4.340852537676192,0.19027583999916806,-0.030886690959569685,0.7000631306930352,,,,,,,,,,,,
2026-07-28,morning,priority_report,AMD,bounce,Large,GapFade_strongstock,NO-GO,1,1/6,0.07589237250359623,-0.03036165269219108,0.4349900527665183,0,-0.11074413088995541,1.402156911042323,,,,,,,,,,,,
2026-07-28,morning,priority_report,HQ,bounce,Small,GapFade_strongstock,NO-GO,3,3/6,0.23832183114791805,,0.604759303123417,0,-0.0960698689956332,0.5506498646215918,,,,,,,,,,,,
2026-07-28,morning,priority_report,AAPL,breakout,Large,D2_continuation,CAUTION,2,2/6 [REDUCED_SIZE],0.02344691133950994,0.004570953667151357,,,,,0.033123719968127574,0.10354562754363131,,,,,,,,,,
2026-07-28,morning,priority_report,SPCE,bounce,Small,GapFade_weakstock,NO-GO,0,0/6,0.068399209486166,0.0,0.49243496385411906,0,-0.019379844961240414,0.5489742848887618,,,,,,,,,,,,
2026-07-28,morning,priority_report,RXT,bounce,Small,GapFade_strongstock,NO-GO,2,2/6,0.18610700056915194,-0.024611398963730505,0.5301128959042056,0,-0.06343283582089539,0.48523400307858594,,,,,,,,,,,,
2026-07-28,morning,priority_report,FJET,bounce,Micro,GapFade_weakstock,NO-GO,1,1/6,0.10054523036548535,0.03800000000000001,0.26528411072925967,0,0.021212938005390834,0.6090266449157156,,,,,,,,,,,,
2026-07-28,morning,priority_report,GOOGL,bounce,Large,GapFade_strongstock,NO-GO,0,0/6,0.036017593093695996,0.0023272905438510255,0.9008203868058978,0,0.030312568856432357,0.5063923092349669,,,,,,,,,,,,
2026-07-28,morning,priority_report,NVDA,bounce,Large,GapFade_strongstock,NO-GO,1,1/6,0.04126409484657174,-0.009719607144674555,0.35598728614383573,0,-0.06782908603180685,1.6575357209888995,,,,,,,,,,,,
2026-07-28,morning,priority_report,CRWD,bounce,Large,GapFade_weakstock,NO-GO,2,2/6,0.05754183712882603,0.006218422075398235,1.5795087624177964,0,-0.011939810271508002,0.8630355700795158,,,,,,,,,,,,
2026-07-28,morning,priority_report,EWY,bounce,ETF,GapFade_strongstock,CAUTION,4,4/6,0.05992086986758392,-0.05700992555831264,1.7989151900942502,0,-0.12567583112849431,1.101160602258469,,,,,,,,,,,,
2026-07-28,morning,priority_report,BOT,bounce,Small,GapFade_weakstock,NO-GO,0,0/6,0.12159992350201407,-0.033550250288794686,0.5876168586549313,0,-0.02377674056787242,0.7355832241153344,,,,,,,,,,,,
2026-07-28,morning,priority_report,GLW,bounce,Large,GapFade_strongstock,CAUTION,4,4/6,0.08764131440913296,-0.031110491071428624,0.9815963840208749,0,-0.10995770857362551,1.0172607322887826,,,,,,,,,,,,
2026-07-28,morning,priority_report,AVGO,bounce,Large,GapFade_strongstock,NO-GO,1,1/6,0.04151730586502825,-0.015265382808830495,0.564346826805712,0,-0.03847427828878646,1.0467604678326303,,,,,,,,,,,,
2026-07-28,morning,priority_report,PLTR,bounce,Large,GapFade_weakstock,NO-GO,1,1/6,0.05009885614726158,0.003649357561012619,0.3633938391765841,0,0.07003323336305411,1.0735535378125203,,,,,,,,,,,,
2026-07-28,morning,priority_report,ORCL,bounce,Large,GapFade_weakstock,NO-GO,2,2/6,0.05626432712041384,-0.007256046705588028,1.935914925742547,0,-0.008413862045984714,0.7749573378839585,,,,,,,,,,,,
2026-07-28,morning,priority_report,LITE,bounce,Medium,GapFade_strongstock,CAUTION,4,4/6,0.10018118342227401,-0.018624641833810875,0.8322348093201061,0,-0.16186843241687052,1.0346217872033152,,,,,,,,,,,,
2026-07-28,morning,priority_report,MSFT,bounce,Large,GapFade_weakstock,NO-GO,0,0/6,0.029018464157490983,0.009329221279876626,0.9769990448299791,0,0.029220609046595823,0.5449078940193611,,,,,,,,,,,,
2026-07-28,morning,priority_report,HYLN,bounce,Small,GapFade_strongstock,NO-GO,2,2/6,0.09810800459594027,-0.023560209424083732,1.234646790407858,0,-0.09466019417475731,0.8881168019987512,,,,,,,,,,,,
2026-07-28,morning,priority_report,MU,bounce,Large,GapFade_strongstock,NO-GO,2,2/6,0.08588243423243423,-0.04687847145078876,1.5997487498782974,0,-0.13351713272942106,1.0885211780541635,,,,,,,,,,,,
2026-07-28,morning,priority_report,IONQ,bounce,Medium,GapFade_weakstock,NO-GO,1,1/6,0.07108967105393761,-0.01834354120267268,0.5997781147666144,0,0.03496037569709418,1.1449315833566063,,,,,,,,,,,,
2026-07-28,morning,priority_report,WDC,bounce,Large,GapFade_strongstock,CAUTION,4,4/6,0.09845048868544519,-0.0447863110539846,0.5722031033696052,0,-0.14809242342826429,1.2807255217486735,,,,,,,,,,,,
2026-07-28,morning,priority_report,STX,bounce,Large,GapFade_strongstock,NO-GO,3,3/6,0.09240664981133032,-0.03659775517448191,1.2338486094141885,0,-0.13824778838574053,1.2351175233579004,,,,,,,,,,,,
2026-07-28,morning,priority_report,KEEL,bounce,Medium,GapFade_weakstock,NO-GO,1,1/6,0.10679283118185237,-0.014938271604938217,0.6788488345434537,0,-0.1705821205821205,1.0327426358408636,,,,,,,,,,,,
2026-07-28,morning,priority_report,IREN,bounce,Medium,GapFade_weakstock,NO-GO,1,1/6,0.10104658647463491,-0.02149352438688347,0.9621084093848873,0,-0.12493839329719075,1.0086494685901863,,,,,,,,,,,,
2026-07-28,morning,priority_report,MP,bounce,Medium,GapFade_weakstock,NO-GO,0,0/6,0.06468819673222188,-0.004637143519591997,0.7473407362452936,0,-0.03852183650615899,0.7453914591205,,,,,,,,,,,,
2026-07-28,morning,priority_report,BE,bounce,Medium,GapFade_strongstock,NO-GO,3,3/6,0.13895938451925333,-0.028058242108619413,1.5312918839738057,0,-0.15830648872526462,0.8235076558501309,,,,,,,,,,,,
2026-07-28,morning,priority_report,OKLO,bounce,Medium,GapFade_weakstock,NO-GO,1,1/6,0.07414836505612495,-0.019851710117196972,0.6686163130963244,0,-0.0686363636363637,0.834265780293555,,,,,,,,,,,,
2026-07-28,morning,priority_report,SMR,bounce,Medium,GapFade_weakstock,NO-GO,1,1/6,0.0733414095711962,-0.02098360655737703,1.4950164744488061,0,-0.05098751418842237,0.9458688131210178,,,,,,,,,,,,
2026-07-28,morning,priority_report,RKLB,bounce,Medium,GapFade_weakstock,NO-GO,0,0/6,0.08074157769481015,-0.02255751419181343,0.8190258144165049,0,-0.06515216459494197,0.8158364757594895,,,,,,,,,,,,
2026-07-28,morning,priority_report,DGXX,bounce,Small,GapFade_weakstock,NO-GO,1,1/6,0.10068173113749523,-0.0286458333333333,0.5351154737165299,0,-0.13856812933025406,1.4379184418746194,,,,,,,,,,,,
2026-07-28,morning,priority_report,APP,bounce,Large,GapFade_weakstock,NO-GO,0,0/6,0.060859410430838985,0.007438276839580338,0.8376203832593836,0,0.04247104247104246,0.6374108460438065,,,,,,,,,,,,
2026-07-28,morning,priority_report,OPEN,bounce,Medium,GapFade_weakstock,NO-GO,0,0/6,0.0904917726252805,-0.007792207792207856,0.3487445893679179,0,-0.006501950585175644,0.7521438165099705,,,,,,,,,,,,
2026-07-28,morning,priority_report,CRML,bounce,Small,GapFade_weakstock,NO-GO,0,0/6,0.09279150256593867,-0.009105960264900615,0.4431170348216377,0,-0.0204582651391162,0.7202572347266886,,,,,,,,,,,,
2026-07-28,morning,priority_report,SNDK,bounce,Large,GapFade_strongstock,GO,5,5/6,0.15372919921132233,-0.044890199729313275,1.3172180370580575,0,-0.24186346897840819,1.2839920288457107,,,,,,,,,,,,
2026-07-28,morning,priority_report,PL,bounce,Medium,GapFade_weakstock,NO-GO,0,0/6,0.08544194704908989,-0.013333333333333388,1.1507360685378596,0,-0.07334525939177104,0.7117207988702835,,,,,,,,,,,,
2026-07-28,morning,priority_report,RGTI,bounce,Medium,GapFade_weakstock,NO-GO,2,2/6,0.06808996088657104,-0.019181585677749406,0.37192096059534846,0,0.03299663299663301,1.1871708951651512,,,,,,,,,,,,
2026-07-28,morning,priority_report,CRWV,bounce,Medium,GapFade_weakstock,NO-GO,0,0/6,0.08739433462400653,-0.009747139426472833,0.9574241255207858,0,-0.13563501849568435,0.8520580910540894,,,,,,,,,,,,
2026-07-28,morning,priority_report,NBIS,bounce,Medium,GapFade_strongstock,CAUTION,4,4/6,0.12353563579277867,-0.03129657228017881,1.4974502574039634,0,-0.17635878173507716,0.8477288727472353,,,,,,,,,,,,
2026-07-28,morning,priority_report,CRDO,bounce,Medium,GapFade_strongstock,CAUTION,4,4/6,0.10170641987872622,-0.028826751225136928,0.92333324508205,0,-0.1452854122621565,1.1182485474685846,,,,,,,,,,,,
2026-07-28,morning,priority_report,POET,bounce,Small,GapFade_weakstock,NO-GO,0,0/6,0.0950319521748093,-0.022566995768688314,0.9350811343666756,0,-0.0881578947368421,0.7288503253796105,,,,,,,,,,,,
2026-07-28,morning,priority_report,U,bounce,Medium,GapFade_weakstock,NO-GO,1,1/6,0.054732288987608124,0.003613666228646499,0.37820920664795876,0,0.05563234277816169,1.016702977487293,,,,,,,,,,,,
2026-07-28,morning,priority_report,TSLA,bounce,Large,GapFade_weakstock,NO-GO,1,1/6,0.053716693944353536,-0.012030269710885541,0.638326879945308,0,-0.044386749663736735,0.775115856055137,,,,,,,,,,,,
2026-07-28,morning,priority_report,FIG,bounce,Medium,GapFade_weakstock,NO-GO,1,1/6,0.08051973198918125,0.013077593722754889,1.0818621110470512,0,0.16199999999999992,0.7160879307120034,,,,,,,,,,,,
2026-07-28,morning,priority_report,IBIT,bounce,ETF,GapFade_weakstock,NO-GO,1,1/6,0.02553606237816763,-0.02338863203698685,0.6259685071333375,0,-0.020190995907230613,0.8286804798255203,,,,,,,,,,,,
2026-07-28,morning,priority_report,ETHE,bounce,Medium,GapFade_weakstock,NO-GO,1,1/6,0.03333835577738016,-0.03498727735368961,0.22495538366243084,0,0.003306878306878354,0.929326026778146,,,,,,,,,,,,
2026-07-28,morning,priority_report,TEAM,bounce,Medium,GapFade_weakstock,NO-GO,1,1/6,0.07364580121286873,0.014811724209867545,0.9853888598479891,0,0.21384903306300684,1.1692254012561059,,,,,,,,,,,,
2026-07-28,morning,priority_report,MSTR,bounce,Medium,GapFade_weakstock,NO-GO,2,2/6,0.05857030430220357,-0.03395843892549426,1.0405592168687,0,0.017836163622770497,0.9207506606351045,,,,,,,,,,,,
2026-07-28,morning,priority_report,KWEB,bounce,ETF,GapFade_weakstock,NO-GO,1,1/6,0.023606362144709677,-0.00037037037037042825,1.1911049120138921,0,0.027407689379520324,0.7219811881299133,,,,,,,,,,,,
2026-07-28,morning,priority_report,AXTI,bounce,Medium,GapFade_weakstock,NO-GO,2,2/6,0.15507145334786043,-0.048659147869674305,1.001086383412431,0,-0.1394256565274892,0.835091693253581,,,,,,,,,,,,
2026-07-28,morning,priority_report,CBRS,bounce,Medium,GapFade_strongstock,NO-GO,2,2/6,0.12569470594717905,-0.027487938073272964,0.7705026198616288,0,-0.16624772727272727,0.9091061179396652,,,,,,,,,,,,
2026-07-28,morning,priority_report,SOXL,bounce,ETF,GapFade_strongstock,GO,6,6/6,0.20480284835615437,-0.0865392118611003,0.8278623348052834,0,-0.25676190476190475,1.3585425535940243,,,,,,,,,,,,
2026-07-28,morning,priority_report,MRVL,bounce,Large,GapFade_strongstock,NO-GO,3,3/6,0.08771506422732579,-0.029973040122640945,0.8076658725413287,0,-0.12335180584750619,1.1201739593503153,,,,,,,,,,,,
2026-07-28,morning,priority_report,META,bounce,Large,GapFade_weakstock,NO-GO,0,0/6,0.04405777085844379,0.00587670702342265,0.746416033032551,0,-0.014420062695924779,0.6888729726597604,,,,,,,,,,,,
2026-07-28,morning,priority_report,INTC,bounce,Large,GapFade_strongstock,CAUTION,4,4/6,0.08219760990871851,-0.03370786516853936,1.6746303620603014,0,-0.11623266487079723,1.1042341729868779,,,,,,,,,,,,
2026-07-28,morning,priority_report,BRUN,bounce,Small,GapFade_weakstock,NO-GO,1,1/6,0.13907333842627959,-0.0340909090909091,0.5371240985072121,0,-0.22083333333333335,1.355380753321944,,,,,,,,,,,,
2026-07-28,morning,priority_report,MXL,bounce,Medium,GapFade_strongstock,GO,5,5/6,0.17403801843317973,-0.044094973789700884,4.713492344743114,0,-0.3204734765453748,0.8637341541720458,,,,,,,,,,,,
2026-07-28,morning,priority_report,SIMO,bounce,Medium,GapFade_strongstock,CAUTION,4,4/6,0.10612285108958835,-0.034567396195540966,1.1247459978882497,0,-0.18361699183616986,1.5152729416401738,,,,,,,,,,,,
2026-07-28,morning,priority_report,STM,bounce,Medium,GapFade_strongstock,NO-GO,2,2/6,0.08058370839584375,-0.0379794200187091,1.990251418179192,0,-0.038698822209758836,0.5188706891499154,,,,,,,,,,,,
2026-07-28,morning,priority_report,ON,bounce,Medium,GapFade_strongstock,NO-GO,3,3/6,0.05957298850574709,-0.022911051212938075,0.752583558833131,0,-0.0347276156662598,1.001379549861563,,,,,,,,,,,,
2026-07-28,morning,priority_report,NVTS,bounce,Medium,GapFade_weakstock,NO-GO,2,2/6,0.10297740187656933,-0.05258545135845746,0.4211425043346488,0,-0.10141313383208636,0.8219652734109321,,,,,,,,,,,,
2026-07-28,morning,priority_report,NOK,bounce,Medium,GapFade_strongstock,NO-GO,2,2/6,0.07409404306767313,-0.010678879310344825,2.1814936586537432,0,-0.056433710174717475,0.71811833884601,,,,,,,,,,,,
2026-07-28,morning,priority_report,DXYZ,bounce,Small,GapFade_weakstock,NO-GO,0,0/6,0.07949365079365077,-0.023013460703430355,0.7834594353241491,0,-0.06677727084197427,0.7100497194544838,,,,,,,,,,,,
2026-07-28,morning,priority_report,QCOM,bounce,Large,GapFade_weakstock,NO-GO,0,0/6,0.043837635846275175,-0.019760056457304078,0.8098154856548073,0,-0.025889778505055267,0.8074607022757492,,,,,,,,,,,,
2026-07-28,morning,priority_report,WOLF,bounce,Small,GapFade_weakstock,NO-GO,0,0/6,0.13433203631647214,-0.02815126050420175,0.3204175637689307,0,-0.10901386748844383,0.5760999002285085,,,,,,,,,,,,
2026-07-28,morning,priority_report,RVI,bounce,Small,GapFade_weakstock,NO-GO,0,0/6,0.07320697412823399,,0.2775878457494082,0,-0.02270103886110042,0.5942594612867044,,,,,,,,,,,,
2026-07-28,morning,priority_report,AAOI,bounce,Medium,GapFade_strongstock,CAUTION,4,4/6,0.12953492769407635,-0.03455326109180122,0.9366960301834447,0,-0.1569362613818961,0.8769276312447486,,,,,,,,,,,,
2026-07-28,morning,priority_report,LWLG,bounce,Small,GapFade_weakstock,NO-GO,0,0/6,0.09530357142857143,-0.021207177814029348,0.8011332135183037,0,-0.1017964071856287,0.9618387358690896,,,,,,,,,,,,
2026-07-28,morning,priority_report,FCEL,bounce,Small,GapFade_strongstock,NO-GO,2,2/6,0.13630337311167828,-0.03629595160539775,5.245465655892191,0,-0.11115879828326179,0.5950738617098266,,,,,,,,,,,,
2026-07-28,morning,priority_report,ARM,bounce,Large,GapFade_strongstock,NO-GO,2,2/6,0.08776313725490197,-0.042541208275447696,0.6384440613578427,0,-0.09906726964386665,0.7413001126025477,,,,,,,,,,,,
2026-07-28,morning,priority_report,ALAB,bounce,Medium,GapFade_strongstock,NO-GO,3,3/6,0.11885357195525315,-0.03992637689367115,0.7455541972356132,0,-0.170443771599841,0.9768023294717079,,,,,,,,,,,,
2026-07-28,morning,priority_report,UMC,bounce,Medium,GapFade_strongstock,GO,6,6/6,0.08023425277892135,-0.09067085953878391,1.5436499501929533,0,-0.16866315285098224,1.1385968423051052,,,,,,,,,,,,
2026-07-28,morning,priority_report,AMAT,bounce,Large,GapFade_strongstock,NO-GO,2,2/6,0.07938162650602411,-0.0365454932384066,0.7852833219655334,0,-0.11513859275053298,1.388999558586007,,,,,,,,,,,,
2026-07-28,morning,priority_report,INOD,bounce,Small,GapFade_weakstock,NO-GO,0,0/6,0.06539939316239318,-0.015317286652078719,0.513363347296969,0,-0.02516247292117977,0.9563851516435037,,,,,,,,,,,,
2026-07-28,morning,priority_report,BABA,bounce,Large,GapFade_weakstock,NO-GO,0,0/6,0.03745527917768574,-0.004173913043478295,0.5052153197103025,0,0.004032965106084462,0.5618529490618847,,,,,,,,,,,,
2026-07-28,morning,priority_report,SKHY,bounce,Large,GapFade_strongstock,NO-GO,1,1/6,,-0.036778072996783796,0.5232463650919579,0,-0.18725663716814164,,,,,,,,,,,,,
2026-07-28,morning,priority_report,DRAM,bounce,ETF,GapFade_strongstock,CAUTION,4,4/6,0.09448383520074692,-0.06618348273888992,1.7055753659909059,0,-0.16020583190394505,1.0938344425057527,,,,,,,,,,,,
2026-07-28,morning,priority_report,PENG,bounce,Medium,GapFade_strongstock,NO-GO,2,2/6,0.1637701680672269,-0.028386359306534614,1.9343273062368629,0,-0.12686183872624546,0.5890608123189653,,,,,,,,,,,,
2026-07-28,morning,priority_report,SPCX,bounce,Large,GapFade_strongstock,NO-GO,2,2/6,0.06877013092341559,-0.022290748898678422,3.2343046134044884,0,-0.061485115020297666,0.811120190116239,,,,,,,,,,,,
2026-07-28,morning,watchlist_report,ALAB,bounce,Medium,GapFade_strongstock,NO-GO,3,3/6,0.11830401048492795,-0.03546651564491003,0.7455541972356132,0,-0.16659020705263486,0.9768023294717079,,,,,,,,,,,,
2026-07-28,morning,watchlist_report,HQ,bounce,Small,GapFade_strongstock,NO-GO,3,3/6,0.23832183114791805,,0.604759303123417,0,-0.0960698689956332,0.5506498646215918,,,,,,,,,,,,
2026-07-28,morning,watchlist_report,SOXL,bounce,ETF,GapFade_strongstock,GO,6,6/6,0.20666042652796993,-0.09474990245805698,0.8278623348052834,0,-0.26344253968253967,1.3585425535940243,,,,,,,,,,,,
2026-07-28,morning,watchlist_report,BE,bounce,Medium,GapFade_strongstock,CAUTION,4,4/6,0.13915720230273454,-0.029439897970028803,1.5312918839738057,0,-0.15950299125632778,0.8235076558501309,,,,,,,,,,,,
2026-07-28,morning,watchlist_report,UMC,bounce,Medium,GapFade_strongstock,GO,6,6/6,0.08261509114031368,-0.11687631027253653,1.5436499501929533,0,-0.1926209870627695,1.1385968423051052,,,,,,,,,,,,
2026-07-28,morning,watchlist_report,MXL,bounce,Medium,GapFade_strongstock,GO,5,5/6,0.17375776397515527,-0.04255319148936167,4.713492344743114,0,-0.3193774660236738,0.8637341541720458,,,,,,,,,,,,
2026-07-28,morning,watchlist_report,AAOI,bounce,Medium,GapFade_strongstock,GO,5,5/6,0.13071138552653672,-0.043242690656307405,0.9366960301834447,0,-0.164524192108552,0.8769276312447486,,,,,,,,,,,,
2026-07-28,morning,watchlist_report,SNDK,bounce,Large,GapFade_strongstock,GO,5,5/6,0.15533104866265776,-0.05473975732067001,1.3172180370580575,0,-0.24968174225158815,1.2839920288457107,,,,,,,,,,,,
2026-07-28,morning,watchlist_report,BRUN,bounce,Small,GapFade_weakstock,NO-GO,1,1/6,0.13907333842627959,-0.0340909090909091,0.5371240985072121,0,-0.22083333333333335,1.355380753321944,,,,,,,,,,,,
2026-07-28,morning,watchlist_report,RXT,bounce,Small,GapFade_strongstock,NO-GO,2,2/6,0.18688132958416204,-0.028652849740932594,0.5301128959042056,0,-0.06731343283582078,0.48523400307858594,,,,,,,,,,,,
2026-07-28,morning,watchlist_report,GLW,bounce,Large,GapFade_strongstock,CAUTION,4,4/6,0.08789443011861782,-0.033900669642857234,0.9815963840208749,0,-0.1125208253235935,1.0172607322887826,,,,,,,,,,,,
2026-07-28,morning,watchlist_report,DRAM,bounce,ETF,GapFade_strongstock,CAUTION,4,4/6,0.09479361826697888,-0.06923517070379559,1.7055753659909059,0,-0.16295025728987994,1.0938344425057527,,,,,,,,,,,,
2026-07-28,morning,watchlist_report,FCEL,bounce,Small,GapFade_strongstock,NO-GO,2,2/6,0.1357135989010989,-0.03210795718939031,5.245465655892191,0,-0.1072961373390558,0.5950738617098266,,,,,,,,,,,,
2026-07-28,morning,watchlist_report,SPCX,bounce,Large,GapFade_strongstock,NO-GO,3,3/6,0.06893767612708754,-0.02466696035242292,3.2343046134044884,0,-0.06376606901217859,0.811120190116239,,,,,,,,,,,,
2026-07-28,morning,watchlist_report,MRVL,bounce,Large,GapFade_strongstock,NO-GO,3,3/6,0.08832636934486245,-0.036686578210075586,0.8076658725413287,0,-0.1294190712784254,1.1201739593503153,,,,,,,,,,,,
2026-07-28,morning,watchlist_report,NBIS,bounce,Medium,GapFade_strongstock,CAUTION,4,4/6,0.12421815311760065,-0.03661911858633168,1.4974502574039634,0,-0.18088428293433498,0.8477288727472353,,,,,,,,,,,,
2026-07-28,morning,watchlist_report,WDC,bounce,Large,GapFade_strongstock,CAUTION,4,4/6,0.09878488096996148,-0.048019762210796964,0.5722031033696052,0,-0.15097617768224963,1.2807255217486735,,,,,,,,,,,,
2026-07-28,morning,watchlist_report,SIMO,bounce,Medium,GapFade_strongstock,CAUTION,4,4/6,0.10612285108958835,-0.034567396195540966,1.1247459978882497,0,-0.18361699183616986,1.5152729416401738,,,,,,,,,,,,
2026-07-28,morning,watchlist_report,WOLF,bounce,Small,GapFade_weakstock,NO-GO,0,0/6,0.1350913043478261,-0.03361344537815129,0.3204175637689307,0,-0.11402157164869033,0.5760999002285085,,,,,,,,,,,,
2026-07-28,morning,watchlist_report,INTC,bounce,Large,GapFade_strongstock,CAUTION,4,4/6,0.08265483353064235,-0.03905312534089667,1.6746303620603014,0,-0.12112142073231567,1.1042341729868779,,,,,,,,,,,,
2026-07-28,morning,watchlist_report,PENG,bounce,Medium,GapFade_strongstock,NO-GO,2,2/6,0.1637701680672269,-0.028386359306534614,1.9343273062368629,0,-0.12686183872624546,0.5890608123189653,,,,,,,,,,,,
2026-07-28,morning,watchlist_report,AXTI,bounce,Medium,GapFade_weakstock,NO-GO,2,2/6,0.15524254317111455,-0.04970760233918134,1.001086383412431,0,-0.14037407897222748,0.835091693253581,,,,,,,,,,,,
2026-07-28,morning,watchlist_report,ARM,bounce,Large,GapFade_strongstock,NO-GO,2,2/6,0.08685709850190172,-0.03255359891863462,0.6384440613578427,0,-0.08966930469191632,0.7413001126025477,,,,,,,,,,,,
2026-07-28,morning,watchlist_report,CRDO,bounce,Medium,GapFade_strongstock,CAUTION,4,4/6,0.10177690947666196,-0.029499375420390057,0.92333324508205,0,-0.14587737843551796,1.1182485474685846,,,,,,,,,,,,
2026-07-28,morning,watchlist_report,HYLN,bounce,Small,GapFade_strongstock,NO-GO,2,2/6,0.09810800459594027,-0.023560209424083732,1.234646790407858,0,-0.09466019417475731,0.8881168019987512,,,,,,,,,,,,
2026-07-28,morning,watchlist_report,NOK,bounce,Medium,GapFade_strongstock,NO-GO,2,2/6,0.07418211559432936,-0.01185344827586201,2.1814936586537432,0,-0.057553956834532426,0.71811833884601,,,,,,,,,,,,
2026-07-28,morning,watchlist_report,STX,bounce,Large,GapFade_strongstock,NO-GO,3,3/6,0.09265267515923564,-0.03915592602112634,1.2338486094141885,0,-0.14053604274327758,1.2351175233579004,,,,,,,,,,,,
2026-07-28,morning,watchlist_report,LITE,bounce,Medium,GapFade_strongstock,CAUTION,4,4/6,0.10071452209660843,-0.02382156300915787,0.8322348093201061,0,-0.16630679909793195,1.0346217872033152,,,,,,,,,,,,
2026-07-28,morning,watchlist_report,MU,bounce,Large,GapFade_strongstock,NO-GO,2,2/6,0.08630996025935997,-0.051599644523439285,1.5997487498782974,0,-0.13780915159410634,1.0885211780541635,,,,,,,,,,,,
2026-07-28,morning,watchlist_report,EWY,bounce,ETF,GapFade_strongstock,CAUTION,4,4/6,0.05998400677360179,-0.058002481389578135,1.7989151900942502,0,-0.1265961118141034,1.101160602258469,,,,,,,,,,,,
2026-07-28,morning,watchlist_report,SKHY,bounce,Large,GapFade_strongstock,NO-GO,1,1/6,,-0.04195217452104601,0.5232463650919579,0,-0.19162241887905598,,,,,,,,,,,,,
2026-07-28,morning,watchlist_report,CBRS,bounce,Medium,GapFade_strongstock,NO-GO,2,2/6,0.12564367458154926,-0.027092943110121486,0.7705026198616288,0,-0.16590909090909092,0.9091061179396652,,,,,,,,,,,,
2026-07-28,morning,watchlist_report,STM,bounce,Medium,GapFade_strongstock,NO-GO,2,2/6,0.08058370839584375,-0.0379794200187091,1.990251418179192,0,-0.038698822209758836,0.5188706891499154,,,,,,,,,,,,
2026-07-28,morning,watchlist_report,AMAT,bounce,Large,GapFade_strongstock,NO-GO,2,2/6,0.07962305383794237,-0.039466811120354384,0.7852833219655334,0,-0.11782160625444199,1.388999558586007,,,,,,,,,,,,
2026-07-28,morning,watchlist_report,NVTS,bounce,Medium,GapFade_weakstock,NO-GO,2,2/6,0.10297740187656933,-0.05258545135845746,0.4211425043346488,0,-0.10141313383208636,0.8219652734109321,,,,,,,,,,,,
2026-07-28,morning,watchlist_report,ON,bounce,Medium,GapFade_strongstock,NO-GO,3,3/6,0.05976533671586712,-0.0260557053009884,0.752583558833131,0,-0.03783423943193162,1.001379549861563,,,,,,,,,,,,
2026-07-28,morning,watchlist_report,DGXX,bounce,Small,GapFade_weakstock,NO-GO,1,1/6,0.10068173113749523,-0.0286458333333333,0.5351154737165299,0,-0.13856812933025406,1.4379184418746194,,,,,,,,,,,,
2026-07-28,morning,watchlist_report,CRWD,bounce,Large,GapFade_weakstock,NO-GO,2,2/6,0.05754183712882603,0.006218422075398235,1.5795087624177964,0,-0.011939810271508002,0.8630355700795158,,,,,,,,,,,,
2026-07-28,morning,watchlist_report,POET,bounce,Small,GapFade_weakstock,NO-GO,0,0/6,0.0948950185261424,-0.0211565585331452,0.9350811343666756,0,-0.0868421052631578,0.7288503253796105,,,,,,,,,,,,
2026-07-28,morning,watchlist_report,AMD,bounce,Large,GapFade_strongstock,NO-GO,1,1/6,0.07625184680077285,-0.03493282149712085,0.4349900527665183,0,-0.11493635235042343,1.402156911042323,,,,,,,,,,,,
2026-07-28,morning,watchlist_report,CRML,bounce,Small,GapFade_weakstock,NO-GO,0,0/6,0.09302464704474757,-0.01158940397350998,0.4431170348216377,0,-0.02291325695581024,0.7202572347266886,,,,,,,,,,,,
2026-07-28,morning,watchlist_report,KEEL,bounce,Medium,GapFade_weakstock,NO-GO,1,1/6,0.10704773869346734,-0.01728395061728391,0.6788488345434537,0,-0.17255717255717248,1.0327426358408636,,,,,,,,,,,,
2026-07-28,morning,watchlist_report,BOT,bounce,Small,GapFade_weakstock,NO-GO,0,0/6,0.12159992350201407,-0.033550250288794686,0.5876168586549313,0,-0.02377674056787242,0.7355832241153344,,,,,,,,,,,,
2026-07-28,morning,watchlist_report,CRWV,bounce,Medium,GapFade_weakstock,NO-GO,0,0/6,0.0879463516672819,-0.01596270659697711,0.9574241255207858,0,-0.14106041923551169,0.8520580910540894,,,,,,,,,,,,
2026-07-28,morning,watchlist_report,IREN,bounce,Medium,GapFade_weakstock,NO-GO,1,1/6,0.10173417311353232,-0.02810691650592439,0.9621084093848873,0,-0.1308526367668801,1.0086494685901863,,,,,,,,,,,,
2026-07-28,morning,watchlist_report,RKLB,bounce,Medium,GapFade_weakstock,NO-GO,0,0/6,0.0809023189674032,-0.024499551837466396,0.8190258144165049,0,-0.0670095727961137,0.8158364757594895,,,,,,,,,,,,
2026-07-28,morning,watchlist_report,PL,bounce,Medium,GapFade_weakstock,NO-GO,0,0/6,0.08544194704908989,-0.013333333333333388,1.1507360685378596,0,-0.07334525939177104,0.7117207988702835,,,,,,,,,,,,
2026-07-28,morning,watchlist_report,LWLG,bounce,Small,GapFade_weakstock,NO-GO,0,0/6,0.09530357142857143,-0.021207177814029348,0.8011332135183037,0,-0.1017964071856287,0.9618387358690896,,,,,,,,,,,,
2026-07-28,morning,watchlist_report,DXYZ,bounce,Small,GapFade_weakstock,NO-GO,0,0/6,0.07949365079365077,-0.023013460703430355,0.7834594353241491,0,-0.06677727084197427,0.7100497194544838,,,,,,,,,,,,
2026-07-28,morning,watchlist_report,OKLO,bounce,Medium,GapFade_weakstock,NO-GO,1,1/6,0.07427523832803716,-0.02152595072949069,0.6686163130963244,0,-0.0702272727272728,0.834265780293555,,,,,,,,,,,,
2026-07-28,morning,watchlist_report,TSLA,bounce,Large,GapFade_weakstock,NO-GO,1,1/6,0.05379505335103507,-0.013469374555332838,0.638326879945308,0,-0.04577872313803995,0.775115856055137,,,,,,,,,,,,
2026-07-28,morning,watchlist_report,FJET,bounce,Micro,GapFade_weakstock,NO-GO,1,1/6,0.10054523036548535,0.03800000000000001,0.26528411072925967,0,0.021212938005390834,0.6090266449157156,,,,,,,,,,,,
2026-07-28,morning,watchlist_report,IONQ,bounce,Medium,GapFade_weakstock,NO-GO,1,1/6,0.07115242690888446,-0.019209354120267395,0.5997781147666144,0,0.03404754916348684,1.1449315833566063,,,,,,,,,,,,
2026-07-28,morning,watchlist_report,RVI,bounce,Small,GapFade_weakstock,NO-GO,0,0/6,0.07320697412823399,,0.2775878457494082,0,-0.02270103886110042,0.5942594612867044,,,,,,,,,,,,
2026-07-28,morning,watchlist_report,NVDA,bounce,Large,GapFade_strongstock,NO-GO,1,1/6,0.041285310319500564,-0.01022848709989309,0.35598728614383573,0,-0.06830810500095799,1.6575357209888995,,,,,,,,,,,,
2026-07-28,morning,watchlist_report,SMR,bounce,Medium,GapFade_weakstock,NO-GO,1,1/6,0.07351991572961537,-0.023360655737704766,1.4950164744488061,0,-0.05329171396140749,0.9458688131210178,,,,,,,,,,,,
2026-07-28,morning,watchlist_report,MSTR,bounce,Medium,GapFade_weakstock,NO-GO,2,2/6,0.05852117844411827,-0.03314749113025859,1.0405592168687,0,0.018690590622663678,0.9207506606351045,,,,,,,,,,,,
2026-07-28,morning,watchlist_report,INOD,bounce,Small,GapFade_weakstock,NO-GO,0,0/6,0.06539939316239318,-0.015317286652078719,0.513363347296969,0,-0.02516247292117977,0.9563851516435037,,,,,,,,,,,,
2026-07-28,morning,watchlist_report,SPCE,bounce,Small,GapFade_weakstock,NO-GO,0,0/6,0.068399209486166,0.0,0.49243496385411906,0,-0.019379844961240414,0.5489742848887618,,,,,,,,,,,,
2026-07-28,morning,watchlist_report,AVGO,bounce,Large,GapFade_strongstock,NO-GO,1,1/6,0.04160661173328476,-0.017379051197745483,0.564346826805712,0,-0.040538130302953154,1.0467604678326303,,,,,,,,,,,,
2026-07-28,morning,watchlist_report,OPEN,bounce,Medium,GapFade_weakstock,NO-GO,0,0/6,0.09025550167847819,-0.005194805194805199,0.3487445893679179,0,-0.0039011703511053638,0.7521438165099705,,,,,,,,,,,,
2026-07-28,morning,watchlist_report,RGTI,bounce,Medium,GapFade_weakstock,NO-GO,2,2/6,0.06826797385620913,-0.021739130434782598,0.37192096059534846,0,0.030303030303030377,1.1871708951651512,,,,,,,,,,,,
2026-07-28,morning,watchlist_report,ORCL,bounce,Large,GapFade_weakstock,NO-GO,2,2/6,0.05633532013074411,-0.00850708924103428,1.935914925742547,0,-0.009663445518160703,0.7749573378839585,,,,,,,,,,,,
2026-07-28,morning,watchlist_report,GOOGL,bounce,Large,GapFade_strongstock,NO-GO,0,0/6,0.03605725034080185,0.0012248897599215374,0.9008203868058978,0,0.029179388712266618,0.5063923092349669,,,,,,,,,,,,
2026-07-28,morning,watchlist_report,ETHE,bounce,Medium,GapFade_weakstock,NO-GO,1,1/6,0.03331639375117636,-0.034351145038167996,0.22495538366243084,0,0.003968253968254001,0.929326026778146,,,,,,,,,,,,
2026-07-28,morning,watchlist_report,MP,bounce,Medium,GapFade_weakstock,NO-GO,0,0/6,0.06486952314212299,-0.007419429631347096,0.7473407362452936,0,-0.04120940649496072,0.7453914591205,,,,,,,,,,,,
2026-07-28,morning,watchlist_report,KWEB,bounce,ETF,GapFade_weakstock,NO-GO,1,1/6,0.02361511172296939,-0.000740740740740725,1.1911049120138921,0,0.02702702702702706,0.7219811881299133,,,,,,,,,,,,
2026-07-28,morning,watchlist_report,QCOM,bounce,Large,GapFade_weakstock,NO-GO,0,0/6,0.043964242736805936,-0.022582921665490495,0.8098154856548073,0,-0.028694991525919145,0.8074607022757492,,,,,,,,,,,,
2026-07-28,morning,watchlist_report,APP,bounce,Large,GapFade_weakstock,NO-GO,0,0/6,0.060859410430838985,0.007438276839580338,0.8376203832593836,0,0.04247104247104246,0.6374108460438065,,,,,,,,,,,,
2026-07-28,morning,watchlist_report,IBIT,bounce,ETF,GapFade_weakstock,NO-GO,1,1/6,0.02552895322939865,-0.023116671199347332,0.6259685071333375,0,-0.01991814461118682,0.8286804798255203,,,,,,,,,,,,
2026-07-28,morning,watchlist_report,TEAM,bounce,Medium,GapFade_weakstock,NO-GO,1,1/6,0.07364580121286873,0.014811724209867545,0.9853888598479891,0,0.21384903306300684,1.1692254012561059,,,,,,,,,,,,
2026-07-28,morning,watchlist_report,FIG,bounce,Medium,GapFade_weakstock,NO-GO,1,1/6,0.08055439394871167,0.012641673931996476,1.0818621110470512,0,0.16150000000000003,0.7160879307120034,,,,,,,,,,,,
2026-07-28,morning,watchlist_report,META,bounce,Large,GapFade_weakstock,NO-GO,0,0/6,0.04410724161624961,0.0047485139845421555,0.746416033032551,0,-0.015525490843095145,0.6888729726597604,,,,,,,,,,,,
2026-07-28,morning,watchlist_report,BABA,bounce,Large,GapFade_weakstock,NO-GO,0,0/6,0.0374160726747084,-0.0031304347826086906,0.5052153197103025,0,0.00508504295984568,0.5618529490618847,,,,,,,,,,,,
2026-07-28,morning,watchlist_report,PLTR,bounce,Large,GapFade_weakstock,NO-GO,1,1/6,0.05003063771843559,0.005017866646392432,0.3633938391765841,0,0.0714922590581178,1.0735535378125203,,,,,,,,,,,,
2026-07-28,morning,watchlist_report,MSFT,bounce,Large,GapFade_weakstock,NO-GO,0,0/6,0.029012554233780796,0.009534823952711331,0.9769990448299791,0,0.029430263640652075,0.5449078940193611,,,,,,,,,,,,
2026-07-28,morning,watchlist_report,U,bounce,Medium,GapFade_weakstock,NO-GO,1,1/6,0.054732288987608124,0.003613666228646499,0.37820920664795876,0,0.05563234277816169,1.016702977487293,,,,,,,,,,,,
2026-07-28,morning,watchlist_report,AAPL,breakout,Large,D2_continuation,CAUTION,2,2/6 [REDUCED_SIZE],0.02341577793702313,0.005906621946513764,,,,0.6993793795595818,0.03449735174235019,0.104262583870209,,,,,,,,,,
2026-07-28,evening,priority_report,AMD,bounce,Large,GapFade_strongstock,NO-GO,2,2/6,0.07968157771756594,-0.05647035054045861,0.4349900527665183,0.024296797514496416,-0.1530321110267006,1.402156911042323,,,,,,,,,,,,
2026-07-28,evening,priority_report,HQ,bounce,Small,GapFade_strongstock,NO-GO,3,3/6,0.2570522920414366,-0.03301127214170694,0.604759303123417,0.01590095304026011,-0.16193595342066955,0.5506498646215918,,,,,,,,,,,,
2026-07-28,evening,priority_report,AAPL,breakout,Large,D2_continuation,CAUTION,3,3/6 [REDUCED_SIZE],0.023383348978569522,0.007301653260514616,,,,,0.03593203381764949,0.1169339155848258,,,,,,,,,,
2026-07-28,evening,priority_report,SPCE,bounce,Small,GapFade_weakstock,NO-GO,0,0/6,0.07020283975659228,-0.007905138339920957,0.49243496385411906,0.013422866037000268,-0.04457364341085279,0.5489742848887618,,,,,,,,,,,,
2026-07-28,evening,priority_report,RXT,bounce,Small,GapFade_strongstock,NO-GO,2,2/6,0.1871008964333397,-0.015544041450777216,0.5301128959042056,0.018162716421423378,-0.06840796019900484,0.48523400307858594,,,,,,,,,,,,
2026-07-28,evening,priority_report,FJET,bounce,Micro,GapFade_weakstock,NO-GO,1,1/6,0.10465266875981162,0.0,0.26528411072925967,0.004552863235062234,-0.018867924528301844,0.6090266449157156,,,,,,,,,,,,
2026-07-28,evening,priority_report,GOOGL,bounce,Large,GapFade_strongstock,NO-GO,0,0/6,0.03516982957378531,0.004103380695737307,0.9008203868058978,0.03040538199997987,0.055148100349397156,0.5063923092349669,,,,,,,,,,,,
2026-07-28,evening,priority_report,NVDA,bounce,Large,GapFade_strongstock,NO-GO,1,1/6,0.04073863759902014,-0.00768408732380027,0.35598728614383573,0.020718445273464777,-0.05580570990611217,1.6575357209888995,,,,,,,,,,,,
2026-07-28,evening,priority_report,CRWD,bounce,Large,GapFade_weakstock,NO-GO,2,2/6,0.056754236266876056,0.006773638332130358,1.5795087624177964,0.051846481397361636,0.0017718896521645244,0.8630355700795158,,,,,,,,,,,,
2026-07-28,evening,priority_report,EWY,bounce,ETF,GapFade_strongstock,CAUTION,4,4/6,0.0595915696995187,-0.05651364764267981,1.7989151900942502,0.10140238177239852,-0.12084435752904646,1.101160602258469,,,,,,,,,,,,
2026-07-28,evening,priority_report,BOT,bounce,Small,GapFade_strongstock,NO-GO,1,1/6,0.10874755032959203,-0.03465537158259525,0.5876168586549313,0.008631449601889536,0.09159859976662778,0.7355832241153344,,,,,,,,,,,,
2026-07-28,evening,priority_report,GLW,bounce,Large,GapFade_weakstock,GO,5,5/6,0.09897055749128918,-0.15073939732142866,0.9815963840208749,0.40928211002602716,-0.211841599384852,1.0172607322887826,,,,,,,,,,,,
2026-07-28,evening,priority_report,AVGO,bounce,Large,GapFade_strongstock,NO-GO,1,1/6,0.041033433854396596,-0.023119878920724424,0.564346826805712,0.02632142676342925,-0.027135832038117647,1.0467604678326303,,,,,,,,,,,,
2026-07-28,evening,priority_report,PLTR,bounce,Large,GapFade_weakstock,NO-GO,1,1/6,0.05356185462644261,-0.04326009275450466,0.3633938391765841,0.049797920868270354,0.0008510983221203677,1.0735535378125203,,,,,,,,,,,,
2026-07-28,evening,priority_report,ORCL,bounce,Large,GapFade_weakstock,NO-GO,1,1/6,0.055029933090738364,-0.014345287739783143,1.935914925742547,0.022283271085106346,0.013828723758747056,0.7749573378839585,,,,,,,,,,,,
2026-07-28,evening,priority_report,LITE,bounce,Medium,GapFade_strongstock,GO,6,6/6,0.10876467284657665,-0.04833136693072656,0.8322348093201061,0.06917546970558605,-0.22801209155030955,1.0346217872033152,,,,,,,,,,,,
2026-07-28,evening,priority_report,MSFT,bounce,Large,GapFade_weakstock,NO-GO,0,0/6,0.028707797442116566,0.010434335646363408,0.9769990448299791,0.05080676411551982,0.040358509355836354,0.5449078940193611,,,,,,,,,,,,
2026-07-28,evening,priority_report,HYLN,bounce,Small,GapFade_strongstock,NO-GO,2,2/6,0.10500512400081985,-0.03403141361256542,1.234646790407858,0.018635408764152,-0.15412621359223305,0.8881168019987512,,,,,,,,,,,,
2026-07-28,evening,priority_report,MU,bounce,Large,GapFade_strongstock,CAUTION,4,4/6,0.08941310558101802,-0.06730726505221066,1.5997487498782974,0.12339176235620233,-0.16773209723190033,1.0885211780541635,,,,,,,,,,,,
2026-07-28,evening,priority_report,IONQ,bounce,Medium,GapFade_weakstock,NO-GO,2,2/6,0.07463748697335118,-0.048440979955456626,0.5997781147666144,0.04458634266868307,-0.014235397710595815,1.1449315833566063,,,,,,,,,,,,
2026-07-28,evening,priority_report,WDC,bounce,Large,GapFade_strongstock,CAUTION,4,4/6,0.10264480732284367,-0.06392593187660676,0.5722031033696052,0.0460047713805521,-0.1829034569228013,1.2807255217486735,,,,,,,,,,,,
2026-07-28,evening,priority_report,STX,bounce,Large,GapFade_strongstock,CAUTION,4,4/6,0.09715588119393812,-0.05163465893095394,1.2338486094141885,0.04594442094454928,-0.18037247087676272,1.2351175233579004,,,,,,,,,,,,
2026-07-28,evening,priority_report,KEEL,bounce,Medium,GapFade_weakstock,NO-GO,3,3/6,0.11530446549391071,-0.041975308641975295,0.6788488345434537,0.02847121666107761,-0.23180873180873177,1.0327426358408636,,,,,,,,,,,,
2026-07-28,evening,priority_report,IREN,bounce,Medium,GapFade_weakstock,NO-GO,2,2/6,0.10690195994977762,-0.035133645632405584,0.9621084093848873,0.04214309182903827,-0.17286840808279944,1.0086494685901863,,,,,,,,,,,,
2026-07-28,evening,priority_report,MP,bounce,Medium,GapFade_weakstock,NO-GO,0,0/6,0.06804862253649314,-0.02144678877811278,0.7473407362452936,0.010582666820637814,-0.08600223964165725,0.7453914591205,,,,,,,,,,,,
2026-07-28,evening,priority_report,BE,bounce,Medium,GapFade_weakstock,NO-GO,3,3/6,0.1562214729151849,-0.06844510574981398,1.5312918839738057,0.06889750145781127,-0.25131155085135765,0.8235076558501309,,,,,,,,,,,,
2026-07-28,evening,priority_report,OKLO,bounce,Medium,GapFade_weakstock,NO-GO,2,2/6,0.07712182741116752,-0.033963166706529574,0.6686163130963244,0.03876840617593746,-0.10454545454545458,0.834265780293555,,,,,,,,,,,,
2026-07-28,evening,priority_report,SMR,bounce,Medium,GapFade_weakstock,NO-GO,2,2/6,0.07542347566332805,-0.043325526932084225,1.4950164744488061,0.032961159153340025,-0.07718501702610667,0.9458688131210178,,,,,,,,,,,,
2026-07-28,evening,priority_report,RKLB,bounce,Medium,GapFade_weakstock,NO-GO,1,1/6,0.08382263274210915,-0.03645055273379142,0.8190258144165049,0.02899408232739308,-0.09951421631661661,0.8158364757594895,,,,,,,,,,,,
2026-07-28,evening,priority_report,DGXX,bounce,Small,GapFade_weakstock,NO-GO,1,1/6,0.10302959043699787,-0.031249999999999913,0.5351154737165299,0.025653242206779166,-0.15819861431870672,1.4379184418746194,,,,,,,,,,,,
2026-07-28,evening,priority_report,APP,bounce,Large,GapFade_weakstock,NO-GO,0,0/6,0.06036291889018379,0.004240060087708671,0.8376203832593836,0.009072848801567205,0.051045479616908224,0.6374108460438065,,,,,,,,,,,,
2026-07-28,evening,priority_report,OPEN,bounce,Medium,GapFade_weakstock,NO-GO,0,0/6,0.0886378038997337,-0.012987012987013056,0.3487445893679179,0.007169508503730639,0.0142782834850455,0.7521438165099705,,,,,,,,,,,,
2026-07-28,evening,priority_report,CRML,bounce,Small,GapFade_weakstock,NO-GO,0,0/6,0.09786028949024546,-0.03228476821192058,0.4431170348216377,0.011258456767736099,-0.07119476268412446,0.7202572347266886,,,,,,,,,,,,
2026-07-28,evening,priority_report,SNDK,bounce,Large,GapFade_strongstock,GO,5,5/6,0.17183378152491519,-0.08185537814008442,1.3172180370580575,0.13331523910146664,-0.32174150639930943,1.2839920288457107,,,,,,,,,,,,
2026-07-28,evening,priority_report,PL,bounce,Medium,GapFade_weakstock,NO-GO,1,1/6,0.08699543699543698,-0.030476190476190504,1.1507360685378596,0.021832882174022,-0.08989266547406073,0.7117207988702835,,,,,,,,,,,,
2026-07-28,evening,priority_report,RGTI,bounce,Medium,GapFade_weakstock,NO-GO,3,3/6,0.07205933080372541,-0.0382352941176471,0.37192096059534846,0.02500292831787414,-0.023905723905723934,1.1871708951651512,,,,,,,,,,,,
2026-07-28,evening,priority_report,CRWV,bounce,Medium,GapFade_weakstock,NO-GO,0,0/6,0.09223641760227126,-0.025709846023449744,0.9574241255207858,0.042347125688268816,-0.18101109741060412,0.8520580910540894,,,,,,,,,,,,
2026-07-28,evening,priority_report,NBIS,bounce,Medium,GapFade_strongstock,GO,5,5/6,0.13532855251165113,-0.047956142218437255,1.4974502574039634,0.05150999665158015,-0.24813323075530622,0.8477288727472353,,,,,,,,,,,,
2026-07-28,evening,priority_report,CRDO,bounce,Medium,GapFade_strongstock,GO,5,5/6,0.10618188056133518,-0.04847698664360515,0.92333324508205,0.03258613596051116,-0.18131078224101477,1.1182485474685846,,,,,,,,,,,,
2026-07-28,evening,priority_report,POET,bounce,Small,GapFade_weakstock,NO-GO,0,0/6,0.09888459888459886,-0.054019746121297604,0.9350811343666756,0.05035152369792521,-0.12368421052631573,0.7288503253796105,,,,,,,,,,,,
2026-07-28,evening,priority_report,U,breakout,Medium,D2_continuation,CAUTION,2,2/6 [REDUCED_SIZE],0.05294716366597303,0.03745072273324563,,,,,0.06454209518703519,0.10545819986181779,,,,,,,,,,
2026-07-28,evening,priority_report,TSLA,bounce,Large,GapFade_weakstock,NO-GO,1,1/6,0.05353444901154826,-0.010655843735851548,0.638326879945308,0.015680272166530475,-0.04113359817323024,0.775115856055137,,,,,,,,,,,,
2026-07-28,evening,priority_report,FIG,bounce,Medium,GapFade_weakstock,NO-GO,1,1/6,0.07633198333381896,0.00915431560592839,1.0818621110470512,0.02180897325116345,0.22575000000000003,0.7160879307120034,,,,,,,,,,,,
2026-07-28,evening,priority_report,IBIT,bounce,ETF,GapFade_weakstock,NO-GO,1,1/6,0.025429839156960607,-0.026108240413380494,0.6259685071333375,0.07417297113854308,-0.016098226466575615,0.8286804798255203,,,,,,,,,,,,
2026-07-28,evening,priority_report,ETHE,bounce,Medium,GapFade_weakstock,NO-GO,1,1/6,0.03281913414294984,-0.034351145038167996,0.22495538366243084,0.028542757134416803,0.01917989417989424,0.929326026778146,,,,,,,,,,,,
2026-07-28,evening,priority_report,TEAM,bounce,Medium,GapFade_weakstock,NO-GO,1,1/6,0.07072701248704406,0.028747261917179516,0.9853888598479891,0.03216862576838968,0.26394260761072985,1.1692254012561059,,,,,,,,,,,,
2026-07-28,evening,priority_report,MSTR,bounce,Medium,GapFade_weakstock,NO-GO,2,2/6,0.05822207155523104,-0.032235174860618415,1.0405592168687,0.044692802566196926,0.023923955997009604,0.9207506606351045,,,,,,,,,,,,
2026-07-28,evening,priority_report,KWEB,bounce,ETF,GapFade_weakstock,NO-GO,1,1/6,0.023342579750346735,0.00148148148148145,1.1911049120138921,0.008561879107591213,0.03901789113056727,0.7219811881299133,,,,,,,,,,,,
2026-07-28,evening,priority_report,AXTI,bounce,Medium,GapFade_weakstock,NO-GO,2,2/6,0.16758091848839177,-0.07581453634085218,1.001086383412431,0.13995887888238817,-0.2036652182127338,0.835091693253581,,,,,,,,,,,,
2026-07-28,evening,priority_report,CBRS,bounce,Medium,GapFade_strongstock,NO-GO,3,3/6,0.12190675101501278,-0.043157838926886245,0.7705026198616288,0.016645167076358054,-0.1403409090909091,0.9091061179396652,,,,,,,,,,,,
2026-07-28,evening,priority_report,SOXL,bounce,ETF,GapFade_strongstock,GO,6,6/6,0.21690003753303527,-0.11705033164260631,0.8278623348052834,0.09787139007264763,-0.2982146031746032,1.3585425535940243,,,,,,,,,,,,
2026-07-28,evening,priority_report,MRVL,bounce,Large,GapFade_strongstock,CAUTION,4,4/6,0.09205441398749947,-0.04847491674155515,0.8076658725413287,0.048571265601783035,-0.16467609401872732,1.1201739593503153,,,,,,,,,,,,
2026-07-28,evening,priority_report,META,bounce,Large,GapFade_weakstock,NO-GO,0,0/6,0.04424516248339859,0.004967417111489123,0.746416033032551,0.028033321679117755,-0.01859429137106085,0.6888729726597604,,,,,,,,,,,,
2026-07-28,evening,priority_report,INTC,bounce,Large,GapFade_strongstock,CAUTION,4,4/6,0.08402601524150237,-0.055088905857968766,1.6746303620603014,0.05382006547673578,-0.1354634341015664,1.1042341729868779,,,,,,,,,,,,
2026-07-28,evening,priority_report,BRUN,bounce,Small,GapFade_weakstock,NO-GO,3,3/6,0.1579994792570734,-0.04907024793388426,0.5371240985072121,0.019574849777435756,-0.31416666666666665,1.355380753321944,,,,,,,,,,,,
2026-07-28,evening,priority_report,MXL,bounce,Medium,GapFade_strongstock,GO,5,5/6,0.182146474389891,-0.04949121184088808,4.713492344743114,0.12571213524840763,-0.3507233669443226,0.8637341541720458,,,,,,,,,,,,
2026-07-28,evening,priority_report,SIMO,bounce,Medium,GapFade_strongstock,GO,6,6/6,0.11255417772798622,-0.075475557373696,1.1247459978882497,0.07979199724598494,-0.2302649785526498,1.5152729416401738,,,,,,,,,,,,
2026-07-28,evening,priority_report,STM,bounce,Medium,GapFade_strongstock,NO-GO,3,3/6,0.08247639899909007,-0.05687558465855951,1.990251418179192,0.10873104707822272,-0.06075902037764068,0.5188706891499154,,,,,,,,,,,,
2026-07-28,evening,priority_report,ON,bounce,Medium,GapFade_strongstock,NO-GO,3,3/6,0.061284734539434754,-0.032008086253369365,0.752583558833131,0.012627261347065998,-0.0616886719183402,1.001379549861563,,,,,,,,,,,,
2026-07-28,evening,priority_report,NVTS,bounce,Medium,GapFade_weakstock,NO-GO,2,2/6,0.11076474769012083,-0.1056091148115688,0.4211425043346488,0.07091113100050171,-0.16458852867830415,0.8219652734109321,,,,,,,,,,,,
2026-07-28,evening,priority_report,NOK,bounce,Medium,GapFade_weakstock,NO-GO,0,0/6,0.07660904330198774,-0.024784482758620545,2.1814936586537432,0.1506221728366957,-0.08741007194244607,0.71811833884601,,,,,,,,,,,,
2026-07-28,evening,priority_report,DXYZ,bounce,Small,GapFade_weakstock,NO-GO,0,0/6,0.08027859707617334,-0.035605731654363884,0.7834594353241491,0.022724196017385286,-0.07590211530485269,0.7100497194544838,,,,,,,,,,,,
2026-07-28,evening,priority_report,QCOM,bounce,Large,GapFade_weakstock,NO-GO,0,0/6,0.044845227500887756,-0.030251705481063314,0.8098154856548073,0.03185411515794634,-0.04777628426158618,0.8074607022757492,,,,,,,,,,,,
2026-07-28,evening,priority_report,WOLF,bounce,Small,GapFade_weakstock,NO-GO,0,0/6,0.14388052789997688,-0.054621848739495826,0.3204175637689307,0.00983389598817511,-0.1681432973805856,0.5760999002285085,,,,,,,,,,,,
2026-07-28,evening,priority_report,RVI,bounce,Small,GapFade_weakstock,NO-GO,0,0/6,0.07463203463203465,0.003937007874015804,0.2775878457494082,0.014845185717311528,-0.041362062331666,0.5942594612867044,,,,,,,,,,,,
2026-07-28,evening,priority_report,AAOI,bounce,Medium,GapFade_weakstock,NO-GO,3,3/6,0.1400650168471327,-0.049785319975465044,0.9366960301834447,0.07040489119724705,-0.22031780039278695,0.8769276312447486,,,,,,,,,,,,
2026-07-28,evening,priority_report,LWLG,bounce,Small,GapFade_weakstock,NO-GO,0,0/6,0.1009393519102257,-0.04893964110929851,0.8011332135183037,0.025067254783629422,-0.1519461077844311,0.9618387358690896,,,,,,,,,,,,
2026-07-28,evening,priority_report,FCEL,bounce,Small,GapFade_strongstock,NO-GO,2,2/6,0.14569511520737327,-0.06328524895300137,5.245465655892191,0.1750037948493594,-0.16845493562231761,0.5950738617098266,,,,,,,,,,,,
2026-07-28,evening,priority_report,ARM,bounce,Large,GapFade_strongstock,NO-GO,3,3/6,0.09125777315636022,-0.05008823639845296,0.6384440613578427,0.03725922402215227,-0.1335676936122103,0.7413001126025477,,,,,,,,,,,,
2026-07-28,evening,priority_report,ALAB,bounce,Medium,GapFade_strongstock,CAUTION,4,4/6,0.12355214278870505,-0.0549695596771909,0.7455541972356132,0.026242307795661307,-0.20199100834938988,0.9768023294717079,,,,,,,,,,,,
2026-07-28,evening,priority_report,UMC,bounce,Medium,GapFade_strongstock,GO,6,6/6,0.08044289429149296,-0.11425576519916142,1.5436499501929533,0.10066651660449127,-0.1708193579300432,1.1385968423051052,,,,,,,,,,,,
2026-07-28,evening,priority_report,AMAT,bounce,Large,GapFade_strongstock,CAUTION,4,4/6,0.08273765173712852,-0.05024279827429428,0.7852833219655334,0.041076618026992036,-0.15103056147832258,1.388999558586007,,,,,,,,,,,,
2026-07-28,evening,priority_report,INOD,bounce,Small,GapFade_weakstock,NO-GO,0,0/6,0.06639244251626901,-0.02491163103854565,0.513363347296969,0.010929959582420816,-0.03974337610398264,0.9563851516435037,,,,,,,,,,,,
2026-07-28,evening,priority_report,BABA,bounce,Large,GapFade_weakstock,NO-GO,0,0/6,0.0371278332158623,-0.002521739130434837,0.5052153197103025,0.015899868196838727,0.012887953708574424,0.5618529490618847,,,,,,,,,,,,
2026-07-28,evening,priority_report,SKHY,bounce,Large,GapFade_strongstock,NO-GO,3,3/6,,-0.04971332680743961,1.0321461235933302,0.05799684231059314,-0.22766961651917406,,,,,,,,,,,,,
2026-07-28,evening,priority_report,DRAM,bounce,ETF,GapFade_weakstock,GO,5,5/6,0.0962934679595205,-0.07943925233644858,1.7055753659909059,0.14902008823844204,-0.17598799313893645,1.0938344425057527,,,,,,,,,,,,
2026-07-28,evening,priority_report,PENG,bounce,Medium,GapFade_strongstock,CAUTION,4,4/6,0.1740239310642478,-0.05277195656315494,1.9343273062368629,0.042420098009399804,-0.1783085088169834,0.5890608123189653,,,,,,,,,,,,
2026-07-28,evening,priority_report,SPCX,bounce,Large,GapFade_strongstock,NO-GO,2,2/6,0.06537949392650613,-0.03682819383259918,3.2343046134044884,0.21121571874561704,-0.012812922868741548,0.811120190116239,,,,,,,,,,,,
2026-07-29,morning,priority_report,AMD,bounce,Large,GapFade_strongstock,NO-GO,1,1/6,0.0840979591836735,0.00468523162201398,0.5086403636594521,0,-0.12491617971070033,0.7935073426206719,,,,,,,,,,,,
2026-07-29,morning,priority_report,HQ,bounce,Small,GapFade_weakstock,NO-GO,2,2/6,0.245139313210314,,0.5056303327322531,0,-0.0008547008547008365,0.5792694325701967,,,,,,,,,,,,
2026-07-29,morning,priority_report,AAPL,breakout,Large,D2_continuation,CAUTION,2,2/6 [REDUCED_SIZE],0.023191433603086068,0.0018231004469536714,,,,,0.03212720997056722,0.11032207429045177,,,,,,,,,,
2026-07-29,morning,priority_report,SPCE,bounce,Small,GapFade_weakstock,NO-GO,0,0/6,0.06923752834467117,0.012048192771084258,0.5117968386466932,0,0.012048192771084258,0.7450771687067587,,,,,,,,,,,,
2026-07-29,morning,priority_report,RXT,bounce,Small,GapFade_strongstock,NO-GO,2,2/6,0.1599565381708239,-0.007874015748031562,0.5984307904848234,0,-0.0406091370558376,0.5209748490826825,,,,,,,,,,,,
2026-07-29,morning,priority_report,FJET,bounce,Micro,GapFade_weakstock,NO-GO,1,1/6,0.10127329192546584,,0.2708561059080232,0,0.07288629737609328,0.8586323213738124,,,,,,,,,,,,
2026-07-29,morning,priority_report,GOOGL,bounce,Large,GapFade_strongstock,NO-GO,0,0/6,0.035630889671803126,0.001228611668814315,0.8068067096020874,0,0.044974041408644506,0.9609413577376594,,,,,,,,,,,,
2026-07-29,morning,priority_report,NVDA,bounce,Large,GapFade_strongstock,NO-GO,0,0/6,0.03918074250976988,0.00197959494441914,0.4788082873410156,0,-0.04563914136530651,0.7705954660098475,,,,,,,,,,,,
2026-07-29,morning,priority_report,CRWD,bounce,Large,GapFade_weakstock,NO-GO,3,3/6,0.057272235759516114,0.0026892189218921947,1.792556715309712,0,-0.005407573112178027,1.0081327957537327,,,,,,,,,,,,
2026-07-29,morning,priority_report,EWY,bounce,ETF,GapFade_strongstock,NO-GO,2,2/6,0.06360035211267605,-0.024892703862660827,1.63593741959598,0,-0.0937653411880216,0.7032206547777471,,,,,,,,,,,,
2026-07-29,morning,priority_report,BOT,bounce,Small,GapFade_strongstock,NO-GO,2,2/6,0.10973876206166155,-0.00032938076416330733,0.32686027674664225,0,0.1832358674463939,2.200823539504161,,,,,,,,,,,,
2026-07-29,morning,priority_report,GLW,bounce,Large,GapFade_weakstock,NO-GO,3,3/6,0.10779612319085999,0.004206015395603532,1.5173980682050465,0,-0.1371292192294579,0.8504073734089552,,,,,,,,,,,,
2026-07-29,morning,priority_report,AVGO,bounce,Large,GapFade_strongstock,NO-GO,0,0/6,0.03914375479213808,0.0027303037462916794,0.6894097377545909,0,7.855048177621678e-05,0.9551227967249133,,,,,,,,,,,,
2026-07-29,morning,priority_report,PLTR,bounce,Large,GapFade_weakstock,NO-GO,1,1/6,0.05700965876229034,-0.00024285598640007397,0.6300151449738085,0,0.004718516108037734,1.3208927286985754,,,,,,,,,,,,
2026-07-29,morning,priority_report,ORCL,bounce,Large,GapFade_weakstock,NO-GO,3,3/6,0.057862144948731986,0.0012245748582861142,1.538353552187344,0,0.044498652056700595,1.1266766020864378,,,,,,,,,,,,
2026-07-29,morning,priority_report,LITE,bounce,Medium,GapFade_strongstock,CAUTION,4,4/6,0.11371464177816139,0.015446443636586827,0.8526815262271082,0,-0.13236084352350622,1.0190080285049745,,,,,,,,,,,,
2026-07-29,morning,priority_report,MSFT,bounce,Large,GapFade_weakstock,NO-GO,0,0/6,0.02959751631617115,0.001652472352866346,0.9835075783119201,0,0.032224259889965974,0.7734906122078948,,,,,,,,,,,,
2026-07-29,morning,priority_report,HYLN,bounce,Small,GapFade_strongstock,NO-GO,2,2/6,0.1063918367346939,-0.011299435028248598,1.0132811162206914,0,-0.05913978494623661,0.9802040972914899,,,,,,,,,,,,
2026-07-29,morning,priority_report,MU,bounce,Large,GapFade_strongstock,NO-GO,3,3/6,0.09386491774891774,0.00544769843881397,1.8625694007869624,0,-0.10418589499972858,0.7653809960671122,,,,,,,,,,,,
2026-07-29,morning,priority_report,IONQ,bounce,Medium,GapFade_weakstock,NO-GO,0,0/6,0.07412558063727487,0.034828807556080275,1.1478976553173932,0,0.0676004872107186,0.9735101886004216,,,,,,,,,,,,
2026-07-29,morning,priority_report,WDC,bounce,Large,GapFade_strongstock,NO-GO,3,3/6,0.10445117293233085,0.024789109188582792,0.7443051061179429,0,-0.0861869949980761,0.9100197624446744,,,,,,,,,,,,
2026-07-29,morning,priority_report,STX,bounce,Large,GapFade_strongstock,NO-GO,3,3/6,0.09811147377938514,0.057139033855212164,1.0921415831419228,0,-0.0724324578191596,1.0077661043380834,,,,,,,,,,,,
2026-07-29,morning,priority_report,KEEL,bounce,Medium,GapFade_weakstock,NO-GO,0,0/6,0.1178609728073535,-0.001338688085676009,0.6008549800333798,0,-0.12441314553990607,0.7733926917640175,,,,,,,,,,,,
2026-07-29,morning,priority_report,IREN,bounce,Medium,GapFade_weakstock,NO-GO,0,0/6,0.1052944716526936,0.01444149720011795,0.9691370184467734,0,-0.07148637712435928,0.7035966203711929,,,,,,,,,,,,
2026-07-29,morning,priority_report,MP,bounce,Medium,GapFade_weakstock,NO-GO,1,1/6,0.06648360938578331,0.0029069767441859845,0.4877604482305746,0,0.002421307506053303,1.0063865842803361,,,,,,,,,,,,
2026-07-29,morning,priority_report,BE,bounce,Medium,GapFade_strongstock,NO-GO,2,2/6,0.13528855097977413,0.1138216255094702,1.4905707790675462,0,0.00508410406187477,0.7635118280168675,,,,,,,,,,,,
2026-07-29,morning,priority_report,OKLO,bounce,Medium,GapFade_weakstock,NO-GO,1,1/6,0.07885137813006668,0.001768569984840836,0.5229934037616976,0,-0.014906832298136682,0.9127583938003774,,,,,,,,,,,,
2026-07-29,morning,priority_report,SMR,bounce,Medium,GapFade_weakstock,NO-GO,1,1/6,0.0769802413009267,-0.006082725060827337,1.294805636972347,0,0.009888751545117438,0.9858035207268603,,,,,,,,,,,,
2026-07-29,morning,priority_report,RKLB,bounce,Medium,GapFade_weakstock,NO-GO,0,0/6,0.08467915580329048,-0.005165127562998878,0.6809068101649468,0,-0.005476451259583701,0.9104071749640691,,,,,,,,,,,,
2026-07-29,morning,priority_report,DGXX,bounce,Small,GapFade_weakstock,NO-GO,1,1/6,0.1078951580632253,-0.02724795640326978,1.447446605534946,0,-0.10301507537688445,1.0124986092052062,,,,,,,,,,,,
2026-07-29,morning,priority_report,APP,bounce,Large,GapFade_weakstock,NO-GO,1,1/6,0.06175040153529209,-0.006814595189134959,0.8882132115816778,0,0.0596714118067248,1.0056779684853112,,,,,,,,,,,,
2026-07-29,morning,priority_report,OPEN,bounce,Medium,GapFade_weakstock,NO-GO,0,0/6,0.08701051486584481,0.0,0.2688424515485711,0,0.02737940026075619,0.7584123346181888,,,,,,,,,,,,
2026-07-29,morning,priority_report,CRML,bounce,Small,GapFade_weakstock,NO-GO,0,0/6,0.09530075187969925,0.007067137809187285,0.4597999625748636,0,-0.018932874354561004,0.8282182774490474,,,,,,,,,,,,
2026-07-29,morning,priority_report,SNDK,bounce,Large,GapFade_strongstock,CAUTION,4,4/6,0.1751698867550893,0.008293038956299742,1.9810461537042234,0,-0.2306690984017374,0.7091055338692971,,,,,,,,,,,,
2026-07-29,morning,priority_report,PL,bounce,Medium,GapFade_weakstock,NO-GO,0,0/6,0.08626102292768957,-0.008325171400587743,0.5890975977802103,0,-0.010747435271128427,0.8014720915968098,,,,,,,,,,,,
2026-07-29,morning,priority_report,RGTI,bounce,Medium,GapFade_weakstock,NO-GO,1,1/6,0.0751120352250489,0.005509641873278242,0.708100240704459,0,0.031802120141342705,0.9665014427241753,,,,,,,,,,,,
2026-07-29,morning,priority_report,CRWV,bounce,Medium,GapFade_weakstock,NO-GO,0,0/6,0.08892010940869817,0.009731054977711706,0.6758633342571153,0,-0.05460628825820813,0.7524959867984009,,,,,,,,,,,,
2026-07-29,morning,priority_report,NBIS,bounce,Medium,GapFade_strongstock,NO-GO,3,3/6,0.13074736754829616,0.015380988862042628,1.1263463699549456,0,-0.08238802790648132,0.8269792712994244,,,,,,,,,,,,
2026-07-29,morning,priority_report,CRDO,bounce,Medium,GapFade_strongstock,NO-GO,2,2/6,0.10542907000615889,0.013313917204077399,0.7804237741171616,0,-0.08590194698569084,0.702956897642855,,,,,,,,,,,,
2026-07-29,morning,priority_report,POET,bounce,Small,GapFade_weakstock,NO-GO,0,0/6,0.09820113612455289,0.004437869822485244,0.6618653695516797,0,-0.014513788098693707,0.7798607391537221,,,,,,,,,,,,
2026-07-29,morning,priority_report,U,breakout,Medium,D2_continuation,NO-GO,1,1/6 [AVOID],0.05483293285578274,-0.010053408733898735,,,,,0.04690403874477669,0.11100289403383787,,,,,,,,,,
2026-07-29,morning,priority_report,TSLA,bounce,Large,GapFade_weakstock,NO-GO,1,1/6,0.053116516443702556,-0.0034803538901899338,0.4571098769779788,0,-0.02127591604638523,0.643384894544661,,,,,,,,,,,,
2026-07-29,morning,priority_report,FIG,bounce,Medium,GapFade_weakstock,NO-GO,1,1/6,0.0801819573666235,-0.004922067268252561,1.115410833882138,0,0.14867424242424243,0.9921786068372925,,,,,,,,,,,,
2026-07-29,morning,priority_report,IBIT,bounce,ETF,GapFade_weakstock,NO-GO,1,1/6,0.025065611657330882,0.009131156613170955,0.5383206007271996,0,0.003301237964236518,0.8751367401156476,,,,,,,,,,,,
2026-07-29,morning,priority_report,ETHE,bounce,Medium,GapFade_weakstock,NO-GO,1,1/6,0.03320136581764488,0.0,0.45336234665727954,0,0.03062583222370179,1.1092364566250663,,,,,,,,,,,,
2026-07-29,morning,priority_report,TEAM,bounce,Medium,GapFade_weakstock,NO-GO,0,0/6,0.07371141421392677,-0.004800960192038448,1.4469122245683568,0,0.1452578268876612,0.8235294117647068,,,,,,,,,,,,
2026-07-29,morning,priority_report,MSTR,bounce,Medium,GapFade_weakstock,NO-GO,1,1/6,0.057092781847157055,0.016118968386023266,1.4018721249214205,0,0.06588851314497646,0.9420034699325875,,,,,,,,,,,,
2026-07-29,morning,priority_report,KWEB,bounce,ETF,GapFade_weakstock,NO-GO,1,1/6,0.021288713096530687,0.011717319663127071,1.0711347408416676,0,0.05096995055154051,0.6885329512198104,,,,,,,,,,,,
2026-07-29,morning,priority_report,AXTI,bounce,Medium,GapFade_weakstock,NO-GO,1,1/6,0.1639744732844594,0.011693171188026194,0.9736026888470167,0,-0.08405674359517254,0.6188733202765094,,,,,,,,,,,,
2026-07-29,morning,priority_report,CBRS,bounce,Medium,GapFade_strongstock,NO-GO,1,1/6,0.12251763968013384,-0.007212536322125293,0.6886927202340193,0,-0.039122137404580114,0.8335715169380543,,,,,,,,,,,,
2026-07-29,morning,priority_report,SOXL,bounce,ETF,GapFade_strongstock,CAUTION,4,4/6,0.22698631671917635,-0.010681029760817981,1.0421325519201534,0,-0.20787954096922737,0.545561562824225,,,,,,,,,,,,
2026-07-29,morning,priority_report,MRVL,bounce,Large,GapFade_strongstock,NO-GO,3,3/6,0.09585437367649452,0.005330429300166257,0.88042693382718,0,-0.09694691860165776,0.8422125924037726,,,,,,,,,,,,
2026-07-29,morning,priority_report,META,bounce,Large,GapFade_weakstock,NO-GO,0,0/6,0.04367578048231,0.0044657151042280675,0.726947747392808,0,0.0014617181068228477,0.5377710050336467,,,,,,,,,,,,
2026-07-29,morning,priority_report,INTC,bounce,Large,GapFade_strongstock,NO-GO,3,3/6,0.08535211612966505,0.012630359212051025,1.2302311009654041,0,-0.05340121317157705,0.6944569733847009,,,,,,,,,,,,
2026-07-29,morning,priority_report,BRUN,bounce,Small,GapFade_weakstock,NO-GO,2,2/6,0.15475220405717707,0.0,1.4976323629557269,0,-0.23229070837166502,1.0314330436898849,,,,,,,,,,,,
2026-07-29,morning,priority_report,MXL,bounce,Medium,GapFade_strongstock,CAUTION,4,4/6,0.1773835007409847,0.03036986766202917,3.100675500645563,0,-0.15169716440843703,0.48085402645625436,,,,,,,,,,,,
2026-07-29,morning,priority_report,SIMO,bounce,Medium,GapFade_strongstock,CAUTION,4,4/6,0.11630465348330911,-0.0042453256255080745,2.3951287837836333,0,-0.18612033960871166,0.7374141329844375,,,,,,,,,,,,
2026-07-29,morning,priority_report,STM,bounce,Medium,GapFade_strongstock,NO-GO,2,2/6,0.08527272727272728,-0.0021929824561403395,1.7327463053802463,0,-0.028909584788513815,0.5693666674476925,,,,,,,,,,,,
2026-07-29,morning,priority_report,ON,bounce,Medium,GapFade_strongstock,NO-GO,2,2/6,0.06283512397402283,-0.012086740135087048,0.8556407853664068,0,-0.03962677110931918,0.6203989915448482,,,,,,,,,,,,
2026-07-29,morning,priority_report,NVTS,bounce,Medium,GapFade_weakstock,NO-GO,1,1/6,0.11458639186900059,0.010989010989010933,0.6835449370158398,0,-0.07326007326007332,0.8235497024872802,,,,,,,,,,,,
2026-07-29,morning,priority_report,NOK,bounce,Medium,GapFade_weakstock,NO-GO,0,0/6,0.0778452380952381,0.007838745800671924,1.7726566871792144,0,-0.01098901098901095,0.6765560483254321,,,,,,,,,,,,
2026-07-29,morning,priority_report,DXYZ,bounce,Small,GapFade_weakstock,NO-GO,0,0/6,0.08190206851971554,-0.021257750221434762,0.5429224454014524,0,-0.051502145922746746,0.5911485566583141,,,,,,,,,,,,
2026-07-29,morning,priority_report,QCOM,bounce,Large,GapFade_weakstock,NO-GO,0,0/6,0.04535663919133171,0.0012892927308448426,1.0104007689004266,0,-0.023237707372581875,0.7786715076138685,,,,,,,,,,,,
2026-07-29,morning,priority_report,WOLF,bounce,Small,GapFade_weakstock,NO-GO,0,0/6,0.14101325145442795,0.010054844606947094,0.18793725125592703,0,-0.04287570376786481,0.728406238897993,,,,,,,,,,,,
2026-07-29,morning,priority_report,RVI,bounce,Small,GapFade_weakstock,NO-GO,0,0/6,0.0709032294236376,,0.41117422735759995,0,0.0,0.5313807200525059,,,,,,,,,,,,
2026-07-29,morning,priority_report,AAOI,bounce,Medium,GapFade_strongstock,NO-GO,3,3/6,0.14401432573029213,0.012593601089176305,0.8772739043056382,0,-0.10883674488267604,0.9188317155322785,,,,,,,,,,,,
2026-07-29,morning,priority_report,LWLG,bounce,Small,GapFade_weakstock,NO-GO,0,0/6,0.10062699778706662,0.008680555555555525,0.6918845222823615,0,-0.03966942148760334,0.8372632864996956,,,,,,,,,,,,
2026-07-29,morning,priority_report,FCEL,bounce,Small,GapFade_strongstock,NO-GO,2,2/6,0.12938401697312588,0.02746693794506608,3.7247099880549968,0,-0.04985888993414874,0.49740638101328816,,,,,,,,,,,,
2026-07-29,morning,priority_report,ARM,bounce,Large,GapFade_strongstock,NO-GO,3,3/6,0.09313636230654455,-0.0024107215820871265,0.6318099004723404,0,-0.06099765393638701,0.5818135671058287,,,,,,,,,,,,
2026-07-29,morning,priority_report,ALAB,bounce,Medium,GapFade_strongstock,NO-GO,2,2/6,0.12434217406935323,0.007800791607424096,0.7184126786935909,0,-0.10055559366211672,0.5360291777473016,,,,,,,,,,,,
2026-07-29,morning,priority_report,UMC,bounce,Medium,GapFade_strongstock,CAUTION,4,4/6,0.08904576561163387,-0.03801843317972351,1.4493325901425942,0,-0.14271047227926084,0.7800604258630381,,,,,,,,,,,,
2026-07-29,morning,priority_report,AMAT,bounce,Large,GapFade_strongstock,NO-GO,3,3/6,0.08705642064846417,-0.01607690047433146,1.003771421719033,0,-0.12578088578088575,0.6858268575089957,,,,,,,,,,,,
2026-07-29,morning,priority_report,INOD,bounce,Small,GapFade_weakstock,NO-GO,1,1/6,0.06657825865706841,-0.0001737317581654815,0.5056962541699711,0,0.029701198783324327,1.0517857586605057,,,,,,,,,,,,
2026-07-29,morning,priority_report,BABA,bounce,Large,GapFade_weakstock,NO-GO,0,0/6,0.03139600840336135,0.003559336747981566,0.6732165431571735,0,0.03085428928125552,0.6722913997476933,,,,,,,,,,,,
2026-07-29,morning,priority_report,SKHY,bounce,Large,GapFade_strongstock,NO-GO,3,3/6,,-0.0041484212952292545,1.0095897016188782,0,-0.16135084427767354,,,,,,,,,,,,,
2026-07-29,morning,priority_report,DRAM,bounce,ETF,GapFade_weakstock,NO-GO,3,3/6,0.10165461121157321,-0.0077454469332217816,1.7614856858803039,0,-0.10902255639097752,0.5769515846897317,,,,,,,,,,,,
2026-07-29,morning,priority_report,PENG,bounce,Medium,GapFade_strongstock,NO-GO,2,2/6,0.15568157145791153,0.011635154789112718,1.2811439932952775,0,-0.09582172701949868,0.5263757999055807,,,,,,,,,,,,
2026-07-29,morning,priority_report,SPCX,bounce,Large,GapFade_strongstock,NO-GO,3,3/6,0.06770046677312368,-0.0009449360020616737,3.612663180622854,0,0.010689145737377283,1.4123209764319837,,,,,,,,,,,,
2026-07-29,morning,watchlist_report,HQ,bounce,Small,GapFade_weakstock,NO-GO,2,2/6,0.245139313210314,,0.5056303327322531,0,-0.0008547008547008365,0.5792694325701967,,,,,,,,,,,,
2026-07-29,morning,watchlist_report,SIMO,bounce,Medium,GapFade_strongstock,CAUTION,4,4/6,0.11630465348330911,-0.0042453256255080745,2.3951287837836333,0,-0.18612033960871166,0.7374141329844375,,,,,,,,,,,,
2026-07-29,morning,watchlist_report,UMC,bounce,Medium,GapFade_strongstock,NO-GO,3,3/6,0.08835794924030217,-0.030529953917050757,1.4493325901425942,0,-0.1360369609856264,0.7800604258630381,,,,,,,,,,,,
2026-07-29,morning,watchlist_report,SOXL,bounce,ETF,GapFade_strongstock,NO-GO,3,3/6,0.2231359501347709,0.006390359685959363,1.0421325519201534,0,-0.19421094949199624,0.545561562824225,,,,,,,,,,,,
2026-07-29,morning,watchlist_report,BRUN,bounce,Small,GapFade_weakstock,NO-GO,2,2/6,0.15475220405717707,0.0,1.4976323629557269,0,-0.23229070837166502,1.0314330436898849,,,,,,,,,,,,
2026-07-29,morning,watchlist_report,SNDK,bounce,Large,GapFade_strongstock,CAUTION,4,4/6,0.17457893203902133,0.01170613995073452,1.9810461537042234,0,-0.22806489112880768,0.7091055338692971,,,,,,,,,,,,
2026-07-29,morning,watchlist_report,MXL,bounce,Medium,GapFade_strongstock,CAUTION,4,4/6,0.18129417704476605,0.008143875127248117,3.100675500645563,0,-0.16999580947059648,0.48085402645625436,,,,,,,,,,,,
2026-07-29,morning,watchlist_report,AAOI,bounce,Medium,GapFade_strongstock,NO-GO,3,3/6,0.1428618269581924,0.020762423417290655,0.8772739043056382,0,-0.10164752870693965,0.9188317155322785,,,,,,,,,,,,
2026-07-29,morning,watchlist_report,PENG,bounce,Medium,GapFade_strongstock,NO-GO,2,2/6,0.1553624864579978,0.013712861001454323,1.2811439932952775,0,-0.09396471680594247,0.5263757999055807,,,,,,,,,,,,
2026-07-29,morning,watchlist_report,RXT,bounce,Small,GapFade_strongstock,NO-GO,2,2/6,0.16166730328495033,-0.01837270341207345,0.5984307904848234,0,-0.050761421319796884,0.5209748490826825,,,,,,,,,,,,
2026-07-29,morning,watchlist_report,ALAB,bounce,Medium,GapFade_strongstock,NO-GO,2,2/6,0.12328322447817658,0.016457364638973127,0.7184126786935909,0,-0.09282975512723778,0.5360291777473016,,,,,,,,,,,,
2026-07-29,morning,watchlist_report,HYLN,bounce,Small,GapFade_strongstock,NO-GO,2,2/6,0.1063918367346939,-0.011299435028248598,1.0132811162206914,0,-0.05913978494623661,0.9802040972914899,,,,,,,,,,,,
2026-07-29,morning,watchlist_report,NBIS,bounce,Medium,GapFade_strongstock,NO-GO,3,3/6,0.13012806971217322,0.020213330190347142,1.1263463699549456,0,-0.07802098311764395,0.8269792712994244,,,,,,,,,,,,
2026-07-29,morning,watchlist_report,BE,bounce,Medium,GapFade_strongstock,NO-GO,2,2/6,0.13475917360940945,0.11819707504195635,1.4905707790675462,0,0.009032397641841182,0.7635118280168675,,,,,,,,,,,,
2026-07-29,morning,watchlist_report,MRVL,bounce,Large,GapFade_strongstock,NO-GO,3,3/6,0.09548961857702698,0.009170631054049375,0.88042693382718,0,-0.09349739998970291,0.8422125924037726,,,,,,,,,,,,
2026-07-29,morning,watchlist_report,WOLF,bounce,Small,GapFade_weakstock,NO-GO,0,0/6,0.1406314466219701,0.012797074954296214,0.18793725125592703,0,-0.04027717626678214,0.728406238897993,,,,,,,,,,,,
2026-07-29,morning,watchlist_report,ARM,bounce,Large,GapFade_strongstock,NO-GO,3,3/6,0.09206171197223827,0.009234289450028564,0.6318099004723404,0,-0.05003653705626703,0.5818135671058287,,,,,,,,,,,,
2026-07-29,morning,watchlist_report,FCEL,bounce,Small,GapFade_strongstock,NO-GO,2,2/6,0.12906455026455024,0.030010172939979648,3.7247099880549968,0,-0.047507055503292636,0.49740638101328816,,,,,,,,,,,,
2026-07-29,morning,watchlist_report,SPCX,bounce,Large,GapFade_strongstock,NO-GO,3,3/6,0.06785800470321712,-0.0032643243707584867,3.612663180622854,0,0.008342747892587191,1.4123209764319837,,,,,,,,,,,,
2026-07-29,morning,watchlist_report,SKHY,bounce,Large,GapFade_strongstock,NO-GO,3,3/6,,0.002535146347084678,1.0095897016188782,0,-0.15572232645403372,,,,,,,,,,,,,
2026-07-29,morning,watchlist_report,AMAT,bounce,Large,GapFade_strongstock,NO-GO,3,3/6,0.08626516592686535,-0.007052008563153165,1.003771421719033,0,-0.11776223776223772,0.6858268575089957,,,,,,,,,,,,
2026-07-29,morning,watchlist_report,CRDO,bounce,Medium,GapFade_strongstock,NO-GO,2,2/6,0.10508389605074688,0.016642396505096673,0.7804237741171616,0,-0.08289936664320909,0.702956897642855,,,,,,,,,,,,
2026-07-29,morning,watchlist_report,EWY,bounce,ETF,GapFade_strongstock,NO-GO,2,2/6,0.06327898672775045,-0.019940574447012097,1.63593741959598,0,-0.08916298478154148,0.7032206547777471,,,,,,,,,,,,
2026-07-29,morning,watchlist_report,LITE,bounce,Medium,GapFade_strongstock,CAUTION,4,4/6,0.11236859501312503,0.027610326262022,0.8526815262271082,0,-0.12196752251012472,1.0190080285049745,,,,,,,,,,,,
2026-07-29,morning,watchlist_report,MU,bounce,Large,GapFade_strongstock,NO-GO,3,3/6,0.0934120110287782,0.010322596370638523,1.8625694007869624,0,-0.09984255388457576,0.7653809960671122,,,,,,,,,,,,
2026-07-29,morning,watchlist_report,INTC,bounce,Large,GapFade_strongstock,NO-GO,3,3/6,0.08466426139127615,0.02085747392815756,1.2302311009654041,0,-0.04571057192374349,0.6944569733847009,,,,,,,,,,,,
2026-07-29,morning,watchlist_report,AXTI,bounce,Medium,GapFade_weakstock,NO-GO,1,1/6,0.16247218768405208,0.021047708138447113,0.9736026888470167,0,-0.07558755028583529,0.6188733202765094,,,,,,,,,,,,
2026-07-29,morning,watchlist_report,WDC,bounce,Large,GapFade_strongstock,NO-GO,3,3/6,0.10303043742676181,0.03892041164160433,0.7443051061179429,0,-0.07358599461331271,0.9100197624446744,,,,,,,,,,,,
2026-07-29,morning,watchlist_report,NVTS,bounce,Medium,GapFade_weakstock,NO-GO,1,1/6,0.11379924295527831,0.017982017982017953,0.6835449370158398,0,-0.06684981684981689,0.8235497024872802,,,,,,,,,,,,
2026-07-29,morning,watchlist_report,STM,bounce,Medium,GapFade_strongstock,NO-GO,2,2/6,0.08461340206185568,0.005582137161084553,1.7327463053802463,0,-0.02134264648816456,0.5693666674476925,,,,,,,,,,,,
2026-07-29,morning,watchlist_report,GLW,bounce,Large,GapFade_weakstock,NO-GO,3,3/6,0.10746491316923834,0.007301007856519337,1.5173980682050465,0,-0.13446982611660416,0.8504073734089552,,,,,,,,,,,,
2026-07-29,morning,watchlist_report,CRWD,bounce,Large,GapFade_weakstock,NO-GO,3,3/6,0.057363147566719,0.0011001100110010376,1.792556715309712,0,-0.0069838498472282904,1.0081327957537327,,,,,,,,,,,,
2026-07-29,morning,watchlist_report,ON,bounce,Medium,GapFade_strongstock,NO-GO,2,2/6,0.061731844045655,0.005569380258324433,0.8556407853664068,0,-0.022462849902085046,0.6203989915448482,,,,,,,,,,,,
2026-07-29,morning,watchlist_report,STX,bounce,Large,GapFade_strongstock,NO-GO,2,2/6,0.09714286108188123,0.0676797805432893,1.0921415831419228,0,-0.06318367011471311,1.0077661043380834,,,,,,,,,,,,
2026-07-29,morning,watchlist_report,POET,bounce,Small,GapFade_weakstock,NO-GO,0,0/6,0.09820113612455289,0.004437869822485244,0.6618653695516797,0,-0.014513788098693707,0.7798607391537221,,,,,,,,,,,,
2026-07-29,morning,watchlist_report,DGXX,bounce,Small,GapFade_weakstock,NO-GO,1,1/6,0.10611176702085794,-0.010899182561307912,1.447446605534946,0,-0.08793969849246233,1.0124986092052062,,,,,,,,,,,,
2026-07-29,morning,watchlist_report,AMD,bounce,Large,GapFade_strongstock,NO-GO,1,1/6,0.08358010108608485,0.010910210725440983,0.5086403636594521,0,-0.11949420442571138,0.7935073426206719,,,,,,,,,,,,
2026-07-29,morning,watchlist_report,KEEL,bounce,Medium,GapFade_weakstock,NO-GO,0,0/6,0.11723238095238095,0.004016064257028146,0.6008549800333798,0,-0.11971830985915488,0.7733926917640175,,,,,,,,,,,,
2026-07-29,morning,watchlist_report,DRAM,bounce,ETF,GapFade_weakstock,NO-GO,3,3/6,0.10105764621284753,-0.0018840276324053465,1.7614856858803039,0,-0.10375939849624065,0.5769515846897317,,,,,,,,,,,,
2026-07-29,morning,watchlist_report,CRML,bounce,Small,GapFade_weakstock,NO-GO,0,0/6,0.09513385038779085,0.008833922261484068,0.4597999625748636,0,-0.01721170395869185,0.8282182774490474,,,,,,,,,,,,
2026-07-29,morning,watchlist_report,BOT,bounce,Small,GapFade_strongstock,NO-GO,2,2/6,0.10973876206166155,-0.00032938076416330733,0.32686027674664225,0,0.1832358674463939,2.200823539504161,,,,,,,,,,,,
2026-07-29,morning,watchlist_report,IREN,bounce,Medium,GapFade_weakstock,NO-GO,0,0/6,0.104898284060368,0.018272914824638886,0.9691370184467734,0,-0.06797949824656065,0.7035966203711929,,,,,,,,,,,,
2026-07-29,morning,watchlist_report,CBRS,bounce,Medium,GapFade_strongstock,NO-GO,1,1/6,0.12159611992945331,0.00031133250311333685,0.6886927202340193,0,-0.031840096424266794,0.8335715169380543,,,,,,,,,,,,
2026-07-29,morning,watchlist_report,CRWV,bounce,Medium,GapFade_weakstock,NO-GO,0,0/6,0.0884365091561421,0.0152526002971768,0.6758633342571153,0,-0.04943656093489148,0.7524959867984009,,,,,,,,,,,,
2026-07-29,morning,watchlist_report,PL,bounce,Medium,GapFade_weakstock,NO-GO,0,0/6,0.08626102292768957,-0.008325171400587743,0.5890975977802103,0,-0.010747435271128427,0.8014720915968098,,,,,,,,,,,,
2026-07-29,morning,watchlist_report,LWLG,bounce,Small,GapFade_weakstock,NO-GO,0,0/6,0.10062699778706662,0.008680555555555525,0.6918845222823615,0,-0.03966942148760334,0.8372632864996956,,,,,,,,,,,,
2026-07-29,morning,watchlist_report,RKLB,bounce,Medium,GapFade_weakstock,NO-GO,0,0/6,0.08426815629962649,-0.00031303803412119466,0.6809068101649468,0,-0.0006258801439524199,0.9104071749640691,,,,,,,,,,,,
2026-07-29,morning,watchlist_report,FJET,bounce,Micro,GapFade_weakstock,NO-GO,1,1/6,0.10127329192546584,,0.2708561059080232,0,0.07288629737609328,0.8586323213738124,,,,,,,,,,,,
2026-07-29,morning,watchlist_report,RVI,bounce,Small,GapFade_weakstock,NO-GO,0,0/6,0.0709032294236376,,0.41117422735759995,0,0.0,0.5313807200525059,,,,,,,,,,,,
2026-07-29,morning,watchlist_report,IONQ,bounce,Medium,GapFade_weakstock,NO-GO,0,0/6,0.07427366189701821,0.032765643447461495,1.1478976553173932,0,0.06547198538367828,0.9735101886004216,,,,,,,,,,,,
2026-07-29,morning,watchlist_report,INOD,bounce,Small,GapFade_weakstock,NO-GO,1,1/6,0.06657825865706841,-0.0001737317581654815,0.5056962541699711,0,0.029701198783324327,1.0517857586605057,,,,,,,,,,,,
2026-07-29,morning,watchlist_report,TSLA,bounce,Large,GapFade_weakstock,NO-GO,1,1/6,0.053014422539930786,-0.0015612802498048992,0.4571098769779788,0,-0.01939111267290673,0.643384894544661,,,,,,,,,,,,
2026-07-29,morning,watchlist_report,NOK,bounce,Medium,GapFade_weakstock,NO-GO,0,0/6,0.0772444479445582,0.015677491601343848,1.7726566871792144,0,-0.0032967032967032264,0.6765560483254321,,,,,,,,,,,,
2026-07-29,morning,watchlist_report,DXYZ,bounce,Small,GapFade_weakstock,NO-GO,0,0/6,0.08190206851971554,-0.021257750221434762,0.5429224454014524,0,-0.051502145922746746,0.5911485566583141,,,,,,,,,,,,
2026-07-29,morning,watchlist_report,OKLO,bounce,Medium,GapFade_weakstock,NO-GO,1,1/6,0.07891108386817627,0.0010106114199090234,0.5229934037616976,0,-0.015652173913043542,0.9127583938003774,,,,,,,,,,,,
2026-07-29,morning,watchlist_report,NVDA,bounce,Large,GapFade_strongstock,NO-GO,0,0/6,0.039105463502015235,0.003908431044109488,0.4788082873410156,0,-0.04380197253916072,0.7705954660098475,,,,,,,,,,,,
2026-07-29,morning,watchlist_report,GOOGL,bounce,Large,GapFade_strongstock,NO-GO,0,0/6,0.0356298232937565,0.0012585778070780497,0.8068067096020874,0,0.04500531681991614,0.9609413577376594,,,,,,,,,,,,
2026-07-29,morning,watchlist_report,AVGO,bounce,Large,GapFade_strongstock,NO-GO,0,0/6,0.039072147243844606,0.0045680081909111134,0.6894097377545909,0,0.0019113950565562456,0.9551227967249133,,,,,,,,,,,,
2026-07-29,morning,watchlist_report,RGTI,bounce,Medium,GapFade_weakstock,NO-GO,1,1/6,0.07516351708606675,0.004820936639118477,0.708100240704459,0,0.031095406360423992,0.9665014427241753,,,,,,,,,,,,
2026-07-29,morning,watchlist_report,MP,bounce,Medium,GapFade_weakstock,NO-GO,1,1/6,0.06648360938578331,0.0029069767441859845,0.4877604482305746,0,0.002421307506053303,1.0063865842803361,,,,,,,,,,,,
2026-07-29,morning,watchlist_report,ORCL,bounce,Large,GapFade_weakstock,NO-GO,3,3/6,0.0580152171061262,-0.0014171390463486788,1.538353552187344,0,0.04174276024002097,1.1266766020864378,,,,,,,,,,,,
2026-07-29,morning,watchlist_report,SPCE,bounce,Small,GapFade_weakstock,NO-GO,0,0/6,0.06923752834467117,0.012048192771084258,0.5117968386466932,0,0.012048192771084258,0.7450771687067587,,,,,,,,,,,,
2026-07-29,morning,watchlist_report,SMR,bounce,Medium,GapFade_weakstock,NO-GO,1,1/6,0.07669580032786254,-0.0023965936739659697,1.294805636972347,0,0.013634116192830718,0.9858035207268603,,,,,,,,,,,,
2026-07-29,morning,watchlist_report,KWEB,bounce,ETF,GapFade_weakstock,NO-GO,1,1/6,0.021288713096530687,0.011717319663127071,1.0711347408416676,0,0.05096995055154051,0.6885329512198104,,,,,,,,,,,,
2026-07-29,morning,watchlist_report,OPEN,bounce,Medium,GapFade_weakstock,NO-GO,0,0/6,0.08701051486584481,0.0,0.2688424515485711,0,0.02737940026075619,0.7584123346181888,,,,,,,,,,,,
2026-07-29,morning,watchlist_report,APP,bounce,Large,GapFade_weakstock,NO-GO,1,1/6,0.06138243499189747,-0.0008607909712591785,0.8882132115816778,0,0.06602377672330219,1.0056779684853112,,,,,,,,,,,,
2026-07-29,morning,watchlist_report,MSTR,bounce,Medium,GapFade_weakstock,NO-GO,1,1/6,0.05683683865803072,0.020694675540765487,1.4018721249214205,0,0.07068833860586891,0.9420034699325875,,,,,,,,,,,,
2026-07-29,morning,watchlist_report,QCOM,bounce,Large,GapFade_weakstock,NO-GO,0,0/6,0.04502260672984959,0.008718074656188703,1.0104007689004266,0,-0.01599089656824572,0.7786715076138685,,,,,,,,,,,,
2026-07-29,morning,watchlist_report,FIG,bounce,Medium,GapFade_weakstock,NO-GO,1,1/6,0.08149166889599482,-0.020914684167350216,1.115410833882138,0,0.13021306818181816,0.9921786068372925,,,,,,,,,,,,
2026-07-29,morning,watchlist_report,TEAM,bounce,Medium,GapFade_weakstock,NO-GO,0,0/6,0.0749314028839979,-0.02100420084016812,1.4469122245683568,0,0.12661141804788215,0.8235294117647068,,,,,,,,,,,,
2026-07-29,morning,watchlist_report,PLTR,bounce,Large,GapFade_weakstock,NO-GO,1,1/6,0.057297305152529766,-0.0052618797053347825,0.6300151449738085,0,-0.0003254149040026542,1.3208927286985754,,,,,,,,,,,,
2026-07-29,morning,watchlist_report,ETHE,bounce,Medium,GapFade_weakstock,NO-GO,1,1/6,0.03317993175320483,0.0006459948320413299,0.45336234665727954,0,0.031291611185086596,1.1092364566250663,,,,,,,,,,,,
2026-07-29,morning,watchlist_report,IBIT,bounce,ETF,GapFade_weakstock,NO-GO,1,1/6,0.025017593244194232,0.011068068622025418,0.5383206007271996,0,0.005226960110041203,0.8751367401156476,,,,,,,,,,,,
2026-07-29,morning,watchlist_report,U,breakout,Medium,D2_continuation,NO-GO,1,1/6 [AVOID],0.05483293285578274,-0.010053408733898735,,,,1.2385795196163552,0.04690403874477669,0.11100289403383787,,,,,,,,,,
2026-07-29,morning,watchlist_report,META,bounce,Large,GapFade_weakstock,NO-GO,0,0/6,0.04371685258486263,0.003522016818051654,0.726947747392808,0,0.0005208420840402987,0.5377710050336467,,,,,,,,,,,,
2026-07-29,morning,watchlist_report,AAPL,breakout,Large,D2_continuation,CAUTION,1,1/6 [REDUCED_SIZE],0.023273406269724368,-0.0017054810632791816,,,,0.9226304822430205,0.028491892530107376,0.11032207429045177,,,,,,,,,,
2026-07-29,morning,watchlist_report,BABA,bounce,Large,GapFade_weakstock,NO-GO,0,0/6,0.03140959386783705,0.0031252712909106643,0.6732165431571735,0,0.030408418048867455,0.6722913997476933,,,,,,,,,,,,
2026-07-29,morning,watchlist_report,MSFT,bounce,Large,GapFade_weakstock,NO-GO,0,0/6,0.02972729027371121,-0.0027202237193340536,0.9835075783119201,0,0.027718103222425947,0.7734906122078948,,,,,,,,,,,,
2026-07-29,evening,priority_report,AMD,bounce,Large,GapFade_strongstock,NO-GO,1,1/6,0.08536492986690893,-0.004278298359069097,0.5086403636594521,0.014539173910921474,-0.13790401379442482,0.7935073426206719,,,,,,,,,,,,
2026-07-29,evening,priority_report,HQ,bounce,Small,GapFade_weakstock,NO-GO,2,2/6,0.24040927612655794,0.01967493584260055,0.5056303327322531,0.013454017732736355,0.018803418803418858,0.5792694325701967,,,,,,,,,,,,
2026-07-29,evening,priority_report,AAPL,breakout,Large,D2_continuation,CAUTION,2,2/6 [REDUCED_SIZE],0.02304532878892674,0.00817454716537294,,,,,0.03867078136339508,0.11935271981641808,,,,,,,,,,
2026-07-29,evening,priority_report,SPCE,bounce,Small,GapFade_weakstock,NO-GO,0,0/6,0.06828906905227841,-0.004016064257028205,0.5117968386466932,0.011912013728999329,0.02610441767068271,0.7450771687067587,,,,,,,,,,,,
2026-07-29,evening,priority_report,RXT,bounce,Small,GapFade_strongstock,NO-GO,2,2/6,0.15444079547527823,0.0,0.5984307904848234,0.014519225859551073,-0.006345177664974597,0.5209748490826825,,,,,,,,,,,,
2026-07-29,evening,priority_report,FJET,bounce,Micro,GapFade_weakstock,NO-GO,1,1/6,0.10182669789227168,-0.010869565217391313,0.2708561059080232,0.002917417427606336,0.06705539358600582,0.8586323213738124,,,,,,,,,,,,
2026-07-29,evening,priority_report,GOOGL,bounce,Large,GapFade_strongstock,NO-GO,0,0/6,0.034848641347529005,0.002861766204189389,0.8068067096020874,0.02423236870189176,0.06843059986238817,0.9609413577376594,,,,,,,,,,,,
2026-07-29,evening,priority_report,NVDA,bounce,Large,GapFade_strongstock,NO-GO,0,0/6,0.03947268843231894,-0.005913405410892808,0.4788082873410156,0.010580723860974429,-0.05269773738155099,0.7705954660098475,,,,,,,,,,,,
2026-07-29,evening,priority_report,CRWD,bounce,Large,GapFade_weakstock,NO-GO,3,3/6,0.05713085726793728,0.004537953795379475,1.792556715309712,0.046410059296814035,-0.002946311654299389,1.0081327957537327,,,,,,,,,,,,
2026-07-29,evening,priority_report,EWY,bounce,ETF,GapFade_strongstock,NO-GO,2,2/6,0.06113316844571727,-0.01729943875866607,1.63593741959598,0.11030991605395646,-0.057191948944526394,0.7032206547777471,,,,,,,,,,,,
2026-07-29,evening,priority_report,BOT,bounce,Small,GapFade_weakstock,NO-GO,1,1/6,0.11889505219316342,-0.043148880105401806,0.32686027674664225,0.04549263367412483,0.09211306042884991,2.200823539504161,,,,,,,,,,,,
2026-07-29,evening,priority_report,GLW,bounce,Large,GapFade_weakstock,NO-GO,1,1/6,0.10485852656779354,0.0023014046504245063,1.5173980682050465,0.02828923502077562,-0.1129560177292874,0.8504073734089552,,,,,,,,,,,,
2026-07-29,evening,priority_report,AVGO,bounce,Large,GapFade_strongstock,NO-GO,0,0/6,0.038874791514077855,-0.0007219553175291646,0.6894097377545909,0.021643354057822407,0.006997800586510234,0.9551227967249133,,,,,,,,,,,,
2026-07-29,evening,priority_report,PLTR,bounce,Large,GapFade_weakstock,NO-GO,1,1/6,0.055449441678620655,0.0038047437869343386,0.6300151449738085,0.01093414894911841,0.03298893589326385,1.3208927286985754,,,,,,,,,,,,
2026-07-29,evening,priority_report,ORCL,bounce,Large,GapFade_weakstock,NO-GO,2,2/6,0.05717517776341306,-0.004501500500166656,1.538353552187344,0.025200071882015954,0.057048438994695215,1.1266766020864378,,,,,,,,,,,,
2026-07-29,evening,priority_report,LITE,bounce,Medium,GapFade_strongstock,GO,5,5/6,0.11825551047337779,0.005031215007746363,0.8526815262271082,0.022206543655351824,-0.16567713862567002,1.0190080285049745,,,,,,,,,,,,
2026-07-29,evening,priority_report,MSFT,bounce,Large,GapFade_weakstock,NO-GO,0,0/6,0.029209416580639053,0.00012711325791268469,0.9835075783119201,0.033235677243028325,0.04593921928215883,0.7734906122078948,,,,,,,,,,,,
2026-07-29,evening,priority_report,HYLN,bounce,Small,GapFade_strongstock,NO-GO,2,2/6,0.11016906170752329,-0.011299435028248598,1.0132811162206914,0.02749676141088666,-0.09139784946236566,0.9802040972914899,,,,,,,,,,,,
2026-07-29,evening,priority_report,MU,bounce,Large,GapFade_strongstock,NO-GO,3,3/6,0.09766374133616317,0.015197494302463076,1.8625694007869624,0.08658497739062224,-0.1390303490960422,0.7653809960671122,,,,,,,,,,,,
2026-07-29,evening,priority_report,IONQ,bounce,Medium,GapFade_weakstock,NO-GO,0,0/6,0.07616772734885278,-0.004722550177095741,1.1478976553173932,0.04362567081245311,0.038976857490864616,0.9735101886004216,,,,,,,,,,,,
2026-07-29,evening,priority_report,WDC,bounce,Large,GapFade_strongstock,NO-GO,3,3/6,0.0999281110631564,0.036428556018208866,0.7443051061179429,0.04836068500636737,-0.04482493266641007,0.9100197624446744,,,,,,,,,,,,
2026-07-29,evening,priority_report,STX,bounce,Large,GapFade_strongstock,NO-GO,2,2/6,0.09574334101553261,0.052923859226549005,1.0921415831419228,0.09258080150468802,-0.04948983785180064,1.0077661043380834,,,,,,,,,,,,
2026-07-29,evening,priority_report,KEEL,bounce,Medium,GapFade_weakstock,NO-GO,1,1/6,0.12724209220591276,-0.009370816599732181,0.6008549800333798,0.013217389870048833,-0.1889671361502347,0.7733926917640175,,,,,,,,,,,,
2026-07-29,evening,priority_report,IREN,bounce,Medium,GapFade_weakstock,NO-GO,0,0/6,0.11412147965015457,0.004273504273504366,0.9691370184467734,0.027388086922751017,-0.14330455894254115,0.7035966203711929,,,,,,,,,,,,
2026-07-29,evening,priority_report,MP,bounce,Medium,GapFade_weakstock,NO-GO,1,1/6,0.0688966565349544,-0.009932170542635748,0.4877604482305746,0.015802093025193278,-0.03268765133171899,1.0063865842803361,,,,,,,,,,,,
2026-07-29,evening,priority_report,BE,bounce,Medium,GapFade_strongstock,NO-GO,3,3/6,0.1404428324036167,0.09985614960441139,1.4905707790675462,0.25218782720549066,-0.0318026934934285,0.7635118280168675,,,,,,,,,,,,
2026-07-29,evening,priority_report,OKLO,bounce,Medium,GapFade_weakstock,NO-GO,1,1/6,0.07979727266097865,-0.01490651844365832,0.5229934037616976,0.010875058937667555,-0.026583850931677026,0.9127583938003774,,,,,,,,,,,,
2026-07-29,evening,priority_report,SMR,bounce,Medium,GapFade_weakstock,NO-GO,1,1/6,0.07817632957471363,-0.026763990267639978,1.294805636972347,0.034635666291567224,-0.005562422744128545,0.9858035207268603,,,,,,,,,,,,
2026-07-29,evening,priority_report,RKLB,bounce,Medium,GapFade_weakstock,NO-GO,0,0/6,0.08585431716154321,-0.006025982156832024,0.6809068101649468,0.01958910032471811,-0.01908934439054919,0.9104071749640691,,,,,,,,,,,,
2026-07-29,evening,priority_report,DGXX,bounce,Small,GapFade_weakstock,NO-GO,1,1/6,0.10819823434991975,-0.005449591280653956,1.447446605534946,0.008968165954631662,-0.10552763819095476,1.0124986092052062,,,,,,,,,,,,
2026-07-29,evening,priority_report,APP,bounce,Large,GapFade_weakstock,NO-GO,1,1/6,0.06232181108663752,-0.011202238056525279,0.8882132115816778,0.006515376954743915,0.04995560998010097,1.0056779684853112,,,,,,,,,,,,
2026-07-29,evening,priority_report,OPEN,bounce,Medium,GapFade_weakstock,NO-GO,0,0/6,0.08790518438201711,-0.012690355329949193,0.2688424515485711,0.005515592105834931,0.01692307692307697,0.7584123346181888,,,,,,,,,,,,
2026-07-29,evening,priority_report,CRML,bounce,Small,GapFade_weakstock,NO-GO,0,0/6,0.09976387249114523,-0.001766784452296782,0.4597999625748636,0.007827896448374706,-0.06282271944922536,0.8282182774490474,,,,,,,,,,,,
2026-07-29,evening,priority_report,SNDK,bounce,Large,GapFade_strongstock,CAUTION,4,4/6,0.17326663308320475,0.021191497126174682,1.9810461537042234,0.10438188882199695,-0.22221835495906891,0.7091055338692971,,,,,,,,,,,,
2026-07-29,evening,priority_report,PL,bounce,Medium,GapFade_weakstock,NO-GO,0,0/6,0.08422303347568534,-0.0009794319294810542,0.5890975977802103,0.016461423669352444,0.013190034196384934,0.8014720915968098,,,,,,,,,,,,
2026-07-29,evening,priority_report,RGTI,bounce,Medium,GapFade_weakstock,NO-GO,1,1/6,0.07816362895835452,-0.013774104683195544,0.708100240704459,0.012252958631571624,-0.008480565371024805,0.9665014427241753,,,,,,,,,,,,
2026-07-29,evening,priority_report,CRWV,bounce,Medium,GapFade_weakstock,NO-GO,0,0/6,0.09273414890818206,-0.009361069836552681,0.6758633342571153,0.02794927350621537,-0.09348914858096827,0.7524959867984009,,,,,,,,,,,,
2026-07-29,evening,priority_report,NBIS,bounce,Medium,GapFade_strongstock,CAUTION,4,4/6,0.13980247876735405,0.004478755377452949,1.1263463699549456,0.03939130397839295,-0.14182244234968325,0.8269792712994244,,,,,,,,,,,,
2026-07-29,evening,priority_report,CRDO,bounce,Medium,GapFade_strongstock,NO-GO,2,2/6,0.10877310034418851,-0.014198044518410597,0.7804237741171616,0.017837462509954324,-0.11400422237860666,0.702956897642855,,,,,,,,,,,,
2026-07-29,evening,priority_report,POET,bounce,Small,GapFade_weakstock,NO-GO,0,0/6,0.0967772702485833,-0.007396449704141985,0.6618653695516797,0.01798086127975647,-1.4513788098659935e-05,0.7798607391537221,,,,,,,,,,,,
2026-07-29,evening,priority_report,U,breakout,Medium,D2_continuation,CAUTION,3,3/6 [REDUCED_SIZE],0.05275681570338058,0.028903550109959212,,,,,0.08810242046624674,0.14265638913624215,,,,,,,,,,
2026-07-29,evening,priority_report,TSLA,bounce,Large,GapFade_weakstock,NO-GO,1,1/6,0.05292993053458173,-0.000975800156128062,0.4571098769779788,0.01019219483587946,-0.017825767498322796,0.643384894544661,,,,,,,,,,,,
2026-07-29,evening,priority_report,FIG,bounce,Medium,GapFade_weakstock,NO-GO,1,1/6,0.0766284926418864,-0.0016406890894175206,1.115410833882138,0.021404901828032157,0.2019412878787879,0.9921786068372925,,,,,,,,,,,,
2026-07-29,evening,priority_report,IBIT,bounce,ETF,GapFade_weakstock,NO-GO,1,1/6,0.02504494116845864,0.004703929164360866,0.5383206007271996,0.056104223952592694,0.004129298486932652,0.8751367401156476,,,,,,,,,,,,
2026-07-29,evening,priority_report,ETHE,bounce,Medium,GapFade_weakstock,NO-GO,1,1/6,0.03320136581764488,-0.008397932816537518,0.45336234665727954,0.016370903757325285,0.03062583222370179,1.1092364566250663,,,,,,,,,,,,
2026-07-29,evening,priority_report,TEAM,bounce,Medium,GapFade_weakstock,NO-GO,0,0/6,0.06974737971837491,0.0002000400080015605,1.4469122245683568,0.01905728525651718,0.21034760589318607,0.8235294117647068,,,,,,,,,,,,
2026-07-29,evening,priority_report,MSTR,bounce,Medium,GapFade_weakstock,NO-GO,1,1/6,0.056155986654778695,0.0022878535773710367,1.4018721249214205,0.025454240291542814,0.08366968473873679,0.9420034699325875,,,,,,,,,,,,
2026-07-29,evening,priority_report,KWEB,bounce,ETF,GapFade_weakstock,NO-GO,1,1/6,0.02090288354147629,0.009886488465763442,1.0711347408416676,0.018717857299304558,0.07036896158235076,0.6885329512198104,,,,,,,,,,,,
2026-07-29,evening,priority_report,AXTI,bounce,Medium,GapFade_weakstock,NO-GO,1,1/6,0.17580014161798546,0.028999064546305006,0.9736026888470167,0.03606983515614321,-0.14567012492060122,0.6188733202765094,,,,,,,,,,,,
2026-07-29,evening,priority_report,CBRS,bounce,Medium,GapFade_strongstock,NO-GO,1,1/6,0.1284595572117493,-0.01151930261519302,0.6886927202340193,0.014143339177134182,-0.08356769787063084,0.8335715169380543,,,,,,,,,,,,
2026-07-29,evening,priority_report,SOXL,bounce,ETF,GapFade_strongstock,CAUTION,4,4/6,0.22781711235267063,-0.017527843710060265,1.0421325519201534,0.0681726177483738,-0.21076821869746362,0.545561562824225,,,,,,,,,,,,
2026-07-29,evening,priority_report,MRVL,bounce,Large,GapFade_strongstock,NO-GO,3,3/6,0.09555202831892892,-0.0025219235398635737,0.88042693382718,0.036430913507334406,-0.09408948154250105,0.8422125924037726,,,,,,,,,,,,
2026-07-29,evening,priority_report,META,bounce,Large,GapFade_weakstock,NO-GO,0,0/6,0.0435577625202421,-0.00026962808176466215,0.726947747392808,0.023175706510170813,0.0041751373510978,0.5377710050336467,,,,,,,,,,,,
2026-07-29,evening,priority_report,INTC,bounce,Large,GapFade_strongstock,NO-GO,3,3/6,0.08595178201240868,0.0031286210892235923,1.2302311009654041,0.038603831936514066,-0.060005415944540695,0.6944569733847009,,,,,,,,,,,,
2026-07-29,evening,priority_report,BRUN,bounce,Small,GapFade_weakstock,NO-GO,2,2/6,0.1548449811579308,-0.025763930497303755,1.4976323629557269,0.007718730714220516,-0.23275068997240106,1.0314330436898849,,,,,,,,,,,,
2026-07-29,evening,priority_report,MXL,bounce,Medium,GapFade_strongstock,CAUTION,4,4/6,0.1799014696058784,0.025279945707499186,3.100675500645563,0.05144952178389041,-0.1635703310518229,0.48085402645625436,,,,,,,,,,,,
2026-07-29,evening,priority_report,SIMO,bounce,Medium,GapFade_strongstock,CAUTION,4,4/6,0.11655846207202818,0.014542498419293646,2.3951287837836333,0.06728003113569288,-0.18789258028792907,0.7374141329844375,,,,,,,,,,,,
2026-07-29,evening,priority_report,STM,bounce,Medium,GapFade_strongstock,NO-GO,2,2/6,0.0838157894736842,-0.015948963317384313,1.7327463053802463,0.06964001664680658,-0.012029491656965414,0.5693666674476925,,,,,,,,,,,,
2026-07-29,evening,priority_report,ON,bounce,Medium,GapFade_strongstock,NO-GO,2,2/6,0.06279746206802066,-0.016163052494371423,0.8556407853664068,0.010668351332478634,-0.03905080059900934,0.6203989915448482,,,,,,,,,,,,
2026-07-29,evening,priority_report,NVTS,bounce,Medium,GapFade_weakstock,NO-GO,1,1/6,0.11043945578231294,-0.01498501498501502,0.6835449370158398,0.016481677686668098,-0.03846153846153846,0.8235497024872802,,,,,,,,,,,,
2026-07-29,evening,priority_report,NOK,bounce,Medium,GapFade_weakstock,NO-GO,0,0/6,0.08043710021321962,-0.0022396416573347787,1.7726566871792144,0.053704202663225495,-0.042857142857142726,0.6765560483254321,,,,,,,,,,,,
2026-07-29,evening,priority_report,DXYZ,bounce,Small,GapFade_weakstock,NO-GO,0,0/6,0.08270668102744864,-0.046501328609388715,0.5429224454014524,0.025939711700794517,-0.06072961373390554,0.5911485566583141,,,,,,,,,,,,
2026-07-29,evening,priority_report,QCOM,bounce,Large,GapFade_weakstock,NO-GO,0,0/6,0.045107715627259515,-0.0018725442043222424,1.0104007689004266,0.022688570255049164,-0.017847517518116966,0.7786715076138685,,,,,,,,,,,,
2026-07-29,evening,priority_report,WOLF,bounce,Small,GapFade_weakstock,NO-GO,0,0/6,0.14528638028638033,-0.005484460694698238,0.18793725125592703,0.0010191714928603531,-0.0710264183629277,0.728406238897993,,,,,,,,,,,,
2026-07-29,evening,priority_report,RVI,bounce,Small,GapFade_weakstock,NO-GO,0,0/6,0.07240939020898941,0.000784929356357911,0.41117422735759995,0.011764769770097234,-0.02080062794348513,0.5313807200525059,,,,,,,,,,,,
2026-07-29,evening,priority_report,AAOI,bounce,Medium,GapFade_weakstock,NO-GO,1,1/6,0.15493344468935116,0.000567279328341243,0.8772739043056382,0.03966157817625045,-0.17164253619570655,0.9188317155322785,,,,,,,,,,,,
2026-07-29,evening,priority_report,LWLG,bounce,Small,GapFade_weakstock,NO-GO,0,0/6,0.10132458529338943,0.0034722222222223027,0.6918845222823615,0.01263663406283843,-0.046280991735537236,0.8372632864996956,,,,,,,,,,,,
2026-07-29,evening,priority_report,FCEL,bounce,Small,GapFade_strongstock,NO-GO,2,2/6,0.13133452979181623,0.035605289928789384,3.7247099880549968,0.12678484826530825,-0.06396989651928518,0.49740638101328816,,,,,,,,,,,,
2026-07-29,evening,priority_report,ARM,bounce,Large,GapFade_strongstock,NO-GO,3,3/6,0.09489709897814394,-0.013238538857563166,0.6318099004723404,0.020688643369268764,-0.07842006076689353,0.5818135671058287,,,,,,,,,,,,
2026-07-29,evening,priority_report,ALAB,bounce,Medium,GapFade_strongstock,NO-GO,2,2/6,0.12002642191994028,3.842754486412368e-05,0.7184126786935909,0.017377049263680545,-0.06821455518211121,0.5360291777473016,,,,,,,,,,,,
2026-07-29,evening,priority_report,UMC,bounce,Medium,GapFade_strongstock,NO-GO,2,2/6,0.08259174038957431,-0.017857142857142783,1.4493325901425942,0.052033476004101915,-0.07571868583162225,0.7800604258630381,,,,,,,,,,,,
2026-07-29,evening,priority_report,AMAT,bounce,Large,GapFade_strongstock,NO-GO,3,3/6,0.08791863464759453,-0.02736850942366613,1.003771421719033,0.04688034077764673,-0.1343543123543124,0.6858268575089957,,,,,,,,,,,,
2026-07-29,evening,priority_report,INOD,bounce,Small,GapFade_weakstock,NO-GO,1,1/6,0.06618151456454421,-0.004517025712300297,0.5056962541699711,0.056112294617714865,0.03587403828949727,1.0517857586605057,,,,,,,,,,,,
2026-07-29,evening,priority_report,BABA,bounce,Large,GapFade_weakstock,NO-GO,0,0/6,0.030867312225111174,-0.004167028387880927,0.6732165431571735,0.00685885061374377,0.04851079008382377,0.6722913997476933,,,,,,,,,,,,
2026-07-29,evening,priority_report,SKHY,bounce,Large,GapFade_strongstock,NO-GO,1,1/6,,-0.0016900975647230459,1.0160730261190714,0.07519861457628668,-0.12105195057255602,,,,,,,,,,,,,
2026-07-29,evening,priority_report,DRAM,bounce,ETF,GapFade_weakstock,NO-GO,2,2/6,0.10000910278827001,-0.002930709650408218,1.7614856858803039,0.19754057034049763,-0.0943627819548872,0.5769515846897317,,,,,,,,,,,,
2026-07-29,evening,priority_report,PENG,bounce,Medium,GapFade_strongstock,NO-GO,3,3/6,0.16122802752920798,0.0004155412424682323,1.2811439932952775,0.023816695011100692,-0.12692664809656454,0.5263757999055807,,,,,,,,,,,,
2026-07-29,evening,priority_report,SPCX,bounce,Large,GapFade_strongstock,NO-GO,3,3/6,0.0679575719464378,-0.01730950949231166,3.612663180622854,0.09775573257079645,0.006865386286608206,1.4123209764319837,,,,,,,,,,,,
2026-07-30,morning,priority_report,AMD,bounce,Large,GapFade_strongstock,NO-GO,1,1/6,0.08714084692700613,0.009172176180277488,0.5809860146393057,0,-0.12415395494494391,0.8785681141509113,,,,,,,,,,,,
2026-07-30,morning,priority_report,HQ,bounce,Small,GapFade_weakstock,NO-GO,2,2/6,0.2531045145330859,0.0,0.4514422841910034,0,-0.0700483091787439,0.8987954162288954,,,,,,,,,,,,
2026-07-30,morning,priority_report,AAPL,breakout,Large,D2_continuation,NO-GO,2,2/6 [AVOID],0.023080359778364385,0.00174458144829822,,,,,0.02130155747698201,0.10013649231598817,,,,,,,,,,
2026-07-30,morning,priority_report,SPCE,bounce,Small,GapFade_weakstock,NO-GO,0,0/6,0.07136124121779858,-0.0040816326530613185,0.6856755187007182,0,-0.035573122529644216,0.9188989621364411,,,,,,,,,,,,
2026-07-30,morning,priority_report,RXT,bounce,Small,GapFade_strongstock,NO-GO,2,2/6,0.12137014700339238,0.002645502645502707,0.5463613967910516,0,-0.018134715025906696,0.5543564341061203,,,,,,,,,,,,
2026-07-30,morning,priority_report,FJET,bounce,Micro,GapFade_weakstock,NO-GO,1,1/6,0.10832853025936601,,0.17537909825820852,0,-0.04931506849315061,0.8246874168661879,,,,,,,,,,,,
2026-07-30,morning,priority_report,GOOGL,bounce,Large,GapFade_strongstock,NO-GO,0,0/6,0.03536424922784509,2.96991476346047e-05,0.8368661345933225,0,0.031112199902008895,0.9136829906322297,,,,,,,,,,,,
2026-07-30,morning,priority_report,NVDA,bounce,Large,GapFade_weakstock,NO-GO,0,0/6,0.04072683202054923,0.012736171780432693,0.4162753862889122,0,-0.02076230217291733,0.9013579246602021,,,,,,,,,,,,
2026-07-30,morning,priority_report,CRWD,bounce,Large,GapFade_weakstock,NO-GO,2,2/6,0.05589944077826316,0.028208272940127118,2.299983215114668,0,0.024040863916495386,0.9631339055419322,,,,,,,,,,,,
2026-07-30,morning,priority_report,EWY,bounce,ETF,GapFade_strongstock,CAUTION,4,4/6,0.06900042572992883,0.0005547465501697808,2.6716922930096993,0,-0.10490074441687343,1.1470387774868185,,,,,,,,,,,,
2026-07-30,morning,priority_report,BOT,bounce,Small,GapFade_strongstock,NO-GO,1,1/6,0.1208346134152586,0.024981631153563548,1.354646159488145,0,0.07431651906045436,0.9788550362303488,,,,,,,,,,,,
2026-07-30,morning,priority_report,GLW,bounce,Large,GapFade_weakstock,NO-GO,3,3/6,0.10198141408148594,0.00935106811769445,4.969248723931227,0,-0.12660435267857156,0.6460913153580103,,,,,,,,,,,,
2026-07-30,morning,priority_report,AVGO,bounce,Large,GapFade_strongstock,NO-GO,1,1/6,0.03940561176744701,0.009964355152300706,0.7576068940364827,0,-0.0240331924221075,1.1270047054934893,,,,,,,,,,,,
2026-07-30,morning,priority_report,PLTR,bounce,Large,GapFade_weakstock,NO-GO,0,0/6,0.055888548604965296,-0.002601626016260107,0.7485239006400246,0,-0.06728503003117155,0.7044505816769921,,,,,,,,,,,,
2026-07-30,morning,priority_report,ORCL,bounce,Large,GapFade_weakstock,NO-GO,2,2/6,0.056621817702150135,0.011805673517920848,1.360454967015731,0,-0.006422018348623939,0.8479906814210828,,,,,,,,,,,,
2026-07-30,morning,priority_report,LITE,bounce,Medium,GapFade_strongstock,NO-GO,3,3/6,0.11834640819653046,0.01851083257242463,1.2831127658928578,0,-0.13829428619585374,0.8314794634371078,,,,,,,,,,,,
2026-07-30,morning,priority_report,MSFT,bounce,Large,GapFade_weakstock,NO-GO,1,1/6,0.027772695035461013,0.08311568597326773,1.140405360236854,0,0.08712413261372391,1.0648757006601193,,,,,,,,,,,,
2026-07-30,morning,priority_report,HYLN,bounce,Small,GapFade_strongstock,NO-GO,2,2/6,0.11611428571428574,0.0030864197530863537,1.2138342643957907,0,-0.14921465968586384,0.9009691096305265,,,,,,,,,,,,
2026-07-30,morning,priority_report,MU,bounce,Large,GapFade_strongstock,CAUTION,4,4/6,0.10780058806026246,-0.012503382949932354,2.383585507170525,0,-0.18933570317707182,1.3209852039269996,,,,,,,,,,,,
2026-07-30,morning,priority_report,IONQ,bounce,Medium,GapFade_weakstock,NO-GO,0,0/6,0.08096083978862759,0.027705532979056022,0.8099549540835129,0,-0.0847355233853007,0.942971309880662,,,,,,,,,,,,
2026-07-30,morning,priority_report,WDC,bounce,Large,GapFade_strongstock,NO-GO,3,3/6,0.10558348214285715,0.004242056964764911,1.2580733071136798,0,-0.06812339331619541,0.866898595842391,,,,,,,,,,,,
2026-07-30,morning,priority_report,STX,bounce,Large,GapFade_strongstock,NO-GO,2,2/6,0.09923061092654115,0.012519131902201707,2.0958568182147275,0,-0.05261998310872839,0.8778132306062091,,,,,,,,,,,,
2026-07-30,morning,priority_report,KEEL,bounce,Small,GapFade_weakstock,NO-GO,1,1/6,0.13748247151621384,0.025157232704402396,0.750720168237986,0,-0.19506172839506175,1.2048384783336257,,,,,,,,,,,,
2026-07-30,morning,priority_report,IREN,bounce,Medium,GapFade_weakstock,NO-GO,1,1/6,0.12185874395610873,0.04171272603207096,1.3191328240185316,0,-0.1586497657756958,1.4271645040344185,,,,,,,,,,,,
2026-07-30,morning,priority_report,MP,bounce,Medium,GapFade_weakstock,NO-GO,1,1/6,0.0725994680261554,0.01496062992125985,0.704307910989985,0,-0.10340830048690008,1.1826154656408128,,,,,,,,,,,,
2026-07-30,morning,priority_report,BE,bounce,Medium,GapFade_weakstock,NO-GO,2,2/6,0.15526659776264595,0.00445801526717551,2.7773626349589815,0,-0.1259432458284622,1.1091637054222585,,,,,,,,,,,,
2026-07-30,morning,priority_report,OKLO,bounce,Medium,GapFade_weakstock,NO-GO,1,1/6,0.08385714285714288,0.012486427795873879,0.5715125130712747,0,-0.10786893087778056,0.9079017679754842,,,,,,,,,,,,
2026-07-30,morning,priority_report,SMR,bounce,Medium,GapFade_weakstock,NO-GO,2,2/6,0.08441558441558439,0.014492753623188448,1.172237522861037,0,-0.0983606557377048,1.2230769230769247,,,,,,,,,,,,
2026-07-30,morning,priority_report,RKLB,bounce,Medium,GapFade_weakstock,NO-GO,1,1/6,0.09291707703764204,0.014846416382252516,0.7975769864382414,0,-0.1115924708694353,1.0677228419007518,,,,,,,,,,,,
2026-07-30,morning,priority_report,DGXX,bounce,Small,GapFade_weakstock,NO-GO,0,0/6,0.11578211106401018,0.0212121212121213,0.6692038619852856,0,-0.12239583333333327,0.9610808040127411,,,,,,,,,,,,
2026-07-30,morning,priority_report,APP,bounce,Large,GapFade_weakstock,NO-GO,0,0/6,0.06307733633183407,0.0018525008761828697,0.9626506742099699,0,-0.030358830227994158,0.9388536873775697,,,,,,,,,,,,
2026-07-30,morning,priority_report,OPEN,bounce,Medium,GapFade_weakstock,NO-GO,1,1/6,0.08777584204413476,0.005449591280653956,0.22289297731910712,0,-0.04155844155844159,1.2195390892049822,,,,,,,,,,,,
2026-07-30,morning,priority_report,CRML,bounce,Small,GapFade_weakstock,NO-GO,0,0/6,0.10565757493923848,0.031189083820662798,0.6022906291350709,0,-0.12417218543046357,0.9571884984025559,,,,,,,,,,,,
2026-07-30,morning,priority_report,SNDK,bounce,Large,GapFade_strongstock,NO-GO,3,3/6,0.18225584479028545,0.007490968510370231,2.4695522297025105,0,-0.1992833840545129,0.6787320451043516,,,,,,,,,,,,
2026-07-30,morning,priority_report,PL,bounce,Medium,GapFade_weakstock,NO-GO,0,0/6,0.08976858600583089,0.006676938880328842,0.7509856181849536,0,-0.0666666666666666,0.819851821780168,,,,,,,,,,,,
2026-07-30,morning,priority_report,RGTI,bounce,Medium,GapFade_weakstock,NO-GO,2,2/6,0.08545285820341497,0.018910741301059,0.41952498856417125,0,-0.1387468030690537,1.1294035880283213,,,,,,,,,,,,
2026-07-30,morning,priority_report,CRWV,bounce,Medium,GapFade_weakstock,NO-GO,1,1/6,0.0978078857142857,0.02762249260111805,1.1196949999386314,0,-0.1171069360079108,1.0371351886321765,,,,,,,,,,,,
2026-07-30,morning,priority_report,NBIS,bounce,Medium,GapFade_strongstock,GO,5,5/6,0.1486352737995719,0.04918364593172306,1.7835480852570844,0,-0.17229082393016823,1.1334988464146143,,,,,,,,,,,,
2026-07-30,morning,priority_report,CRDO,bounce,Medium,GapFade_strongstock,CAUTION,4,4/6,0.11335272727272727,0.00732600732600739,1.0443235905914379,0,-0.14120303641779566,0.8187821417643054,,,,,,,,,,,,
2026-07-30,morning,priority_report,POET,bounce,Small,GapFade_weakstock,NO-GO,0,0/6,0.10202509355051723,0.018838304552590283,0.739156773043586,0,-0.08462623413258105,0.8608414239482196,,,,,,,,,,,,
2026-07-30,morning,priority_report,U,breakout,Medium,D2_continuation,NO-GO,2,2/6 [AVOID],0.05315702700294091,0.0006242197253434184,,,,,0.05160901883313865,0.11140384935381896,,,,,,,,,,
2026-07-30,morning,priority_report,TSLA,bounce,Large,GapFade_weakstock,NO-GO,1,1/6,0.052876605854088904,0.007568047733976937,0.4052503219473696,0,-0.027948709656555312,0.7348903012636772,,,,,,,,,,,,
2026-07-30,morning,priority_report,FIG,bounce,Medium,GapFade_weakstock,NO-GO,1,1/6,0.07693061883614974,0.0004038772213246369,1.38787047754519,0,0.0797733217088055,0.7058250243646442,,,,,,,,,,,,
2026-07-30,morning,priority_report,IBIT,bounce,ETF,GapFade_weakstock,NO-GO,1,1/6,0.02502642602670008,0.013611111111111166,0.553791754106142,0,-0.007614903453902668,0.7719984356668027,,,,,,,,,,,,
2026-07-30,morning,priority_report,ETHE,bounce,Medium,GapFade_weakstock,NO-GO,0,0/6,0.03403193060169804,0.01708278580814716,0.4454246755020646,0,-0.015267175572519097,0.7592808525639294,,,,,,,,,,,,
2026-07-30,morning,priority_report,TEAM,bounce,Medium,GapFade_weakstock,NO-GO,1,1/6,0.0684233865465957,0.0040276179516686005,1.4251860327586043,0,0.09210389068530299,1.0908818983997206,,,,,,,,,,,,
2026-07-30,morning,priority_report,MSTR,bounce,Medium,GapFade_weakstock,NO-GO,2,2/6,0.060638871577286355,0.021234329797492842,1.0614879733901394,0,-0.033838824125696915,1.173091563429995,,,,,,,,,,,,
2026-07-30,morning,priority_report,KWEB,bounce,ETF,GapFade_weakstock,NO-GO,2,2/6,0.022126239901830456,0.005035971223021603,0.7699690955777861,0,0.03481481481481486,1.0189141411223686,,,,,,,,,,,,
2026-07-30,morning,priority_report,AXTI,bounce,Medium,GapFade_weakstock,NO-GO,3,3/6,0.1859766045011308,0.04219637543954564,1.4478296789950913,0,-0.19527986633249794,1.0941043366444219,,,,,,,,,,,,
2026-07-30,morning,priority_report,CBRS,bounce,Medium,GapFade_strongstock,NO-GO,3,3/6,0.1351835491366499,0.02715626660369575,0.6225221562934571,0,-0.07751444780234348,0.9292498182443214,,,,,,,,,,,,
2026-07-30,morning,priority_report,SOXL,bounce,ETF,GapFade_weakstock,CAUTION,4,4/6,0.25340134617125953,0.029024894010218523,1.4408864826416297,0,-0.26133437378072577,0.8824999047101759,,,,,,,,,,,,
2026-07-30,morning,priority_report,MRVL,bounce,Large,GapFade_strongstock,NO-GO,3,3/6,0.10001997880509372,0.006487148102815191,1.1874821633609967,0,-0.13062324892953417,0.9058144079204484,,,,,,,,,,,,
2026-07-30,morning,priority_report,META,bounce,Large,GapFade_weakstock,NO-GO,2,2/6,0.04340532552256688,-0.08386127286077767,0.7785994484023733,0,-0.09660363379190733,0.76222925524834,,,,,,,,,,,,
2026-07-30,morning,priority_report,INTC,bounce,Large,GapFade_strongstock,NO-GO,3,3/6,0.09213818745704769,-0.009892525647288743,1.4231804662458514,0,-0.11563215883058807,0.894286397322495,,,,,,,,,,,,
2026-07-30,morning,priority_report,BRUN,bounce,Small,GapFade_weakstock,NO-GO,1,1/6,0.1536876871587106,0.037084398976981986,1.9660360832198487,0,-0.16219008264462814,0.6378333151859351,,,,,,,,,,,,
2026-07-30,morning,priority_report,MXL,bounce,Medium,GapFade_strongstock,NO-GO,3,3/6,0.17959837667961698,0.008384279475982479,2.230339990546327,0,-0.10992907801418443,0.5343253763218633,,,,,,,,,,,,
2026-07-30,morning,priority_report,SIMO,bounce,Medium,GapFade_strongstock,NO-GO,3,3/6,0.11147186147186143,0.10167874856924834,2.5584488302062653,0,-0.05502147678461849,0.978640776699029,,,,,,,,,,,,
2026-07-30,morning,priority_report,STM,bounce,Medium,GapFade_strongstock,NO-GO,2,2/6,0.08409740648805958,0.03535980148883377,1.9169928751417535,0,-0.0632366697848457,0.7765824266419671,,,,,,,,,,,,
2026-07-30,morning,priority_report,ON,bounce,Medium,GapFade_strongstock,NO-GO,3,3/6,0.06274991071428568,0.014455997971088012,1.1332183335904922,0,-0.10152740341419593,1.1533880953160138,,,,,,,,,,,,
2026-07-30,morning,priority_report,NVTS,bounce,Medium,GapFade_weakstock,NO-GO,2,2/6,0.11825108225108225,0.01694915254237298,0.8879521464903783,0,-0.13234005258545134,1.1275442963830709,,,,,,,,,,,,
2026-07-30,morning,priority_report,NOK,bounce,Medium,GapFade_weakstock,NO-GO,0,0/6,0.0746668291890135,0.045184304399524255,1.970830928317555,0,-0.052801724137931064,0.8227675899221867,,,,,,,,,,,,
2026-07-30,morning,priority_report,DXYZ,bounce,Small,GapFade_weakstock,NO-GO,0,0/6,0.0815271524082412,-0.008991954566966292,0.6202503250181198,0,-0.09075119409465914,0.7497751093073356,,,,,,,,,,,,
2026-07-30,morning,priority_report,QCOM,bounce,Large,GapFade_weakstock,NO-GO,1,1/6,0.05001593310029164,-0.04971736896197333,1.3041706983892523,0,-0.1299694189602446,1.2920041316330566,,,,,,,,,,,,
2026-07-30,morning,priority_report,WOLF,bounce,Small,GapFade_weakstock,NO-GO,2,2/6,0.14779721015000702,0.01595214356929214,0.26834713507491537,0,-0.1436974789915967,0.6606670698016334,,,,,,,,,,,,
2026-07-30,morning,priority_report,RVI,bounce,Small,GapFade_weakstock,NO-GO,0,0/6,0.07580880201322643,,0.47467114210699546,0,-0.038976377952755846,0.7565552034400094,,,,,,,,,,,,
2026-07-30,morning,priority_report,AAOI,bounce,Medium,GapFade_weakstock,NO-GO,2,2/6,0.16513273602123776,0.012676424464192353,1.4245470670603686,0,-0.20783070946636678,0.9588832342799917,,,,,,,,,,,,
2026-07-30,morning,priority_report,LWLG,bounce,Small,GapFade_weakstock,NO-GO,0,0/6,0.11012456930824277,0.008419083255378846,0.9344190386202677,0,-0.12071778140293642,0.9097472924187727,,,,,,,,,,,,
2026-07-30,morning,priority_report,FCEL,bounce,Small,GapFade_strongstock,CAUTION,4,4/6,0.14783245827129535,0.00829646017699127,5.91449948732907,0,-0.15169846440204737,1.168837364629551,,,,,,,,,,,,
2026-07-30,morning,priority_report,ARM,bounce,Large,GapFade_strongstock,CAUTION,4,4/6,0.1018624163342573,-0.06042954333229568,0.7323653734320775,0,-0.206623361994518,0.9610413056276622,,,,,,,,,,,,
2026-07-30,morning,priority_report,ALAB,bounce,Medium,GapFade_strongstock,NO-GO,3,3/6,0.12494131634387834,0.012773284215584197,0.8308673299053513,0,-0.1047359478974939,0.9236930453142116,,,,,,,,,,,,
2026-07-30,morning,priority_report,UMC,bounce,Medium,GapFade_strongstock,NO-GO,3,3/6,0.0869385993753082,0.015780245470485073,2.4766620090222102,0,-0.08909853249475888,0.7743253017174129,,,,,,,,,,,,
2026-07-30,morning,priority_report,AMAT,bounce,Large,GapFade_strongstock,NO-GO,3,3/6,0.08723430783817951,0.035628365219383694,1.238095915690604,0,-0.12553928301959796,0.9807276456395413,,,,,,,,,,,,
2026-07-30,morning,priority_report,INOD,bounce,Small,GapFade_weakstock,NO-GO,1,1/6,0.06876705662805666,0.0018050541516245744,0.442964091192509,0,-0.06581383605453622,1.0847169626038524,,,,,,,,,,,,
2026-07-30,morning,priority_report,BABA,bounce,Large,GapFade_weakstock,NO-GO,1,1/6,0.031961446294401036,-0.0049552290706772785,0.46922128962044957,0,-0.004695652173913098,1.0182305242666871,,,,,,,,,,,,
2026-07-30,morning,priority_report,SKHY,bounce,Large,GapFade_strongstock,NO-GO,3,3/6,,-0.029891947314457025,0.9927463191232386,0,-0.1399804223185569,,,,,,,,,,,,,
2026-07-30,morning,priority_report,DRAM,bounce,ETF,GapFade_weakstock,CAUTION,4,4/6,0.1092782889426957,-0.013377926421404713,1.9822864911798674,0,-0.1560175472057982,0.8892240379686818,,,,,,,,,,,,
2026-07-30,morning,priority_report,PENG,bounce,Medium,GapFade_strongstock,CAUTION,4,4/6,0.16240261213378276,0.00869565217391294,2.179579075266931,0,-0.16022099447513818,0.7668982527770878,,,,,,,,,,,,
2026-07-30,morning,priority_report,SPCX,bounce,Large,GapFade_strongstock,NO-GO,2,2/6,0.07004099750122426,0.010839626832518871,4.5303719419215565,0,0.0023788546255506257,0.9085701941288952,,,,,,,,,,,,
2026-07-30,morning,watchlist_report,PENG,bounce,Medium,GapFade_strongstock,CAUTION,4,4/6,0.16240261213378276,0.00869565217391294,2.179579075266931,0,-0.16022099447513818,0.7668982527770878,,,,,,,,,,,,
2026-07-30,morning,watchlist_report,MU,bounce,Large,GapFade_strongstock,CAUTION,4,4/6,0.10776219438215,-0.012151556156968902,2.383585507170525,0,-0.18904687847145085,1.3209852039269996,,,,,,,,,,,,
2026-07-30,morning,watchlist_report,NBIS,bounce,Medium,GapFade_strongstock,GO,5,5/6,0.14978143745834258,0.0411550398056942,1.7835480852570844,0,-0.17862465403449013,1.1334988464146143,,,,,,,,,,,,
2026-07-30,morning,watchlist_report,ARM,bounce,Large,GapFade_strongstock,CAUTION,4,4/6,0.10152607816711588,-0.057316910489572624,0.7323653734320775,0,-0.20399504374272515,0.9610413056276622,,,,,,,,,,,,
2026-07-30,morning,watchlist_report,SNDK,bounce,Large,GapFade_strongstock,CAUTION,4,4/6,0.18251262855689213,0.0060734922088020935,2.4695522297025105,0,-0.20040994187274597,0.6787320451043516,,,,,,,,,,,,
2026-07-30,morning,watchlist_report,SOXL,bounce,ETF,GapFade_weakstock,CAUTION,4,4/6,0.25442269228438086,0.024894010218502082,1.4408864826416297,0,-0.2642996488490051,0.8824999047101759,,,,,,,,,,,,
2026-07-30,morning,watchlist_report,MXL,bounce,Medium,GapFade_strongstock,NO-GO,3,3/6,0.17959837667961698,0.008384279475982479,2.230339990546327,0,-0.10992907801418443,0.5343253763218633,,,,,,,,,,,,
2026-07-30,morning,watchlist_report,HYLN,bounce,Small,GapFade_strongstock,NO-GO,2,2/6,0.11611428571428574,0.0030864197530863537,1.2138342643957907,0,-0.14921465968586384,0.9009691096305265,,,,,,,,,,,,
2026-07-30,morning,watchlist_report,HQ,bounce,Small,GapFade_weakstock,NO-GO,2,2/6,0.2531045145330859,0.0,0.4514422841910034,0,-0.0700483091787439,0.8987954162288954,,,,,,,,,,,,
2026-07-30,morning,watchlist_report,ALAB,bounce,Medium,GapFade_strongstock,NO-GO,3,3/6,0.12490674760022588,0.01305357571874746,0.8308673299053513,0,-0.10448817782811831,0.9236930453142116,,,,,,,,,,,,
2026-07-30,morning,watchlist_report,MRVL,bounce,Large,GapFade_strongstock,NO-GO,3,3/6,0.10026384075512443,0.004039167686658486,1.1874821633609967,0,-0.13273774911455297,0.9058144079204484,,,,,,,,,,,,
2026-07-30,morning,watchlist_report,CRDO,bounce,Medium,GapFade_strongstock,CAUTION,4,4/6,0.11381754859004606,0.0032121724429417958,1.0443235905914379,0,-0.14471029115018727,0.8187821417643054,,,,,,,,,,,,
2026-07-30,morning,watchlist_report,FCEL,bounce,Small,GapFade_strongstock,NO-GO,3,3/6,0.1460696864111498,0.02046460176991156,5.91449948732907,0,-0.14146114471847368,1.168837364629551,,,,,,,,,,,,
2026-07-30,morning,watchlist_report,INTC,bounce,Large,GapFade_strongstock,NO-GO,3,3/6,0.09228617317942743,-0.011480214948705396,1.4231804662458514,0,-0.11705028908039712,0.894286397322495,,,,,,,,,,,,
2026-07-30,morning,watchlist_report,WOLF,bounce,Small,GapFade_weakstock,NO-GO,2,2/6,0.14765231092436976,0.016949152542372874,0.26834713507491537,0,-0.14285714285714293,0.6606670698016334,,,,,,,,,,,,
2026-07-30,morning,watchlist_report,AAOI,bounce,Medium,GapFade_weakstock,NO-GO,2,2/6,0.16532475083056475,0.011500261369576709,1.4245470670603686,0,-0.20875076671437323,0.9588832342799917,,,,,,,,,,,,
2026-07-30,morning,watchlist_report,BRUN,bounce,Small,GapFade_weakstock,NO-GO,1,1/6,0.1536876871587106,0.037084398976981986,1.9660360832198487,0,-0.16219008264462814,0.6378333151859351,,,,,,,,,,,,
2026-07-30,morning,watchlist_report,AXTI,bounce,Medium,GapFade_weakstock,NO-GO,3,3/6,0.18631509546096126,0.0403029483364891,1.4478296789950913,0,-0.1967418546365915,1.0941043366444219,,,,,,,,,,,,
2026-07-30,morning,watchlist_report,LITE,bounce,Medium,GapFade_strongstock,NO-GO,3,3/6,0.1183348351075224,0.018610442433800816,1.2831127658928578,0,-0.13821001179841577,0.8314794634371078,,,,,,,,,,,,
2026-07-30,morning,watchlist_report,KEEL,bounce,Small,GapFade_weakstock,NO-GO,1,1/6,0.1370620358235037,0.028301886792452786,0.750720168237986,0,-0.19259259259259257,1.2048384783336257,,,,,,,,,,,,
2026-07-30,morning,watchlist_report,UMC,bounce,Medium,GapFade_strongstock,NO-GO,3,3/6,0.08769546472100154,0.007013442431326768,2.4766620090222102,0,-0.0969601677148846,0.7743253017174129,,,,,,,,,,,,
2026-07-30,morning,watchlist_report,AMAT,bounce,Large,GapFade_strongstock,NO-GO,3,3/6,0.08794840216549671,0.02721961278496963,1.238095915690604,0,-0.1326394397260539,0.9807276456395413,,,,,,,,,,,,
2026-07-30,morning,watchlist_report,WDC,bounce,Large,GapFade_strongstock,NO-GO,3,3/6,0.10598320327590205,0.0004545061033676295,1.2580733071136798,0,-0.07163801413881751,0.866898595842391,,,,,,,,,,,,
2026-07-30,morning,watchlist_report,SPCX,bounce,Large,GapFade_strongstock,NO-GO,2,2/6,0.07002868692955694,0.011017325633052058,4.5303719419215565,0,0.0025550660792952092,0.9085701941288952,,,,,,,,,,,,
2026-07-30,morning,watchlist_report,SKHY,bounce,Large,GapFade_strongstock,NO-GO,3,3/6,,-0.027762441832952206,0.9927463191232386,0,-0.13809257446510986,,,,,,,,,,,,,
2026-07-30,morning,watchlist_report,RXT,bounce,Small,GapFade_strongstock,NO-GO,2,2/6,0.12137014700339238,0.002645502645502707,0.5463613967910516,0,-0.018134715025906696,0.5543564341061203,,,,,,,,,,,,
2026-07-30,morning,watchlist_report,SIMO,bounce,Medium,GapFade_strongstock,NO-GO,3,3/6,0.11147186147186143,0.10167874856924834,2.5584488302062653,0,-0.05502147678461849,0.978640776699029,,,,,,,,,,,,
2026-07-30,morning,watchlist_report,STM,bounce,Medium,GapFade_strongstock,NO-GO,2,2/6,0.08431632244407576,0.03267162944582296,1.9169928751417535,0,-0.06566884939195519,0.7765824266419671,,,,,,,,,,,,
2026-07-30,morning,watchlist_report,CRML,bounce,Small,GapFade_weakstock,NO-GO,0,0/6,0.10605855245323939,0.02729044834307986,0.6022906291350709,0,-0.12748344370860934,0.9571884984025559,,,,,,,,,,,,
2026-07-30,morning,watchlist_report,EWY,bounce,ETF,GapFade_strongstock,CAUTION,4,4/6,0.06912498388232612,-0.0012481797378823022,2.6716922930096993,0,-0.10651364764267983,1.1470387774868185,,,,,,,,,,,,
2026-07-30,morning,watchlist_report,NVTS,bounce,Medium,GapFade_weakstock,NO-GO,2,2/6,0.11873080266589396,0.012840267077555215,0.8879521464903783,0,-0.13584574934268193,1.1275442963830709,,,,,,,,,,,,
2026-07-30,morning,watchlist_report,AMD,bounce,Large,GapFade_strongstock,NO-GO,1,1/6,0.08754474424764117,0.00451624918521277,0.5809860146393057,0,-0.12819476714819678,0.8785681141509113,,,,,,,,,,,,
2026-07-30,morning,watchlist_report,ON,bounce,Medium,GapFade_strongstock,NO-GO,3,3/6,0.06274991071428568,0.014455997971088012,1.1332183335904922,0,-0.10152740341419593,1.1533880953160138,,,,,,,,,,,,
2026-07-30,morning,watchlist_report,CBRS,bounce,Medium,GapFade_strongstock,NO-GO,3,3/6,0.13458022380434695,0.03176102485388762,0.6225221562934571,0,-0.07337893006733473,0.9292498182443214,,,,,,,,,,,,
2026-07-30,morning,watchlist_report,IREN,bounce,Medium,GapFade_weakstock,NO-GO,1,1/6,0.12235002583736551,0.037529853292391724,1.3191328240185316,0,-0.1620281069165059,1.4271645040344185,,,,,,,,,,,,
2026-07-30,morning,watchlist_report,GLW,bounce,Large,GapFade_weakstock,NO-GO,3,3/6,0.10107320022023059,0.01842079806529625,4.969248723931227,0,-0.11875627790178582,0.6460913153580103,,,,,,,,,,,,
2026-07-30,morning,watchlist_report,BE,bounce,Medium,GapFade_weakstock,NO-GO,1,1/6,0.15122128138323074,0.03132824427480913,2.7773626349589815,0,-0.10256137740461266,1.1091637054222585,,,,,,,,,,,,
2026-07-30,morning,watchlist_report,DRAM,bounce,ETF,GapFade_weakstock,CAUTION,4,4/6,0.10952580488594077,-0.015607580824972192,1.9822864911798674,0,-0.15792485218386423,0.8892240379686818,,,,,,,,,,,,
2026-07-30,morning,watchlist_report,STX,bounce,Large,GapFade_strongstock,NO-GO,2,2/6,0.09955216183686694,0.009248721269442657,2.0958568182147275,0,-0.0556799960831834,0.8778132306062091,,,,,,,,,,,,
2026-07-30,morning,watchlist_report,BOT,bounce,Small,GapFade_strongstock,NO-GO,1,1/6,0.1208346134152586,0.024981631153563548,1.354646159488145,0,0.07431651906045436,0.9788550362303488,,,,,,,,,,,,
2026-07-30,morning,watchlist_report,DGXX,bounce,Small,GapFade_weakstock,NO-GO,0,0/6,0.11543956043956045,0.024242424242424267,0.6692038619852856,0,-0.11979166666666666,0.9610808040127411,,,,,,,,,,,,
2026-07-30,morning,watchlist_report,POET,bounce,Small,GapFade_weakstock,NO-GO,0,0/6,0.10186813186813182,0.020408163265306107,0.739156773043586,0,-0.08321579689703806,0.8608414239482196,,,,,,,,,,,,
2026-07-30,morning,watchlist_report,LWLG,bounce,Small,GapFade_weakstock,NO-GO,0,0/6,0.11012456930824277,0.008419083255378846,0.9344190386202677,0,-0.12071778140293642,0.9097472924187727,,,,,,,,,,,,
2026-07-30,morning,watchlist_report,CRWV,bounce,Medium,GapFade_weakstock,NO-GO,1,1/6,0.09788619467002171,0.0268003946070372,1.1196949999386314,0,-0.11781325045910443,1.0371351886321765,,,,,,,,,,,,
2026-07-30,morning,watchlist_report,CRWD,bounce,Large,GapFade_weakstock,NO-GO,2,2/6,0.05587520516552599,0.028654253539971093,2.299983215114668,0,0.024485036921881052,0.9631339055419322,,,,,,,,,,,,
2026-07-30,morning,watchlist_report,FJET,bounce,Micro,GapFade_weakstock,NO-GO,1,1/6,0.10832853025936601,,0.17537909825820852,0,-0.04931506849315061,0.8246874168661879,,,,,,,,,,,,
2026-07-30,morning,watchlist_report,QCOM,bounce,Large,GapFade_weakstock,NO-GO,1,1/6,0.05018554763196654,-0.05292908530318608,1.3041706983892523,0,-0.13290990355210536,1.2920041316330566,,,,,,,,,,,,
2026-07-30,morning,watchlist_report,META,bounce,Large,GapFade_weakstock,NO-GO,2,2/6,0.043527022696929214,-0.08642270453031883,0.7785994484023733,0,-0.09912943910283396,0.76222925524834,,,,,,,,,,,,
2026-07-30,morning,watchlist_report,OKLO,bounce,Medium,GapFade_weakstock,NO-GO,1,1/6,0.08385714285714288,0.012486427795873879,0.5715125130712747,0,-0.10786893087778056,0.9079017679754842,,,,,,,,,,,,
2026-07-30,morning,watchlist_report,RKLB,bounce,Medium,GapFade_weakstock,NO-GO,1,1/6,0.09268330378108977,0.01740614334470983,0.7975769864382414,0,-0.10935165820137438,1.0677228419007518,,,,,,,,,,,,
2026-07-30,morning,watchlist_report,MP,bounce,Medium,GapFade_weakstock,NO-GO,1,1/6,0.0725994680261554,0.01496062992125985,0.704307910989985,0,-0.10340830048690008,1.1826154656408128,,,,,,,,,,,,
2026-07-30,morning,watchlist_report,RGTI,bounce,Medium,GapFade_weakstock,NO-GO,2,2/6,0.08545285820341497,0.018910741301059,0.41952498856417125,0,-0.1387468030690537,1.1294035880283213,,,,,,,,,,,,
2026-07-30,morning,watchlist_report,DXYZ,bounce,Small,GapFade_weakstock,NO-GO,0,0/6,0.0815271524082412,-0.008991954566966292,0.6202503250181198,0,-0.09075119409465914,0.7497751093073356,,,,,,,,,,,,
2026-07-30,morning,watchlist_report,NOK,bounce,Medium,GapFade_weakstock,NO-GO,0,0/6,0.07483710702068741,0.04280618311533881,1.970830928317555,0,-0.054956896551724116,0.8227675899221867,,,,,,,,,,,,
2026-07-30,morning,watchlist_report,IONQ,bounce,Medium,GapFade_weakstock,NO-GO,0,0/6,0.08073075089908575,0.030634573304157565,0.8099549540835129,0,-0.08212694877505576,0.942971309880662,,,,,,,,,,,,
2026-07-30,morning,watchlist_report,RVI,bounce,Small,GapFade_weakstock,NO-GO,0,0/6,0.07580880201322643,,0.47467114210699546,0,-0.038976377952755846,0.7565552034400094,,,,,,,,,,,,
2026-07-30,morning,watchlist_report,PL,bounce,Medium,GapFade_weakstock,NO-GO,0,0/6,0.08976858600583089,0.006676938880328842,0.7509856181849536,0,-0.0666666666666666,0.819851821780168,,,,,,,,,,,,
2026-07-30,morning,watchlist_report,INOD,bounce,Small,GapFade_weakstock,NO-GO,1,1/6,0.06876705662805666,0.0018050541516245744,0.442964091192509,0,-0.06581383605453622,1.0847169626038524,,,,,,,,,,,,
2026-07-30,morning,watchlist_report,TSLA,bounce,Large,GapFade_weakstock,NO-GO,1,1/6,0.05281821332434474,0.00868195226602317,0.4052503219473696,0,-0.02687407024125219,0.7348903012636772,,,,,,,,,,,,
2026-07-30,morning,watchlist_report,SMR,bounce,Medium,GapFade_weakstock,NO-GO,2,2/6,0.08430609597924771,0.01581027667984191,1.172237522861037,0,-0.0971896955503512,1.2230769230769247,,,,,,,,,,,,
2026-07-30,morning,watchlist_report,OPEN,bounce,Medium,GapFade_weakstock,NO-GO,1,1/6,0.08753861003861006,0.008174386920980995,0.22289297731910712,0,-0.03896103896103894,1.2195390892049822,,,,,,,,,,,,
2026-07-30,morning,watchlist_report,ORCL,bounce,Large,GapFade_weakstock,NO-GO,2,2/6,0.056683673469387776,0.010701545778834764,1.360454967015731,0,-0.0075062552126772784,0.8479906814210828,,,,,,,,,,,,
2026-07-30,morning,watchlist_report,APP,bounce,Large,GapFade_weakstock,NO-GO,0,0/6,0.063124656164041,0.0011014870074600655,0.9626506742099699,0,-0.031085697671601388,0.9388536873775697,,,,,,,,,,,,
2026-07-30,morning,watchlist_report,SPCE,bounce,Small,GapFade_weakstock,NO-GO,0,0/6,0.07011412924676996,0.013632653061224437,0.6856755187007182,0,-0.018418972332015712,0.9188989621364411,,,,,,,,,,,,
2026-07-30,morning,watchlist_report,MSTR,bounce,Medium,GapFade_weakstock,NO-GO,2,2/6,0.06062093559890919,0.021536483445837407,1.0614879733901394,0,-0.03355296502787635,1.173091563429995,,,,,,,,,,,,
2026-07-30,morning,watchlist_report,GOOGL,bounce,Large,GapFade_strongstock,NO-GO,0,0/6,0.03534955174256368,0.0004454872145170447,0.8368661345933225,0,0.03154091131798142,0.9136829906322297,,,,,,,,,,,,
2026-07-30,morning,watchlist_report,AVGO,bounce,Large,GapFade_strongstock,NO-GO,1,1/6,0.039493678203161124,0.00771224886584574,0.7576068940364827,0,-0.0262094880225459,1.1270047054934893,,,,,,,,,,,,
2026-07-30,morning,watchlist_report,FIG,bounce,Medium,GapFade_weakstock,NO-GO,1,1/6,0.07696168936072008,0.0,1.38787047754519,0,0.07933740191804708,0.7058250243646442,,,,,,,,,,,,
2026-07-30,morning,watchlist_report,KWEB,bounce,ETF,GapFade_weakstock,NO-GO,2,2/6,0.022110412834661766,0.005755395683453243,0.7699690955777861,0,0.03555555555555559,1.0189141411223686,,,,,,,,,,,,
2026-07-30,morning,watchlist_report,PLTR,bounce,Large,GapFade_weakstock,NO-GO,0,0/6,0.05597067055393586,-0.0040650406504065045,0.7485239006400246,0,-0.06865353911655137,0.7044505816769921,,,,,,,,,,,,
2026-07-30,morning,watchlist_report,AAPL,breakout,Large,D2_continuation,NO-GO,2,2/6 [AVOID],0.023083085214956268,0.0016263047399391211,,,,0.9233467588333818,0.02118097166229684,0.10013649231598817,,,,,,,,,,
2026-07-30,morning,watchlist_report,U,breakout,Medium,D2_continuation,NO-GO,2,2/6 [AVOID],0.05315702700294091,0.0006242197253434184,,,,1.0092627520013426,0.05160901883313865,0.11140384935381896,,,,,,,,,,
2026-07-30,morning,watchlist_report,TEAM,bounce,Medium,GapFade_weakstock,NO-GO,1,1/6,0.06944482911427463,-0.010740314537782935,1.4251860327586043,0,0.07604047147178462,1.0908818983997206,,,,,,,,,,,,
2026-07-30,morning,watchlist_report,BABA,bounce,Large,GapFade_weakstock,NO-GO,1,1/6,0.031950280723643164,-0.004607493697296367,0.46922128962044957,0,-0.004347826086956522,1.0182305242666871,,,,,,,,,,,,
2026-07-30,morning,watchlist_report,IBIT,bounce,ETF,GapFade_weakstock,NO-GO,1,1/6,0.024992180780358128,0.014999999999999977,0.553791754106142,0,-0.006255099265705846,0.7719984356668027,,,,,,,,,,,,
2026-07-30,morning,watchlist_report,ETHE,bounce,Medium,GapFade_weakstock,NO-GO,0,0/6,0.03400996034307848,0.01773981603153742,0.4454246755020646,0,-0.014631043256997482,0.7592808525639294,,,,,,,,,,,,
2026-07-30,morning,watchlist_report,NVDA,bounce,Large,GapFade_weakstock,NO-GO,0,0/6,0.04079254781237918,0.011104678701121065,0.4162753862889122,0,-0.022339830034094888,0.9013579246602021,,,,,,,,,,,,
2026-07-30,morning,watchlist_report,MSFT,bounce,Large,GapFade_weakstock,NO-GO,1,1/6,0.027804904025940234,0.08186101295641923,1.140405360236854,0,0.08586481624261107,1.0648757006601193,,,,,,,,,,,,
