signal_date,session,target_date,ticker,bucket,cap,cohort,recommendation,score,atr_pct,entry_open,d0_pct,d1_pct,d2_pct,d3_pct,mfe_atr_d0,mfe_atr_3d,mae_atr_3d,adverse_before_fav_atr,days_to_1atr,dir_correct_d0,dir_correct_final,tradeable_d0,tradeable_3d,days_available,complete,episode_id,episode_signal_num,cluster_id,cluster_size,entry_r,entry_r_floored,exit_r,entry_signals,entry_price,entry_stop,pct_from_9ema,pct_change_3,gap_pct,prior_day_range_atr,prior_day_rvol,premarket_rvol,selloff_total_pct,pct_off_30d_high,pct_off_52wk_high
2026-02-26,morning,2026-03-02,EWY,reversal,ETF,surfaced,CAUTION,3/5,0.025943,144.12,0.02373,-0.081737,-0.067652,-0.127533,0.13,5.72,1.4,1.4,1,False,True,False,True,4,True,EWY_reversal_2026-03-02,1,reversal_2026-03-02,1,,,,,,,0.110599,0.100538,0.029653,1.175063,1.0547,,,,
2026-03-18,evening,2026-03-19,LITE,reversal,Medium,surfaced,CAUTION,3/5,0.105283,678.985,0.137183,0.040303,0.073588,0.18116,0.13,0.13,1.74,,,False,False,False,False,4,True,LITE_reversal_2026-03-19,1,reversal_2026-03-19,4,,,,,,,0.096338,0.054326,0.084627,1.339855,1.571649,0.187718,,,
2026-03-18,evening,2026-03-19,MU,reversal,Large,surfaced,GO,4/5,0.053251,424.97,0.045415,-0.004871,-0.048521,-0.069275,0.17,1.59,1.43,1.43,2,False,True,False,True,4,True,MU_reversal_2026-03-19,1,reversal_2026-03-19,4,,,,,,,0.10337,0.138991,0.012476,0.677978,1.339435,0.098212,,,
2026-03-19,morning,2026-03-19,SNDK,reversal,Large,surfaced,CAUTION,3/5,0.065862,707.15,0.091833,0.00362,-0.00659,-0.006604,0.33,0.61,1.51,,,False,True,False,False,4,True,SNDK_reversal_2026-03-19,1,reversal_2026-03-19,4,,,,,,,0.061943,0.139158,-0.051334,0.964708,1.082064,0.0,,,
2026-03-19,morning,2026-03-19,WDC,reversal,Large,surfaced,CAUTION,3/5,0.063362,292.07,0.085117,0.003527,0.009313,0.030746,0.16,0.64,1.47,,,False,False,False,False,4,True,WDC_reversal_2026-03-19,1,reversal_2026-03-19,4,,,,,,,0.043234,0.119762,-0.028436,1.005969,1.354605,0.0,,,
2026-03-19,evening,2026-03-20,LITE,reversal,Medium,surfaced,CAUTION,3/5,0.100823,785.49,-0.100752,-0.071981,0.021006,-0.010592,1.32,1.32,0.29,0.02,0,True,True,True,True,4,True,LITE_reversal_2026-03-19,2,reversal_2026-03-20,1,,,,,,,0.144814,0.125799,0.06877,0.648654,1.633915,0.046053,,,
2026-03-19,evening,2026-03-20,PL,reversal,Medium,surfaced,CAUTION,3/5,0.084015,33.55,0.008346,0.008048,-0.051267,0.054247,0.46,0.87,1.24,,,False,False,False,False,4,True,PL_reversal_2026-03-20,1,reversal_2026-03-20,1,,,,,,,0.043287,0.000807,0.064087,1.040672,1.493658,0.058012,,,
2026-03-19,evening,2026-03-20,SNDK,reversal,Large,surfaced,GO,4/5,0.065862,772.7,-0.081519,-0.090863,-0.090876,-0.122738,1.46,2.65,0.1,0.1,0,True,True,True,True,4,True,SNDK_reversal_2026-03-19,2,reversal_2026-03-20,1,,,,,,,0.108898,0.139158,-0.009387,0.964708,1.082064,0.063022,,,
2026-03-20,morning,2026-03-20,WDC,reversal,Large,surfaced,CAUTION,3/5,0.069325,309.515,-0.053035,-0.047574,-0.027349,-0.043213,0.85,1.37,0.35,0.35,1,True,True,False,True,4,True,WDC_reversal_2026-03-19,2,reversal_2026-03-20,1,,,,,,,0.080645,0.107334,-0.009308,1.502384,0.987451,0.0,,,
2026-03-20,evening,2026-03-23,SNDK,reversal,Large,surfaced,CAUTION,3/5,0.074474,716,-0.018869,-0.018883,-0.053268,-0.157584,0.7,2.14,0.61,0.61,2,True,True,False,True,4,True,SNDK_reversal_2026-03-19,3,reversal_2026-03-23,0,,,,,,,0.02236,0.097295,-0.082296,1.651872,1.1267,0.038658,,,
2026-03-20,evening,2026-03-23,WDC,reversal,Large,surfaced,CAUTION,3/5,0.069325,298.61,-0.012793,0.008171,-0.008272,-0.084592,0.75,1.25,0.88,0.88,3,True,True,False,True,4,True,WDC_reversal_2026-03-19,3,reversal_2026-03-23,0,,,,,,,0.014786,0.107334,-0.069684,1.502384,0.987451,0.061674,,,
2026-03-24,morning,2026-03-24,PL,reversal,Medium,surfaced,GO,4/5,0.0963,33.71,-0.05577,0.049244,-0.038861,-0.084545,0.8,0.98,1.03,,,True,True,False,False,4,True,PL_reversal_2026-03-20,2,reversal_2026-03-24,0,,,,,,,0.176896,0.36316,-0.005322,1.283699,2.173979,0.000766,,,
2026-03-24,evening,2026-03-25,AXTI,reversal,Medium,surfaced,CAUTION,3/5,0.109355,67.26,0.001338,-0.130092,-0.098573,-0.216027,0.37,2.44,0.58,0.49,1,False,True,False,True,4,True,AXTI_reversal_2026-03-25,1,reversal_2026-03-25,1,,,,,,,0.2566,0.178172,0.016072,0.959345,1.252394,0.056442,,,
2026-03-25,morning,2026-03-25,PL,reversal,Medium,surfaced,CAUTION,3/5,0.093501,32.4,0.091667,-0.0,-0.047531,-0.139198,0.42,1.7,1.53,1.53,3,False,True,False,True,4,True,PL_reversal_2026-03-20,3,reversal_2026-03-25,1,,,,,,,0.120312,0.180638,0.028904,1.624667,1.594065,0.001695,,,
2026-03-26,morning,2026-03-26,AMD,reversal,Large,surfaced,CAUTION,3/5,0.038881,217.979,-0.065185,-0.073351,-0.100647,-0.066745,1.72,2.96,0.36,0.36,0,True,True,True,True,4,True,AMD_reversal_2026-03-26,1,reversal_2026-03-26,1,,,,,,,0.05439,0.094074,-0.017115,1.167173,1.474065,0.002884,,,
2026-03-25,evening,2026-03-26,AXTI,reversal,Medium,surfaced,CAUTION,3/5,0.114222,65.18,-0.102332,-0.069807,-0.19101,-0.125805,0.96,2.13,0.85,0.85,2,True,True,False,True,4,True,AXTI_reversal_2026-03-25,2,reversal_2026-03-26,1,,,,,,,0.163801,0.241704,-0.002227,0.828589,0.763892,0.063877,,,
2026-03-25,evening,2026-03-26,PL,reversal,Medium,surfaced,CAUTION,3/5,0.092425,34.97,-0.073492,-0.117529,-0.202459,-0.200743,0.88,2.69,0.22,0.22,1,True,True,False,True,4,True,PL_reversal_2026-03-20,4,reversal_2026-03-26,1,,,,,,,0.169718,0.045522,0.007351,1.797698,1.626718,0.029722,,,
2026-03-31,morning,2026-03-31,BE,bounce,Medium,surfaced,CAUTION,4/6,0.116904,123.44,0.097618,0.072991,0.098752,0.093649,0.85,1.26,0.1,0.1,1,True,True,True,True,4,True,BE_bounce_2026-03-31,1,bounce_2026-03-31,3,11.99,1.745,11.848,1,123.05,122.0,,-0.104928,,1.235041,,,-0.190421,-0.339358,-0.339358
2026-03-30,evening,2026-03-31,FIG,bounce,Medium,surfaced,CAUTION,4/6,0.088661,20.31,0.040867,0.005416,0.047267,0.054653,0.64,0.77,0.34,,,True,True,True,True,4,True,FIG_bounce_2026-03-31,1,bounce_2026-03-31,3,,,,0,,,,-0.044097,0.000991,1.012636,,,-0.255814,-0.382589,-0.858942
2026-03-31,morning,2026-03-31,NBIS,bounce,Medium,surfaced,CAUTION,4/6,0.109872,97.98,0.058992,0.040518,0.110635,0.148602,0.55,1.47,0.21,0.21,2,True,True,True,True,4,True,NBIS_bounce_2026-03-31,1,bounce_2026-03-31,3,1.114,0.344,-2.0,2,98.0,96.34,,-0.129376,,1.24176,,,-0.210576,-0.302646,-0.346137
2026-04-02,morning,2026-04-02,AXTI,bounce,Medium,surfaced,CAUTION,4/6,0.198012,44.52,0.186882,-0.056828,0.021114,0.194519,0.96,1.47,0.55,0.55,3,True,True,True,True,4,True,AXTI_bounce_2026-04-02,1,bounce_2026-04-02,1,,,,0,,,,-0.106012,,1.454844,,,-0.272531,-0.340606,-0.340606
2026-04-01,evening,2026-04-02,SNDK,reversal,Medium,surfaced,CAUTION,3/5,0.088163,642.09,0.092666,0.128549,0.10701,0.216185,0.02,0.02,2.93,,,False,False,False,False,4,True,SNDK_reversal_2026-04-02,1,reversal_2026-04-02,2,,,,,,,0.064963,0.124872,0.004663,1.071586,1.185553,0.06723,,,
2026-04-02,morning,2026-04-02,WDC,reversal,Large,surfaced,CAUTION,3/5,0.086803,278.17,0.060395,0.093396,0.121472,0.217888,0.01,0.01,2.89,,,False,False,False,False,4,True,WDC_reversal_2026-04-02,1,reversal_2026-04-02,2,,,,,,,-4.7e-05,0.081318,-0.052833,0.998833,1.455889,0.004266,,,
2026-04-03,evening,2026-04-06,AMD,reversal,Large,surfaced,CAUTION,3/5,0.047193,219.28,0.004104,0.010261,0.057187,0.079168,0.15,0.38,1.72,,,False,False,False,False,4,True,AMD_reversal_2026-04-06,1,reversal_2026-04-06,3,,,,,,,0.050852,0.109467,0.0,1.67177,1.126969,0.0,,,
2026-04-02,evening,2026-04-06,LITE,reversal,Medium,surfaced,CAUTION,3/5,0.097549,828.48,-0.067835,-0.015365,0.081523,0.079242,0.76,0.76,1.63,,,True,False,False,False,4,True,LITE_reversal_2026-04-06,1,reversal_2026-04-06,3,,,,,,,0.121232,0.262817,0.000738,1.483202,1.052316,0.064957,,,
2026-04-03,evening,2026-04-06,PL,reversal,Medium,surfaced,CAUTION,3/5,0.115289,35.92,-0.025056,-0.02088,0.017539,-0.047049,0.41,0.76,0.55,,,True,True,False,False,4,True,PL_reversal_2026-04-06,1,reversal_2026-04-06,3,,,,,,,0.151493,0.286483,0.0,1.59553,1.440506,0.0,,,
2026-04-02,evening,2026-04-06,SNDK,reversal,Large,surfaced,CAUTION,3/5,0.088913,720.34,0.005956,-0.013244,0.084071,0.182178,0.15,0.51,2.1,,,False,False,False,False,4,True,SNDK_reversal_2026-04-02,2,reversal_2026-04-06,3,,,,,,,0.056969,0.225485,-0.000983,1.064039,0.91204,0.063158,,,
2026-04-02,evening,2026-04-06,WDC,reversal,Large,surfaced,CAUTION,3/5,0.083798,303.18,0.003199,0.02896,0.117422,0.114453,0.16,0.29,1.76,,,False,False,False,False,4,True,WDC_reversal_2026-04-02,2,reversal_2026-04-06,3,,,,,,,0.035055,0.172051,-0.001317,0.816411,0.86852,0.051471,,,
2026-04-06,evening,2026-04-07,AXTI,bounce,Medium,surfaced,GO,6/6,0.231908,42.7,0.064637,0.245433,0.47822,0.503044,0.3,2.43,0.1,0.1,1,True,True,True,True,4,True,AXTI_bounce_2026-04-02,2,bounce_2026-04-07,0,0.946,0.386,0.852,1,43.7394,41.72,,-0.263075,-0.065765,1.119345,,,-0.285884,-0.412644,-0.412644
2026-04-07,evening,2026-04-08,AVGO,reversal,Large,surfaced,CAUTION,3/5,0.03536,351.75,-0.003184,0.008984,0.05629,0.079602,0.74,0.74,2.34,,,True,False,False,False,4,True,AVGO_reversal_2026-04-08,1,reversal_2026-04-08,3,,,,,,,0.061049,0.065329,0.005929,1.039641,1.246852,0.078276,,,
2026-04-07,evening,2026-04-08,CAR,reversal,Medium,surfaced,GO,4/5,0.069442,248,0.053831,0.197903,0.209435,0.496008,1.22,1.22,7.23,1.42,0,False,False,False,True,4,True,CAR_reversal_2026-04-08,1,reversal_2026-04-08,3,,,,,,,0.424008,0.500265,0.001724,2.670074,4.666539,0.143357,,,
2026-04-07,evening,2026-04-08,STX,reversal,Large,surfaced,CAUTION,3/5,0.068383,503.195,-0.013702,-0.004819,-0.000129,0.020042,0.45,0.45,0.41,,,True,False,False,False,4,True,STX_reversal_2026-04-08,1,reversal_2026-04-08,3,,,,,,,0.107309,0.107771,0.003776,0.741256,1.050004,0.108294,,,
2026-04-20,morning,2026-04-20,AAPL,reversal,Large,surfaced,CAUTION,3/5,0.02271,270.33,0.010062,-0.015389,0.010506,0.011467,0.01,0.8,0.89,,,False,False,False,False,4,True,AAPL_reversal_2026-04-20,1,reversal_2026-04-20,7,,,,,,,0.044518,0.044044,0.013507,0.897139,1.389642,0.028896,,,
2026-04-20,morning,2026-04-20,AMD,reversal,Large,surfaced,CAUTION,3/5,0.036923,280.6,-0.020135,0.013863,0.081468,0.088133,0.83,0.83,2.86,,,True,False,False,False,4,True,AMD_reversal_2026-04-20,1,reversal_2026-04-20,7,,,,,,,0.09268,0.091426,-0.005711,0.67611,0.992099,0.054072,,,
2026-04-20,morning,2026-04-20,CAR,reversal,Medium,surfaced,CAUTION,3/5,0.105844,491.26,0.239262,0.453344,-0.096324,-0.533567,0.29,5.45,6.86,6.86,2,False,True,False,True,4,True,CAR_reversal_2026-04-20,1,reversal_2026-04-20,7,,,,,,,0.373384,0.199971,0.029239,1.479163,1.354962,0.02989,,,
2026-04-20,morning,2026-04-20,CRML,reversal,Small,surfaced,CAUTION,3/5,0.104363,13,-0.081538,-0.204615,-0.087692,-0.181538,1.08,1.96,0.5,0.5,0,True,True,True,True,4,True,CRML_reversal_2026-04-20,1,reversal_2026-04-20,7,,,,,,,0.256923,0.428896,-0.048567,2.084777,6.679332,0.220404,,,
2026-04-20,morning,2026-04-20,IONQ,reversal,Medium,surfaced,GO,4/5,0.064233,45.34,0.065726,0.020732,0.044552,-0.037715,0.08,1.17,1.3,1.3,3,False,True,False,True,4,True,IONQ_reversal_2026-04-20,1,reversal_2026-04-20,7,,,,,,,0.23076,0.28887,0.000868,1.015838,1.722134,0.076159,,,
2026-04-20,morning,2026-04-20,RKLB,reversal,Medium,surfaced,CAUTION,3/5,0.059793,84.85,0.054331,0.021096,0.061167,-0.002946,0.05,0.65,1.63,,,False,True,False,False,4,True,RKLB_reversal_2026-04-20,1,reversal_2026-04-20,7,,,,,,,0.191588,0.17419,0.051061,0.636103,1.025427,0.043377,,,
2026-04-20,morning,2026-04-20,TSLA,reversal,Large,surfaced,CAUTION,3/5,0.042216,402.58,-0.025039,-0.040141,-0.037434,-0.071688,0.84,2.01,0.25,0.25,1,True,True,False,True,4,True,TSLA_reversal_2026-04-20,1,reversal_2026-04-20,7,,,,,,,0.052202,0.1,-0.014727,1.057996,1.297426,0.035224,,,
2026-04-20,evening,2026-04-21,AAPL,reversal,Large,surfaced,CAUTION,3/5,0.023155,271.5,-0.019632,0.006151,0.007109,-0.001621,0.97,0.97,0.68,,,True,True,False,False,4,True,AAPL_reversal_2026-04-20,2,reversal_2026-04-21,3,,,,,,,0.041168,0.044044,0.010362,0.882644,1.432698,0.029791,,,
2026-04-20,evening,2026-04-21,AMD,reversal,Large,surfaced,CAUTION,3/5,0.038175,277.33,0.025818,0.09422,0.100963,0.254138,0.07,0.07,7.15,,,False,False,False,False,4,True,AMD_reversal_2026-04-20,2,reversal_2026-04-21,3,,,,,,,0.091164,0.091426,-0.00704,0.654807,0.996656,0.05432,,,
2026-04-21,morning,2026-04-21,CAR,reversal,Medium,surfaced,GO,5/5,0.088768,624,0.144183,-0.288558,-0.632788,-0.673077,0.99,7.61,4.04,4.04,1,False,True,False,True,4,True,CAR_reversal_2026-04-20,2,reversal_2026-04-21,3,,,,,,,0.62743,0.538267,0.116984,2.262597,1.613536,0.0,,,
2026-04-20,evening,2026-04-21,CRDO,reversal,Medium,surfaced,CAUTION,3/5,0.064677,179.7,0.020145,0.05448,0.032499,0.085364,0.44,0.44,1.66,,,False,False,False,False,4,True,CRDO_reversal_2026-04-21,1,reversal_2026-04-21,3,,,,,,,0.207896,0.007335,0.063538,1.167969,1.012458,0.045837,,,
2026-04-20,evening,2026-04-21,CRML,reversal,Small,surfaced,CAUTION,3/5,0.098023,11.54,-0.103986,0.02773,-0.07799,-0.0026,1.06,1.06,0.28,0.01,0,True,True,True,True,4,True,CRML_reversal_2026-04-20,2,reversal_2026-04-21,3,,,,,,,0.258241,0.428896,-0.047373,2.216836,9.632639,0.317857,,,
2026-04-21,morning,2026-04-21,EWY,reversal,ETF,surfaced,CAUTION,3/5,0.039184,152.2,-0.035545,0.023653,-0.010578,0.015572,0.97,0.97,0.63,,,True,False,False,False,4,True,EWY_reversal_2026-04-21,1,reversal_2026-04-21,3,,,,,,,0.060165,0.035675,0.017123,0.372799,0.54533,0.0,,,
2026-04-21,morning,2026-04-21,IONQ,reversal,Medium,surfaced,GO,4/5,0.063975,48.6,-0.047737,-0.025514,-0.102263,-0.121605,0.93,2.36,0.17,0.17,2,True,True,False,True,4,True,IONQ_reversal_2026-04-20,2,reversal_2026-04-21,3,,,,,,,0.218039,0.117225,-0.000414,1.114887,1.683549,0.0,,,
2026-04-21,morning,2026-04-21,MP,reversal,Medium,surfaced,CAUTION,3/5,0.050457,65.5,0.003969,0.056336,-0.033282,-0.072824,0.09,1.49,1.19,1.19,3,False,True,False,True,4,True,MP_reversal_2026-04-21,1,reversal_2026-04-21,3,,,,,,,0.116757,0.112735,-0.000906,1.319356,1.621727,0.0,,,
2026-04-21,morning,2026-04-21,RKLB,reversal,Medium,surfaced,CAUTION,3/5,0.059495,90.33,-0.04085,-0.00321,-0.063434,-0.117901,0.85,2.09,0.52,0.52,2,True,True,False,True,4,True,RKLB_reversal_2026-04-20,2,reversal_2026-04-21,3,,,,,,,0.165758,0.215489,0.012855,1.066616,1.133817,0.0,,,
2026-04-20,evening,2026-04-21,TSLA,reversal,Large,surfaced,CAUTION,3/5,0.042864,393,-0.016743,-0.013969,-0.049059,-0.042494,0.46,1.46,0.06,0.06,2,True,True,False,True,4,True,TSLA_reversal_2026-04-20,2,reversal_2026-04-21,3,,,,,,,0.045366,0.1,-0.02108,1.04878,1.31968,0.035828,,,
2026-04-23,morning,2026-04-23,CAR,bounce,Medium,surfaced,GO,5/6,0.229276,402.005,-0.430007,-0.492544,-0.534658,-0.547257,0.02,0.02,2.43,,,False,False,False,False,4,True,CAR_bounce_2026-04-23,1,bounce_2026-04-23,1,0.27,0.13,-2.0,2,290.46,280.0,,-0.270795,,4.123496,,,-0.288558,-0.476301,-0.476301
2026-04-28,evening,2026-04-29,CAR,bounce,Medium,surfaced,CAUTION,4/6,0.636993,157.16,0.152647,0.149593,0.180644,0.070851,0.33,0.48,0.02,,,True,True,True,True,4,True,CAR_bounce_2026-04-29,1,bounce_2026-04-29,1,0.792,0.309,0.335,1,174.515,155.0001,,-0.205704,-0.002994,0.207959,,,-0.708325,-0.785295,-0.785295
2026-04-30,morning,2026-04-30,BE,reversal,Medium,surfaced,GO,4/5,0.07,295.73,-0.041829,-0.017617,-0.023975,-0.001623,1.65,1.65,0.35,0.04,0,True,True,True,True,4,True,BE_reversal_2026-04-30,1,reversal_2026-04-30,4,,,,,,,0.262924,0.245707,0.027538,1.112342,1.950053,0.017226,,,
2026-04-29,evening,2026-04-30,CAR,bounce,Medium,surfaced,CAUTION,4/6,0.633533,179.25,0.007922,0.035146,-0.061116,-0.106834,0.23,0.23,0.18,,,True,False,True,True,4,True,CAR_bounce_2026-04-29,2,bounce_2026-04-30,0,7.044,0.504,0.037,2,186.6555,177.0148,,-0.115343,-0.136507,0.201427,,,-0.710785,-0.787106,-0.787106
2026-04-30,morning,2026-04-30,INTC,reversal,Large,surfaced,GO,5/5,0.052318,95.6,-0.011715,0.04205,0.001883,0.131276,0.82,0.82,2.98,,,True,False,False,False,4,True,INTC_reversal_2026-04-30,1,reversal_2026-04-30,4,,,,,,,0.225364,0.147928,0.012661,1.808791,1.824775,0.033409,,,
2026-04-30,morning,2026-04-30,MXL,reversal,Medium,surfaced,GO,5/5,0.09228,69.515,0.017766,0.110264,0.123786,0.174998,0.54,0.54,2.48,,,False,False,False,False,4,True,MXL_reversal_2026-04-30,1,reversal_2026-04-30,4,,,,,,,0.556089,0.119363,0.069757,2.526485,3.833995,0.054893,,,
2026-04-30,morning,2026-04-30,SIMO,reversal,Medium,surfaced,GO,4/5,0.05198,226.53,-0.034212,0.035271,0.002781,0.052443,2.39,2.39,1.87,0.24,0,True,False,True,True,4,True,SIMO_reversal_2026-04-30,1,reversal_2026-04-30,4,,,,,,,0.430424,0.417307,0.039936,2.141691,7.179388,0.074578,,,
2026-05-01,morning,2026-05-01,INTC,reversal,Large,surfaced,GO,4/5,0.055441,93.2,0.068884,0.027682,0.160408,0.212554,0.11,0.11,3.93,,,False,False,False,False,4,True,INTC_reversal_2026-04-30,2,reversal_2026-05-01,1,,,,,,,0.134955,0.11166,-0.020508,0.816662,1.183663,0.007424,,,
2026-05-01,morning,2026-05-01,SIMO,reversal,Medium,surfaced,GO,4/5,0.065026,212,0.106226,0.071509,0.124575,0.155425,0.15,0.15,2.65,,,False,False,False,False,4,True,SIMO_reversal_2026-04-30,2,reversal_2026-05-01,1,,,,,,,0.233436,0.482852,-0.040132,2.264089,2.329705,0.002812,,,
2026-05-01,morning,2026-05-01,STX,reversal,Large,surfaced,GO,4/5,0.053433,667.01,0.089834,0.10724,0.15592,0.179023,0.1,0.1,3.51,,,False,False,False,False,4,True,STX_reversal_2026-05-01,1,reversal_2026-05-01,1,,,,,,,0.099877,0.130534,-0.020916,1.179707,1.631647,0.005344,,,
2026-05-04,morning,2026-05-04,INTC,reversal,Large,surfaced,GO,4/5,0.055225,99.18,-0.034281,0.090442,0.139443,0.105263,0.65,0.65,2.8,,,True,False,False,False,4,True,INTC_reversal_2026-04-30,3,reversal_2026-05-04,2,,,,,,,0.157376,0.178656,-0.010681,1.440439,1.152797,0.022917,,,
2026-05-04,morning,2026-05-04,SIMO,reversal,Medium,surfaced,GO,4/5,0.063456,239.25,-0.050533,-0.003511,0.023824,0.014462,1.12,1.12,0.82,0.31,0,True,False,True,True,4,True,SIMO_reversal_2026-04-30,3,reversal_2026-05-04,2,,,,,,,0.310695,0.572061,0.023367,1.641566,1.600044,0.00924,,,
2026-05-04,morning,2026-05-04,SNDK,reversal,Large,surfaced,GO,5/5,0.057841,1222.18,0.027557,0.150665,0.15366,0.096369,0.24,0.24,3.08,,,False,False,False,False,4,True,SNDK_reversal_2026-05-04,1,reversal_2026-05-04,2,,,,,,,0.158572,0.184217,0.017254,2.022273,1.529801,0.046289,,,
2026-05-04,morning,2026-05-04,SOXL,reversal,ETF,surfaced,GO,4/5,0.070762,132.195,-0.035137,0.09051,0.254586,0.150573,0.9,0.9,3.61,,,True,False,False,False,4,True,SOXL_reversal_2026-05-04,1,reversal_2026-05-04,2,,,,,,,0.12521,0.190215,0.001074,1.052256,0.54235,0.057872,,,
2026-05-04,morning,2026-05-04,STX,reversal,Large,surfaced,GO,5/5,0.051746,742.16,-0.004878,0.038873,0.059637,0.032715,0.34,0.34,1.3,,,True,False,False,False,4,True,STX_reversal_2026-05-01,2,reversal_2026-05-04,2,,,,,,,0.190186,0.255427,0.023482,1.680569,1.795576,0.05235,,,
2026-05-05,morning,2026-05-05,MU,reversal,Large,surfaced,GO,5/5,0.051964,609.775,0.049895,0.093174,0.06044,0.22473,0.14,0.14,4.34,,,False,False,False,False,4,True,MU_reversal_2026-05-05,1,reversal_2026-05-05,2,,,,,,,0.229266,0.11185,0.105959,1.057658,1.166807,0.109817,,,
2026-05-05,morning,2026-05-05,NBIS,reversal,Medium,surfaced,GO,4/5,0.071527,171.65,0.024876,0.136557,0.076435,0.031459,0.24,0.24,2.14,,,False,False,False,False,4,True,NBIS_reversal_2026-05-05,1,reversal_2026-05-05,2,,,,,,,0.150665,0.249522,-0.004094,1.567582,1.480498,0.062285,,,
2026-05-05,morning,2026-05-05,SNDK,reversal,Large,surfaced,GO,5/5,0.05581,1289.01,0.091008,0.093847,0.039526,0.212046,0.04,0.04,3.82,,,False,False,False,False,4,True,SNDK_reversal_2026-05-04,2,reversal_2026-05-05,2,,,,,,,0.266886,0.180087,0.094469,0.913952,1.140445,0.05929,,,
2026-05-06,morning,2026-05-06,INTC,reversal,Large,surfaced,GO,5/5,0.056408,110.975,0.018337,-0.01221,0.125659,0.166389,0.7,0.7,3.48,,,False,False,False,False,4,True,INTC_reversal_2026-04-30,4,reversal_2026-05-06,0,,,,,,,0.233191,0.144687,0.042811,1.634798,1.404199,0.039661,,,
2026-05-06,morning,2026-05-06,MU,reversal,Large,surfaced,GO,5/5,0.04952,660.37,0.009419,-0.020807,0.130896,0.20437,1.0,1.0,4.84,0.22,0,False,False,False,True,4,True,MU_reversal_2026-05-05,2,reversal_2026-05-06,0,,,,,,,0.232177,0.237915,0.044986,1.396668,1.628651,0.045744,,,
2026-05-06,morning,2026-05-06,SNDK,reversal,Large,surfaced,GO,5/5,0.053518,1437.4,-0.019076,-0.067789,0.086921,0.076638,1.34,1.88,2.11,0.03,0,True,False,True,True,4,True,SNDK_reversal_2026-05-04,3,reversal_2026-05-06,0,,,,,,,0.27216,0.282542,0.039586,1.696653,1.320227,0.04584,,,
2026-05-06,morning,2026-05-06,SOXL,reversal,ETF,surfaced,GO,5/5,0.065467,157.84,0.050748,-0.036366,0.121009,0.206412,0.85,0.99,3.24,,,False,False,False,False,4,True,SOXL_reversal_2026-05-04,2,reversal_2026-05-06,0,,,,,,,0.304733,0.135297,0.117647,1.255213,0.732268,0.078925,,,
2026-05-06,morning,2026-05-06,STX,reversal,Large,surfaced,GO,5/5,0.050174,768.8,0.022919,-0.00307,0.018002,0.08482,0.41,0.69,1.88,,,False,False,False,False,4,True,STX_reversal_2026-05-01,3,reversal_2026-05-06,0,,,,,,,0.16739,0.144543,0.018145,1.000972,1.475406,0.01666,,,
2026-05-11,morning,2026-05-11,AMD,reversal,Large,surfaced,GO,5/5,0.057886,460.55,-0.003822,-0.02662,-0.032678,-0.023559,0.36,1.29,0.33,0.33,1,True,True,False,True,4,True,AMD_reversal_2026-05-11,1,reversal_2026-05-11,4,,,,,,,0.215028,0.281287,0.020233,1.413572,1.274297,0.029237,,,
2026-05-11,morning,2026-05-11,CRWD,reversal,Large,surfaced,GO,4/5,0.039582,523.78,0.035282,0.042766,0.074058,0.10724,0.09,0.09,2.89,,,False,False,False,False,4,True,CRWD_reversal_2026-05-11,1,reversal_2026-05-11,4,,,,,,,0.083057,0.107527,-0.014722,1.777482,1.303439,0.003042,,,
2026-05-11,morning,2026-05-11,GLW,reversal,Large,surfaced,GO,5/5,0.061391,194,0.069021,0.021856,0.064485,0.073608,0.2,0.48,1.49,,,False,False,False,False,4,True,GLW_reversal_2026-05-11,1,reversal_2026-05-11,4,,,,,,,0.118428,0.153239,0.032417,1.119968,1.737113,0.022044,,,
2026-05-11,morning,2026-05-11,INTC,reversal,Large,surfaced,GO,5/5,0.060664,130.88,-0.011002,-0.078469,-0.080914,-0.114227,0.88,2.23,0.24,0.24,1,True,True,False,True,4,True,INTC_reversal_2026-04-30,5,reversal_2026-05-11,4,,,,,,,0.254758,0.155062,0.042747,2.375307,1.606724,0.056057,,,
2026-05-11,morning,2026-05-11,MU,reversal,Large,surfaced,GO,5/5,0.053742,792.98,0.002964,-0.033292,0.01343,-0.0214,0.59,2.03,0.6,0.6,1,False,True,False,True,4,True,MU_reversal_2026-05-05,3,reversal_2026-05-11,4,,,,,,,0.265728,0.166526,0.044249,1.694067,1.580158,0.065702,,,
2026-05-11,morning,2026-05-11,RKLB,reversal,Medium,surfaced,GO,4/5,0.073144,105.27,0.114753,0.116747,0.179348,0.259143,0.16,0.16,3.62,,,False,False,False,False,4,True,RKLB_reversal_2026-05-11,1,reversal_2026-05-11,4,,,,,,,0.224757,0.339132,-0.007301,2.578949,3.684837,0.047383,,,
2026-05-11,morning,2026-05-11,SNDK,reversal,Large,surfaced,GO,4/5,0.064575,1586.25,-0.024391,-0.084621,-0.087641,-0.128309,0.7,2.19,0.13,0.13,1,True,True,False,True,4,True,SNDK_reversal_2026-05-04,4,reversal_2026-05-11,4,,,,,,,0.202387,0.110942,-0.002791,1.718383,1.275164,0.038823,,,
2026-05-11,morning,2026-05-11,SOXL,reversal,ETF,surfaced,GO,4/5,0.077825,181,0.052044,-0.046851,0.017901,0.028674,0.15,2.16,0.73,0.73,1,False,False,False,True,4,True,SOXL_reversal_2026-05-04,3,reversal_2026-05-11,4,,,,,,,0.246366,0.227386,0.015599,1.143355,0.714801,0.037671,,,
2026-05-12,morning,2026-05-12,GLW,reversal,Large,surfaced,GO,4/5,0.063809,204.34,-0.029852,0.01062,0.019282,-0.061319,1.23,1.23,0.57,0.08,0,True,True,True,True,4,True,GLW_reversal_2026-05-11,2,reversal_2026-05-12,1,,,,,,,0.131071,0.142204,-0.020879,1.332085,1.80833,0.026092,,,
2026-05-12,morning,2026-05-12,INTC,reversal,Large,surfaced,GO,4/5,0.06804,124.36,-0.030154,-0.032728,-0.067787,-0.125362,1.11,2.29,0.41,0.41,0,True,True,True,True,4,True,INTC_reversal_2026-04-30,6,reversal_2026-05-12,1,,,,,,,0.13163,0.145385,-0.047607,1.052713,1.209792,0.018571,,,
2026-05-12,morning,2026-05-12,MU,reversal,Large,surfaced,GO,4/5,0.059716,774.7,-0.010481,0.037343,0.001691,-0.064593,1.47,1.47,0.87,0.17,0,True,True,True,True,4,True,MU_reversal_2026-05-05,4,reversal_2026-05-12,1,,,,,,,0.178011,0.193132,-0.034326,1.104792,1.665505,0.023153,,,
2026-05-12,morning,2026-05-12,NVTS,reversal,Medium,surfaced,GO,4/5,0.118636,21.72,-0.11372,-0.025322,0.027624,-0.018416,1.18,1.18,0.65,0.11,0,True,True,True,True,4,True,NVTS_reversal_2026-05-12,1,reversal_2026-05-12,1,,,,,,,0.197313,0.357914,-0.056071,2.243312,1.862263,0.008769,,,
2026-05-12,morning,2026-05-12,RKLB,reversal,Medium,surfaced,GO,4/5,0.076981,112.76,0.042568,0.101011,0.175505,0.106509,0.04,0.04,2.35,,,False,False,False,False,4,True,RKLB_reversal_2026-05-11,2,reversal_2026-05-12,1,,,,,,,0.221763,0.386297,-0.04363,2.307981,2.21276,0.016964,,,
2026-05-14,morning,2026-05-14,AAOI,reversal,Medium,surfaced,GO,4/5,0.117504,216.38,-0.059201,-0.120251,-0.199279,-0.208199,0.68,2.21,0.1,0.1,1,True,True,False,True,4,True,AAOI_reversal_2026-05-14,1,reversal_2026-05-14,5,,,,,,,0.207274,0.497919,-0.018377,1.629441,1.66466,0.0,,,
2026-05-14,morning,2026-05-14,GLW,reversal,Large,surfaced,GO,4/5,0.070211,203.37,0.024143,-0.056842,-0.122044,-0.135418,0.21,2.35,0.5,0.5,2,False,True,False,True,4,True,GLW_reversal_2026-05-11,3,reversal_2026-05-14,5,,,,,,,0.084351,0.104686,-0.013268,1.097796,1.116217,0.0,,,
2026-05-13,evening,2026-05-14,LITE,reversal,Medium,surfaced,GO,4/5,0.084175,1002,-0.00019,-0.031238,-0.116786,-0.111687,0.23,1.86,0.27,0.27,2,True,True,False,True,4,True,LITE_reversal_2026-05-14,1,reversal_2026-05-14,5,,,,,,,0.094931,0.1118,0.050405,1.687202,1.264413,0.071345,,,
2026-05-13,evening,2026-05-14,MU,reversal,Large,surfaced,GO,5/5,0.061341,787.62,-0.014741,-0.079937,-0.134684,-0.112846,0.25,2.8,0.5,0.5,1,True,True,False,True,4,True,MU_reversal_2026-05-05,5,reversal_2026-05-14,5,,,,,,,0.187447,0.1855,0.045423,1.549245,1.662545,0.10124,,,
2026-05-14,morning,2026-05-14,NBIS,reversal,Medium,surfaced,GO,4/5,0.081977,213.375,0.036438,0.030767,-0.063339,-0.073322,0.32,1.74,1.16,1.16,2,False,True,False,True,4,True,NBIS_reversal_2026-05-14,1,reversal_2026-05-14,5,,,,,,,0.165113,0.170686,0.018732,1.290605,2.577577,0.014117,,,
2026-05-14,morning,2026-05-14,NOK,reversal,Medium,surfaced,GO,4/5,0.060101,15.146,-0.045292,-0.078965,-0.09283,-0.097451,0.93,2.26,0.05,0.05,1,True,True,False,True,4,True,NOK_reversal_2026-05-14,1,reversal_2026-05-14,5,,,,,,,0.174733,0.147426,0.057002,1.455346,1.334847,0.044282,,,
2026-05-13,evening,2026-05-14,NVTS,reversal,Medium,surfaced,GO,5/5,0.12137,21.14,0.055818,0.008515,-0.069536,-0.080889,0.29,1.42,0.88,0.88,3,False,True,False,True,4,True,NVTS_reversal_2026-05-12,2,reversal_2026-05-14,5,,,,,,,0.173125,0.219126,0.105195,1.289627,1.15585,0.077325,,,
2026-05-13,evening,2026-05-14,RKLB,reversal,Medium,surfaced,GO,5/5,0.07012,123.1,0.076767,0.013566,0.065475,0.0342,0.21,0.91,1.77,,,False,False,False,False,4,True,RKLB_reversal_2026-05-11,3,reversal_2026-05-14,5,,,,,,,0.297742,0.496055,0.070772,1.028694,1.285748,0.080094,,,
2026-05-13,evening,2026-05-14,SOXL,reversal,ETF,surfaced,GO,5/5,0.091833,182.67,0.01927,-0.101221,-0.169267,-0.168501,0.26,2.84,0.41,0.41,1,False,True,False,True,4,True,SOXL_reversal_2026-05-04,4,reversal_2026-05-14,5,,,,,,,0.174053,0.134254,0.070108,1.867431,1.442881,0.105599,,,
2026-05-14,morning,2026-05-14,WOLF,reversal,Medium,surfaced,GO,5/5,0.101634,63.355,0.104254,-0.019335,-0.063215,-0.071423,0.5,1.28,1.4,1.4,2,False,True,False,True,4,True,WOLF_reversal_2026-05-14,1,reversal_2026-05-14,5,,,,,,,0.420556,0.343348,0.070288,2.223374,4.899803,0.0,,,
2026-05-14,evening,2026-05-15,GLW,reversal,Large,surfaced,GO,4/5,0.06874,198.11,-0.031801,-0.098733,-0.112463,-0.087931,0.46,2.08,0.2,0.2,1,True,True,False,True,4,True,GLW_reversal_2026-05-11,4,reversal_2026-05-15,1,,,,,,,0.107552,0.104686,0.007845,1.097796,1.116217,0.044154,,,
2026-05-14,evening,2026-05-15,NBIS,reversal,Medium,surfaced,GO,5/5,0.076149,217.61,0.010707,-0.081568,-0.091356,-0.118515,0.35,2.09,0.67,0.67,1,False,True,False,True,4,True,NBIS_reversal_2026-05-14,2,reversal_2026-05-15,1,,,,,,,0.254295,0.170686,0.09671,1.290605,2.577577,0.062175,,,
2026-05-15,morning,2026-05-15,POET,reversal,Medium,surfaced,GO,4/5,0.121732,18.322,-0.12837,-0.22443,-0.28665,-0.19332,1.07,2.92,0.87,0.87,0,True,True,True,True,4,True,POET_reversal_2026-05-15,1,reversal_2026-05-15,1,,,,,,,0.495173,0.479856,-0.02771,1.406371,2.117478,0.0,,,
2026-05-14,evening,2026-05-15,RKLB,reversal,Medium,surfaced,GO,4/5,0.068034,128.1,-0.025995,0.023888,-0.006167,0.048244,0.72,1.48,1.18,1.18,2,True,False,False,True,4,True,RKLB_reversal_2026-05-11,4,reversal_2026-05-15,1,,,,,,,0.283176,0.177112,0.058679,1.157446,0.978457,0.030725,,,
2026-05-15,morning,2026-05-15,WOLF,reversal,Medium,surfaced,GO,4/5,0.112431,62.8,-0.010669,-0.054936,-0.063217,-0.066561,0.47,1.28,0.95,0.95,1,True,True,False,True,4,True,WOLF_reversal_2026-05-14,2,reversal_2026-05-15,1,,,,,,,0.256677,0.390578,-0.070898,1.669382,2.111157,0.0,,,
2026-05-15,evening,2026-05-18,NBIS,reversal,Medium,surfaced,GO,4/5,0.079369,217.47,-0.080977,-0.090771,-0.117947,0.011312,1.59,2.0,0.54,0.03,0,True,False,True,True,4,True,NBIS_reversal_2026-05-14,3,reversal_2026-05-18,0,,,,,,,0.186015,0.18834,0.014741,1.458633,1.84001,0.05702,,,
2026-05-18,morning,2026-05-18,POET,reversal,Medium,surfaced,GO,4/5,0.124699,17.02,-0.1651,-0.23208,-0.13161,-0.12926,1.74,2.45,0.07,0.07,0,True,True,True,True,4,True,POET_reversal_2026-05-15,2,reversal_2026-05-18,0,,,,,,,0.282466,0.163146,0.115842,1.946326,1.458628,0.0,,,
2026-05-15,evening,2026-05-18,WOLF,reversal,Medium,surfaced,GO,4/5,0.11409,63.54,-0.065943,-0.074127,-0.077432,0.093799,1.16,1.35,1.19,0.82,0,True,False,True,True,4,True,WOLF_reversal_2026-05-14,3,reversal_2026-05-18,0,,,,,,,0.238407,0.390578,-0.084405,1.669382,2.111157,0.038594,,,
2026-05-22,morning,2026-05-22,ARM,reversal,Large,surfaced,GO,4/5,0.06908,290.075,0.056658,0.107369,0.043558,0.155805,0.09,0.09,2.96,,,False,False,False,False,4,True,ARM_reversal_2026-05-22,1,reversal_2026-05-22,2,,,,,,,0.224758,0.386343,-0.017537,1.61558,1.790341,0.0,,,
2026-05-22,morning,2026-05-22,RGTI,reversal,Medium,surfaced,GO,4/5,0.086328,22.96,0.150697,0.091681,0.0723,0.177265,0.15,0.15,2.43,,,False,False,False,False,4,True,RGTI_reversal_2026-05-22,1,reversal_2026-05-22,2,,,,,,,0.25113,0.326113,0.049002,1.853807,5.498249,0.0,,,
2026-05-26,morning,2026-05-26,ARM,reversal,Large,surfaced,GO,4/5,0.066295,315.71,0.017453,-0.041177,0.061956,0.119033,0.75,0.75,1.95,,,False,False,False,False,4,True,ARM_reversal_2026-05-22,2,reversal_2026-05-26,4,,,,,,,0.249571,0.37356,0.030146,1.279828,1.130179,0.0,,,
2026-05-22,evening,2026-05-26,IONQ,reversal,Medium,surfaced,GO,5/5,0.085945,64.3,-0.010575,0.017107,0.090824,0.12084,0.76,0.83,1.42,,,True,False,False,False,4,True,IONQ_reversal_2026-05-26,1,reversal_2026-05-26,4,,,,,,,0.191711,0.194281,0.07115,1.326219,2.011832,0.104133,,,
2026-05-26,morning,2026-05-26,NVTS,reversal,Medium,surfaced,GO,4/5,0.099649,31.355,0.013873,-0.078935,-0.090735,-0.15165,0.24,1.69,0.79,0.79,2,False,True,False,True,4,True,NVTS_reversal_2026-05-26,1,reversal_2026-05-26,4,,,,,,,0.375892,0.505404,0.072137,1.628804,1.407821,0.0,,,
2026-05-26,morning,2026-05-26,QCOM,reversal,Large,surfaced,GO,4/5,0.081654,240.715,0.033671,-0.030389,0.010697,0.04281,0.25,0.84,0.98,,,False,False,False,False,4,True,QCOM_reversal_2026-05-26,1,reversal_2026-05-26,4,,,,,,,0.159226,0.217525,0.023892,1.447912,0.951296,0.0,,,
2026-05-26,morning,2026-05-26,RGTI,reversal,Medium,surfaced,GO,4/5,0.087575,26.01,-0.036332,-0.053441,0.039216,-0.01807,1.01,1.05,0.69,0.25,0,True,True,True,True,4,True,RGTI_reversal_2026-05-22,2,reversal_2026-05-26,4,,,,,,,0.316561,0.655388,0.0,2.216702,6.192801,0.0,,,
2026-05-26,morning,2026-05-26,WOLF,reversal,Medium,surfaced,GO,4/5,0.136977,77.78,-0.055027,-0.18668,-0.163667,-0.23785,0.66,2.0,0.27,0.27,1,True,True,False,True,4,True,WOLF_reversal_2026-05-26,1,reversal_2026-05-26,4,,,,,,,0.218947,0.187999,0.065961,1.229819,1.100726,0.0,,,
2026-05-27,morning,2026-05-27,AMD,reversal,Large,surfaced,GO,4/5,0.063835,508,-0.024528,0.019862,0.015945,0.004193,0.66,0.66,0.59,,,True,False,False,False,4,True,AMD_reversal_2026-05-27,1,reversal_2026-05-27,9,,,,,,,0.129132,0.12581,0.011133,0.82186,0.908772,0.0,,,
2026-05-26,evening,2026-05-27,ARM,reversal,Large,surfaced,GO,5/5,0.066011,320.535,-0.05561,0.04597,0.102189,0.275524,0.93,0.93,4.78,,,True,False,False,False,4,True,ARM_reversal_2026-05-22,3,reversal_2026-05-27,9,,,,,,,0.254933,0.37356,0.034567,1.279828,1.130179,0.068722,,,
2026-05-26,evening,2026-05-27,CRDO,reversal,Medium,surfaced,GO,4/5,0.084937,224.13,-0.012939,-0.007942,0.053094,0.00879,0.74,0.74,1.0,,,True,False,False,False,4,True,CRDO_reversal_2026-05-27,1,reversal_2026-05-27,9,,,,,,,0.159346,0.292443,0.004579,1.259931,1.399574,0.088621,,,
2026-05-27,morning,2026-05-27,MRVL,reversal,Large,surfaced,GO,5/5,0.061895,217.98,-0.088448,-0.060327,-0.059547,0.006652,1.61,1.73,0.53,0.02,0,True,False,True,True,4,True,MRVL_reversal_2026-05-27,1,reversal_2026-05-27,9,,,,,,,0.180441,0.114882,0.060885,1.273113,1.812957,0.0,,,
2026-05-27,morning,2026-05-27,MU,reversal,Large,surfaced,GO,5/5,0.070953,955.66,-0.028514,-0.033631,0.016052,0.083544,1.0,1.0,1.35,,,True,False,True,True,4,True,MU_reversal_2026-05-27,1,reversal_2026-05-27,9,,,,,,,0.224712,0.223897,0.041468,1.457749,1.505916,0.0,,,
2026-05-26,evening,2026-05-27,NOK,reversal,Medium,surfaced,GO,5/5,0.06002,16,-0.02,-0.045,-0.0725,0.015625,0.48,1.53,0.54,0.05,2,True,False,False,True,4,True,NOK_reversal_2026-05-27,1,reversal_2026-05-27,9,,,,,,,0.160534,0.131675,0.056231,1.228696,1.074617,0.177249,,,
2026-05-26,evening,2026-05-27,NVTS,reversal,Medium,surfaced,GO,5/5,0.09976,31.81,-0.092109,-0.103741,-0.163785,-0.218485,1.09,2.59,0.04,0.04,0,True,True,True,True,4,True,NVTS_reversal_2026-05-26,2,reversal_2026-05-27,9,,,,,,,0.374356,0.505404,0.07094,1.628804,1.407821,0.095186,,,
2026-05-27,morning,2026-05-27,PL,reversal,Medium,surfaced,GO,4/5,0.077679,50.1,0.007585,0.025948,0.020758,-0.072655,0.77,1.37,0.43,0.43,2,False,True,False,True,4,True,PL_reversal_2026-05-27,1,reversal_2026-05-27,9,,,,,,,0.2327,0.132677,0.103477,1.272387,1.90416,0.0,,,
2026-05-27,morning,2026-05-27,QCOM,reversal,Large,surfaced,GO,4/5,0.07898,245.43,-0.049016,-0.008719,0.022776,-0.066984,1.1,1.1,0.75,0.15,0,True,True,True,True,4,True,QCOM_reversal_2026-05-26,2,reversal_2026-05-27,9,,,,,,,0.155246,0.22868,0.012378,1.115854,0.958508,0.0,,,
2026-05-26,evening,2026-05-27,RGTI,reversal,Medium,surfaced,GO,4/5,0.094079,24.625,-0.000203,0.097665,0.037157,0.040812,0.43,0.43,1.28,,,True,False,False,False,4,True,RGTI_reversal_2026-05-22,3,reversal_2026-05-27,9,,,,,,,0.224621,0.655388,-0.069833,2.216702,6.192801,0.255647,,,
2026-05-27,morning,2026-05-27,SNDK,reversal,Large,surfaced,GO,4/5,0.07712,1645.99,-0.034052,-0.002643,0.029763,0.070134,0.93,0.93,1.24,,,True,False,False,False,4,True,SNDK_reversal_2026-05-27,1,reversal_2026-05-27,9,,,,,,,0.128985,0.141459,0.0363,0.958311,0.851953,0.032612,,,
2026-05-27,morning,2026-05-27,STX,reversal,Large,surfaced,GO,4/5,0.053435,881.14,-0.011894,-0.000477,-0.001521,0.045532,0.74,0.74,1.27,,,True,False,False,False,4,True,STX_reversal_2026-05-27,1,reversal_2026-05-27,9,,,,,,,0.128368,0.126073,0.058208,0.955075,0.716172,0.011751,,,
2026-05-27,morning,2026-05-27,WDC,reversal,Large,surfaced,GO,4/5,0.059572,538.97,-0.01553,-0.014453,-0.014398,0.013414,0.54,0.63,0.78,,,True,False,False,False,4,True,WDC_reversal_2026-05-27,1,reversal_2026-05-27,9,,,,,,,0.096489,0.141486,0.012103,1.12604,0.944506,0.0,,,
2026-05-27,evening,2026-05-28,AMD,reversal,Large,surfaced,GO,4/5,0.065459,499,0.038257,0.034269,0.022305,0.04517,0.17,0.37,0.86,,,False,False,False,False,4,True,AMD_reversal_2026-05-27,2,reversal_2026-05-28,1,,,,,,,0.10112,0.12581,-0.013951,0.82186,0.908772,0.052584,,,
2026-05-28,morning,2026-05-28,APP,reversal,Large,surfaced,GO,5/5,0.065479,562.16,0.067116,0.090597,0.091682,0.077327,0.05,0.05,1.63,,,False,False,False,False,4,True,APP_reversal_2026-05-28,1,reversal_2026-05-28,1,,,,,,,0.138091,0.168639,0.010866,1.779427,1.726099,0.0,,,
2026-05-28,morning,2026-05-28,MU,reversal,Large,surfaced,GO,4/5,0.074288,929.83,-0.006786,0.044277,0.113644,0.144403,0.36,0.36,2.12,,,True,False,False,False,4,True,MU_reversal_2026-05-27,2,reversal_2026-05-28,1,,,,,,,0.154485,0.218226,-0.011223,0.997278,1.374044,0.0,,,
2026-05-27,evening,2026-05-28,SNDK,reversal,Large,surfaced,GO,4/5,0.08014,1596.31,0.028397,0.061811,0.103439,0.075205,0.28,0.28,1.62,,,False,False,False,False,4,True,SNDK_reversal_2026-05-27,2,reversal_2026-05-28,1,,,,,,,0.086447,0.141459,-0.002746,0.958311,0.851953,0.067436,,,
2026-05-27,evening,2026-05-28,STX,reversal,Large,surfaced,GO,5/5,0.054338,889.515,-0.009887,-0.010922,0.035688,0.041703,0.49,0.49,1.33,,,True,False,False,False,4,True,STX_reversal_2026-05-27,2,reversal_2026-05-28,1,,,,,,,0.109614,0.126073,0.04062,0.955075,0.716172,0.05947,,,
2026-05-27,evening,2026-05-28,WDC,reversal,Large,surfaced,GO,5/5,0.059195,540.505,-0.017252,-0.017197,0.010536,0.041803,0.41,0.68,0.96,,,True,False,False,False,4,True,WDC_reversal_2026-05-27,2,reversal_2026-05-28,1,,,,,,,0.103468,0.141486,0.018546,1.12604,0.944506,0.066377,,,
2026-05-29,morning,2026-05-29,AMD,reversal,Large,surfaced,GO,4/5,0.056658,520.8,-0.009025,-0.020488,0.001421,0.041705,0.59,1.15,0.87,0.04,1,True,False,False,True,4,True,AMD_reversal_2026-05-27,3,reversal_2026-05-29,1,,,,,,,0.113437,0.10819,0.013723,1.131845,0.767224,0.0,,,
2026-05-28,evening,2026-05-29,APP,reversal,Large,surfaced,GO,5/5,0.062746,601.47,0.019319,0.020334,0.006916,-0.050942,0.56,0.97,0.54,,,False,True,False,False,4,True,APP_reversal_2026-05-28,2,reversal_2026-05-29,1,,,,,,,0.187659,0.168639,0.054893,1.779427,1.726099,0.028514,,,
2026-05-28,evening,2026-05-29,MU,reversal,Large,surfaced,GO,4/5,0.073196,957,0.014629,0.082027,0.111912,0.128077,0.24,0.24,1.89,,,False,False,False,False,4,True,MU_reversal_2026-05-27,3,reversal_2026-05-29,1,,,,,,,0.171702,0.218226,0.003522,0.997278,1.374044,0.068671,,,
2026-05-29,morning,2026-05-29,SNDK,reversal,Large,surfaced,GO,4/5,0.07737,1682,0.007717,0.047224,0.020428,0.088882,0.31,0.31,1.38,,,False,False,False,False,4,True,SNDK_reversal_2026-05-27,3,reversal_2026-05-29,1,,,,,,,0.110607,0.110199,0.025956,1.057325,0.667948,0.0,,,
2026-05-28,evening,2026-05-29,SOXL,reversal,ETF,surfaced,GO,5/5,0.105914,231.82,-0.032266,-0.020663,0.148822,0.210163,0.54,0.88,2.15,,,True,False,False,False,4,True,SOXL_reversal_2026-05-29,1,reversal_2026-05-29,1,,,,,,,0.192281,0.221929,0.036196,1.616027,1.236384,0.076036,,,
2026-06-02,morning,2026-06-02,ARM,reversal,Large,surfaced,GO,4/5,0.067219,401.13,0.003939,0.026675,-0.019171,-0.14509,0.49,2.36,1.0,1.0,1,False,True,False,True,4,True,ARM_reversal_2026-06-02,1,reversal_2026-06-02,5,,,,,,,0.282976,0.350633,0.008316,1.45935,1.697383,0.0,,,
2026-06-02,morning,2026-06-02,CRWD,reversal,Large,surfaced,GO,4/5,0.043763,764.85,0.005361,-0.02254,-0.059829,-0.122678,0.58,2.83,0.42,0.42,2,False,True,False,True,4,True,CRWD_reversal_2026-06-02,1,reversal_2026-06-02,5,,,,,,,0.128491,0.21199,-0.018129,1.53705,1.420455,0.0,,,
2026-06-02,morning,2026-06-02,MRVL,reversal,Large,surfaced,GO,4/5,0.057417,253.46,0.147282,0.190129,0.248442,0.039493,0.07,0.07,4.86,,,False,False,False,False,4,True,MRVL_reversal_2026-06-02,1,reversal_2026-06-02,5,,,,,,,0.36338,0.104328,0.242127,1.918277,1.187039,0.0,,,
2026-06-02,morning,2026-06-02,NBIS,reversal,Medium,surfaced,GO,4/5,0.082822,272.1,-0.042337,-0.075046,-0.045682,-0.162771,0.55,2.46,0.3,0.3,1,True,True,False,True,4,True,NBIS_reversal_2026-06-02,1,reversal_2026-06-02,5,,,,,,,0.244771,0.269425,0.053459,1.594471,1.277364,0.030663,,,
2026-06-02,morning,2026-06-02,ORCL,reversal,Large,surfaced,GO,4/5,0.046201,242.8,0.007331,-0.051359,-0.026606,-0.119934,0.35,2.97,0.55,0.55,1,False,True,False,True,4,True,ORCL_reversal_2026-06-02,1,reversal_2026-06-02,5,,,,,,,0.13932,0.299487,-0.040056,2.330644,2.297295,0.0,,,
2026-06-02,morning,2026-06-02,WOLF,bounce,Medium,surfaced,CAUTION,4/6,0.22268,55.8,0.094265,0.105197,0.201792,-0.013262,0.56,1.14,0.14,0.07,2,True,False,True,True,4,True,WOLF_bounce_2026-06-02,1,bounce_2026-06-02,1,2.745,0.919,1.928,1,57.07,54.99,,-0.186011,,0.797649,,,-0.278512,-0.34484,-0.34484
2026-06-03,morning,2026-06-03,ARM,reversal,Large,surfaced,GO,4/5,0.072382,407.535,0.010539,-0.034586,-0.158526,-0.150036,1.14,2.37,0.34,0.34,0,False,True,False,True,4,True,ARM_reversal_2026-06-02,2,reversal_2026-06-03,1,,,,,,,0.205567,0.201151,0.010653,1.360754,1.186775,0.0,,,
2026-06-03,morning,2026-06-03,AVGO,reversal,Large,surfaced,GO,5/5,0.035961,494.775,-0.031418,-0.153332,-0.220393,-0.198424,1.24,6.14,0.01,0.01,0,True,True,True,True,4,True,AVGO_reversal_2026-06-03,1,reversal_2026-06-03,1,,,,,,,0.120641,0.128909,0.029964,1.02941,1.905781,0.0,,,
2026-06-02,evening,2026-06-03,CRWD,reversal,Large,surfaced,GO,4/5,0.044253,765.675,-0.023594,-0.060842,-0.123623,-0.139596,0.7,3.35,0.04,0.04,1,True,True,False,True,4,True,CRWD_reversal_2026-06-02,2,reversal_2026-06-03,1,,,,,,,0.116016,0.21199,-0.028983,1.53705,1.420455,0.058506,,,
2026-06-03,morning,2026-06-03,MRVL,reversal,Large,surfaced,GO,5/5,0.060793,317.63,-0.05031,-0.003778,-0.170513,-0.090609,1.22,2.91,0.34,0.34,0,True,True,True,True,4,True,MRVL_reversal_2026-06-02,2,reversal_2026-06-03,1,,,,,,,0.498144,0.419665,0.123594,1.956899,3.920794,0.0,,,
2026-06-03,morning,2026-06-03,MU,reversal,Large,surfaced,GO,4/5,0.0584,1079.01,0.000519,-0.076932,-0.199257,-0.120231,0.64,3.41,0.16,0.16,1,False,True,False,True,4,True,MU_reversal_2026-05-27,4,reversal_2026-06-03,1,,,,,,,0.170576,0.152222,0.015412,0.940693,0.85101,0.0,,,
2026-06-02,evening,2026-06-03,NBIS,reversal,Medium,surfaced,GO,4/5,0.088288,260.215,-0.0328,-0.002094,-0.124532,-0.162231,0.55,1.89,0.32,0.32,1,True,True,False,True,4,True,NBIS_reversal_2026-06-02,2,reversal_2026-06-03,1,,,,,,,0.167711,0.269425,-0.011758,1.594471,1.277364,0.074192,,,
2026-06-03,morning,2026-06-03,ORCL,reversal,Large,surfaced,GO,4/5,0.045267,240.48,-0.042207,-0.017216,-0.111444,-0.119178,1.18,2.86,0.0,0.0,0,True,True,True,True,4,True,ORCL_reversal_2026-06-02,2,reversal_2026-06-03,1,,,,,,,0.104123,0.200687,-0.024082,0.94032,1.364116,0.0,,,
2026-06-03,morning,2026-06-03,SOXL,reversal,ETF,surfaced,GO,4/5,0.088086,281.47,-0.003304,-0.066686,-0.351476,-0.248801,0.98,4.02,0.13,0.13,1,True,True,False,True,4,True,SOXL_reversal_2026-05-29,2,reversal_2026-06-03,1,,,,,,,0.281347,0.185594,0.053207,1.143664,0.740356,0.0,,,
2026-06-02,evening,2026-06-03,WOLF,bounce,Medium,surfaced,CAUTION,4/6,0.22268,65.9,-0.064188,0.017602,-0.164492,-0.159029,0.09,0.28,0.82,,,False,False,False,True,4,True,WOLF_bounce_2026-06-02,2,bounce_2026-06-03,0,8.861,0.785,0.085,2,61.95,60.3869,,-0.186011,0.053824,0.797649,,,-0.278512,-0.34484,-0.34484
2026-06-03,evening,2026-06-04,ARM,reversal,Large,surfaced,GO,4/5,0.071636,380.41,0.034253,-0.098525,-0.08943,-0.146027,0.47,3.01,0.63,0.63,1,False,True,False,True,4,True,ARM_reversal_2026-06-02,3,reversal_2026-06-04,1,,,,,,,0.218126,0.201151,0.021181,1.360754,1.186775,0.042851,,,
2026-06-04,morning,2026-06-04,MRVL,reversal,Large,surfaced,GO,4/5,0.074786,282.95,0.118325,-0.068846,0.020852,-0.056794,0.25,1.84,1.82,1.82,1,False,True,False,True,4,True,MRVL_reversal_2026-06-02,3,reversal_2026-06-04,1,,,,,,,0.194624,0.471463,-0.070114,1.439167,3.433555,0.0,,,
2026-06-03,evening,2026-06-04,SOXL,reversal,ETF,surfaced,GO,5/5,0.08824,242.04,0.085358,-0.245827,-0.126425,-0.166749,0.63,3.96,1.52,1.52,1,False,True,False,True,4,True,SOXL_reversal_2026-05-29,3,reversal_2026-06-04,1,,,,,,,0.279109,0.185594,0.051367,1.143664,0.740356,0.067626,,,
2026-06-04,morning,2026-06-04,SPCE,bounce,Small,surfaced,CAUTION,4/6,0.225949,4.2,0.12381,0.042857,-0.019048,0.092857,1.03,1.03,0.15,0.15,0,True,True,True,True,4,True,SPCE_bounce_2026-06-04,1,bounce_2026-06-04,1,,,,0,,,,-0.429521,,0.926318,,,-0.410309,-0.517978,-0.517978
2026-06-03,evening,2026-06-04,STM,reversal,Medium,surfaced,GO,4/5,0.049883,75,0.0448,-0.057067,0.000133,-0.0224,0.08,1.94,0.97,0.97,1,False,True,False,True,4,True,STM_reversal_2026-06-04,1,reversal_2026-06-04,1,,,,,,,0.159925,0.144852,0.015721,1.234929,1.837872,0.068064,,,
2026-06-04,evening,2026-06-05,ARM,reversal,Large,surfaced,GO,4/5,0.080308,369.75,-0.072535,-0.063178,-0.121406,-0.168546,1.08,2.4,0.13,0.13,0,True,True,True,True,4,True,ARM_reversal_2026-06-02,4,reversal_2026-06-05,1,,,,,,,0.114027,0.1657,-0.046609,1.383059,0.8904,0.05347,,,
2026-06-05,morning,2026-06-05,MRVL,reversal,Large,surfaced,GO,4/5,0.075351,299.5,-0.120301,-0.035559,-0.108915,-0.156628,1.69,2.46,0.24,0.05,0,True,True,True,True,4,True,MRVL_reversal_2026-06-02,4,reversal_2026-06-05,1,,,,,,,0.218504,0.442054,-0.032961,1.905684,2.26909,0.0,,,
2026-06-04,evening,2026-06-05,SOXL,reversal,ETF,surfaced,GO,4/5,0.094978,230.8482,-0.209264,-0.084073,-0.126352,-0.217451,2.24,3.34,0.13,0.13,0,True,True,True,True,4,True,SOXL_reversal_2026-05-29,4,reversal_2026-06-05,1,,,,,,,0.161084,0.250513,-0.042997,1.071396,0.863688,0.08223,,,
2026-06-04,evening,2026-06-05,WDC,reversal,Large,surfaced,GO,4/5,0.050407,545.25,-0.061495,-0.033599,-0.050491,-0.101165,1.23,2.34,0.32,0.32,0,True,True,True,True,4,True,WDC_reversal_2026-06-05,1,reversal_2026-06-05,1,,,,,,,0.084417,0.118409,-0.017152,1.063068,1.13189,0.059677,,,
2026-06-08,morning,2026-06-08,AXTI,bounce,Medium,surfaced,GO,5/6,0.186723,93.005,-0.023977,-0.157465,-0.082953,-0.050159,0.2,0.21,0.98,,,False,False,False,False,4,True,AXTI_bounce_2026-06-08,1,bounce_2026-06-08,8,4.262,0.455,2.048,2,92.61,89.3,,-0.165511,,1.039348,,,-0.231619,-0.378039,-0.378039
2026-06-05,evening,2026-06-08,BRUN,bounce,Medium,surfaced,GO,5/6,0.179778,30.2,-0.018874,-0.034768,-0.006954,0.001325,0.0,0.3,0.54,,,False,True,False,False,4,True,BRUN_bounce_2026-06-08,1,bounce_2026-06-08,8,2.401,0.739,1.928,1,28.085,27.25,,-0.202776,-0.077886,1.153691,,,-0.236444,-0.302619,-0.302619
2026-06-08,morning,2026-06-08,IONQ,bounce,Medium,surfaced,CAUTION,4/6,0.105487,59.54,0.054753,-0.047867,-0.048875,-0.026033,0.85,0.85,1.0,,,True,False,True,True,4,True,IONQ_bounce_2026-06-08,1,bounce_2026-06-08,8,7.785,1.958,5.139,1,58.75,57.96,,-0.167815,,1.327305,,,-0.184723,-0.229056,-0.329159
2026-06-05,evening,2026-06-08,KEEL,bounce,Medium,surfaced,CAUTION,4/6,0.103919,5.39,0.050093,0.005566,-0.025974,0.024119,0.73,1.72,0.62,0.39,1,True,True,True,True,4,True,KEEL_bounce_2026-06-08,1,bounce_2026-06-08,8,0.385,0.089,-2.0,2,5.335,5.27,,-0.203583,-0.106239,1.023094,,,-0.195724,-0.24186,-0.24186
2026-06-05,evening,2026-06-08,MRVL,reversal,Large,surfaced,GO,4/5,0.083348,288.69,0.000554,-0.075548,-0.125048,-0.027642,0.3,1.86,0.68,0.68,1,False,True,False,True,4,True,MRVL_reversal_2026-06-02,5,reversal_2026-06-08,0,,,,,,,0.101592,0.442054,-0.125747,1.905684,2.26909,0.073189,,,
2026-06-08,morning,2026-06-08,PL,bounce,Medium,surfaced,GO,5/6,0.157369,34.01,-0.037342,-0.083505,-0.096736,0.004704,0.01,0.07,0.88,,,False,True,False,False,4,True,PL_bounce_2026-06-08,1,bounce_2026-06-08,8,0.404,0.074,-2.0,2,32.9816,32.49,,-0.252956,,1.483114,,,-0.323394,-0.377512,-0.377512
2026-06-08,morning,2026-06-08,POET,bounce,Medium,surfaced,GO,5/6,0.174716,12.31,-0.002437,-0.125102,-0.108448,-0.086109,0.35,0.35,1.02,,,False,False,False,True,4,True,POET_bounce_2026-06-08,1,bounce_2026-06-08,8,4.002,0.967,0.943,1,12.0299,11.77,,-0.228869,,1.442956,,,-0.176103,-0.430082,-0.430082
2026-06-08,morning,2026-06-08,RVI,bounce,Small,surfaced,CAUTION,4/6,0.161986,40.99,-0.056599,-0.070261,-0.082703,-0.113198,0.15,0.38,0.93,,,False,False,False,True,4,True,RVI_bounce_2026-06-08,1,bounce_2026-06-08,8,2.177,0.666,-1.0,1,39.79,38.7748,,-0.133658,,1.020092,,,-0.332024,-0.516733,-0.516733
2026-06-08,morning,2026-06-08,SOXL,bounce,ETF,surfaced,GO,5/6,0.177472,210.62,0.003893,-0.042446,-0.142294,0.063479,0.31,0.55,1.42,,,True,True,False,True,4,True,SOXL_bounce_2026-06-08,1,bounce_2026-06-08,8,3.881,0.872,0.26,2,204.56,202.05,,-0.349326,,1.601446,,,-0.351476,-0.358563,-0.358563
2026-06-09,morning,2026-06-09,AXTI,bounce,Medium,surfaced,CAUTION,4/6,0.173074,95.71,-0.181277,-0.108871,-0.077003,0.015359,0.06,0.47,1.19,,,False,True,False,True,4,True,AXTI_bounce_2026-06-08,2,bounce_2026-06-09,0,1.485,0.359,-2.0,2,93.7,91.7,,-0.143551,,0.476105,,,-0.173044,-0.365919,-0.365919
2026-06-08,evening,2026-06-09,IONQ,bounce,Medium,surfaced,CAUTION,4/6,0.105487,62.4,-0.091506,-0.092468,-0.070673,-0.072917,0.24,0.24,1.39,,,False,False,False,False,4,True,IONQ_bounce_2026-06-08,2,bounce_2026-06-09,0,0.93,0.158,-2.0,2,59.85,59.291,,-0.167815,0.048609,1.327305,,,-0.184723,-0.229056,-0.329159
2026-06-08,evening,2026-06-09,PL,bounce,Medium,surfaced,GO,5/6,0.157369,33.42,-0.067325,-0.08079,0.022442,-0.067923,0.18,0.18,0.78,,,False,False,False,False,4,True,PL_bounce_2026-06-08,2,bounce_2026-06-09,0,1.091,0.319,-2.0,2,33.53,32.76,,-0.252956,0.055556,1.483114,,,-0.323394,-0.377512,-0.377512
2026-06-08,evening,2026-06-09,POET,bounce,Medium,surfaced,GO,5/6,0.174716,12.25,-0.120816,-0.104082,-0.081633,0.022857,0.1,0.32,1.0,,,False,True,False,False,4,True,POET_bounce_2026-06-08,2,bounce_2026-06-09,0,0.583,0.065,-2.0,2,12.0,11.88,,-0.228869,0.037943,1.442956,,,-0.176103,-0.430082,-0.430082
2026-06-08,evening,2026-06-09,RVI,bounce,Small,surfaced,CAUTION,4/6,0.150236,41.52,-0.082129,-0.094412,-0.124518,-0.151012,0.32,0.32,1.12,,,False,False,False,False,4,True,RVI_bounce_2026-06-08,2,bounce_2026-06-09,0,0.765,0.481,-2.0,2,41.99,40.03,,-0.065902,0.095989,1.020092,,,-0.279782,-0.478938,-0.478938
2026-06-08,evening,2026-06-09,SOXL,bounce,ETF,surfaced,GO,5/6,0.177472,227.055,-0.111757,-0.204378,-0.013499,0.033582,0.1,0.38,1.72,,,False,True,False,True,4,True,SOXL_bounce_2026-06-08,2,bounce_2026-06-09,0,1.51,0.329,-2.0,2,224.39,220.0,,-0.349326,0.153829,1.601446,,,-0.351476,-0.358563,-0.358563
2026-06-10,morning,2026-06-10,AXTI,bounce,Medium,surfaced,CAUTION,4/6,0.207624,81.6,0.045221,0.082598,0.190931,0.357108,0.52,2.07,0.12,0.12,2,True,True,True,True,4,True,AXTI_bounce_2026-06-08,3,bounce_2026-06-10,3,1.478,0.76,0.357,1,83.915,79.56,,-0.119946,,1.270484,,,-0.286144,-0.45264,-0.45264
2026-06-10,morning,2026-06-10,LWLG,bounce,Small,surfaced,CAUTION,4/6,0.151445,9.23,0.0,0.087757,0.039003,0.092091,0.49,0.84,0.04,,,False,True,False,True,4,True,LWLG_bounce_2026-06-10,1,bounce_2026-06-10,3,1.508,0.637,-0.797,1,9.465,9.17,,-0.071992,,1.241667,,,-0.251392,-0.497034,-0.497034
2026-06-10,morning,2026-06-10,NVTS,bounce,Medium,surfaced,CAUTION,4/6,0.173813,22.12,-0.073237,0.004069,0.057414,0.072785,0.22,1.06,0.48,0.48,3,False,True,False,True,4,True,NVTS_bounce_2026-06-10,1,bounce_2026-06-10,3,1.187,0.231,-2.0,2,22.67,21.8,,-0.088915,,1.082677,,,-0.254364,-0.331285,-0.331285
2026-06-10,morning,2026-06-10,PL,bounce,Medium,surfaced,CAUTION,4/6,0.159255,30.89,-0.005503,0.106183,0.008417,-0.010036,0.18,0.7,0.23,,,False,False,False,True,4,True,PL_bounce_2026-06-08,3,bounce_2026-06-10,3,0.769,0.189,-2.0,2,31.335,30.73,,-0.032588,,1.017328,,,-0.186162,-0.397798,-0.397798
2026-06-10,morning,2026-06-10,POET,bounce,Small,surfaced,CAUTION,4/6,0.175355,10.9,0.006881,0.03211,0.149541,0.277982,0.48,2.19,0.18,0.18,2,True,True,True,True,4,True,POET_bounce_2026-06-08,3,bounce_2026-06-10,3,2.8,0.823,-0.181,1,11.031,10.75,,-0.091906,,1.249622,,,-0.260302,-0.48246,-0.48246
2026-06-10,morning,2026-06-10,RVI,bounce,Small,surfaced,CAUTION,4/6,0.141636,38.27,-0.017507,-0.05017,-0.078913,0.061406,0.53,0.91,0.69,,,False,True,False,True,4,True,RVI_bounce_2026-06-08,3,bounce_2026-06-10,3,1.348,0.636,-2.0,2,39.4,38.12,,0.018984,,1.010127,,,-0.253623,-0.507559,-0.507559
2026-06-10,morning,2026-06-10,SOXL,bounce,ETF,surfaced,CAUTION,4/6,0.180324,191.54,-0.056855,0.169416,0.225227,0.422679,0.62,2.41,0.41,0.41,2,False,True,False,True,4,True,SOXL_bounce_2026-06-08,3,bounce_2026-06-10,3,1.548,0.81,-2.0,2,199.0,189.96,,0.104854,,2.019892,,,-0.166749,-0.291306,-0.291306
2026-06-10,morning,2026-06-10,WOLF,bounce,Medium,surfaced,CAUTION,4/6,0.22965,46.985,-0.075875,-0.030754,-0.081835,0.044802,0.15,0.45,0.65,,,False,True,False,True,4,True,WOLF_bounce_2026-06-10,1,bounce_2026-06-10,3,1.157,0.397,-2.0,2,46.51,44.66,,-0.114057,,1.239027,,,-0.227248,-0.396437,-0.396437
2026-06-10,evening,2026-06-11,AXTI,bounce,Medium,surfaced,CAUTION,4/6,0.207624,90.5,-0.023867,0.073812,0.223646,0.028066,0.01,1.4,0.46,0.46,2,False,True,False,True,4,True,AXTI_bounce_2026-06-08,4,bounce_2026-06-11,0,1.265,0.32,-2.0,2,87.3799,85.0,,-0.119946,0.041348,1.270484,,,-0.286144,-0.45264,-0.45264
2026-06-10,evening,2026-06-11,LWLG,bounce,Small,surfaced,CAUTION,4/6,0.151445,9.35,0.073797,0.025668,0.078075,0.004278,0.56,0.74,0.08,,,True,True,True,True,4,True,LWLG_bounce_2026-06-10,2,bounce_2026-06-11,0,3.279,0.996,1.721,2,9.47,9.295,,-0.071992,-0.019129,1.241667,,,-0.251392,-0.497034,-0.497034
2026-06-11,morning,2026-06-11,NVTS,bounce,Medium,surfaced,CAUTION,4/6,0.18893,20.78,0.068816,0.125602,0.141963,0.063041,0.4,1.38,0.13,0.13,2,True,True,True,True,4,True,NVTS_bounce_2026-06-10,2,bounce_2026-06-11,0,1.286,0.222,-2.0,2,21.105,20.58,,-0.162582,0.039024,0.660951,,,-0.331049,-0.400059,-0.400059
2026-06-10,evening,2026-06-11,PL,bounce,Medium,surfaced,CAUTION,4/6,0.159255,31.5,0.084762,-0.011111,-0.029206,-0.104444,0.56,0.56,0.89,,,True,False,True,True,4,True,PL_bounce_2026-06-08,4,bounce_2026-06-11,0,1.6,0.957,1.487,1,31.92,30.42,,-0.032588,-0.008983,1.017328,,,-0.186162,-0.397798,-0.397798
2026-06-10,evening,2026-06-11,POET,bounce,Small,surfaced,CAUTION,4/6,0.175355,10.8,0.041667,0.160185,0.289815,0.170833,0.46,2.26,0.13,0.13,1,True,True,True,True,4,True,POET_bounce_2026-06-08,4,bounce_2026-06-11,0,5.545,0.644,4.364,2,10.74,10.64,,-0.091906,0.012071,1.249622,,,-0.260302,-0.48246,-0.48246
2026-06-11,morning,2026-06-11,RVI,bounce,Small,surfaced,CAUTION,4/6,0.137164,38.2,-0.048429,-0.077225,0.063351,0.165969,0.01,1.89,0.7,0.7,3,False,True,False,True,4,True,RVI_bounce_2026-06-08,4,bounce_2026-06-11,0,0.035,0.008,-2.0,2,36.17,35.6,,-0.02767,,1.040257,,,-0.263611,-0.514149,-0.514149
2026-06-10,evening,2026-06-11,SOXL,bounce,ETF,surfaced,GO,5/6,0.180324,192.3,0.164795,0.220385,0.417057,0.176235,0.96,2.38,-0.0,-0.0,1,True,True,True,True,4,True,SOXL_bounce_2026-06-08,4,bounce_2026-06-11,0,4.039,1.541,3.794,1,198.915,192.3,,0.104854,-0.050278,2.019892,,,-0.166749,-0.291306,-0.291306
2026-06-11,morning,2026-06-11,WOLF,bounce,Medium,surfaced,CAUTION,4/6,0.251567,43.98,0.035471,-0.0191,0.116189,0.023192,0.23,0.71,0.36,,,True,True,False,True,4,True,WOLF_bounce_2026-06-10,2,bounce_2026-06-11,0,8.725,0.544,7.58,2,42.63,42.25,,-0.216528,0.036389,0.517346,,,-0.312158,-0.462757,-0.462757
2026-06-11,evening,2026-06-12,CRDO,reversal,Medium,surfaced,GO,4/5,0.098978,270.02,-0.071143,-0.039293,-0.114214,-0.076624,1.08,1.16,0.01,0.01,0,True,True,True,True,4,True,CRDO_reversal_2026-06-12,1,reversal_2026-06-12,1,,,,,,,0.16009,0.148823,0.090815,1.402485,1.581151,0.034841,,,
2026-06-11,evening,2026-06-12,NVTS,bounce,Medium,surfaced,CAUTION,4/6,0.18893,22,0.063182,0.078636,0.004091,0.015455,0.62,1.01,0.04,0.04,1,True,True,True,True,4,True,NVTS_bounce_2026-06-10,3,bounce_2026-06-12,0,4.819,1.09,2.266,1,22.32,21.85,,-0.162582,0.013659,0.660951,,,-0.331049,-0.400059,-0.400059
2026-06-11,evening,2026-06-12,RVI,bounce,Small,surfaced,CAUTION,4/6,0.144242,37.5,-0.06,0.0832,0.187733,0.146133,0.09,1.96,0.55,0.55,1,False,True,False,True,4,True,RVI_bounce_2026-06-08,5,bounce_2026-06-12,0,4.169,0.686,-1.269,2,35.645,35.2,,-0.075381,0.015957,1.040257,,,-0.299745,-0.537989,-0.537989
2026-06-11,evening,2026-06-12,WOLF,bounce,Medium,surfaced,CAUTION,4/6,0.251567,45.85,-0.059106,0.070665,-0.018539,0.061941,0.0,0.61,0.51,,,False,True,False,True,4,True,WOLF_bounce_2026-06-10,3,bounce_2026-06-12,0,5.027,0.671,2.935,1,40.78,40.0101,,-0.216528,0.012897,0.517346,,,-0.312158,-0.462757,-0.462757
2026-06-15,morning,2026-06-15,ARM,reversal,Large,surfaced,GO,5/5,0.102117,390.5,0.056466,0.014955,0.072676,0.125378,0.53,0.53,1.56,,,False,False,False,False,4,True,ARM_reversal_2026-06-15,1,reversal_2026-06-15,1,,,,,,,0.135481,0.172228,0.040414,0.88386,1.318343,0.0,,,
2026-06-15,evening,2026-06-16,ARM,reversal,Large,surfaced,GO,5/5,0.09808,401,-0.011621,0.044589,0.09591,0.016758,0.13,0.13,1.31,,,True,False,False,False,4,True,ARM_reversal_2026-06-15,2,reversal_2026-06-16,1,,,,,,,0.182224,0.172228,0.083244,0.88386,1.318343,0.086834,,,
2026-06-16,morning,2026-06-16,WDC,reversal,Large,surfaced,GO,5/5,0.06017,686.775,-0.008292,0.036919,0.086571,0.066754,0.47,0.47,2.74,,,True,False,False,False,4,True,WDC_reversal_2026-06-16,1,reversal_2026-06-16,1,,,,,,,0.233537,0.33349,0.05126,1.132105,1.446419,0.0,,,
2026-06-17,morning,2026-06-17,STX,reversal,Large,surfaced,GO,5/5,0.059839,1044.25,0.020895,0.024879,0.04768,-0.00542,0.01,0.98,1.61,,,False,True,False,False,4,True,STX_reversal_2026-06-17,1,reversal_2026-06-17,1,,,,,,,0.138561,0.188057,0.027275,1.338062,1.722491,0.0,,,
2026-06-17,morning,2026-06-17,WDC,reversal,Large,surfaced,GO,5/5,0.064586,695.475,0.023948,0.072979,0.05341,-0.035551,0.03,0.95,2.32,,,False,True,False,False,4,True,WDC_reversal_2026-06-16,2,reversal_2026-06-17,1,,,,,,,0.197896,0.28678,0.023252,1.390103,2.363931,0.0,,,
2026-06-18,morning,2026-06-18,HQ,reversal,Small,surfaced,GO,4/5,0.090737,24.1,0.327801,0.592946,0.385477,0.178838,0.5,0.5,9.56,,,False,False,False,False,4,True,HQ_reversal_2026-06-18,1,reversal_2026-06-18,2,,,,,,,0.526703,1.16407,0.014401,2.853001,4.698308,0.0,,,
2026-06-18,morning,2026-06-18,NBIS,reversal,Medium,surfaced,GO,4/5,0.094583,298.2,-0.038598,-0.048927,-0.076962,-0.129242,0.8,1.74,0.06,0.06,2,True,True,False,True,4,True,NBIS_reversal_2026-06-18,1,reversal_2026-06-18,2,,,,,,,0.190142,0.208943,0.052081,1.203446,1.450416,0.0,,,
2026-06-17,evening,2026-06-18,STX,reversal,Large,surfaced,GO,5/5,0.058619,1133.36,-0.055702,-0.034693,-0.083619,-0.123624,1.2,2.71,0.18,0.18,0,True,True,True,True,4,True,STX_reversal_2026-06-17,2,reversal_2026-06-18,2,,,,,,,0.162262,0.188057,0.04866,1.338062,1.722491,0.032223,,,
2026-06-18,morning,2026-06-18,WDC,reversal,Large,surfaced,GO,5/5,0.063424,764.15,-0.023451,-0.041262,-0.122227,-0.157456,0.52,3.13,0.74,0.74,2,True,True,False,True,4,True,WDC_reversal_2026-06-16,3,reversal_2026-06-18,2,,,,,,,0.231819,0.265053,0.051444,1.005062,1.924018,0.0,,,
2026-06-19,morning,2026-06-22,AXTI,bounce,Medium,surfaced,CAUTION,4/6,0.174751,93.52,-0.011548,-0.166916,-0.25,-0.261548,0.14,0.14,1.81,,,False,False,False,False,4,True,AXTI_bounce_2026-06-22,1,bounce_2026-06-22,1,12.092,1.287,7.155,2,89.6799,85.3,,-0.091036,,1.151659,,,-0.21202,-0.409262,-0.409262
2026-06-18,evening,2026-06-22,HQ,reversal,Small,surfaced,GO,5/5,0.07103,36.2,0.060497,-0.077624,-0.215193,-0.283978,1.24,4.1,3.42,3.42,0,False,True,False,True,4,True,HQ_reversal_2026-06-18,2,reversal_2026-06-22,0,,,,,,,0.950291,1.16407,0.295849,2.853001,3.818627,0.022134,,,
2026-06-19,morning,2026-06-22,WDC,reversal,Large,surfaced,GO,4/5,0.069589,772.75,-0.051931,-0.131996,-0.166833,-0.125992,0.86,2.98,0.13,0.13,1,True,True,False,True,4,True,WDC_reversal_2026-06-16,4,reversal_2026-06-22,0,,,,,,,0.174189,0.141845,0.0,1.170043,2.243564,0.0,,,
2026-06-22,evening,2026-06-23,AXTI,bounce,Medium,surfaced,CAUTION,4/6,0.174751,83.95,-0.071948,-0.164503,-0.177367,-0.164384,0.3,0.3,1.36,,,False,False,False,False,4,True,AXTI_bounce_2026-06-22,2,bounce_2026-06-23,2,0.653,0.165,-2.0,2,86.6499,83.02,,-0.091036,0.105829,1.151659,,,-0.21202,-0.409262,-0.409262
2026-06-23,morning,2026-06-23,RKLB,bounce,Medium,surfaced,CAUTION,4/6,0.102248,96.02,-0.009373,-0.110498,-0.159654,-0.119558,0.58,0.58,1.63,,,False,False,False,True,4,True,RKLB_bounce_2026-06-23,1,bounce_2026-06-23,2,4.425,0.18,-1.0,1,95.83,95.63,,-0.071217,-0.04477,1.062956,,,-0.068889,-0.335827,-0.335827
2026-06-22,evening,2026-06-23,WDC,reversal,Large,surfaced,GO,4/5,0.070652,665.21,0.008328,-0.03214,0.015303,-0.118399,0.26,1.82,1.36,0.37,1,False,True,False,True,4,True,WDC_reversal_2026-06-16,5,reversal_2026-06-23,0,,,,,,,0.156534,0.141845,-0.015036,1.170043,2.243564,0.106053,,,
2026-06-23,morning,2026-06-23,WOLF,bounce,Medium,surfaced,CAUTION,4/6,0.164137,47.4,0.031857,-0.032278,0.008228,-0.030169,0.65,0.65,0.53,,,True,False,True,True,4,True,WOLF_bounce_2026-06-23,1,bounce_2026-06-23,2,,,,0,,,,0.087903,-0.083255,1.019765,,,0.035379,-0.344593,-0.344593
2026-06-24,morning,2026-06-24,CBRS,bounce,Medium,surfaced,CAUTION,4/6,0.106974,208,-0.12375,-0.189808,-0.126971,0.039231,0.09,0.56,2.12,,,False,True,False,True,4,True,CBRS_bounce_2026-06-24,1,bounce_2026-06-24,2,1.121,0.335,-2.0,2,194.52,191.1916,,-0.034042,-0.140835,1.113255,,,-0.046714,-0.413159,-0.413159
2026-06-23,evening,2026-06-24,FJET,bounce,Micro,surfaced,CAUTION,4/6,0.246308,4.5,-0.071111,-0.026667,0.2,0.251111,0.05,1.1,0.35,0.35,3,False,True,False,True,4,True,FJET_bounce_2026-06-24,1,bounce_2026-06-24,2,0.5,0.018,-2.0,2,4.2692,4.23,,-0.152542,-0.027778,0.436942,,,-0.526316,-0.573456,-0.857143
2026-06-23,evening,2026-06-24,HQ,reversal,Small,surfaced,GO,4/5,0.12712,34,-0.164412,-0.237647,-0.313824,-0.308824,1.55,2.94,0.03,0.03,0,True,True,True,True,4,True,HQ_reversal_2026-06-18,3,reversal_2026-06-24,0,,,,,,,0.412124,1.052941,-0.159937,2.92711,1.767675,0.082587,,,
2026-06-23,evening,2026-06-24,RKLB,bounce,Medium,surfaced,CAUTION,4/6,0.102248,93.85,-0.089931,-0.140224,-0.099201,0.044326,0.05,0.55,1.44,,,False,True,False,True,4,True,RKLB_bounce_2026-06-23,2,bounce_2026-06-24,2,2.762,0.404,-2.0,2,90.065,89.41,,-0.071217,-0.042577,1.062956,,,-0.068889,-0.335827,-0.335827
2026-06-23,evening,2026-06-24,WOLF,bounce,Medium,surfaced,CAUTION,4/6,0.164137,48.16,-0.04755,-0.007683,-0.045473,-0.081395,0.05,0.16,0.87,,,False,False,False,False,4,True,WOLF_bounce_2026-06-23,2,bounce_2026-06-24,2,2.506,0.501,-2.0,2,46.4,45.5,,0.087903,-0.105154,1.019765,,,0.035379,-0.344593,-0.344593
2026-06-25,morning,2026-06-25,AAOI,bounce,Medium,surfaced,CAUTION,4/6,0.164376,151.19,-0.08367,-0.10252,-0.007209,-0.020041,0.05,0.05,0.97,,,False,False,False,False,4,True,AAOI_bounce_2026-06-25,1,bounce_2026-06-25,3,,,,0,,,,-0.141681,0.034157,0.523213,,,-0.243242,-0.371036,-0.371036
2026-06-25,morning,2026-06-25,AXTI,bounce,Medium,surfaced,CAUTION,4/6,0.199295,73.575,-0.061366,-0.046551,-0.028746,-0.020319,0.0,0.0,0.65,,,False,False,False,False,4,True,AXTI_bounce_2026-06-22,3,bounce_2026-06-25,3,3.928,0.739,1.565,2,70.5,68.15,,-0.241238,0.040776,0.784773,,,-0.354144,-0.510059,-0.510059
2026-06-25,morning,2026-06-25,CBRS,bounce,Medium,surfaced,GO,5/6,0.141648,189.51,-0.110759,-0.041792,0.140626,0.166165,0.01,1.2,1.07,1.07,2,False,True,False,True,4,True,CBRS_bounce_2026-06-24,2,bounce_2026-06-25,3,4.166,0.847,0.684,2,173.63,168.5,,-0.187898,0.019478,1.101222,,,-0.233654,-0.528239,-0.528239
2026-06-24,evening,2026-06-25,FJET,bounce,Micro,surfaced,CAUTION,4/6,0.247463,4.22,0.037915,0.279621,0.334123,0.260664,0.54,1.44,0.01,0.01,1,True,True,True,True,4,True,FJET_bounce_2026-06-24,2,bounce_2026-06-25,3,2.0,0.728,-0.053,1,4.4,4.21,,-0.186743,-0.006623,0.371242,,,-0.553137,-0.597608,-0.865232
2026-06-25,morning,2026-06-25,IREN,bounce,Medium,surfaced,CAUTION,4/6,0.11131,52.22,-0.085791,-0.09594,-0.120835,-0.124282,0.01,0.01,1.43,,,False,False,False,False,4,True,IREN_bounce_2026-06-25,1,bounce_2026-06-25,3,1.0,0.11,0.828,1,47.47,47.15,,-0.115527,0.034592,1.062688,,,-0.162504,-0.28861,-0.345648
2026-06-25,morning,2026-06-25,NVTS,bounce,Medium,surfaced,GO,5/6,0.158507,19.5,-0.092308,-0.112821,-0.090256,-0.081026,0.02,0.02,0.95,,,False,False,False,False,4,True,NVTS_bounce_2026-06-25,1,bounce_2026-06-25,3,2.5,0.55,-0.618,2,18.835,18.4359,,-0.227004,0.06441,1.277611,,,-0.224222,-0.463857,-0.463857
2026-06-25,morning,2026-06-25,RKLB,bounce,Medium,surfaced,CAUTION,4/6,0.12127,86.11,-0.062943,-0.018232,0.138195,0.180467,0.0,1.73,0.59,0.59,2,False,True,False,True,4,True,RKLB_bounce_2026-06-23,3,bounce_2026-06-25,3,6.417,0.485,-2.0,2,81.38,80.65,,-0.14837,0.017914,0.912361,,,-0.207037,-0.43437,-0.43437
2026-06-26,morning,2026-06-26,AAOI,bounce,Medium,surfaced,CAUTION,4/6,0.163831,131.68,0.030453,0.139885,0.125152,0.055589,0.42,0.95,0.22,,,True,True,True,True,4,True,AAOI_bounce_2026-06-25,2,bounce_2026-06-26,1,,,,0,,,,-0.060364,-0.05724,0.797017,,,-0.286648,-0.407113,-0.407113
2026-06-26,morning,2026-06-26,AXTI,bounce,Medium,surfaced,CAUTION,4/6,0.200431,66.8,0.05015,0.06976,0.079042,-0.026497,0.29,0.48,0.25,,,True,False,False,True,4,True,AXTI_bounce_2026-06-22,4,bounce_2026-06-26,1,,,,0,,,,-0.113593,-0.043006,0.691746,,,-0.364088,-0.517603,-0.517603
2026-06-26,morning,2026-06-26,CBRS,bounce,Medium,surfaced,GO,5/6,0.159274,162.66,0.116378,0.328907,0.358662,0.360322,0.82,2.53,0.07,0.07,1,True,True,True,True,4,True,CBRS_bounce_2026-06-24,3,bounce_2026-06-26,1,,,,0,,,,-0.256704,-0.025813,1.067406,,,-0.291427,-0.563804,-0.563804
2026-06-26,morning,2026-06-26,INOD,bounce,Medium,surfaced,GO,5/6,0.149372,71.99,0.026531,0.064592,0.049868,0.003334,0.37,0.52,0.04,,,True,True,False,True,4,True,INOD_bounce_2026-06-26,1,bounce_2026-06-26,1,3.561,0.649,1.347,1,72.51,71.53,,-0.159141,0.000547,1.185618,,,-0.309948,-0.415215,-0.415215
2026-06-25,evening,2026-06-26,IREN,bounce,Medium,surfaced,CAUTION,4/6,0.11131,46.65,0.012004,-0.015863,-0.019721,-0.071383,0.33,0.45,0.94,,,True,False,False,False,4,True,IREN_bounce_2026-06-25,2,bounce_2026-06-26,1,3.25,0.983,1.739,1,45.835,45.05,,-0.115527,0.038171,1.062688,,,-0.162504,-0.28861,-0.345648
2026-06-26,morning,2026-06-26,NVTS,bounce,Medium,surfaced,GO,5/6,0.160016,17.05,0.014663,0.040469,0.051026,-0.030499,0.25,0.45,0.22,,,True,False,False,True,4,True,NVTS_bounce_2026-06-25,2,bounce_2026-06-26,1,0.511,0.227,-0.298,1,17.4102,16.8045,,-0.172897,-0.041808,0.829012,,,-0.250476,-0.482002,-0.482002
2026-06-26,morning,2026-06-26,RKLB,bounce,Medium,surfaced,CAUTION,4/6,0.122937,81.11,0.042288,0.208359,0.253236,0.233757,0.52,2.66,0.04,0.04,1,True,True,True,True,4,True,RKLB_bounce_2026-06-23,4,bounce_2026-06-26,1,0.754,0.478,0.207,1,83.895,80.73,,-0.151703,0.009667,0.615942,,,-0.250859,-0.465629,-0.465629
2026-06-26,morning,2026-06-26,WOLF,bounce,Medium,surfaced,CAUTION,4/6,0.165861,45.6,0.008114,-0.029825,0.058114,-0.022807,0.42,0.8,0.57,,,True,False,True,True,4,True,WOLF_bounce_2026-06-23,3,bounce_2026-06-26,1,0.142,0.132,-2.0,2,48.31,44.79,,-0.022899,-0.047081,0.77714,,,-0.200836,-0.408686,-0.408686
2026-06-26,evening,2026-06-29,AAOI,bounce,Medium,surfaced,CAUTION,4/6,0.163831,135.426,0.108354,0.094029,0.026391,-0.106892,0.67,0.76,0.99,,,True,False,True,True,4,True,AAOI_bounce_2026-06-25,3,bounce_2026-06-29,2,8.225,1.616,7.092,2,139.19,133.23,,-0.060364,-0.049516,0.797017,,,-0.286648,-0.407113,-0.407113
2026-06-29,morning,2026-06-29,BE,bounce,Medium,surfaced,CAUTION,4/6,0.126979,272.45,0.009396,0.11103,0.06258,-0.005726,0.32,1.37,0.43,0.32,1,True,False,False,True,4,True,BE_bounce_2026-06-29,1,bounce_2026-06-29,2,1.366,0.399,-2.0,2,275.94,267.8,,-0.227383,0.060352,1.587124,,,-0.185324,-0.282567,-0.282567
2026-06-26,evening,2026-06-29,CBRS,bounce,Medium,surfaced,GO,5/6,0.148378,184,0.174783,0.201087,0.202554,0.11337,1.34,1.62,0.07,0.07,0,True,True,True,True,4,True,CBRS_bounce_2026-06-24,4,bounce_2026-06-29,2,3.782,2.229,3.214,1,190.145,182.1,,-0.202122,-0.034773,1.067406,,,-0.239394,-0.531773,-0.531773
2026-06-29,morning,2026-06-29,GLW,reversal,Large,surfaced,GO,5/5,0.07252,226.9,0.126884,0.125738,-0.027633,-0.132702,0.72,2.03,2.73,2.73,3,False,True,False,True,4,True,GLW_reversal_2026-06-29,1,reversal_2026-06-29,1,,,,,,,0.115258,0.139022,0.029631,1.106893,3.113488,0.0,,,
2026-06-26,evening,2026-06-29,INOD,bounce,Medium,surfaced,GO,5/6,0.149372,74.93,0.022821,0.008675,-0.036034,-0.080742,0.22,0.24,0.7,,,True,False,False,False,4,True,INOD_bounce_2026-06-26,2,bounce_2026-06-29,2,0.414,0.073,-2.0,2,75.19,74.2,,-0.159141,-0.016261,1.185618,,,-0.309948,-0.415215,-0.415215
2026-06-26,evening,2026-06-29,NVTS,bounce,Medium,surfaced,CAUTION,4/6,0.160016,17.34,0.023068,0.033449,-0.046713,-0.16609,0.29,0.34,1.19,,,True,False,False,False,4,True,NVTS_bounce_2026-06-25,3,bounce_2026-06-29,2,5.0,0.901,2.78,2,18.04,17.33,,-0.172897,-0.036723,0.829012,,,-0.250476,-0.482002,-0.482002
2026-06-29,morning,2026-06-29,ON,bounce,Medium,surfaced,CAUTION,4/6,0.118094,90.195,-0.018017,0.048173,0.049171,0.011364,0.07,0.75,0.35,,,False,True,False,True,4,True,ON_bounce_2026-06-29,1,bounce_2026-06-29,2,2.943,0.571,1.076,1,87.5034,86.47,,-0.216779,0.018753,0.862667,,,-0.264414,-0.32812,-0.32812
2026-06-26,evening,2026-06-29,RKLB,bounce,Medium,surfaced,CAUTION,4/6,0.122937,91.295,0.073553,0.113424,0.096117,0.100389,0.69,1.45,0.13,0.13,1,True,True,True,True,4,True,RKLB_bounce_2026-06-23,5,bounce_2026-06-29,2,5.455,1.39,3.65,2,94.6,91.22,,-0.151703,0.005205,0.615942,,,-0.250859,-0.465629,-0.465629
2026-06-26,evening,2026-06-29,WOLF,bounce,Medium,surfaced,CAUTION,4/6,0.165861,47.22,-0.063109,0.021813,-0.056332,-0.152901,0.28,0.57,1.04,,,False,False,False,True,4,True,WOLF_bounce_2026-06-23,4,bounce_2026-06-29,2,,,,0,,,,-0.022899,-0.045825,0.77714,,,-0.200836,-0.408686,-0.408686
2026-06-29,evening,2026-06-30,AXTI,bounce,Medium,surfaced,CAUTION,4/6,0.183856,70.97,0.01564,-0.083697,-0.202198,-0.104974,0.17,0.17,1.35,,,True,False,False,False,4,True,AXTI_bounce_2026-06-22,5,bounce_2026-06-30,0,1.087,0.23,-2.0,2,72.255,70.1,,0.000143,-0.042694,0.426439,,,-0.164384,-0.509989,-0.509989
2026-06-29,evening,2026-06-30,BE,bounce,Medium,surfaced,CAUTION,4/6,0.126979,279.7,0.082231,0.035038,-0.031498,0.05488,0.82,1.13,0.62,0.01,1,True,True,True,True,4,True,BE_bounce_2026-06-29,2,bounce_2026-06-30,0,1.828,1.074,1.221,1,289.75,279.32,,-0.227383,0.081065,1.587124,,,-0.185324,-0.282567,-0.282567
2026-06-30,morning,2026-06-30,GLW,reversal,Large,surfaced,GO,4/5,0.072108,252.49,0.011644,-0.126183,-0.220603,-0.228484,0.11,3.26,1.06,1.06,1,False,True,False,True,4,True,GLW_reversal_2026-06-29,2,reversal_2026-06-30,0,,,,,,,0.198643,0.242239,0.005084,2.35685,1.485346,0.0,,,
2026-06-30,morning,2026-06-30,ON,bounce,Medium,surfaced,CAUTION,4/6,0.118585,88.77,0.064999,0.066013,0.027599,0.066689,0.63,0.94,0.0,,,True,True,True,True,4,True,ON_bounce_2026-06-29,2,bounce_2026-06-30,0,1.454,0.749,1.173,1,91.43,88.72,,-0.254085,0.0,0.422735,,,-0.281292,-0.343537,-0.343537
2026-06-30,morning,2026-06-30,WOLF,bounce,Medium,surfaced,CAUTION,4/6,0.168062,44.99,0.072461,-0.009558,-0.110914,-0.122694,0.88,0.88,0.79,,,True,False,True,True,4,True,WOLF_bounce_2026-06-23,5,bounce_2026-06-30,0,8.767,1.581,3.869,1,45.6719,44.99,,-0.074283,0.008816,1.097501,,,-0.260201,-0.452611,-0.452611
2026-06-30,evening,2026-07-01,CBRS,bounce,Medium,surfaced,CAUTION,4/6,0.120745,215.48,0.02687,-0.049285,-0.10892,-0.180388,0.49,0.49,1.62,,,True,False,False,False,4,True,CBRS_bounce_2026-06-24,5,bounce_2026-07-01,0,2.146,0.894,0.851,1,216.67,211.25,,0.274864,-0.053872,1.482994,,,0.167609,-0.364989,-0.44391
2026-06-30,evening,2026-07-01,CRWD,reversal,Large,surfaced,GO,5/5,0.043644,193.75,-0.002916,0.001187,0.029058,0.00449,0.3,0.61,1.86,,,True,False,False,False,4,True,CRWD_reversal_2026-07-01,1,reversal_2026-07-01,2,,,,,,,0.09729,0.103845,0.027392,1.556803,1.357385,0.019027,,,
2026-07-01,morning,2026-07-01,GLW,reversal,Large,surfaced,GO,4/5,0.074414,239.5,-0.078789,-0.17833,-0.186639,-0.225971,1.2,3.43,0.08,0.08,0,True,True,True,True,4,True,GLW_reversal_2026-06-29,3,reversal_2026-07-01,2,,,,,,,0.105178,0.120258,-0.03684,1.162369,1.356767,0.0,,,
2026-06-30,evening,2026-07-01,MXL,reversal,Medium,surfaced,GO,4/5,0.076603,119.34,-0.058237,-0.219708,-0.198257,-0.280878,0.85,3.81,0.13,0.13,1,True,True,False,True,4,True,MXL_reversal_2026-07-01,1,reversal_2026-07-01,2,,,,,,,0.337595,0.276268,0.156403,1.458049,1.285873,0.046215,,,
2026-06-30,evening,2026-07-01,ON,bounce,Medium,surfaced,CAUTION,4/6,0.118585,92,0.028587,-0.008478,0.029239,-0.009783,0.44,0.61,0.37,,,True,False,False,True,4,True,ON_bounce_2026-06-29,3,bounce_2026-07-01,0,2.029,0.636,0.743,1,93.36,91.65,,-0.254085,0.002258,0.422735,,,-0.281292,-0.343537,-0.343537
2026-07-01,evening,2026-07-02,FCEL,reversal,Medium,surfaced,GO,4/5,0.129785,31.57,-0.109598,-0.058283,-0.1777,-0.286031,1.19,2.68,0.1,0.1,0,True,True,True,True,4,True,FCEL_reversal_2026-07-02,1,reversal_2026-07-02,1,,,,,,,0.249748,0.83257,-0.108442,2.157293,2.068196,0.093487,,,
2026-07-03,morning,2026-07-06,AAOI,bounce,Medium,surfaced,GO,5/6,0.150457,120.205,0.026247,-0.048209,-0.04796,0.01668,0.53,0.53,0.54,,,True,True,True,True,4,True,AAOI_bounce_2026-07-06,1,bounce_2026-07-06,9,,,,0,,,,-0.183653,,1.421018,,,-0.234494,-0.423059,-0.48239
2026-07-03,morning,2026-07-06,AXTI,bounce,Medium,surfaced,GO,5/6,0.209069,61.4,0.034528,-0.052932,-0.020847,0.01873,0.54,0.54,0.36,,,True,True,True,True,4,True,AXTI_bounce_2026-06-22,6,bounce_2026-07-06,9,,,,0,,,,-0.214484,,1.152272,,,-0.202198,-0.604498,-0.604498
2026-07-03,morning,2026-07-06,DGXX,bounce,Small,surfaced,CAUTION,4/6,0.132997,4.73,0.002114,-0.065539,-0.061311,-0.010571,0.48,0.48,0.8,,,True,False,True,True,4,True,DGXX_bounce_2026-07-06,1,bounce_2026-07-06,9,0.997,0.602,-0.579,1,4.84,4.65,,-0.155963,,1.1115,,,-0.308271,-0.477866,-0.5
2026-07-03,morning,2026-07-06,KEEL,bounce,Medium,surfaced,GO,5/6,0.156514,4.755,0.017876,-0.066246,-0.041009,0.017876,0.46,0.46,0.61,,,True,True,True,True,4,True,KEEL_bounce_2026-07-06,1,bounce_2026-07-06,9,2.304,0.712,-0.13,1,4.835,4.72,,-0.200348,,1.308463,,,-0.256078,-0.377205,-0.377205
2026-07-03,morning,2026-07-06,LITE,bounce,Medium,surfaced,CAUTION,4/6,0.102344,729,0.003086,-0.041276,-0.030041,0.077874,0.24,1.02,0.65,0.65,3,True,True,False,True,4,True,LITE_bounce_2026-07-06,1,bounce_2026-07-06,9,,,,0,,,,-0.151202,,1.259611,,,-0.137092,-0.306051,-0.329158
2026-07-03,morning,2026-07-06,LWLG,bounce,Small,surfaced,CAUTION,4/6,0.122961,7.47,-0.009371,-0.098394,-0.084337,-0.05087,0.22,0.22,1.19,,,False,False,False,False,4,True,LWLG_bounce_2026-07-06,1,bounce_2026-07-06,9,2.048,0.468,-0.381,1,7.435,7.33,,-0.221459,,1.291951,,,-0.191548,-0.46044,-0.606339
2026-07-03,morning,2026-07-06,NBIS,bounce,Medium,surfaced,CAUTION,4/6,0.136807,216.25,-0.014936,-0.097387,0.001064,-0.000231,0.29,0.45,0.8,,,False,False,False,True,4,True,NBIS_bounce_2026-07-06,1,bounce_2026-07-06,9,1.947,0.838,0.056,1,212.575,206.2101,,-0.219249,,1.015682,,,-0.165105,-0.280931,-0.280931
2026-07-03,morning,2026-07-06,NVTS,bounce,Medium,surfaced,GO,5/6,0.145319,14.78,0.030447,-0.053451,-0.096076,-0.040595,0.62,0.62,0.99,,,True,False,True,True,4,True,NVTS_bounce_2026-07-06,1,bounce_2026-07-06,9,3.257,1.061,0.686,1,14.98,14.63,,-0.19308,,1.223044,,,-0.173714,-0.576822,-0.576822
2026-07-03,morning,2026-07-06,ORCL,bounce,Large,surfaced,CAUTION,4/6,0.058664,144.3,-0.003742,-0.018711,-0.026403,-0.000554,0.16,0.56,0.8,,,False,False,False,True,4,True,ORCL_bounce_2026-07-06,1,bounce_2026-07-06,9,3.184,0.654,1.023,2,142.71,141.3201,,-0.042852,,1.00049,,,-0.261776,-0.439481,-0.594267
2026-07-03,morning,2026-07-06,SOXL,bounce,ETF,surfaced,GO,5/6,0.237194,197.21,-0.012981,-0.161909,-0.113534,-0.024137,0.29,0.29,1.01,,,False,False,False,True,4,True,SOXL_bounce_2026-07-06,1,bounce_2026-07-06,9,2.803,0.522,-0.874,1,198.58,194.22,,-0.319598,,1.330047,,,-0.248416,-0.399106,-0.399106
2026-07-03,morning,2026-07-06,WOLF,bounce,Medium,surfaced,CAUTION,4/6,0.177093,39.575,-0.002653,-0.090335,-0.093872,-0.058749,0.41,0.41,0.85,,,False,False,False,True,4,True,WOLF_bounce_2026-06-23,6,bounce_2026-07-06,9,2.908,0.663,-1.0,1,40.1283,39.33,,-0.170984,,1.104309,,,-0.122807,-0.505073,-0.505073
2026-07-06,evening,2026-07-07,AAOI,bounce,Medium,surfaced,GO,5/6,0.150457,118.15,-0.031655,-0.031401,0.034363,0.014981,0.45,0.53,0.43,,,False,True,False,True,4,True,AAOI_bounce_2026-07-06,2,bounce_2026-07-07,0,2.563,0.753,-2.0,2,119.5,116.89,,-0.183653,-0.00616,1.421018,,,-0.234494,-0.423059,-0.48239
2026-07-06,evening,2026-07-07,AXTI,bounce,Medium,surfaced,GO,5/6,0.209069,59.315,-0.019641,0.013572,0.054539,-0.035488,0.56,0.62,0.41,,,False,False,False,True,4,True,AXTI_bounce_2026-06-22,7,bounce_2026-07-07,0,0.963,0.394,-2.0,2,63.86,59.13,,-0.214484,0.084422,1.152272,,,-0.202198,-0.604498,-0.604498
2026-07-06,evening,2026-07-07,DGXX,bounce,Small,surfaced,CAUTION,4/6,0.132997,4.7,-0.059574,-0.055319,-0.004255,-0.042553,0.0,0.08,0.76,,,False,False,False,False,4,True,DGXX_bounce_2026-07-06,2,bounce_2026-07-07,0,0.714,0.16,-2.0,2,4.58,4.51,,-0.155963,0.028261,1.1115,,,-0.308271,-0.477866,-0.5
2026-07-06,evening,2026-07-07,KEEL,bounce,Medium,surfaced,GO,5/6,0.150136,4.65,-0.045161,-0.019355,0.04086,0.0,0.0,0.51,0.5,,,False,False,False,True,4,True,KEEL_bounce_2026-07-06,2,bounce_2026-07-07,0,0.889,0.115,-2.0,2,4.565,4.47,,-0.166376,0.035948,1.308463,,,-0.224473,-0.350746,-0.350746
2026-07-06,evening,2026-07-07,LITE,bounce,Medium,surfaced,CAUTION,4/6,0.102344,699.42,-0.000729,0.010981,0.123459,0.146679,0.46,1.5,0.27,0.27,2,False,True,False,True,4,True,LITE_bounce_2026-07-06,2,bounce_2026-07-07,0,1.64,0.65,-2.0,2,709.3,695.11,,-0.151202,0.000934,1.259611,,,-0.137092,-0.306051,-0.329158
2026-07-06,evening,2026-07-07,LWLG,bounce,Small,surfaced,CAUTION,4/6,0.122961,7.215,-0.066528,-0.051975,-0.017325,-0.053361,0.13,0.13,0.94,,,False,False,False,False,4,True,LWLG_bounce_2026-07-06,2,bounce_2026-07-07,0,0.749,0.135,-2.0,2,7.0999,6.95,,-0.221459,0.014257,1.291951,,,-0.191548,-0.46044,-0.606339
2026-07-06,evening,2026-07-07,NBIS,bounce,Medium,surfaced,CAUTION,4/6,0.136807,202.32,-0.035241,0.069988,0.068604,0.085656,0.19,0.98,0.35,,,False,True,False,True,4,True,NBIS_bounce_2026-07-06,2,bounce_2026-07-07,0,1.787,0.409,-2.0,2,201.865,198.7,,-0.219249,0.002922,1.015682,,,-0.165105,-0.280931,-0.280931
2026-07-06,evening,2026-07-07,NVTS,bounce,Medium,surfaced,GO,5/6,0.145319,14.258,-0.018796,-0.062982,-0.005471,-0.055267,0.16,0.16,0.77,,,False,False,False,False,4,True,NVTS_bounce_2026-07-06,2,bounce_2026-07-07,0,0.73,0.169,-2.0,2,14.3899,14.15,,-0.19308,0.02213,1.223044,,,-0.173714,-0.576822,-0.576822
2026-07-06,evening,2026-07-07,ORCL,bounce,Large,surfaced,CAUTION,4/6,0.058664,143.72,-0.014751,-0.022474,0.003479,-0.021431,0.22,0.63,0.73,,,False,False,False,True,4,True,ORCL_bounce_2026-07-06,2,bounce_2026-07-07,0,0.735,0.204,-2.0,2,144.7,143.53,,-0.042852,0.02873,1.00049,,,-0.261776,-0.439481,-0.594267
2026-07-07,morning,2026-07-07,SOXL,bounce,ETF,surfaced,CAUTION,4/6,0.221746,165.4,-0.000726,0.056953,0.163543,0.162394,0.18,1.07,0.42,0.42,2,False,True,False,True,4,True,SOXL_bounce_2026-07-06,2,bounce_2026-07-07,0,1.013,0.218,-2.0,2,166.17,162.22,,-0.105263,-0.113229,0.384126,,,-0.181403,-0.355464,-0.355464
2026-07-06,evening,2026-07-07,WOLF,bounce,Medium,surfaced,CAUTION,4/6,0.177093,37.44,-0.038462,-0.042201,-0.005075,-0.057425,0.02,0.28,0.57,,,False,False,False,False,4,True,WOLF_bounce_2026-06-23,7,bounce_2026-07-07,0,5.343,0.564,3.8,2,36.37,35.16,,-0.170984,-0.010625,1.104309,,,-0.122807,-0.505073,-0.505073
2026-07-08,morning,2026-07-08,AAOI,bounce,Medium,surfaced,CAUTION,4/6,0.150217,113.02,0.012564,0.081313,0.061051,-0.010087,0.3,0.85,0.22,,,True,False,False,True,4,True,AAOI_bounce_2026-07-06,3,bounce_2026-07-08,2,4.979,0.557,2.221,2,116.0,112.2,,-0.054072,-0.059086,0.854752,,,-0.219044,-0.454255,-0.510378
2026-07-08,morning,2026-07-08,KEEL,bounce,Medium,surfaced,CAUTION,4/6,0.161963,4.32,0.055556,0.12037,0.076389,0.009259,0.43,0.98,0.2,,,True,True,True,True,4,True,KEEL_bounce_2026-07-06,3,bounce_2026-07-08,2,0.333,0.229,0.042,1,4.54,4.3,,-0.03268,-0.060811,0.48671,,,-0.266116,-0.397558,-0.397558
2026-07-08,morning,2026-07-08,MXL,bounce,Medium,surfaced,CAUTION,4/6,0.148762,84.6,0.017139,0.132388,0.079196,0.055556,0.14,1.01,0.52,0.52,1,True,True,False,True,4,True,MXL_bounce_2026-07-08,1,bounce_2026-07-08,2,0.673,0.104,-2.0,2,83.09,82.41,,-0.078393,-0.050687,0.58433,,,-0.280878,-0.331099,-0.331099
2026-07-08,morning,2026-07-08,NBIS,bounce,Medium,surfaced,CAUTION,4/6,0.146082,192.67,0.123579,0.122126,0.140032,0.092594,0.92,1.31,-0.0,-0.0,1,True,True,True,True,4,True,NBIS_bounce_2026-07-06,3,bounce_2026-07-08,2,2.377,1.291,2.15,1,200.315,192.67,,-0.09475,-0.059378,0.48538,,,-0.244211,-0.349063,-0.349063
2026-07-08,morning,2026-07-08,NVTS,bounce,Medium,surfaced,CAUTION,4/6,0.137054,13.4,-0.002985,0.058209,0.005224,-0.039552,0.05,0.61,0.45,,,False,False,False,True,4,True,NVTS_bounce_2026-07-06,3,bounce_2026-07-08,2,0.639,0.174,-2.0,2,13.46,13.07,,-0.032503,-0.088635,0.563267,,,-0.19366,-0.590577,-0.590577
2026-07-08,morning,2026-07-08,ORCL,bounce,Large,surfaced,CAUTION,4/6,0.055889,139.055,0.01032,0.037144,0.011398,-0.054043,0.36,1.29,0.99,0.19,1,True,False,False,True,4,True,ORCL_bounce_2026-07-06,3,bounce_2026-07-08,2,0.714,0.257,-2.0,2,140.36,138.96,,0.009482,-0.026836,1.01214,,,-0.223301,-0.434166,-0.59042
2026-07-08,morning,2026-07-08,RKLB,bounce,Medium,surfaced,CAUTION,4/6,0.106141,86.5,-0.036416,-0.045665,-0.063121,-0.112948,0.0,0.0,1.19,,,False,False,False,False,4,True,RKLB_bounce_2026-07-08,1,bounce_2026-07-08,2,0.38,0.057,-2.0,2,82.94,82.255,,-0.169719,-0.022899,0.891204,,,-0.17575,-0.447616,-0.447616
2026-07-08,morning,2026-07-08,SOXL,bounce,ETF,surfaced,CAUTION,4/6,0.263039,159.21,0.098047,0.208781,0.207587,0.038691,0.42,1.08,0.01,0.01,1,True,True,True,True,4,True,SOXL_bounce_2026-07-06,3,bounce_2026-07-08,2,0.456,0.267,0.3,1,171.15,158.87,,-0.089216,-0.08658,0.501437,,,-0.304918,-0.452715,-0.452715
2026-07-09,morning,2026-07-09,AAOI,bounce,Medium,control,NO-GO,2/6,0.133381,119.5,0.022678,0.003515,-0.063766,0.049791,0.503,0.555,0.646,,,True,True,True,True,4,True,AAOI_bounce_control_2026-07-09,1,bounce_control_2026-07-09,70,3.102,0.726,0.155,2,122.3271,119.14,,-0.0381,0.036875,0.480193,1.225917,0.0,,,
2026-07-09,morning,2026-07-09,ALAB,bounce,Medium,control,NO-GO,0/6,0.114235,417.86,-0.000981,-0.011702,-0.133561,-0.134208,0.39,0.39,1.42,,,False,False,False,False,4,True,ALAB_bounce_control_2026-07-09,1,bounce_control_2026-07-09,70,2.159,0.535,-1.059,2,427.2,414.0,,-0.063757,0.030496,0.564796,1.233836,0.0,,,
2026-07-09,morning,2026-07-09,AMAT,bounce,Large,control,NO-GO,1/6,0.091814,627.305,-0.061605,-0.039542,-0.082759,-0.050382,0.046,0.046,1.027,,,False,False,False,False,4,True,AMAT_bounce_control_2026-07-09,1,bounce_control_2026-07-09,70,0.501,0.163,-2.0,2,625.215,615.86,,0.002041,0.041192,0.58602,1.571878,0.0,,,
2026-07-09,morning,2026-07-09,AMD,bounce,Large,control,NO-GO,0/6,0.07091,537.265,0.017598,0.038389,-0.005351,0.020223,0.584,0.969,0.272,,,True,True,True,True,4,True,AMD_bounce_control_2026-07-09,1,bounce_control_2026-07-09,70,1.005,0.639,-0.054,1,547.32,535.2,,-0.043565,0.020477,0.663182,0.464855,0.0,,,
2026-07-09,morning,2026-07-09,APP,bounce,Large,control,NO-GO,0/6,0.065038,504.95,0.030657,0.00402,-0.122982,-0.110843,0.759,0.885,2.249,,,True,False,True,True,4,True,APP_bounce_control_2026-07-09,1,bounce_control_2026-07-09,70,1.308,1.014,0.566,1,513.23,500.5,,-0.046507,-0.007047,0.599007,0.860914,0.0,,,
2026-07-09,morning,2026-07-09,ARM,bounce,Large,control,NO-GO,0/6,0.106819,318.315,0.030017,0.015943,-0.06071,-0.116693,0.621,0.621,1.237,,,True,False,True,True,4,True,ARM_bounce_control_2026-07-09,1,bounce_control_2026-07-09,70,1.283,0.935,0.366,1,323.54,311.15,,-0.02945,0.041667,0.626054,0.945244,0.0,,,
2026-07-09,morning,2026-07-09,AVGO,bounce,Large,control,NO-GO,1/6,0.04271,402.19,-0.002685,-0.00552,-0.045103,-0.032522,0.31,0.31,1.093,,,False,False,False,False,4,True,AVGO_bounce_control_2026-07-09,1,bounce_control_2026-07-09,70,0.309,0.104,-2.0,2,402.84,399.6,,0.054827,0.01469,1.080461,0.895055,0.0,,,
2026-07-09,morning,2026-07-09,AXTI,bounce,Medium,control,NO-GO,2/6,0.158696,64.82,-0.03502,-0.117402,-0.221537,-0.111848,0.207,0.207,1.642,,,False,False,False,False,4,True,AXTI_bounce_control_2026-07-09,1,bounce_control_2026-07-09,70,1.27,0.43,-2.0,2,64.74,63.0,,-0.008186,0.047904,0.760164,1.479798,0.0,,,
2026-07-09,morning,2026-07-09,BE,bounce,Medium,control,NO-GO,0/6,0.141032,276.08,-0.069038,-0.113989,-0.154267,-0.118371,0.0,0.0,1.227,,,False,False,False,False,4,True,BE_bounce_control_2026-07-09,1,bounce_control_2026-07-09,70,0.557,0.121,-2.0,2,275.2202,268.0,,-0.101034,0.043061,0.919069,1.078576,0.0,,,
2026-07-09,morning,2026-07-09,BOT,bounce,Small,control,NO-GO,0/6,0.14754,34.5,-0.025217,-0.045507,-0.06029,0.064058,0.196,0.53,0.736,,,False,True,False,True,4,True,BOT_bounce_control_2026-07-09,1,bounce_control_2026-07-09,70,0.574,0.23,-2.0,2,34.4799,33.8,,-0.008585,0.003897,0.694173,0.817849,0.0,,,
2026-07-09,morning,2026-07-09,BRUN,bounce,Medium,control,NO-GO,1/6,0.13941,30.68,-0.015645,-0.073012,-0.162973,-0.164276,0.318,0.318,1.329,,,False,False,False,False,4,True,BRUN_bounce_control_2026-07-09,1,bounce_control_2026-07-09,70,0.418,0.393,-0.507,1,31.2,29.19,,-0.076602,,0.884767,0.698939,0.0,,,
2026-07-09,morning,2026-07-09,CAR,bounce,Medium,control,NO-GO,1/6,0.065843,155.32,0.028071,0.005601,0.003412,0.028715,0.745,0.745,0.418,,,True,True,True,True,4,True,CAR_bounce_control_2026-07-09,1,bounce_control_2026-07-09,70,25.592,1.777,13.754,2,154.48,153.735,,-0.032955,,0.614724,0.265066,0.0,,,
2026-07-09,morning,2026-07-09,CBRS,bounce,Medium,control,NO-GO,1/6,0.124396,188.91,0.050924,0.138532,0.083161,0.078874,0.669,1.172,0.112,0.11,1,True,True,True,True,4,True,CBRS_bounce_control_2026-07-09,1,bounce_control_2026-07-09,70,0.791,0.322,-2.0,2,190.89,186.88,,0.012968,0.070328,0.584434,0.569988,0.0,,,
2026-07-09,morning,2026-07-09,CRML,bounce,Small,control,NO-GO,1/6,0.08253,8.45,0.002367,-0.059172,-0.118343,-0.061538,0.315,0.315,1.649,,,True,False,False,False,4,True,CRML_bounce_control_2026-07-09,1,bounce_control_2026-07-09,70,6.536,0.784,1.469,2,8.51,8.43,,-0.072354,0.016568,1.100252,0.69293,0.0,,,
2026-07-09,morning,2026-07-09,CRWD,bounce,Large,control,NO-GO,2/6,0.293745,188.305,0.05361,-0.005974,-0.002098,0.119089,0.189,0.41,0.132,,,True,True,False,True,4,True,CRWD_bounce_control_2026-07-09,1,bounce_control_2026-07-09,70,1.649,0.264,1.552,1,191.435,187.0,,-0.044438,-0.003139,0.185118,2.7616,0.0,,,
2026-07-09,morning,2026-07-09,CRWV,bounce,Medium,control,NO-GO,0/6,0.089227,93.33,-0.038894,-0.04768,-0.107361,-0.143469,0.217,0.217,1.793,,,False,False,False,False,4,True,CRWV_bounce_control_2026-07-09,1,bounce_control_2026-07-09,70,0.477,0.171,-2.0,2,93.505,92.4,,0.050335,0.009022,0.904615,0.875835,0.0,,,
2026-07-09,morning,2026-07-09,DGXX,bounce,Small,control,NO-GO,2/6,0.118479,4.58,0.021834,-0.017467,-0.072052,-0.10917,0.313,0.313,1.014,,,True,False,False,False,4,True,DGXX_bounce_control_2026-07-09,1,bounce_control_2026-07-09,70,0.917,0.405,0.375,1,4.64,4.52,,-0.056962,0.006757,0.632553,0.794797,0.0,,,
2026-07-09,morning,2026-07-09,DXYZ,bounce,Small,control,NO-GO,0/6,0.066683,24.61,0.123527,0.12434,0.090614,0.054449,1.926,2.773,0.006,0.01,0,True,True,True,True,4,True,DXYZ_bounce_control_2026-07-09,1,bounce_control_2026-07-09,70,11.192,3.546,10.462,1,24.86,24.6,,-0.021176,0.004023,0.720977,0.500716,0.0,,,
2026-07-09,morning,2026-07-09,ETHE,bounce,Medium,control,NO-GO,0/6,0.04665,14.05,0.00427,0.029893,0.018505,0.078292,0.221,1.8,0.114,0.11,3,True,True,False,True,4,True,ETHE_bounce_control_2026-07-09,1,bounce_control_2026-07-09,70,4.2,0.32,-2.0,2,14.05,14.01,,-0.024828,0.007123,0.401737,0.41002,0.0,,,
2026-07-09,morning,2026-07-09,EWY,bounce,ETF,control,NO-GO,0/6,0.06699,183.65,0.00599,-0.000708,-0.085108,-0.036319,0.145,0.145,1.318,,,True,False,False,False,4,True,EWY_bounce_control_2026-07-09,1,bounce_control_2026-07-09,70,0.634,0.146,-1.0,1,184.53,183.11,,-0.061154,-0.024518,0.727784,2.119588,0.0,,,
2026-07-09,morning,2026-07-09,FCEL,bounce,Small,control,NO-GO,3/6,0.218231,24.2,-0.049587,-0.130992,-0.21157,-0.117769,0.066,0.066,0.998,,,False,False,False,False,4,True,FCEL_bounce_control_2026-07-09,1,bounce_control_2026-07-09,70,0.081,0.057,-0.764,1,24.4,22.54,,-0.222671,0.025288,0.553207,8.696256,0.0,,,
2026-07-09,morning,2026-07-09,FIG,bounce,Medium,control,NO-GO,1/6,0.073438,20.67,0.076923,0.021287,0.14417,0.15433,1.1,2.767,0.152,0.15,0,True,True,True,True,4,True,FIG_bounce_control_2026-07-09,1,bounce_control_2026-07-09,70,2.878,1.858,2.735,1,20.93,20.44,,0.019924,-0.007845,0.566779,2.115341,0.0,,,
2026-07-09,morning,2026-07-09,FJET,bounce,Micro,control,NO-GO,2/6,0.117162,4.45,0.004494,0.0,0.062921,0.062921,0.316,0.921,0.384,,,True,True,False,True,4,True,FJET_bounce_control_2026-07-09,1,bounce_control_2026-07-09,70,,,,0,,,,-0.07438,,0.829704,0.286138,0.0,,,
2026-07-09,morning,2026-07-09,GLW,bounce,Large,control,NO-GO,1/6,0.114417,201.75,-0.046444,-0.053829,-0.092392,-0.069938,0.118,0.118,1.0,,,False,False,False,False,4,True,GLW_bounce_control_2026-07-09,1,bounce_control_2026-07-09,70,1.779,0.522,-2.0,2,198.45,195.06,,-0.00077,0.057708,0.373575,1.484883,0.0,,,
2026-07-09,morning,2026-07-09,GOOGL,bounce,Large,control,NO-GO,0/6,0.032847,354.31,0.012927,0.0081,-0.00508,0.014676,0.459,0.503,0.278,,,True,True,False,True,4,True,GOOGL_bounce_control_2026-07-09,1,bounce_control_2026-07-09,70,9.594,1.278,6.998,2,358.565,354.14,,-0.016155,-0.003813,0.829199,0.676887,0.0,,,
2026-07-09,morning,2026-07-09,HQ,bounce,Small,control,NO-GO,2/6,0.264206,24,0.0025,-0.042083,-0.109167,-0.117083,0.237,0.237,0.662,,,True,False,True,True,4,True,HQ_bounce_control_2026-07-09,1,bounce_control_2026-07-09,70,1.364,0.331,-0.286,1,24.45,23.68,,-0.018993,0.0,0.474693,0.880276,0.0,,,
2026-07-09,morning,2026-07-09,HYLN,bounce,Small,control,NO-GO,2/6,0.173165,4.15,0.024096,-0.004819,-0.072289,-0.014458,0.237,0.306,0.473,,,True,False,False,False,4,True,HYLN_bounce_control_2026-07-09,1,bounce_control_2026-07-09,70,3.511,0.39,1.133,2,4.21,4.14,,-0.041958,0.014815,0.414496,1.590028,0.0,,,
2026-07-09,morning,2026-07-09,IBIT,bounce,ETF,control,NO-GO,1/6,0.037619,35.49,0.009017,0.020851,-0.007608,0.030713,0.343,0.97,0.397,,,True,True,False,True,4,True,IBIT_bounce_control_2026-07-09,1,bounce_control_2026-07-09,70,2.92,0.656,1.9,1,35.51,35.36,,-0.014396,0.010502,0.377079,0.605396,0.0,,,
2026-07-09,morning,2026-07-09,INOD,bounce,Medium,control,NO-GO,2/6,0.088599,70.05,-0.01242,-0.03212,-0.027552,-0.041542,0.048,0.263,0.653,,,False,False,False,False,4,True,INOD_bounce_control_2026-07-09,1,bounce_control_2026-07-09,70,0.309,0.135,-2.0,2,68.64,67.33,,-0.028993,0.028687,0.627927,0.476914,0.0,,,
2026-07-09,morning,2026-07-09,INTC,bounce,Large,control,NO-GO,1/6,0.094479,114.87,-0.020284,-0.043789,-0.10229,-0.061896,0.175,0.175,1.205,,,False,False,False,False,4,True,INTC_bounce_control_2026-07-09,1,bounce_control_2026-07-09,70,0.954,0.247,-2.0,2,115.43,113.42,,-0.066972,0.034253,0.564421,1.299671,0.0,,,
2026-07-09,morning,2026-07-09,IONQ,bounce,Medium,control,NO-GO,0/6,0.092968,45.5,-0.016044,-0.058022,-0.145495,-0.136484,0.118,0.118,1.626,,,False,False,False,False,4,True,IONQ_bounce_control_2026-07-09,1,bounce_control_2026-07-09,70,3.078,0.466,-0.812,2,45.99,45.08,,-0.0545,0.024991,0.584297,0.758168,0.0,,,
2026-07-09,morning,2026-07-09,IREN,bounce,Medium,control,NO-GO,0/6,0.102,44.495,-0.062367,-0.075402,-0.123947,-0.132712,0.23,0.23,1.643,,,False,False,False,False,4,True,IREN_bounce_control_2026-07-09,1,bounce_control_2026-07-09,70,0.349,0.13,-2.0,2,44.25,43.85,,0.002733,0.023834,0.620121,1.188976,0.0,,,
2026-07-09,morning,2026-07-09,KEEL,bounce,Medium,control,NO-GO,2/6,0.148386,4.81,0.006237,-0.033264,-0.093555,-0.066528,0.273,0.273,0.883,,,True,False,False,False,4,True,KEEL_bounce_control_2026-07-09,1,bounce_control_2026-07-09,70,0.503,0.154,-2.0,2,4.8699,4.7703,,-0.045455,0.013158,0.466783,0.786804,0.0,,,
2026-07-09,morning,2026-07-09,KWEB,bounce,ETF,control,NO-GO,1/6,0.023841,26.09,0.014948,0.011115,0.005366,0.00345,0.691,1.045,-0.0,-0.0,1,True,True,True,True,4,True,KWEB_bounce_control_2026-07-09,1,bounce_control_2026-07-09,70,,,,0,,,,0.021493,-0.010223,0.481375,0.644828,0.0,,,
2026-07-09,morning,2026-07-09,LITE,bounce,Medium,control,NO-GO,2/6,0.090112,755.155,0.040541,0.062047,0.017208,0.078984,0.731,1.245,0.048,0.05,3,True,True,True,True,4,True,LITE_bounce_control_2026-07-09,1,bounce_control_2026-07-09,70,1.515,0.938,0.607,1,772.975,751.9,,-0.007275,0.02663,0.546126,0.853006,0.0,,,
2026-07-09,morning,2026-07-09,LWLG,bounce,Small,control,NO-GO,2/6,0.124418,7.13,-0.00561,-0.042076,-0.092567,-0.036466,0.141,0.141,0.936,,,False,False,False,False,4,True,LWLG_bounce_control_2026-07-09,1,bounce_control_2026-07-09,70,2.381,0.564,0.714,1,7.005,6.9,,-0.062162,0.01462,0.706457,1.294978,0.0,,,
2026-07-09,morning,2026-07-09,META,bounce,Large,control,NO-GO,0/6,0.038128,583.99,0.08132,0.145927,0.124557,0.131937,2.213,4.216,0.311,0.31,0,True,True,True,True,4,True,META_bounce_control_2026-07-09,1,bounce_control_2026-07-09,70,10.151,4.595,6.558,1,582.11,577.07,,0.012011,0.007262,0.776654,1.21224,0.0,,,
2026-07-09,morning,2026-07-09,MP,bounce,Medium,control,NO-GO,1/6,0.060609,54,-0.042407,-0.033148,-0.083333,-0.059444,0.092,0.092,1.54,,,False,False,False,False,4,True,MP_bounce_control_2026-07-09,1,bounce_control_2026-07-09,70,0.361,0.131,-2.0,2,52.95,52.01,,0.01113,0.011321,1.097386,0.668009,0.0,,,
2026-07-09,morning,2026-07-09,MRVL,bounce,Large,control,NO-GO,0/6,0.104974,246.175,-0.011801,-0.042104,-0.11636,-0.096415,0.214,0.214,1.196,,,False,False,False,False,4,True,MRVL_bounce_control_2026-07-09,1,bounce_control_2026-07-09,70,1.204,0.324,-1.359,2,248.7394,244.23,,-0.036828,0.036166,0.468593,1.467509,0.0,,,
2026-07-09,morning,2026-07-09,MSFT,bounce,Large,control,NO-GO,0/6,0.033803,374.45,0.026465,0.028442,0.044171,0.027988,0.806,1.517,0.087,0.09,1,True,True,True,True,4,True,MSFT_bounce_control_2026-07-09,1,bounce_control_2026-07-09,70,3.072,1.347,2.957,1,376.125,373.35,,-0.014325,-0.005583,0.308869,1.036825,0.0,,,
2026-07-09,morning,2026-07-09,MSTR,bounce,Medium,control,NO-GO,1/6,0.098525,94.06,-0.001807,0.006166,-0.020838,0.037423,0.296,0.654,0.436,,,False,True,False,True,4,True,MSTR_bounce_control_2026-07-09,1,bounce_control_2026-07-09,70,1.486,0.511,-0.339,1,94.43,92.8348,,-0.054481,0.015021,0.347271,1.010615,0.0,,,
2026-07-09,morning,2026-07-09,MU,bounce,Large,control,NO-GO,0/6,0.103841,1016.51,-0.024466,-0.036606,-0.078219,-0.032848,0.18,0.18,1.079,,,False,False,False,False,4,True,MU_bounce_control_2026-07-09,1,bounce_control_2026-07-09,70,1.738,0.289,-2.0,2,1020.64,1007.27,,-0.001219,0.036625,0.573665,2.07638,0.0,,,
2026-07-09,morning,2026-07-09,MXL,bounce,Medium,control,NO-GO,1/6,0.141374,90.68,0.056462,0.006837,-0.015218,0.021063,0.512,0.609,0.638,,,True,True,True,True,4,True,MXL_bounce_control_2026-07-09,1,bounce_control_2026-07-09,70,0.948,0.535,0.555,1,93.82,90.2001,,-0.068353,0.035909,0.659413,1.379843,0.0,,,
2026-07-09,morning,2026-07-09,NBIS,bounce,Medium,control,NO-GO,0/6,0.129096,229.184,-0.056653,-0.0416,-0.08148,-0.153126,0.011,0.011,1.223,,,False,False,False,False,4,True,NBIS_bounce_control_2026-07-09,1,bounce_control_2026-07-09,70,2.723,0.591,-0.517,2,221.0,215.05,,0.041733,0.025083,0.901295,1.073977,0.0,,,
2026-07-09,morning,2026-07-09,NOK,bounce,Medium,control,NO-GO,1/6,0.064625,12.43,0.037812,0.000805,-0.059533,-0.058729,0.871,0.871,1.17,,,True,False,True,True,4,True,NOK_bounce_control_2026-07-09,1,bounce_control_2026-07-09,70,4.481,1.506,2.815,1,12.525,12.39,,-0.026379,0.019247,0.501819,1.3311,0.0,,,
2026-07-09,morning,2026-07-09,NVDA,bounce,Large,control,NO-GO,1/6,0.032663,204.46,-0.008217,0.031791,-0.004549,0.035899,0.019,1.211,0.824,0.82,3,False,True,False,True,4,True,NVDA_bounce_control_2026-07-09,1,bounce_control_2026-07-09,70,0.147,0.046,-2.0,2,203.19,202.51,,0.044336,0.00049,1.514162,0.381334,0.0,,,
2026-07-09,morning,2026-07-09,NVTS,bounce,Medium,control,NO-GO,3/6,0.13624,14.06,0.008535,-0.041963,-0.084637,-0.06899,0.243,0.243,0.773,,,True,False,False,False,4,True,NVTS_bounce_control_2026-07-09,1,bounce_control_2026-07-09,70,0.631,0.277,-0.175,1,14.26,13.84,,-0.095207,0.031437,0.444927,0.508827,0.0,,,
2026-07-08,evening,2026-07-09,NVTS,bounce,Medium,surfaced,CAUTION,4/6,0.145809,14.06,0.008535,-0.041963,-0.084637,-0.06899,0.23,0.23,0.72,,,True,False,False,False,4,True,NVTS_bounce_2026-07-06,4,bounce_2026-07-09,0,0.631,0.259,-0.175,1,14.26,13.84,,-0.090595,-0.042173,0.563267,,,-0.242075,-0.615159,-0.615159
2026-07-09,morning,2026-07-09,OKLO,bounce,Medium,control,NO-GO,1/6,0.082975,47.85,0.029676,0.020899,-0.042633,-0.033647,0.599,0.705,0.7,,,True,False,True,True,4,True,OKLO_bounce_control_2026-07-09,1,bounce_control_2026-07-09,70,1.854,0.962,0.883,1,48.32,47.29,,-0.076582,0.012479,0.699901,0.72348,0.0,,,
2026-07-09,morning,2026-07-09,ON,bounce,Medium,control,NO-GO,1/6,0.098954,98,-0.001327,-0.020816,-0.077857,-0.043571,0.478,0.478,0.816,,,False,False,False,False,4,True,ON_bounce_control_2026-07-09,1,bounce_control_2026-07-09,70,2.845,0.757,-0.837,1,98.97,97.68,,0.011953,0.021663,0.488295,1.201578,0.0,,,
2026-07-09,morning,2026-07-09,OPEN,bounce,Medium,control,NO-GO,0/6,0.06818,4.77,0.111111,-0.001048,-0.059748,-0.046122,1.876,2.229,1.015,0.15,0,True,False,True,True,4,True,OPEN_bounce_control_2026-07-09,1,bounce_control_2026-07-09,70,3.714,3.198,3.214,1,4.86,4.72,,-0.051081,0.008351,0.911004,0.663176,0.0,,,
2026-07-09,morning,2026-07-09,ORCL,bounce,Large,control,NO-GO,3/6,0.053752,141.42,0.019799,-0.005515,-0.069863,-0.095319,1.006,1.006,1.818,0.06,0,True,False,True,True,4,True,ORCL_bounce_control_2026-07-09,1,bounce_control_2026-07-09,70,2.928,1.594,0.604,1,143.01,140.94,,-0.006966,0.016148,0.559713,2.026358,0.0,,,
2026-07-08,evening,2026-07-09,ORCL,bounce,Large,surfaced,CAUTION,4/6,0.056837,141.42,0.019799,-0.005515,-0.069863,-0.095319,0.95,0.95,1.72,,,True,False,True,True,4,True,ORCL_bounce_2026-07-06,4,bounce_2026-07-09,0,2.928,1.508,0.604,1,143.01,140.94,,-0.007344,-0.017973,1.01214,,,-0.236247,-0.443597,-0.597247
2026-07-09,morning,2026-07-09,PL,bounce,Medium,control,NO-GO,2/6,0.089595,28.19,-0.035119,-0.075913,-0.079106,-0.093295,0.083,0.083,1.136,,,False,False,False,False,4,True,PL_bounce_control_2026-07-09,1,bounce_control_2026-07-09,70,1.878,0.364,-2.0,2,28.2225,27.59,,-0.082955,0.01982,0.855833,0.530697,0.0,,,
2026-07-09,morning,2026-07-09,PLTR,bounce,Large,control,NO-GO,0/6,0.053616,127.72,0.010335,-0.007282,0.018165,0.046978,0.215,1.178,0.742,0.74,3,True,True,False,True,4,True,PLTR_bounce_control_2026-07-09,1,bounce_control_2026-07-09,70,3.71,1.008,2.57,2,127.05,125.69,,-0.01234,-0.00995,0.809288,0.898528,0.0,,,
2026-07-09,morning,2026-07-09,POET,bounce,Small,control,NO-GO,1/6,0.118095,8.75,-0.005714,-0.050286,-0.085714,0.006857,0.382,0.382,0.9,,,False,True,False,False,4,True,POET_bounce_control_2026-07-09,1,bounce_control_2026-07-09,70,0.888,0.397,-1.778,2,8.94,8.68,,-0.013408,0.037603,0.666489,0.852998,0.0,,,
2026-07-09,morning,2026-07-09,QCOM,bounce,Large,control,NO-GO,0/6,0.073309,192.465,-0.00704,-0.017172,-0.044086,-0.074637,0.257,0.257,1.064,,,False,False,False,False,4,True,QCOM_bounce_control_2026-07-09,1,bounce_control_2026-07-09,70,3.577,0.958,-0.111,2,190.825,189.0,,0.01834,0.017903,0.475172,1.313197,0.0,,,
2026-07-09,morning,2026-07-09,RGTI,bounce,Medium,control,NO-GO,0/6,0.093678,16.98,0.000589,-0.025913,-0.095406,-0.051237,0.219,0.219,1.15,,,True,False,False,False,4,True,RGTI_bounce_control_2026-07-09,1,bounce_control_2026-07-09,70,1.949,0.478,-0.584,2,17.18,16.92,,-0.045657,0.013002,0.535611,0.550032,0.0,,,
2026-07-09,morning,2026-07-09,RKLB,bounce,Medium,control,NO-GO,2/6,0.10097,86.295,-0.043398,-0.060896,-0.110841,-0.086737,0.001,0.001,1.227,,,False,False,False,False,4,True,RKLB_bounce_control_2026-07-09,1,bounce_control_2026-07-09,70,1.385,0.385,-1.884,2,84.5,83.21,,-0.063272,0.046191,0.624672,1.121699,0.0,,,
2026-07-08,evening,2026-07-09,RKLB,bounce,Medium,surfaced,CAUTION,4/6,0.106421,86.295,-0.043398,-0.060896,-0.110841,-0.086737,0.0,0.0,1.16,,,False,False,False,False,4,True,RKLB_bounce_2026-07-08,2,bounce_2026-07-09,0,1.385,0.365,-1.884,2,84.5,83.21,,-0.171909,0.037046,0.891204,,,-0.177924,-0.449072,-0.449072
2026-07-09,morning,2026-07-09,RVI,bounce,Small,control,NO-GO,0/6,0.10917,31,0.005161,0.002903,-0.016129,-0.067419,0.149,0.251,0.739,,,True,False,False,False,4,True,RVI_bounce_control_2026-07-09,1,bounce_control_2026-07-09,70,1.4,0.269,-0.262,1,31.045,30.72,,-0.082711,,0.506841,0.426851,0.0,,,
2026-07-09,morning,2026-07-09,SMR,bounce,Medium,control,NO-GO,1/6,0.095714,8.88,0.016892,0.018018,-0.059685,-0.031532,0.365,0.424,0.718,,,True,False,False,False,4,True,SMR_bounce_control_2026-07-09,1,bounce_control_2026-07-09,70,2.846,0.871,0.731,2,8.875,8.72,,-0.075963,0.013699,0.611453,1.301574,0.0,,,
2026-07-09,morning,2026-07-09,SNDK,bounce,Large,control,NO-GO,1/6,0.133396,1835.613,0.012343,0.043749,-0.088059,-0.04238,0.478,0.478,0.774,,,True,False,True,True,4,True,SNDK_bounce_control_2026-07-09,1,bounce_control_2026-07-09,70,4.414,1.009,0.045,2,1833.665,1806.4,,0.017524,0.027687,0.611079,1.380931,0.0,,,
2026-07-09,morning,2026-07-09,SOXL,bounce,ETF,control,NO-GO,2/6,0.220391,199.81,-0.036835,-0.037786,-0.172364,-0.11586,0.108,0.108,0.869,,,False,False,False,False,4,True,SOXL_bounce_control_2026-07-09,1,bounce_control_2026-07-09,70,1.17,0.293,-2.0,2,201.74,197.68,,-0.038274,0.070816,0.433379,0.900041,0.0,,,
2026-07-09,morning,2026-07-09,SPCE,bounce,Small,control,NO-GO,1/6,0.105671,2.63,-0.003802,-0.022814,-0.079848,-0.007605,0.468,0.468,0.936,,,False,False,False,False,4,True,SPCE_bounce_control_2026-07-09,1,bounce_control_2026-07-09,70,1.952,0.738,-1.0,1,2.6575,2.605,,-0.007435,0.007547,0.425316,1.675332,0.0,,,
2026-07-09,morning,2026-07-09,STM,bounce,Medium,control,NO-GO,0/6,0.064156,70.58,0.011476,0.012468,-0.029895,-0.006376,0.448,0.448,0.597,,,True,False,False,False,4,True,STM_bounce_control_2026-07-09,1,bounce_control_2026-07-09,70,3.197,0.804,0.071,2,70.63,70.24,,-0.027175,0.013277,0.628416,1.715023,0.0,,,
2026-07-09,morning,2026-07-09,STX,bounce,Large,control,NO-GO,0/6,0.100892,922.285,-0.034908,-0.012952,-0.066818,-0.04768,0.164,0.164,0.884,,,False,False,False,False,4,True,STX_bounce_control_2026-07-09,1,bounce_control_2026-07-09,70,1.986,0.42,-2.0,2,918.0,908.16,,0.015364,0.025092,0.574953,0.986434,0.0,,,
2026-07-09,morning,2026-07-09,TEAM,bounce,Medium,control,NO-GO,0/6,0.056002,81.36,0.114921,0.092183,0.181908,0.094887,2.085,3.323,0.154,0.15,0,True,True,True,True,4,True,TEAM_bounce_control_2026-07-09,1,bounce_control_2026-07-09,70,2.938,2.938,2.556,1,83.25,80.66,,-0.001754,-0.001404,0.640197,0.885031,0.0,,,
2026-07-09,morning,2026-07-09,TSLA,bounce,Large,control,NO-GO,0/6,0.051413,393.99,0.031879,0.03495,0.001954,0.005559,0.685,0.946,0.154,,,True,True,True,True,4,True,TSLA_bounce_control_2026-07-09,1,bounce_control_2026-07-09,70,5.918,1.436,5.389,1,393.32,390.8631,,-0.056483,0.005075,0.447883,0.385453,0.0,,,
2026-07-09,morning,2026-07-09,U,bounce,Medium,control,NO-GO,0/6,0.052147,28.82,0.066273,0.071825,0.064539,0.101666,1.317,2.815,0.047,0.05,0,True,True,True,True,4,True,U_bounce_control_2026-07-09,1,bounce_control_2026-07-09,70,4.603,2.241,4.411,1,29.1159,28.75,,-0.004047,0.002376,0.77277,0.503817,0.0,,,
2026-07-09,morning,2026-07-09,UMC,bounce,Medium,control,NO-GO,0/6,0.083832,25.02,-0.006395,-0.027178,-0.06235,-0.047162,0.222,0.222,0.958,,,False,False,False,False,4,True,UMC_bounce_control_2026-07-09,1,bounce_control_2026-07-09,70,3.471,0.563,-0.853,2,25.14,24.71,,-0.048006,-0.005661,0.487528,2.357973,0.0,,,
2026-07-09,morning,2026-07-09,WDC,bounce,Large,control,NO-GO,0/6,0.115656,594.14,-0.027081,-0.019448,-0.064951,-0.051873,0.107,0.107,0.902,,,False,False,False,False,4,True,WDC_bounce_control_2026-07-09,1,bounce_control_2026-07-09,70,0.118,0.011,-2.0,2,582.39,580.24,,-0.012503,0.036235,0.557377,0.949671,0.0,,,
2026-07-09,morning,2026-07-09,WOLF,bounce,Small,control,NO-GO,2/6,0.174254,38,-0.019737,-0.071316,-0.114474,-0.097105,0.198,0.198,0.693,,,False,False,False,False,4,True,WOLF_bounce_control_2026-07-09,1,bounce_control_2026-07-09,70,1.11,0.367,-0.753,1,38.095,37.0,,-0.066126,0.027886,0.496638,0.292731,0.0,,,
2026-07-10,morning,2026-07-10,AAOI,bounce,Medium,control,NO-GO,2/6,0.133672,118.71,0.010193,-0.057535,0.056777,-0.081038,0.383,0.608,0.795,,,True,False,False,True,4,True,AAOI_bounce_control_2026-07-09,2,bounce_control_2026-07-10,0,0.248,0.17,-2.0,2,123.435,118.02,,0.040818,-0.025612,0.586139,0.831444,0.0,,,
2026-07-10,morning,2026-07-10,ALAB,bounce,Medium,control,NO-GO,0/6,0.113263,409.38,0.008769,-0.115614,-0.116273,-0.143534,0.26,0.26,1.582,,,True,False,False,False,4,True,ALAB_bounce_control_2026-07-09,2,bounce_control_2026-07-10,0,2.275,0.574,0.908,1,407.47,401.62,,0.085717,-0.004168,0.513971,0.597539,0.0,,,
2026-07-10,morning,2026-07-10,AMAT,bounce,Large,control,NO-GO,0/6,0.09473,578.24,0.041955,-0.004929,0.030195,0.002058,0.566,0.655,0.385,,,True,True,True,True,4,True,AMAT_bounce_control_2026-07-09,2,bounce_control_2026-07-10,0,1.741,0.831,1.271,2,578.39,574.2,,0.044184,-0.01641,0.811868,0.940804,0.0,,,
2026-07-10,morning,2026-07-10,APP,bounce,Large,control,NO-GO,0/6,0.062773,526.6,-0.037258,-0.159039,-0.147398,-0.140277,0.225,0.225,2.889,,,False,False,False,False,4,True,APP_bounce_control_2026-07-09,2,bounce_control_2026-07-10,0,3.995,0.469,-2.0,2,514.19,508.12,,-0.005531,0.008896,0.891388,0.832452,0.0,,,
2026-07-10,morning,2026-07-10,ARM,bounce,Large,control,NO-GO,0/6,0.101069,322.7,0.002138,-0.073474,-0.128695,-0.141587,0.171,0.171,1.763,,,True,False,False,False,4,True,ARM_bounce_control_2026-07-09,2,bounce_control_2026-07-10,0,,,,0,,,,0.078454,-0.011803,0.863916,0.796982,0.0,,,
2026-07-10,morning,2026-07-10,AVGO,bounce,Large,control,NO-GO,1/6,0.041589,398.5,0.003689,-0.036261,-0.023563,-0.01059,0.238,0.238,0.91,,,True,False,False,False,4,True,AVGO_bounce_control_2026-07-09,2,bounce_control_2026-07-10,0,0.827,0.368,0.163,1,399.39,395.7,,0.072226,-0.00885,1.184835,1.173633,0.0,,,
2026-07-10,morning,2026-07-10,AXTI,bounce,Medium,control,NO-GO,2/6,0.161399,61.2,-0.065196,-0.17549,-0.059314,-0.127124,0.071,0.071,1.343,,,False,False,False,False,4,True,AXTI_bounce_control_2026-07-09,2,bounce_control_2026-07-10,0,3.593,0.589,1.741,2,59.485,58.51,,0.062597,-0.01215,0.53746,1.306215,0.0,,,
2026-07-10,morning,2026-07-10,BE,bounce,Medium,control,NO-GO,0/6,0.149339,251.205,-0.026253,-0.07052,-0.03107,-0.047073,0.0,0.021,0.931,,,False,False,False,False,4,True,BE_bounce_control_2026-07-09,2,bounce_control_2026-07-10,0,1.203,0.203,-2.0,2,243.76,240.9,,-0.057759,-0.01175,0.60002,1.850571,0.0,,,
2026-07-10,morning,2026-07-10,BOT,bounce,Small,control,NO-GO,0/6,0.148961,33.44,-0.015251,-0.030502,0.097787,-0.055323,0.124,0.755,0.539,,,False,False,False,True,4,True,BOT_bounce_control_2026-07-09,2,bounce_control_2026-07-10,0,4.493,0.677,0.933,2,32.85,32.2661,,0.036352,-0.016652,0.769367,0.683581,0.0,,,
2026-07-10,morning,2026-07-10,BRUN,bounce,Medium,control,NO-GO,1/6,0.137959,30.2,-0.058278,-0.149669,-0.150993,-0.150331,0.101,0.101,1.464,,,False,False,False,False,4,True,BRUN_bounce_control_2026-07-09,2,bounce_control_2026-07-10,0,0.343,0.103,-2.0,2,30.4053,29.78,,0.029472,-0.005298,0.687694,0.628315,0.0,,,
2026-07-10,morning,2026-07-10,CAR,bounce,Medium,control,NO-GO,1/6,0.063427,159.53,-0.020937,-0.023068,0.001567,0.00865,0.159,1.134,0.838,0.84,3,False,True,False,True,4,True,CAR_bounce_control_2026-07-09,2,bounce_control_2026-07-10,0,0.0,0.0,-2.0,2,161.1382,159.53,,0.026947,,0.932072,0.310272,0.0,,,
2026-07-10,morning,2026-07-10,CBRS,bounce,Medium,control,NO-GO,0/6,0.123233,194.2,0.107518,0.053656,0.049485,-0.052472,0.93,0.93,0.489,,,True,False,True,True,4,True,CBRS_bounce_control_2026-07-09,2,bounce_control_2026-07-10,0,2.273,1.465,2.094,1,198.9323,191.22,,0.117434,-0.005944,0.754111,0.402073,0.0,,,
2026-07-10,morning,2026-07-10,CRML,bounce,Small,control,NO-GO,0/6,0.078259,8.51,-0.065805,-0.124559,-0.068155,-0.122209,0.06,0.06,1.817,,,False,False,False,False,4,True,CRML_bounce_control_2026-07-09,2,bounce_control_2026-07-10,0,0.714,0.075,-2.0,2,8.175,8.14,,-0.032,0.0,0.490302,0.507074,0.0,,,
2026-07-10,morning,2026-07-10,CRWD,bounce,Large,control,NO-GO,2/6,0.27799,196.6,-0.047915,-0.044201,0.071872,0.051729,0.026,0.382,0.285,,,False,True,False,True,4,True,CRWD_bounce_control_2026-07-09,2,bounce_control_2026-07-10,0,1.018,0.021,-2.0,2,189.1999,187.5,,0.023482,0.003982,0.212198,2.301322,0.0,,,
2026-07-10,morning,2026-07-10,CRWV,bounce,Medium,control,NO-GO,0/6,0.089043,89.89,-0.011236,-0.073201,-0.110691,-0.142063,0.177,0.177,1.884,,,False,False,False,False,4,True,CRWV_bounce_control_2026-07-09,2,bounce_control_2026-07-10,0,0.649,0.332,-0.522,1,89.98,87.93,,0.076592,0.002538,0.719816,0.891986,0.0,,,
2026-07-10,morning,2026-07-10,DGXX,bounce,Small,control,NO-GO,2/6,0.11011,4.64,-0.030172,-0.084052,-0.12069,-0.114224,0.029,0.029,1.644,,,False,False,False,False,4,True,DGXX_bounce_control_2026-07-09,2,bounce_control_2026-07-10,0,0.0,0.0,-1.0,1,4.535,4.49,,0.058824,0.0,0.44633,0.716991,0.0,,,
2026-07-10,morning,2026-07-10,DXYZ,bounce,Small,control,NO-GO,1/6,0.061966,27.65,0.000723,-0.029295,-0.061483,-0.040506,0.881,0.881,1.477,,,True,False,True,True,4,True,DXYZ_bounce_control_2026-07-09,2,bounce_control_2026-07-10,0,0.58,0.298,-2.0,2,28.8,27.59,,0.122249,-0.003978,1.857549,0.436707,0.0,,,
2026-07-10,morning,2026-07-10,ETHE,bounce,Medium,control,NO-GO,0/6,0.044013,14.49,-0.00138,-0.012422,0.045549,0.071084,0.204,1.847,0.58,0.58,2,False,True,False,True,4,True,ETHE_bounce_control_2026-07-09,2,bounce_control_2026-07-10,0,1.167,0.329,-0.444,2,14.42,14.37,,0.000692,0.024805,0.345683,0.440451,0.0,,,
2026-07-10,morning,2026-07-10,EWY,bounce,ETF,control,NO-GO,0/6,0.063867,181.46,0.011352,-0.074066,-0.024689,-0.054117,0.299,0.299,1.356,,,True,False,False,False,4,True,EWY_bounce_control_2026-07-09,2,bounce_control_2026-07-10,0,2.442,0.695,1.633,1,180.89,179.24,,0.001158,-0.017591,0.304526,2.068686,0.0,,,
2026-07-10,morning,2026-07-10,FCEL,bounce,Small,control,NO-GO,1/6,0.219404,22.64,-0.071113,-0.157244,-0.056979,-0.105565,0.014,0.05,0.747,,,False,False,False,False,4,True,FCEL_bounce_control_2026-07-09,2,bounce_control_2026-07-10,0,0.717,0.103,-2.0,2,20.8958,20.51,,-0.125578,-0.013043,0.403577,14.738913,0.0,,,
2026-07-10,morning,2026-07-10,FIG,bounce,Medium,control,NO-GO,2/6,0.07052,22.85,-0.076149,0.035011,0.044201,0.028446,0.161,1.254,1.167,1.17,2,False,True,False,True,4,True,FIG_bounce_control_2026-07-09,2,bounce_control_2026-07-10,0,0.278,0.186,-2.0,2,22.96,22.42,,0.009914,0.006739,1.202265,2.557731,0.0,,,
2026-07-10,morning,2026-07-10,FJET,bounce,Micro,control,NO-GO,2/6,0.114789,4.51,-0.013304,0.04878,0.04878,-0.031042,0.17,0.85,0.502,,,False,False,False,True,4,True,FJET_bounce_control_2026-07-09,2,bounce_control_2026-07-10,0,0.0,0.0,-2.0,2,4.39,4.3211,,-0.032468,,0.516461,0.33467,0.0,,,
2026-07-10,morning,2026-07-10,GLW,bounce,Large,control,NO-GO,1/6,0.122565,189.54,0.007123,-0.033924,-0.010024,-0.079825,0.139,0.18,0.966,,,True,False,False,False,4,True,GLW_bounce_control_2026-07-09,2,bounce_control_2026-07-10,0,1.977,0.336,0.294,2,192.59,188.3,,0.019123,-0.017959,0.532485,0.921659,0.0,,,
2026-07-10,morning,2026-07-10,GOOGL,bounce,Large,control,NO-GO,0/6,0.032948,357.525,-0.000965,-0.014027,0.005552,0.037466,0.025,1.369,0.546,0.55,3,False,True,False,True,4,True,GOOGL_bounce_control_2026-07-09,2,bounce_control_2026-07-10,0,0.448,0.17,-2.0,2,356.73,354.5,,-0.022995,-0.000836,0.725355,0.622599,0.0,,,
2026-07-10,morning,2026-07-10,HQ,bounce,Small,control,NO-GO,2/6,0.2472,24,-0.042083,-0.109167,-0.117083,-0.087083,0.192,0.192,0.708,,,False,False,False,False,4,True,HQ_bounce_control_2026-07-09,2,bounce_control_2026-07-10,0,,,,0,,,,0.025532,0.001663,0.305496,0.738386,0.0,,,
2026-07-10,morning,2026-07-10,HYLN,bounce,Small,control,NO-GO,2/6,0.15818,4.31,-0.041763,-0.106729,-0.051044,-0.083527,0.088,0.088,0.733,,,False,False,False,False,4,True,HYLN_bounce_control_2026-07-09,2,bounce_control_2026-07-10,0,0.474,0.132,-0.474,1,4.215,4.12,,0.069136,0.018824,0.277404,1.513259,0.0,,,
2026-07-10,morning,2026-07-10,IBIT,bounce,ETF,control,NO-GO,1/6,0.035445,36.325,-0.002615,-0.03042,0.00702,0.013352,0.26,0.633,1.06,,,False,True,False,True,4,True,IBIT_bounce_control_2026-07-09,2,bounce_control_2026-07-10,0,3.222,0.225,-0.07,2,36.315,36.11,,0.008852,0.018431,0.454872,0.630825,0.0,,,
2026-07-10,morning,2026-07-10,INOD,bounce,Medium,control,NO-GO,2/6,0.086027,70.3,-0.035562,-0.03101,-0.04495,-0.070982,0.228,0.228,1.151,,,False,False,False,False,4,True,INOD_bounce_control_2026-07-09,2,bounce_control_2026-07-10,0,0.947,0.119,-2.0,2,70.62,69.76,,0.018231,0.025296,0.712893,0.517066,0.0,,,
2026-07-10,morning,2026-07-10,INTC,bounce,Large,control,NO-GO,0/6,0.097621,109.575,0.002418,-0.058909,-0.016564,-0.060096,0.119,0.119,0.97,,,True,False,False,False,4,True,INTC_bounce_control_2026-07-09,2,bounce_control_2026-07-10,0,2.4,0.449,1.38,1,108.45,107.45,,-0.011139,-0.03003,0.493592,0.976717,0.0,,,
2026-07-10,morning,2026-07-10,IONQ,bounce,Medium,control,NO-GO,0/6,0.09282,45.32,-0.054281,-0.142101,-0.133054,-0.17233,0.031,0.031,2.011,,,False,False,False,False,4,True,IONQ_bounce_control_2026-07-09,2,bounce_control_2026-07-10,0,3.241,0.447,-0.414,2,43.09,42.63,,-0.007586,0.005493,0.390103,0.610551,0.0,,,
2026-07-10,morning,2026-07-10,IREN,bounce,Medium,control,NO-GO,0/6,0.106448,42.61,-0.034499,-0.085191,-0.094344,-0.101619,0.0,0.0,1.228,,,False,False,False,False,4,True,IREN_bounce_control_2026-07-09,2,bounce_control_2026-07-10,0,1.818,0.265,-1.0,1,40.8,40.4701,,0.059651,0.011266,0.881752,0.981776,0.0,,,
2026-07-10,morning,2026-07-10,KEEL,bounce,Medium,control,NO-GO,2/6,0.140251,4.9,-0.05102,-0.110204,-0.083673,-0.112245,0.036,0.036,1.062,,,False,False,False,False,4,True,KEEL_bounce_control_2026-07-09,2,bounce_control_2026-07-10,0,1.727,0.276,-2.0,2,4.665,4.61,,0.094595,0.004132,0.432792,0.624025,0.0,,,
2026-07-10,morning,2026-07-10,KWEB,bounce,ETF,control,NO-GO,1/6,0.022737,26.54,-0.006029,-0.01168,-0.013564,0.017332,0.331,1.317,0.713,0.71,3,False,True,False,True,4,True,KWEB_bounce_control_2026-07-09,2,bounce_control_2026-07-10,0,0.333,0.116,-2.0,2,26.585,26.445,,0.039984,0.001888,0.712848,2.126788,0.0,,,
2026-07-10,morning,2026-07-10,LITE,bounce,Medium,control,NO-GO,0/6,0.090748,769.545,0.042187,-0.001813,0.058807,-0.022799,0.53,1.007,0.761,0.11,2,True,False,True,True,4,True,LITE_bounce_control_2026-07-09,2,bounce_control_2026-07-10,0,0.258,0.076,-2.0,2,804.99,768.18,,0.098997,-0.022487,0.760363,0.587667,0.0,,,
2026-07-10,morning,2026-07-10,LWLG,bounce,Small,control,NO-GO,2/6,0.12018,7.03,-0.02845,-0.079659,-0.02276,-0.039829,0.059,0.189,0.864,,,False,False,False,False,4,True,LWLG_bounce_control_2026-07-09,2,bounce_control_2026-07-10,0,0.75,0.142,-2.0,2,6.77,6.7,,0.061618,0.008463,0.413134,1.074667,0.0,,,
2026-07-09,evening,2026-07-10,META,bounce,Large,control,NO-GO,0/6,0.037623,660.335,0.01344,-0.005459,0.001068,0.031764,0.705,1.036,0.454,0.45,3,True,True,True,True,4,True,META_bounce_control_2026-07-09,2,bounce_control_2026-07-10,0,0.305,0.305,-0.257,1,673.215,658.01,,0.025588,-0.031718,0.776654,1.21224,0.129695,,,
2026-07-10,morning,2026-07-10,MP,bounce,Medium,control,NO-GO,0/6,0.058774,52.33,-0.002293,-0.05408,-0.029429,-0.054844,0.202,0.202,1.223,,,False,False,False,False,4,True,MP_bounce_control_2026-07-09,2,bounce_control_2026-07-10,0,3.409,0.488,-2.0,2,51.735,51.38,,0.029511,0.005221,0.883781,0.52824,0.0,,,
2026-07-10,morning,2026-07-10,MRVL,bounce,Large,control,NO-GO,0/6,0.102823,237.79,-0.008327,-0.085201,-0.064553,-0.132596,0.129,0.129,1.496,,,False,False,False,False,4,True,MRVL_bounce_control_2026-07-09,2,bounce_control_2026-07-10,0,0.974,0.281,0.034,1,235.54,232.02,,0.036238,-0.017306,0.431228,1.036969,0.0,,,
2026-07-10,morning,2026-07-10,MSFT,bounce,Large,control,NO-GO,0/6,0.032247,387.8,-0.006962,0.008226,-0.007401,0.020191,0.329,0.892,0.732,,,False,True,False,True,4,True,MSFT_bounce_control_2026-07-09,2,bounce_control_2026-07-10,0,1.187,0.482,-2.0,2,388.895,386.355,,-0.002037,0.009595,0.90302,0.916602,0.0,,,
2026-07-10,morning,2026-07-10,MSTR,bounce,Medium,control,NO-GO,1/6,0.091955,98.755,-0.041669,-0.067389,-0.011898,-0.013012,0.15,0.352,0.962,,,False,False,False,False,4,True,MSTR_bounce_control_2026-07-09,2,bounce_control_2026-07-10,0,0.603,0.187,-2.0,2,99.27,97.86,,0.007909,0.045159,0.439416,0.987852,0.0,,,
2026-07-10,morning,2026-07-10,MU,bounce,Large,control,NO-GO,0/6,0.105918,964.975,0.014845,-0.02899,0.018804,-0.062898,0.323,0.323,0.894,,,True,False,False,False,4,True,MU_bounce_control_2026-07-09,2,bounce_control_2026-07-10,0,0.914,0.254,-2.0,2,969.55,958.07,,0.032737,-0.02273,0.471236,1.702836,0.0,,,
2026-07-10,morning,2026-07-10,MXL,bounce,Medium,control,NO-GO,0/6,0.139366,92.3096,-0.010937,-0.032603,0.003038,-0.037587,0.192,0.48,0.763,,,False,False,False,True,4,True,MXL_bounce_control_2026-07-09,2,bounce_control_2026-07-10,0,1.281,0.234,-2.0,2,91.956,90.78,,0.087276,-0.025992,0.194167,1.714338,0.0,,,
2026-07-10,morning,2026-07-10,NBIS,bounce,Medium,control,NO-GO,1/6,0.128553,213.032,0.031066,-0.011839,-0.088916,-0.063474,0.418,0.418,0.942,,,True,False,False,False,4,True,NBIS_bounce_control_2026-07-09,2,bounce_control_2026-07-10,0,11.0,1.141,6.592,2,213.9,208.6,,0.097141,-0.009477,0.653439,1.122304,0.0,,,
2026-07-10,morning,2026-07-10,NOK,bounce,Medium,control,NO-GO,0/6,0.06495,12.48,-0.003205,-0.063301,-0.0625,-0.098558,0.173,0.173,2.023,,,False,False,False,False,4,True,NOK_bounce_control_2026-07-09,2,bounce_control_2026-07-10,0,1.313,0.259,-2.0,2,12.48,12.4,,0.070042,-0.017054,0.898533,1.110168,0.0,,,
2026-07-10,morning,2026-07-10,NVDA,bounce,Large,control,NO-GO,0/6,0.032897,202,0.044356,0.007574,0.048515,0.05198,1.354,1.777,0.012,0.01,0,True,True,True,True,4,True,NVDA_bounce_control_2026-07-09,2,bounce_control_2026-07-10,0,3.146,2.074,3.128,1,204.11,201.92,,0.024069,-0.005474,0.847868,0.453104,0.0,,,
2026-07-10,morning,2026-07-10,NVTS,bounce,Medium,control,NO-GO,2/6,0.133041,13.56,-0.006637,-0.050885,-0.034661,-0.021386,0.127,0.127,0.549,,,False,False,False,False,4,True,NVTS_bounce_control_2026-07-09,2,bounce_control_2026-07-10,0,0.479,0.114,-2.0,2,13.71,13.45,,-0.005718,-0.019041,0.37015,0.577296,0.0,,,
2026-07-10,morning,2026-07-10,OKLO,bounce,Medium,control,NO-GO,1/6,0.077773,49.435,-0.011834,-0.073329,-0.06463,-0.075756,0.316,0.316,1.372,,,False,False,False,False,4,True,OKLO_bounce_control_2026-07-09,2,bounce_control_2026-07-10,0,0.753,0.176,-2.0,2,49.175,48.8575,,0.029645,0.001015,0.766469,0.459699,0.0,,,
2026-07-10,morning,2026-07-10,ON,bounce,Medium,control,NO-GO,1/6,0.09851,96.318,-0.003717,-0.061754,-0.026869,-0.039224,0.05,0.05,0.656,,,False,False,False,False,4,True,ON_bounce_control_2026-07-09,2,bounce_control_2026-07-10,0,1.073,0.262,0.474,1,95.45,94.29,,0.059276,-0.013998,0.521762,1.236936,0.0,,,
2026-07-10,morning,2026-07-10,OPEN,bounce,Medium,control,NO-GO,1/6,0.065503,5.4,-0.117593,-0.169444,-0.157407,-0.12037,0.269,0.269,2.714,,,False,False,False,False,4,True,OPEN_bounce_control_2026-07-09,2,bounce_control_2026-07-10,0,0.999,0.424,-2.0,2,4.995,4.92,,0.106472,0.0,1.901117,0.774728,0.0,,,
2026-07-10,morning,2026-07-10,ORCL,bounce,Large,control,NO-GO,3/6,0.052961,145.65,-0.034398,-0.096876,-0.121593,-0.090354,0.004,0.004,2.34,,,False,False,False,False,4,True,ORCL_bounce_control_2026-07-09,2,bounce_control_2026-07-10,0,0.449,0.161,-2.0,2,144.28,141.83,,0.032486,0.013729,1.05,1.483248,0.0,,,
2026-07-10,morning,2026-07-10,PL,bounce,Medium,control,NO-GO,2/6,0.093137,27.34,-0.047184,-0.050475,-0.065106,-0.089247,0.008,0.008,1.194,,,False,False,False,False,4,True,PL_bounce_control_2026-07-09,2,bounce_control_2026-07-10,0,1.079,0.322,-0.079,2,26.095,25.82,,-0.050244,0.000735,0.498977,0.781917,0.0,,,
2026-07-10,morning,2026-07-10,PLTR,bounce,Large,control,NO-GO,0/6,0.054539,132.14,-0.040487,-0.015892,0.011957,0.01226,0.019,0.658,1.318,,,False,True,False,True,4,True,PLTR_bounce_control_2026-07-09,2,bounce_control_2026-07-10,0,1.059,0.247,-2.0,2,127.74,126.9,,-0.030289,0.009764,0.616348,0.693913,0.0,,,
2026-07-10,morning,2026-07-10,POET,bounce,Small,control,NO-GO,2/6,0.116031,8.57,-0.030338,-0.066511,0.028005,-0.035006,0.03,0.583,0.754,,,False,False,False,True,4,True,POET_bounce_control_2026-07-09,2,bounce_control_2026-07-10,0,3.333,0.402,-0.833,2,8.425,8.312,,0.038694,-0.012644,0.471553,0.713396,0.0,,,
2026-07-10,morning,2026-07-10,QCOM,bounce,Large,control,NO-GO,0/6,0.074053,187.508,0.00881,-0.018815,-0.050174,-0.050814,0.193,0.193,0.918,,,True,False,False,False,4,True,QCOM_bounce_control_2026-07-09,2,bounce_control_2026-07-10,0,1.104,0.338,0.628,1,187.845,185.72,,0.032136,-0.011826,0.618526,0.832612,0.0,,,
2026-07-10,morning,2026-07-10,RGTI,bounce,Medium,control,NO-GO,0/6,0.091621,17.16,-0.036131,-0.104895,-0.061189,-0.111305,0.095,0.095,1.431,,,False,False,False,False,4,True,RGTI_bounce_control_2026-07-09,2,bounce_control_2026-07-10,0,1.591,0.223,-2.0,2,16.7428,16.6,,0.029607,0.002943,0.402375,0.395757,0.0,,,
2026-07-10,morning,2026-07-10,RKLB,bounce,Medium,control,NO-GO,3/6,0.103569,82.29,-0.01519,-0.067566,-0.042289,-0.074007,0.001,0.029,0.874,,,False,False,False,False,4,True,RKLB_bounce_control_2026-07-09,2,bounce_control_2026-07-10,0,1.383,0.195,-2.0,2,80.72,80.12,,-0.008992,0.001333,0.454384,0.823128,0.0,,,
2026-07-10,morning,2026-07-10,RVI,bounce,Small,control,NO-GO,0/6,0.100811,31.2,-0.003526,-0.022436,-0.073397,-0.128205,0.207,0.207,1.494,,,False,False,False,False,4,True,RVI_bounce_control_2026-07-09,2,bounce_control_2026-07-10,0,0.38,0.06,-2.0,2,31.1,30.91,,0.008088,,0.250122,0.301052,0.0,,,
2026-07-10,morning,2026-07-10,RXT,bounce,Small,surfaced,GO,5/6,0.237983,4.44,0.202703,0.018018,0.047297,0.002252,0.98,0.98,0.19,,,True,True,True,True,4,True,RXT_bounce_2026-07-10,1,bounce_2026-07-10,1,5.657,1.874,4.886,1,4.485,4.31,,-0.352071,0.002288,2.033838,,,-0.29695,-0.490698,-0.490698
2026-07-10,morning,2026-07-10,SMR,bounce,Medium,control,NO-GO,1/6,0.089676,9.17,-0.014177,-0.089422,-0.062159,-0.088332,0.085,0.085,1.338,,,False,False,False,False,4,True,SMR_bounce_control_2026-07-09,2,bounce_control_2026-07-10,0,9.571,0.815,5.571,2,8.825,8.79,,0.006685,-0.001118,0.618151,0.782448,0.0,,,
2026-07-10,morning,2026-07-10,SNDK,bounce,Large,control,NO-GO,0/6,0.134493,1778.984,0.076974,-0.05903,-0.011897,-0.092178,0.702,0.702,1.256,,,True,False,True,True,4,True,SNDK_bounce_control_2026-07-09,2,bounce_control_2026-07-10,0,2.212,1.001,1.641,1,1827.12,1773.0,,0.117451,-0.027213,0.623514,1.144025,0.0,,,
2026-07-10,morning,2026-07-10,SOXL,bounce,ETF,control,NO-GO,2/6,0.222239,182.4,0.054057,-0.093366,-0.031469,-0.092379,0.334,0.334,0.799,,,True,False,True,True,4,True,SOXL_bounce_control_2026-07-09,2,bounce_control_2026-07-10,0,2.3,0.658,1.634,1,182.6,176.8,,0.115682,-0.041829,0.368221,0.721148,0.0,,,
2026-07-10,morning,2026-07-10,SPCE,bounce,Small,control,NO-GO,1/6,0.10045,2.64,-0.026515,-0.083333,-0.011364,0.026515,0.0,0.98,1.018,,,False,True,False,True,4,True,SPCE_bounce_control_2026-07-09,2,bounce_control_2026-07-10,0,2.0,0.453,-0.333,1,2.58,2.55,,0.030661,0.010992,0.620134,0.931072,0.0,,,
2026-07-10,morning,2026-07-10,STM,bounce,Medium,control,NO-GO,0/6,0.06336,70.64,0.011608,-0.030719,-0.00722,-0.040912,0.311,0.311,1.117,,,True,False,False,False,4,True,STM_bounce_control_2026-07-09,2,bounce_control_2026-07-10,0,1.808,0.331,-1.0,1,70.3395,69.93,,0.05871,-0.002241,0.529409,1.126196,0.0,,,
2026-07-10,morning,2026-07-10,STX,bounce,Large,control,NO-GO,0/6,0.102349,861.63,0.056532,-0.001126,0.019359,-0.038682,0.744,0.744,0.824,,,True,False,True,True,4,True,STX_bounce_control_2026-07-09,2,bounce_control_2026-07-10,0,1.675,0.932,1.0,1,886.175,861.63,,0.062563,-0.011988,0.548508,1.174057,0.0,,,
2026-07-10,morning,2026-07-10,TEAM,bounce,Medium,control,NO-GO,1/6,0.055914,93.97,-0.054379,0.023305,-0.052038,-0.023412,0.177,0.482,1.11,,,False,False,False,False,4,True,TEAM_bounce_control_2026-07-09,2,bounce_control_2026-07-10,0,0.102,0.065,-2.0,2,94.66,93.0,,0.04763,0.020836,1.970011,0.715472,0.0,,,
2026-07-10,morning,2026-07-10,TSLA,bounce,Large,control,NO-GO,0/6,0.05133,410.49,-0.006651,-0.03832,-0.034861,-0.039051,0.127,0.127,0.941,,,False,False,False,False,4,True,TSLA_bounce_control_2026-07-09,2,bounce_control_2026-07-10,0,0.898,0.292,-2.0,2,412.58,407.05,,0.001241,-0.007748,0.820847,0.342144,0.0,,,
2026-07-10,morning,2026-07-10,U,bounce,Medium,control,NO-GO,1/6,0.049532,32.24,-0.041873,-0.048387,-0.015199,-0.030087,0.507,0.507,1.622,,,False,False,False,True,4,True,U_bounce_control_2026-07-09,2,bounce_control_2026-07-10,0,0.292,0.207,-2.0,2,32.9,32.2013,,0.060351,0.02343,1.315983,0.341397,0.0,,,
2026-07-10,morning,2026-07-10,UMC,bounce,Medium,control,NO-GO,0/6,0.083174,24.39,-0.00205,-0.03813,-0.02255,0.02173,0.118,0.695,0.68,,,False,True,False,True,4,True,UMC_bounce_control_2026-07-09,2,bounce_control_2026-07-10,0,2.446,0.601,1.203,1,24.02,23.7706,,0.037348,-0.005632,0.406116,1.65095,0.0,,,
2026-07-10,morning,2026-07-10,WDC,bounce,Large,control,NO-GO,0/6,0.114909,563.995,0.032961,-0.014974,-0.001197,-0.088928,0.327,0.396,1.041,,,True,False,False,False,4,True,WDC_bounce_control_2026-07-09,2,bounce_control_2026-07-10,0,1.366,0.4,1.082,1,572.245,562.76,,0.067469,-0.017386,0.421337,0.816699,0.0,,,
2026-07-10,morning,2026-07-10,WOLF,bounce,Small,control,NO-GO,2/6,0.166469,35.98,-0.019177,-0.064758,-0.046415,-0.024458,0.254,0.254,0.531,,,False,False,False,False,4,True,WOLF_bounce_control_2026-07-09,2,bounce_control_2026-07-10,0,0.122,0.053,-2.0,2,36.99,35.68,,0.018611,-0.01557,0.378414,0.172812,0.0,,,
2026-07-13,morning,2026-07-13,AAOI,bounce,Medium,control,NO-GO,2/6,0.133577,115.915,-0.03481,0.082259,-0.058879,-0.135228,0.108,0.803,1.164,,,False,False,False,True,4,True,AAOI_bounce_control_2026-07-09,3,bounce_control_2026-07-13,2,3.536,0.583,1.011,2,110.91,109.6345,,0.017739,-0.028769,0.750723,1.218307,0.0,,,
2026-07-13,morning,2026-07-13,ALAB,bounce,Medium,control,NO-GO,0/6,0.112939,403.51,-0.102748,-0.103418,-0.131075,-0.207603,0.0,0.0,1.972,,,False,False,False,False,4,True,ALAB_bounce_control_2026-07-09,3,bounce_control_2026-07-13,2,0.802,0.188,-2.0,2,378.045,372.69,,0.017397,-0.031407,0.438286,0.654007,0.0,,,
2026-07-13,morning,2026-07-13,AMAT,bounce,Large,control,NO-GO,0/6,0.092837,582.01,-0.011374,0.023522,-0.004433,-0.036219,0.148,0.595,0.46,,,False,False,False,True,4,True,AMAT_bounce_control_2026-07-09,3,bounce_control_2026-07-13,2,3.03,0.609,0.282,1,573.58,568.1542,,0.021911,-0.032365,0.662001,1.801492,0.0,,,
2026-07-13,morning,2026-07-13,APP,bounce,Large,control,NO-GO,0/6,0.065803,497,-0.108954,-0.09662,-0.089074,-0.125795,0.105,0.105,2.015,,,False,False,False,False,4,True,APP_bounce_control_2026-07-09,3,bounce_control_2026-07-13,2,0.001,0.001,-2.0,2,489.9899,479.2545,,-0.028017,0.001124,0.893456,0.812798,0.0,,,
2026-07-13,morning,2026-07-13,ARM,bounce,Large,control,NO-GO,0/6,0.098771,311.43,-0.039945,-0.097165,-0.110522,-0.158687,0.0,0.0,1.912,,,False,False,False,False,4,True,ARM_bounce_control_2026-07-09,3,bounce_control_2026-07-13,2,5.614,0.88,0.315,2,296.86,294.12,,0.047828,-0.027181,0.33471,0.923677,0.0,,,
2026-07-13,morning,2026-07-13,AVGO,bounce,Large,control,NO-GO,0/6,0.039667,393.475,-0.023953,-0.011093,0.002046,-0.048351,0.145,0.354,1.382,,,False,False,False,False,4,True,AVGO_bounce_control_2026-07-09,3,bounce_control_2026-07-13,2,3.575,0.896,-2.0,2,388.67,387.15,,0.01186,-0.016676,0.432021,1.042345,0.0,,,
2026-07-13,morning,2026-07-13,AXTI,bounce,Medium,control,NO-GO,2/6,0.168602,55,-0.082545,0.046727,-0.028727,-0.171455,0.045,0.386,1.076,,,False,False,False,True,4,True,AXTI_bounce_control_2026-07-09,3,bounce_control_2026-07-13,2,0.81,0.11,-2.0,2,50.55,49.92,,-0.077013,-0.030065,0.826234,1.383801,0.0,,,
2026-07-13,morning,2026-07-13,BE,bounce,Medium,control,NO-GO,3/6,0.156224,231.38,0.009119,0.051949,0.034575,-0.106535,0.426,0.57,0.742,,,True,False,True,True,4,True,BE_bounce_control_2026-07-09,3,bounce_control_2026-07-13,2,0.405,0.295,-0.62,1,241.46,228.3001,,-0.075819,-0.039246,0.589824,1.012244,0.0,,,
2026-07-13,morning,2026-07-13,BE,bounce,Medium,surfaced,CAUTION,4/6,0.15776,231.38,0.009119,0.051949,0.034575,-0.106535,0.42,0.56,0.73,,,True,False,True,True,4,True,BE_bounce_2026-07-13,1,bounce_2026-07-13,1,0.405,0.292,-0.62,1,241.46,228.3001,,-0.084817,-0.048601,0.589824,,,-0.187708,-0.337503,-0.337503
2026-07-13,morning,2026-07-13,BOT,bounce,Small,control,NO-GO,1/6,0.148032,32.24,0.005583,0.138648,-0.020161,-0.092742,0.316,1.039,0.664,0.31,1,True,False,False,True,4,True,BOT_bounce_control_2026-07-09,3,bounce_control_2026-07-13,2,4.396,1.022,0.387,2,32.2,31.5,,-0.03777,-0.025205,0.433516,0.648317,0.0,,,
2026-07-13,morning,2026-07-13,BRUN,bounce,Medium,control,NO-GO,3/6,0.147107,27.35,-0.06106,-0.062523,-0.061792,-0.129433,0.02,0.02,0.944,,,False,False,False,False,4,True,BRUN_bounce_control_2026-07-09,3,bounce_control_2026-07-13,2,,,,0,,,,-0.087314,-0.042546,0.634094,0.475294,0.0,,,
2026-07-13,morning,2026-07-13,CAR,bounce,Medium,control,NO-GO,1/6,0.063053,157.18,-0.008462,0.016542,0.023731,-0.005281,0.017,1.394,0.619,0.62,2,False,False,False,True,4,True,CAR_bounce_control_2026-07-09,3,bounce_control_2026-07-13,2,1.057,0.113,-2.0,2,157.35,156.63,,0.01965,,0.650698,0.244952,0.0,,,
2026-07-13,morning,2026-07-13,CBRS,bounce,Medium,control,NO-GO,2/6,0.114744,207.2,-0.012452,-0.016361,-0.111921,-0.129054,0.281,0.281,1.364,,,False,False,False,False,4,True,CBRS_bounce_control_2026-07-09,3,bounce_control_2026-07-13,2,0.0,0.0,-2.0,2,212.025,206.3,,0.144673,-0.032871,1.057488,0.590119,0.0,,,
2026-07-13,morning,2026-07-13,CRDO,bounce,Medium,control,NO-GO,0/6,0.117638,248.52,-0.046837,-0.049654,-0.087639,-0.163166,0.147,0.147,1.594,,,False,False,False,False,4,True,CRDO_bounce_control_2026-07-13,1,bounce_control_2026-07-13,2,3.065,0.641,-2.0,2,241.845,238.7862,,-0.035525,-0.032158,0.51685,1.079473,0.0,,,
2026-07-13,morning,2026-07-13,CRML,bounce,Small,control,NO-GO,0/6,0.085533,7.78,-0.042416,0.01928,-0.039846,-0.137532,0.0,0.368,1.788,,,False,False,False,False,4,True,CRML_bounce_control_2026-07-09,3,bounce_control_2026-07-13,2,1.059,0.27,-2.0,2,7.54,7.455,,-0.065089,-0.006289,0.917548,0.683546,0.0,,,
2026-07-13,morning,2026-07-13,CRWD,bounce,Large,control,NO-GO,2/6,0.286411,186.86,0.005619,0.127743,0.10655,0.090442,0.045,0.573,0.109,,,True,True,False,True,4,True,CRWD_bounce_control_2026-07-09,3,bounce_control_2026-07-13,2,1.825,0.199,1.353,1,183.92,181.0,,-0.018522,0.002137,0.214425,1.802092,0.0,,,
2026-07-13,morning,2026-07-13,CRWV,bounce,Medium,control,NO-GO,0/6,0.089999,86.97,-0.042083,-0.080832,-0.113257,-0.161665,0.244,0.244,1.902,,,False,False,False,False,4,True,CRWV_bounce_control_2026-07-09,3,bounce_control_2026-07-13,2,4.395,0.966,-2.0,2,85.6,84.49,,-0.032444,-0.020252,0.431282,0.92916,0.0,,,
2026-07-13,morning,2026-07-13,DGXX,bounce,Small,control,NO-GO,2/6,0.109679,4.39,-0.031891,-0.070615,-0.063781,-0.15262,0.166,0.228,1.557,,,False,False,False,False,4,True,DGXX_bounce_control_2026-07-09,3,bounce_control_2026-07-13,2,0.515,0.092,-2.0,2,4.465,4.362,,0.011261,-0.002222,0.517812,0.788696,0.0,,,
2026-07-13,morning,2026-07-13,DXYZ,bounce,Small,control,NO-GO,1/6,0.063232,26.99,-0.005558,-0.038533,-0.017043,0.005928,0.234,0.768,1.096,,,False,True,False,True,4,True,DXYZ_bounce_control_2026-07-09,3,bounce_control_2026-07-13,2,2.719,0.574,-2.0,2,26.9,26.3501,,0.086082,-0.024214,1.265182,0.73911,0.0,,,
2026-07-13,morning,2026-07-13,ETHE,bounce,Medium,control,NO-GO,0/6,0.043326,14.27,0.002803,0.061668,0.087596,0.060266,0.226,2.262,0.243,0.24,1,True,True,False,True,4,True,ETHE_bounce_control_2026-07-09,3,bounce_control_2026-07-13,2,1.5,0.146,-2.0,2,14.31,14.26,,0.029202,-0.001382,0.463211,0.248258,0.0,,,
2026-07-13,morning,2026-07-13,EWY,bounce,ETF,control,NO-GO,1/6,0.063942,170.31,-0.013446,0.039164,0.007809,-0.040808,0.174,0.662,0.777,,,False,False,False,True,4,True,EWY_bounce_control_2026-07-09,3,bounce_control_2026-07-13,2,4.904,0.563,-2.0,2,169.135,168.51,,-0.069779,-0.073834,0.522625,1.823681,0.0,,,
2026-07-13,morning,2026-07-13,FCEL,bounce,Small,control,NO-GO,3/6,0.232969,20.69,-0.077815,0.031899,-0.021266,-0.165781,0.064,0.456,0.79,,,False,False,False,True,4,True,FCEL_bounce_control_2026-07-09,3,bounce_control_2026-07-13,2,0.262,0.046,-2.0,2,20.84,20.42,,-0.082964,-0.017118,0.504623,12.348755,0.0,,,
2026-07-13,morning,2026-07-13,FIG,bounce,Medium,control,NO-GO,2/6,0.077947,21.57,0.09643,0.106166,0.089476,0.085304,1.38,1.963,0.089,0.01,0,True,True,True,True,4,True,FIG_bounce_control_2026-07-09,3,bounce_control_2026-07-13,2,4.379,2.266,3.828,1,21.985,21.55,,-0.011537,0.014685,1.281662,2.89142,0.0,,,
2026-07-13,morning,2026-07-13,FJET,bounce,Micro,control,NO-GO,2/6,0.112061,4.45,0.062921,0.062921,-0.017978,-0.105618,0.792,1.003,1.003,0.28,2,True,False,True,True,4,True,FJET_bounce_control_2026-07-09,3,bounce_control_2026-07-13,2,8.7,1.745,5.4,2,4.475,4.4001,,-0.006696,,0.697453,0.183285,0.0,,,
2026-07-13,morning,2026-07-13,GLW,bounce,Large,control,NO-GO,2/6,0.119663,185.25,-0.011552,0.012901,-0.058516,-0.144993,0.172,0.382,1.39,,,False,False,False,False,4,True,GLW_bounce_control_2026-07-09,3,bounce_control_2026-07-13,2,3.258,0.719,0.91,1,181.105,178.66,,0.005271,-0.030855,0.287744,1.09575,0.0,,,
2026-07-13,morning,2026-07-13,GOOGL,bounce,Large,control,NO-GO,0/6,0.032116,356.19,-0.010332,0.009321,0.041354,-0.004857,0.17,1.668,0.446,0.45,2,False,False,False,True,4,True,GOOGL_bounce_control_2026-07-09,3,bounce_control_2026-07-13,2,1.298,0.388,-1.0,1,355.9101,354.2,,-0.012213,0.000896,0.441587,0.697946,0.0,,,
2026-07-13,morning,2026-07-13,HQ,bounce,Small,control,NO-GO,2/6,0.215045,22.11,-0.033017,-0.04161,-0.009046,-0.05337,0.195,0.593,0.658,,,False,False,False,True,4,True,HQ_bounce_control_2026-07-09,3,bounce_control_2026-07-13,2,2.589,0.63,0.176,1,21.5382,20.96,,-0.027778,0.004785,0.481125,0.827198,0.0,,,
2026-07-13,morning,2026-07-13,HYLN,bounce,Small,control,NO-GO,2/6,0.158817,4.25,-0.094118,-0.037647,-0.070588,-0.12,0.0,0.0,0.993,,,False,False,False,False,4,True,HYLN_bounce_control_2026-07-09,3,bounce_control_2026-07-13,2,0.073,0.015,-2.0,2,4.06,3.99,,0.0,-0.01937,0.388677,1.013828,0.0,,,
2026-07-13,morning,2026-07-13,IBIT,bounce,ETF,control,NO-GO,1/6,0.035459,35.37,-0.004241,0.03421,0.040712,0.028838,0.203,1.411,0.327,0.33,1,False,True,False,True,4,True,IBIT_bounce_control_2026-07-09,3,bounce_control_2026-07-13,2,0.7,0.112,-2.0,2,35.485,35.37,,0.013625,-0.014353,0.458048,0.526556,0.0,,,
2026-07-13,morning,2026-07-13,INOD,bounce,Medium,control,NO-GO,2/6,0.081901,66.84,0.01915,0.004488,-0.02289,-0.087822,0.463,0.468,1.153,,,True,False,False,False,4,True,INOD_bounce_control_2026-07-09,3,bounce_control_2026-07-13,2,2.71,0.901,0.363,2,67.325,66.71,,-0.028379,-0.010895,0.917085,0.648244,0.0,,,
2026-07-13,morning,2026-07-13,INTC,bounce,Large,control,NO-GO,0/6,0.093566,105.98,-0.026986,0.016796,-0.028213,-0.084922,0.019,0.366,1.059,,,False,False,False,False,4,True,INTC_bounce_control_2026-07-09,3,bounce_control_2026-07-13,2,0.931,0.272,-2.0,2,105.26,103.96,,-0.031205,-0.027677,0.340245,0.920964,0.0,,,
2026-07-13,morning,2026-07-13,IONQ,bounce,Medium,control,NO-GO,0/6,0.097339,42.07,-0.075826,-0.06608,-0.108391,-0.165676,0.027,0.027,1.807,,,False,False,False,False,4,True,IONQ_bounce_control_2026-07-09,3,bounce_control_2026-07-13,2,0.375,0.044,-2.0,2,40.5799,40.235,,-0.059006,-0.010266,0.738653,0.524494,0.0,,,
2026-07-13,morning,2026-07-13,IREN,bounce,Medium,control,NO-GO,0/6,0.109579,40.34,-0.033713,-0.043381,-0.051066,-0.136589,0.414,0.414,1.335,,,False,False,False,False,4,True,IREN_bounce_control_2026-07-09,3,bounce_control_2026-07-13,2,0.275,0.225,-2.0,2,41.6716,39.86,,-0.060398,-0.017803,0.597356,1.084211,0.0,,,
2026-07-13,morning,2026-07-13,KEEL,bounce,Medium,control,NO-GO,2/6,0.148823,4.49,-0.028953,0.0,-0.03118,-0.123608,0.127,0.389,0.958,,,False,False,False,False,4,True,KEEL_bounce_control_2026-07-09,3,bounce_control_2026-07-13,2,0.786,0.165,-2.0,2,4.57,4.43,,-0.002193,-0.021505,0.53903,0.773257,0.0,,,
2026-07-13,morning,2026-07-13,KWEB,bounce,ETF,control,NO-GO,1/6,0.023425,26.27,-0.001523,-0.003426,0.027788,0.04606,0.301,2.413,0.26,0.26,2,False,True,False,True,4,True,KWEB_bounce_control_2026-07-09,3,bounce_control_2026-07-13,2,0.648,0.084,-2.0,2,26.45,26.26,,-0.004165,-0.003033,0.616812,1.091179,0.0,,,
2026-07-13,morning,2026-07-13,LITE,bounce,Medium,control,NO-GO,0/6,0.088835,778.38,-0.013143,0.046789,-0.033891,-0.092693,0.446,0.889,1.235,,,False,False,False,True,4,True,LITE_bounce_control_2026-07-09,3,bounce_control_2026-07-13,2,5.561,1.15,-2.0,2,773.515,765.35,,0.095531,-0.034114,0.653092,1.254983,0.0,,,
2026-07-13,morning,2026-07-13,LWLG,bounce,Small,control,NO-GO,0/6,0.127863,6.59,-0.018209,0.042489,0.024279,-0.045524,0.107,0.712,0.463,,,False,False,False,True,4,True,LWLG_bounce_control_2026-07-09,3,bounce_control_2026-07-13,2,1.667,0.237,-2.0,2,6.67,6.53,,-0.036272,-0.034861,0.59322,0.751783,0.0,,,
2026-07-13,morning,2026-07-13,MP,bounce,Medium,control,NO-GO,0/6,0.059392,51.16,-0.032447,-0.007232,-0.033229,-0.111415,0.27,0.27,2.208,,,False,False,False,False,4,True,MP_bounce_control_2026-07-09,3,bounce_control_2026-07-13,2,0.817,0.229,-2.0,2,51.885,51.0,,-0.021509,-0.006704,0.76622,0.324285,0.0,,,
2026-07-13,morning,2026-07-13,MRVL,bounce,Large,control,NO-GO,0/6,0.097925,228.775,-0.049153,-0.027691,-0.098415,-0.176921,0.001,0.144,1.903,,,False,False,False,False,4,True,MRVL_bounce_control_2026-07-09,3,bounce_control_2026-07-13,2,2.989,0.517,-2.0,2,220.11,218.1,,-0.008243,-0.025487,0.39639,0.863684,0.0,,,
2026-07-13,morning,2026-07-13,MSFT,bounce,Large,control,NO-GO,0/6,0.032729,387.745,0.008369,-0.00726,0.020336,0.034443,0.465,1.438,0.717,0.72,3,True,True,False,True,4,True,MSFT_bounce_control_2026-07-09,3,bounce_control_2026-07-13,2,0.627,0.222,-2.0,2,388.46,386.21,,0.010591,0.005972,0.821024,1.100146,0.0,,,
2026-07-13,morning,2026-07-13,MSTR,bounce,Medium,control,NO-GO,1/6,0.094461,91.49,0.006667,0.066565,0.065362,0.027763,0.249,1.21,0.17,0.17,2,True,True,False,True,4,True,MSTR_bounce_control_2026-07-09,3,bounce_control_2026-07-13,2,0.0,0.0,-1.0,1,91.165,90.51,,-0.007564,-0.015638,0.769318,0.767195,0.0,,,
2026-07-13,morning,2026-07-13,MU,bounce,Large,control,NO-GO,0/6,0.105808,929,0.008611,0.058256,-0.026609,-0.081593,0.148,0.669,0.9,,,True,False,False,True,4,True,MU_bounce_control_2026-07-09,3,bounce_control_2026-07-13,2,4.625,0.684,3.73,1,909.8705,902.6,,-0.021922,-0.052384,0.446787,1.628267,0.0,,,
2026-07-13,morning,2026-07-13,MXL,bounce,Medium,control,NO-GO,1/6,0.148714,86.64,0.030702,0.068675,0.025392,-0.141274,0.554,0.92,1.007,,,True,False,True,True,4,True,MXL_bounce_control_2026-07-09,3,bounce_control_2026-07-13,2,6.944,1.531,3.803,1,83.92,82.5,,0.020453,-0.038226,0.461,1.311951,0.0,,,
2026-07-13,morning,2026-07-13,NBIS,bounce,Medium,control,NO-GO,1/6,0.127371,212.69,-0.01025,-0.087451,-0.061968,-0.192393,0.233,0.371,1.604,,,False,False,False,False,4,True,NBIS_bounce_control_2026-07-09,3,bounce_control_2026-07-13,2,3.215,0.694,-2.0,2,214.8755,208.33,,-0.0176,-0.031778,0.629058,0.876994,0.0,,,
2026-07-13,morning,2026-07-13,NOK,bounce,Medium,control,NO-GO,1/6,0.065836,12.21,-0.042588,-0.041769,-0.078624,-0.149877,0.025,0.025,2.438,,,False,False,False,False,4,True,NOK_bounce_control_2026-07-09,3,bounce_control_2026-07-13,2,0.968,0.165,-2.0,2,11.71,11.64,,0.03682,-0.004019,0.441335,1.866505,0.0,,,
2026-07-13,morning,2026-07-13,NVDA,bounce,Large,control,NO-GO,1/6,0.032691,208.54,-0.024024,0.015632,0.018989,-0.005467,0.298,0.773,0.813,,,False,False,False,True,4,True,NVDA_bounce_control_2026-07-09,3,bounce_control_2026-07-13,2,0.477,0.107,-2.0,2,210.3999,208.52,,0.019253,-0.013794,1.335014,0.406084,0.0,,,
2026-07-13,morning,2026-07-13,NVTS,bounce,Medium,control,NO-GO,2/6,0.136573,13.01,-0.010761,0.006149,0.019985,-0.096464,0.073,0.402,0.81,,,False,False,False,False,4,True,NVTS_bounce_control_2026-07-09,3,bounce_control_2026-07-13,2,2.238,0.383,0.857,2,12.8,12.63,,-0.02021,-0.028211,0.346806,0.473678,0.0,,,
2026-07-13,morning,2026-07-13,OKLO,bounce,Medium,control,NO-GO,1/6,0.077605,47.72,-0.040025,-0.031014,-0.04254,-0.126153,0.108,0.108,1.82,,,False,False,False,False,4,True,OKLO_bounce_control_2026-07-09,3,bounce_control_2026-07-13,2,3.439,0.529,-2.0,2,46.26,45.975,,0.017766,-0.014944,0.80871,0.469629,0.0,,,
2026-07-13,morning,2026-07-13,ON,bounce,Medium,control,NO-GO,1/6,0.097021,92.99,-0.028175,0.007958,-0.004839,-0.052371,0.0,0.277,0.714,,,False,False,False,False,4,True,ON_bounce_control_2026-07-09,3,bounce_control_2026-07-13,2,1.73,0.305,-2.0,2,91.455,90.66,,0.000107,-0.022509,0.275259,1.32646,0.0,,,
2026-07-13,morning,2026-07-13,OPEN,bounce,Medium,control,NO-GO,1/6,0.08056,4.75,-0.055789,-0.042105,0.0,-0.037895,0.026,0.392,0.81,,,False,False,False,False,4,True,OPEN_bounce_control_2026-07-09,3,bounce_control_2026-07-13,2,1.455,0.341,-1.0,1,4.6048,4.56,,0.006096,0.011375,1.89318,0.855088,0.0,,,
2026-07-13,morning,2026-07-13,ORCL,bounce,Large,control,NO-GO,2/6,0.052998,139.03,-0.053873,-0.079767,-0.04704,-0.106596,0.084,0.084,2.086,,,False,False,False,False,4,True,ORCL_bounce_control_2026-07-09,3,bounce_control_2026-07-13,2,4.588,0.423,-2.0,2,136.7987,135.93,,0.002776,0.001706,0.859849,1.508213,0.0,,,
2026-07-13,morning,2026-07-13,PL,bounce,Medium,control,NO-GO,2/6,0.09697,25.96,0.0,-0.015408,-0.040832,-0.149076,0.425,0.425,1.714,,,False,False,False,False,4,True,PL_bounce_control_2026-07-09,3,bounce_control_2026-07-13,2,2.287,0.337,-2.0,2,26.0956,25.91,,-0.074595,-0.014203,0.819216,0.597116,0.0,,,
2026-07-13,morning,2026-07-13,PLTR,bounce,Large,control,NO-GO,0/6,0.055765,127.295,0.021564,0.050473,0.050788,0.056129,0.482,1.35,0.656,0.66,1,True,True,False,True,4,True,PLTR_bounce_control_2026-07-09,3,bounce_control_2026-07-13,2,0.756,0.218,-1.0,1,127.775,126.75,,-0.03532,0.005994,0.915251,0.603466,0.0,,,
2026-07-13,morning,2026-07-13,POET,bounce,Small,control,NO-GO,2/6,0.119578,8.22,-0.026764,0.071776,0.006083,-0.06691,0.051,0.946,0.768,,,False,False,False,True,4,True,POET_bounce_control_2026-07-09,3,bounce_control_2026-07-13,2,3.923,0.519,-2.0,2,8.195,8.0701,,-0.042303,-0.019254,0.369396,0.812642,0.0,,,
2026-07-13,morning,2026-07-13,QCOM,bounce,Large,control,NO-GO,0/6,0.071324,185.06,-0.005836,-0.037609,-0.038258,-0.078083,0.235,0.374,1.217,,,False,False,False,False,4,True,QCOM_bounce_control_2026-07-09,3,bounce_control_2026-07-13,2,1.225,0.347,-1.0,1,185.87,184.0,,-0.008362,-0.021992,0.338768,1.04325,0.0,,,
2026-07-13,morning,2026-07-13,RGTI,bounce,Medium,control,NO-GO,0/6,0.09091,16.17,-0.050093,-0.003711,-0.056895,-0.128015,0.088,0.143,1.524,,,False,False,False,False,4,True,RGTI_bounce_control_2026-07-09,3,bounce_control_2026-07-13,2,1.081,0.184,-2.0,2,16.0,15.83,,-0.031933,-0.009692,0.63126,0.355678,0.0,,,
2026-07-13,morning,2026-07-13,RKLB,bounce,Medium,control,NO-GO,3/6,0.101596,79.89,-0.039554,-0.013519,-0.046189,-0.156966,0.01,0.326,1.711,,,False,False,False,False,4,True,RKLB_bounce_control_2026-07-09,3,bounce_control_2026-07-13,2,1.586,0.273,-0.395,2,77.75,77.05,,-0.032034,-0.004442,0.395278,0.767102,0.0,,,
2026-07-13,morning,2026-07-13,RVI,bounce,Small,control,NO-GO,0/6,0.091342,30.25,0.008264,-0.044298,-0.100826,-0.169256,0.164,0.164,1.882,,,True,False,False,False,4,True,RVI_bounce_control_2026-07-09,3,bounce_control_2026-07-13,2,0.736,0.282,0.66,1,30.14,29.61,,0.012044,,0.443688,0.183001,0.0,,,
2026-07-13,morning,2026-07-13,RXT,bounce,Small,control,NO-GO,1/6,0.200545,5.245,-0.138227,-0.113441,-0.151573,-0.197331,0.0,0.0,1.307,,,False,False,False,False,4,True,RXT_bounce_control_2026-07-13,1,bounce_control_2026-07-13,2,1.889,0.171,-2.0,2,4.79,4.7214,,-0.200608,-0.014981,1.104407,4.860518,0.0,,,
2026-07-13,morning,2026-07-13,SMR,bounce,Medium,control,NO-GO,1/6,0.083072,8.87,-0.058625,-0.03044,-0.057497,-0.13867,0.129,0.129,1.832,,,False,False,False,False,4,True,SMR_bounce_control_2026-07-09,3,bounce_control_2026-07-13,2,0.388,0.109,-2.0,2,8.939,8.77,,0.01484,-0.016593,0.643189,0.905731,0.0,,,
2026-07-13,morning,2026-07-13,SNDK,bounce,Large,control,NO-GO,0/6,0.133391,1792.86,-0.066313,-0.019544,-0.099205,-0.212945,0.03,0.082,1.684,,,False,False,False,False,4,True,SNDK_bounce_control_2026-07-09,3,bounce_control_2026-07-13,2,3.1,0.496,-2.0,2,1720.13,1701.01,,0.03695,-0.065201,0.727636,1.268281,0.0,,,
2026-07-13,morning,2026-07-13,SOXL,bounce,ETF,control,NO-GO,3/6,0.217194,174.61,-0.052918,0.01174,-0.051887,-0.18401,0.081,0.364,0.965,,,False,False,False,True,4,True,SOXL_bounce_control_2026-07-09,3,bounce_control_2026-07-13,2,2.707,0.465,-2.0,2,168.86,165.605,,0.016932,-0.075315,0.495691,0.600814,0.0,,,
2026-07-13,morning,2026-07-13,SPCE,bounce,Small,control,NO-GO,1/6,0.097126,2.57,-0.058366,0.015564,0.054475,0.007782,0.04,1.322,0.801,0.8,2,False,True,False,True,4,True,SPCE_bounce_control_2026-07-09,3,bounce_control_2026-07-13,2,3.333,0.401,1.0,2,2.5399,2.51,,-0.024528,0.005837,0.358464,0.933729,0.0,,,
2026-07-13,morning,2026-07-13,STM,bounce,Medium,control,NO-GO,0/6,0.061533,70.06,-0.022695,0.000999,-0.032972,-0.104054,0.067,0.371,1.814,,,False,False,False,False,4,True,STM_bounce_control_2026-07-09,3,bounce_control_2026-07-13,2,1.4,0.39,-2.0,2,69.51,68.91,,0.021265,-0.020466,0.532978,1.067598,0.0,,,
2026-07-13,morning,2026-07-13,STX,bounce,Large,control,NO-GO,0/6,0.100998,869.6,-0.010281,0.010016,-0.047493,-0.142721,0.093,0.418,1.482,,,False,False,False,False,4,True,STX_bounce_control_2026-07-09,3,bounce_control_2026-07-13,2,2.764,0.631,1.035,1,850.03,840.01,,0.015,-0.041106,0.744638,1.08394,0.0,,,
2026-07-13,morning,2026-07-13,TEAM,bounce,Medium,control,NO-GO,1/6,0.060046,90.4,0.063717,-0.014602,0.015155,0.021681,1.124,1.124,0.35,-0.0,0,True,True,True,True,4,True,TEAM_bounce_control_2026-07-09,3,bounce_control_2026-07-13,2,1.849,1.459,1.709,1,92.5411,90.4,,0.048087,0.008103,1.256756,0.665027,0.0,,,
2026-07-13,morning,2026-07-13,TSLA,bounce,Large,control,NO-GO,0/6,0.049978,404.61,-0.024344,-0.020835,-0.025086,-0.033489,0.047,0.098,0.954,,,False,False,False,False,4,True,TSLA_bounce_control_2026-07-09,3,bounce_control_2026-07-13,2,0.286,0.045,-2.0,2,396.82,394.811,,0.024311,-0.010104,0.513058,0.382705,0.0,,,
2026-07-13,morning,2026-07-13,U,bounce,Medium,control,NO-GO,1/6,0.051149,31,-0.010323,0.024194,0.00871,-0.026129,0.063,0.864,0.851,,,False,False,False,True,4,True,U_bounce_control_2026-07-09,3,bounce_control_2026-07-13,2,0.105,0.05,-2.0,2,30.8609,30.53,,0.052274,0.003561,1.437916,0.503221,0.0,,,
2026-07-13,morning,2026-07-13,UMC,bounce,Medium,control,NO-GO,0/6,0.082062,23.56,-0.004244,0.011885,0.057725,-0.053905,0.087,1.159,0.776,0.28,2,False,False,False,True,4,True,UMC_bounce_control_2026-07-09,3,bounce_control_2026-07-13,2,4.132,0.598,2.0,1,23.15,23.01,,-0.033158,-0.017666,0.438002,1.150084,0.0,,,
2026-07-13,morning,2026-07-13,WDC,bounce,Large,control,NO-GO,1/6,0.110193,551.665,0.007042,0.021127,-0.068565,-0.153816,0.137,0.625,1.608,,,True,False,False,True,4,True,WDC_bounce_control_2026-07-09,3,bounce_control_2026-07-13,2,3.435,0.709,2.667,1,538.435,532.16,,-0.000582,-0.055966,0.370273,0.817665,0.0,,,
2026-07-13,morning,2026-07-13,WOLF,bounce,Small,control,NO-GO,3/6,0.167008,34,-0.010294,0.009118,0.032353,-0.082941,0.404,0.546,0.687,,,False,False,False,True,4,True,WOLF_bounce_control_2026-07-09,3,bounce_control_2026-07-13,2,0.76,0.375,-2.0,2,35.23,33.83,,-0.05382,-0.038538,0.626481,0.158682,0.0,,,
2026-07-14,morning,2026-07-14,AAOI,bounce,Medium,control,NO-GO,2/6,0.128856,119.42,0.050494,-0.086501,-0.16061,-0.142438,0.58,0.58,1.814,,,True,False,True,True,4,True,AAOI_bounce_control_2026-07-09,4,bounce_control_2026-07-14,1,5.339,1.166,2.619,2,120.4825,117.77,,-0.060633,0.026099,0.566591,0.891523,0.0,,,
2026-07-14,morning,2026-07-14,ALAB,bounce,Medium,control,NO-GO,1/6,0.129129,392.03,-0.077162,-0.10563,-0.184399,-0.225518,0.003,0.003,2.023,,,False,False,False,False,4,True,ALAB_bounce_control_2026-07-09,4,bounce_control_2026-07-14,1,2.779,0.329,-2.0,2,381.505,375.72,,-0.116685,0.018478,1.121809,0.372605,0.0,,,
2026-07-14,morning,2026-07-14,AMAT,bounce,Large,control,NO-GO,0/6,0.092462,613.9,-0.029647,-0.056149,-0.086284,-0.137221,0.004,0.004,1.774,,,False,False,False,False,4,True,AMAT_bounce_control_2026-07-09,4,bounce_control_2026-07-14,1,1.988,0.42,-0.082,2,600.46,594.06,,0.007882,0.031127,0.398591,0.784748,0.0,,,
2026-07-14,morning,2026-07-14,APP,bounce,Large,control,NO-GO,2/6,0.08144,433.5,0.035709,0.04436,0.002261,-0.020669,0.738,0.827,0.563,,,True,False,True,True,4,True,APP_bounce_control_2026-07-09,4,bounce_control_2026-07-14,1,1.338,0.923,0.462,1,443.2792,431.1,,-0.147051,0.002371,1.84558,0.601647,0.0,,,
2026-07-14,morning,2026-07-14,ARM,bounce,Large,control,NO-GO,1/6,0.098169,310.035,-0.093102,-0.10652,-0.154902,-0.138194,0.015,0.015,2.199,,,False,False,False,False,4,True,ARM_bounce_control_2026-07-09,4,bounce_control_2026-07-14,1,1.156,0.348,-2.0,2,286.815,279.41,,-0.063684,0.026757,0.59495,0.360825,0.0,,,
2026-07-14,morning,2026-07-14,AVGO,bounce,Large,control,NO-GO,0/6,0.038936,395.72,-0.016704,-0.003639,-0.05375,-0.062911,0.104,0.213,2.461,,,False,False,False,False,4,True,AVGO_bounce_control_2026-07-09,4,bounce_control_2026-07-14,1,2.114,1.118,0.08,1,388.715,384.6404,,-0.029319,0.0138,0.813013,0.542036,0.0,,,
2026-07-14,morning,2026-07-14,AXTI,bounce,Medium,surfaced,CAUTION,4/6,0.174966,54.82,0.050164,-0.025538,-0.168734,-0.163444,0.39,0.39,1.34,,,True,False,True,True,4,True,AXTI_bounce_2026-07-14,1,bounce_2026-07-14,2,1.43,0.714,1.01,1,55.155,52.76,,-0.158913,0.042608,0.813689,,,-0.188368,-0.572971,-0.632509
2026-07-14,morning,2026-07-14,BE,bounce,Medium,control,NO-GO,3/6,0.152948,246.59,-0.012936,-0.029239,-0.161645,-0.12827,0.143,0.143,1.378,,,False,False,False,False,4,True,BE_bounce_control_2026-07-09,4,bounce_control_2026-07-14,1,0.989,0.185,-2.0,2,248.52,245.0,,-0.070755,0.02289,0.506168,1.434133,0.0,,,
2026-07-13,evening,2026-07-14,BE,bounce,Medium,surfaced,CAUTION,4/6,0.158422,246.59,-0.012936,-0.029239,-0.161645,-0.12827,0.14,0.14,1.33,,,False,False,False,False,4,True,BE_bounce_2026-07-13,2,bounce_2026-07-14,2,0.989,0.178,-2.0,2,248.52,245.0,,-0.088639,-0.054086,0.589824,,,-0.191099,-0.34027,-0.34027
2026-07-14,morning,2026-07-14,BOT,bounce,Small,control,NO-GO,1/6,0.143894,33.4,0.099102,-0.054192,-0.124251,-0.126347,0.791,0.791,1.416,,,True,False,True,True,4,True,BOT_bounce_control_2026-07-09,4,bounce_control_2026-07-14,1,9.4,1.565,8.225,1,33.44,33.04,,-0.03598,,0.641986,0.311138,0.0,,,
2026-07-14,morning,2026-07-14,BRUN,bounce,Medium,control,NO-GO,2/6,0.143675,26.51,-0.032818,-0.032063,-0.101848,-0.078838,0.129,0.129,1.139,,,False,False,False,False,4,True,BRUN_bounce_control_2026-07-09,4,bounce_control_2026-07-14,1,1.663,0.531,-1.0,1,25.97,25.362,,-0.11755,0.037773,0.635948,0.299638,0.0,,,
2026-07-14,morning,2026-07-14,CAR,bounce,Medium,control,NO-GO,1/6,0.063566,155.5,0.027524,0.034791,0.005466,0.032605,0.527,1.568,0.431,0.43,1,True,True,True,True,4,True,CAR_bounce_control_2026-07-09,4,bounce_control_2026-07-14,1,3.488,1.489,3.1,1,153.35,151.24,,-0.023985,,0.635929,0.197353,0.0,,,
2026-07-14,morning,2026-07-14,CBRS,bounce,Medium,control,NO-GO,1/6,0.114408,206,-0.010631,-0.106748,-0.123981,-0.160874,0.104,0.104,1.852,,,False,False,False,False,4,True,CBRS_bounce_control_2026-07-09,4,bounce_control_2026-07-14,1,3.933,1.193,3.662,1,190.7261,187.15,,0.032841,0.002101,0.45824,0.646934,0.0,,,
2026-07-14,morning,2026-07-14,CRDO,bounce,Medium,control,NO-GO,0/6,0.116508,252.505,-0.064652,-0.102038,-0.176373,-0.197323,0.0,0.0,2.265,,,False,False,False,False,4,True,CRDO_bounce_control_2026-07-13,2,bounce_control_2026-07-14,1,1.664,0.377,-2.0,2,241.01,238.81,,-0.085263,0.025836,0.611415,0.616791,0.0,,,
2026-07-14,morning,2026-07-14,CRML,bounce,Small,control,NO-GO,0/6,0.088538,7.89,0.00507,-0.053232,-0.149556,-0.188847,0.193,0.193,2.276,,,True,False,False,False,4,True,CRML_bounce_control_2026-07-09,4,bounce_control_2026-07-14,1,0.975,0.558,0.575,1,7.83,7.63,,-0.097993,0.025503,0.709609,0.395184,0.0,,,
2026-07-14,morning,2026-07-14,CRWD,bounce,Large,control,NO-GO,2/6,0.275906,190.995,0.103327,0.082594,0.066834,0.063274,0.38,0.503,0.029,,,True,True,True,True,4,True,CRWD_bounce_control_2026-07-09,4,bounce_control_2026-07-14,1,3.378,0.631,3.311,1,194.38,189.46,,-0.058644,-0.006093,0.160102,2.651075,0.0,,,
2026-07-14,morning,2026-07-14,CRWV,bounce,Medium,control,NO-GO,0/6,0.087987,84.66,-0.055752,-0.089062,-0.13879,-0.135247,0.168,0.168,2.168,,,False,False,False,False,4,True,CRWV_bounce_control_2026-07-09,4,bounce_control_2026-07-14,1,1.516,0.204,-2.0,2,83.65,82.44,,-0.065106,0.006602,0.834851,0.476253,0.0,,,
2026-07-14,morning,2026-07-14,DGXX,bounce,Small,control,NO-GO,2/6,0.114834,4.4,-0.072727,-0.065909,-0.154545,-0.143182,0.198,0.198,1.781,,,False,False,False,False,4,True,DGXX_bounce_control_2026-07-09,4,bounce_control_2026-07-14,1,0.25,0.04,-2.0,2,4.37,4.33,,-0.098291,-0.007059,0.70161,0.591864,0.0,,,
2026-07-14,morning,2026-07-14,DXYZ,bounce,Small,control,NO-GO,0/6,0.066022,26.5,-0.020755,0.001132,0.024528,-0.02,0.169,1.029,0.789,0.79,2,False,False,False,True,4,True,DXYZ_bounce_control_2026-07-09,4,bounce_control_2026-07-14,1,3.0,0.309,0.111,2,26.215,25.82,,-0.04991,-0.021237,0.934037,0.687565,0.0,,,
2026-07-14,morning,2026-07-14,ETHE,bounce,Medium,control,NO-GO,0/6,0.042282,15.16,-0.00066,0.023747,-0.001979,-0.01847,0.109,0.793,0.952,,,False,False,False,True,4,True,ETHE_bounce_control_2026-07-09,4,bounce_control_2026-07-14,1,0.48,0.091,-2.0,2,15.1308,15.07,,0.021262,0.006988,0.475973,0.384091,0.0,,,
2026-07-14,morning,2026-07-14,EWY,bounce,ETF,control,NO-GO,0/6,0.069981,173.67,0.019059,-0.011689,-0.059365,-0.064087,0.317,0.317,1.602,,,True,False,False,False,4,True,EWY_bounce_control_2026-07-09,4,bounce_control_2026-07-14,1,3.122,0.737,1.746,2,174.0,172.55,,-0.090392,0.000179,0.40475,1.772155,0.0,,,
2026-07-14,morning,2026-07-14,FCEL,bounce,Small,control,NO-GO,3/6,0.231261,21.2,0.007075,-0.044811,-0.185849,-0.127594,0.345,0.345,0.957,,,True,False,True,True,4,True,FCEL_bounce_control_2026-07-09,4,bounce_control_2026-07-14,1,0.432,0.286,-0.494,1,22.19,20.57,,-0.112391,0.069969,0.438449,8.422238,0.0,,,
2026-07-14,morning,2026-07-14,FIG,bounce,Medium,control,NO-GO,2/6,0.074953,22.035,0.082823,0.066485,0.062401,0.086907,1.717,1.717,0.372,0.37,0,True,True,True,True,4,True,FIG_bounce_control_2026-07-09,4,bounce_control_2026-07-14,1,4.565,3.427,3.645,1,22.04,21.42,,0.042228,-0.019027,1.345667,1.39806,0.0,,,
2026-07-14,morning,2026-07-14,FJET,bounce,Micro,control,NO-GO,2/6,0.104446,4.66,0.015021,-0.062232,-0.145923,-0.17382,0.555,0.596,2.013,,,True,False,True,True,4,True,FJET_bounce_control_2026-07-09,4,bounce_control_2026-07-14,1,5.0,1.027,1.0,1,4.68,4.63,,0.058166,,0.981725,0.236243,0.0,,,
2026-07-14,morning,2026-07-14,GLW,bounce,Large,control,NO-GO,1/6,0.114501,192.98,-0.027671,-0.096228,-0.179241,-0.198829,0.033,0.033,2.084,,,False,False,False,False,4,True,GLW_bounce_control_2026-07-09,4,bounce_control_2026-07-14,1,0.115,0.018,-2.0,2,191.46,188.56,,-0.012007,0.03801,0.478331,0.590952,0.0,,,
2026-07-14,morning,2026-07-14,GOOGL,bounce,Large,control,NO-GO,0/6,0.028665,351.195,0.023676,0.056165,0.009297,-0.0126,0.891,2.391,0.977,0.01,1,True,False,True,True,4,True,GOOGL_bounce_control_2026-07-09,4,bounce_control_2026-07-14,1,,,,0,,,,-0.022319,-0.004624,0.634328,0.513073,0.0,,,
2026-07-14,morning,2026-07-14,HQ,bounce,Small,control,NO-GO,2/6,0.195845,21.38,-0.008887,0.02479,-0.021048,0.043499,0.22,0.848,0.573,,,False,True,False,True,4,True,HQ_bounce_control_2026-07-09,4,bounce_control_2026-07-14,1,0.0,0.0,-1.0,1,21.65,21.38,,-0.111388,,0.495561,0.881813,0.0,,,
2026-07-14,morning,2026-07-14,HYLN,bounce,Small,control,NO-GO,2/6,0.158718,3.89,0.051414,0.015424,-0.03856,-0.03856,0.486,0.583,0.567,,,True,False,True,True,4,True,HYLN_bounce_control_2026-07-09,4,bounce_control_2026-07-14,1,0.583,0.454,0.229,1,4.05,3.81,,-0.094118,,0.720055,1.347898,0.0,,,
2026-07-14,morning,2026-07-14,IBIT,bounce,ETF,control,NO-GO,1/6,0.035215,36.19,0.010776,0.017132,0.005526,0.004421,0.467,0.745,0.651,,,True,True,False,True,4,True,IBIT_bounce_control_2026-07-09,4,bounce_control_2026-07-14,1,1.08,0.11,-2.0,2,36.1399,36.075,,-0.010053,0.00653,0.532688,0.576244,0.0,,,
2026-07-14,morning,2026-07-14,INOD,bounce,Medium,control,NO-GO,2/6,0.077649,68.2,-0.015543,-0.042375,-0.106012,-0.108358,0.227,0.227,1.926,,,False,False,False,False,4,True,INOD_bounce_control_2026-07-09,4,bounce_control_2026-07-14,1,3.333,0.415,-0.242,2,68.5,67.3,,-0.004047,0.01145,0.631068,0.339507,0.0,,,
2026-07-14,morning,2026-07-14,INTC,bounce,Large,control,NO-GO,0/6,0.094669,107.98,-0.002037,-0.046212,-0.101871,-0.119837,0.118,0.159,1.799,,,False,False,False,False,4,True,INTC_bounce_control_2026-07-09,4,bounce_control_2026-07-14,1,0.209,0.038,-2.0,2,107.375,106.44,,-0.058113,0.027929,0.436475,0.656661,0.0,,,
2026-07-14,morning,2026-07-14,IONQ,bounce,Medium,control,NO-GO,0/6,0.099663,40.04,-0.018731,-0.063187,-0.123377,-0.131369,0.101,0.101,1.692,,,False,False,False,False,4,True,IONQ_bounce_control_2026-07-09,4,bounce_control_2026-07-14,1,1.788,0.252,-2.0,2,39.94,39.29,,-0.110118,0.024691,0.896875,0.584726,0.0,,,
2026-07-14,morning,2026-07-14,IREN,bounce,Medium,control,NO-GO,0/6,0.110768,40.05,-0.036454,-0.044195,-0.130337,-0.160549,0.128,0.128,1.765,,,False,False,False,False,4,True,IREN_bounce_control_2026-07-09,4,bounce_control_2026-07-14,1,4.833,0.654,3.2,2,38.3499,37.79,,-0.055609,0.010775,0.937154,0.846799,0.0,,,
2026-07-14,morning,2026-07-14,KEEL,bounce,Medium,control,NO-GO,2/6,0.143994,4.585,-0.02072,-0.051254,-0.141767,-0.138495,0.25,0.25,1.431,,,False,False,False,False,4,True,KEEL_bounce_control_2026-07-09,4,bounce_control_2026-07-14,1,0.555,0.227,-2.0,2,4.615,4.48,,-0.090909,0.009174,0.62345,0.522279,0.0,,,
2026-07-14,morning,2026-07-14,KWEB,bounce,ETF,control,NO-GO,1/6,0.023133,26.38,-0.007582,0.023503,0.041698,0.0163,0.164,2.253,0.377,0.38,1,False,True,False,True,4,True,KWEB_bounce_control_2026-07-09,4,bounce_control_2026-07-14,1,2.727,0.492,-1.229,2,26.265,26.185,,-0.009441,0.0,0.56857,0.510729,0.0,,,
2026-07-14,morning,2026-07-14,LITE,bounce,Medium,control,NO-GO,0/6,0.083912,816.26,-0.001789,-0.078725,-0.134798,-0.102222,0.345,0.345,2.415,,,False,False,False,False,4,True,LITE_bounce_control_2026-07-09,4,bounce_control_2026-07-14,1,1.503,0.244,-2.0,2,814.45,807.0,,0.011746,0.034954,0.715033,0.835931,0.0,,,
2026-07-14,morning,2026-07-14,LWLG,bounce,Small,control,NO-GO,0/6,0.119751,6.72,0.022321,0.004464,-0.063988,-0.072917,0.361,0.584,1.031,,,True,False,False,True,4,True,LWLG_bounce_control_2026-07-09,4,bounce_control_2026-07-14,1,1.324,0.411,0.28,1,6.845,6.72,,-0.069111,0.020093,0.480795,0.731898,0.0,,,
2026-07-14,morning,2026-07-14,MP,bounce,Medium,control,NO-GO,0/6,0.061187,50.85,-0.00118,-0.027335,-0.105998,-0.110324,0.17,0.206,2.259,,,False,False,False,False,4,True,MP_bounce_control_2026-07-09,4,bounce_control_2026-07-14,1,1.359,0.341,-0.026,1,50.8,50.41,,-0.03829,0.004646,0.992493,0.273302,0.0,,,
2026-07-14,morning,2026-07-14,MRVL,bounce,Large,control,NO-GO,1/6,0.102553,231.565,-0.039406,-0.109278,-0.186837,-0.185196,0.018,0.018,2.258,,,False,False,False,False,4,True,MRVL_bounce_control_2026-07-09,4,bounce_control_2026-07-14,1,4.027,0.558,1.353,1,220.275,218.6301,,-0.085008,0.023261,0.592274,0.615113,0.0,,,
2026-07-14,morning,2026-07-14,MSFT,bounce,Large,control,NO-GO,0/6,0.031795,382.82,0.005512,0.033462,0.047751,0.028734,0.441,1.904,0.343,0.34,1,True,True,False,True,4,True,MSFT_bounce_control_2026-07-09,4,bounce_control_2026-07-14,1,2.975,1.173,1.621,1,381.0499,378.65,,0.007935,-0.009156,0.771238,0.872144,0.0,,,
2026-07-14,morning,2026-07-14,MSTR,bounce,Medium,control,NO-GO,1/6,0.089,94.76,0.029759,0.028599,-0.007704,0.00095,0.388,0.853,0.557,,,True,True,False,True,4,True,MSTR_bounce_control_2026-07-09,4,bounce_control_2026-07-14,1,2.788,0.78,2.373,1,94.74,93.56,,-0.01587,0.003257,0.440198,0.904184,0.0,,,
2026-07-14,morning,2026-07-14,MU,bounce,Large,control,NO-GO,0/6,0.101697,988.38,-0.005322,-0.085089,-0.136769,-0.141069,0.064,0.064,1.834,,,False,False,False,False,4,True,MU_bounce_control_2026-07-09,4,bounce_control_2026-07-14,1,5.382,0.704,2.957,2,974.59,967.43,,-0.028377,0.028282,0.417411,1.257496,0.0,,,
2026-07-14,morning,2026-07-14,MXL,bounce,Medium,control,NO-GO,1/6,0.142896,95,-0.025368,-0.064842,-0.216842,-0.243789,0.257,0.257,2.02,,,False,False,False,False,4,True,MXL_bounce_control_2026-07-09,4,bounce_control_2026-07-14,1,0.406,0.153,-2.0,2,97.45,93.7,,-0.040605,0.029227,0.858868,0.665933,0.0,,,
2026-07-14,morning,2026-07-14,NBIS,bounce,Medium,control,NO-GO,1/6,0.125392,217.04,-0.105741,-0.080769,-0.208579,-0.181211,0.21,0.21,1.938,,,False,False,False,False,4,True,NBIS_bounce_control_2026-07-09,4,bounce_control_2026-07-14,1,1.187,0.154,-2.0,2,202.4245,200.5675,,-0.01901,0.007506,0.537707,0.720762,0.0,,,
2026-07-14,morning,2026-07-14,NOK,bounce,Medium,control,NO-GO,2/6,0.067507,11.93,-0.019279,-0.056999,-0.129925,-0.151718,0.012,0.143,2.608,,,False,False,False,False,4,True,NOK_bounce_control_2026-07-09,4,bounce_control_2026-07-14,1,0.684,0.161,-2.0,2,11.825,11.73,,-0.082171,0.012831,0.788211,0.954713,0.0,,,
2026-07-14,morning,2026-07-14,NVDA,bounce,Large,control,NO-GO,1/6,0.033846,208.2,0.017291,0.020653,-0.003842,-0.025889,0.617,0.796,1.452,,,True,False,True,True,4,True,NVDA_bounce_control_2026-07-09,4,bounce_control_2026-07-14,1,5.481,2.1,4.919,1,205.15,203.8,,0.008582,0.004865,1.093592,0.456279,0.0,,,
2026-07-14,morning,2026-07-14,NVTS,bounce,Medium,control,NO-GO,2/6,0.13227,13.675,-0.042779,-0.029616,-0.140402,-0.161974,0.028,0.028,1.623,,,False,False,False,False,4,True,NVTS_bounce_control_2026-07-09,4,bounce_control_2026-07-14,1,0.15,0.033,-2.0,2,13.37,13.17,,-0.076164,0.017871,0.323187,0.336302,0.0,,,
2026-07-14,morning,2026-07-14,OKLO,bounce,Medium,control,NO-GO,1/6,0.080787,46.96,-0.015332,-0.027044,-0.11201,-0.124574,0.121,0.148,1.958,,,False,False,False,False,4,True,OKLO_bounce_control_2026-07-09,4,bounce_control_2026-07-14,1,6.077,0.416,4.0,2,46.431,46.04,,-0.064339,0.00633,0.818734,0.42765,0.0,,,
2026-07-14,morning,2026-07-14,ON,bounce,Medium,control,NO-GO,1/6,0.09476,95.442,-0.017938,-0.030406,-0.076717,-0.084575,0.005,0.005,1.337,,,False,False,False,False,4,True,ON_bounce_control_2026-07-09,4,bounce_control_2026-07-14,1,4.241,0.506,2.5,1,92.36,91.82,,-0.056708,0.021578,0.331496,0.614733,0.0,,,
2026-07-14,morning,2026-07-14,OPEN,bounce,Medium,control,NO-GO,0/6,0.088076,4.555,-0.001098,0.04281,0.003293,-0.012075,0.237,0.86,0.536,,,False,False,False,True,4,True,OPEN_bounce_control_2026-07-09,4,bounce_control_2026-07-14,1,1.0,0.374,-2.0,2,4.575,4.5,,-0.153774,0.0,0.810083,0.556139,0.0,,,
2026-07-14,morning,2026-07-14,ORCL,bounce,Large,control,NO-GO,3/6,0.055868,132,-0.030758,0.003712,-0.059015,-0.042348,0.103,0.258,1.424,,,False,False,False,False,4,True,ORCL_bounce_control_2026-07-09,4,bounce_control_2026-07-14,1,0.955,0.228,-2.0,2,131.16,130.05,,-0.081229,0.007337,1.121189,1.271985,0.0,,,
2026-07-14,morning,2026-07-14,PL,bounce,Medium,control,NO-GO,2/6,0.092185,26.18,-0.023682,-0.048892,-0.156226,-0.141711,0.257,0.257,2.134,,,False,False,False,False,4,True,PL_bounce_control_2026-07-09,4,bounce_control_2026-07-14,1,4.448,0.332,-0.444,2,25.99,25.61,,-0.0375,0.008475,0.559377,0.623982,0.0,,,
2026-07-14,morning,2026-07-14,PLTR,bounce,Large,control,NO-GO,0/6,0.052615,123.61,0.081789,0.082113,0.087614,0.070949,1.873,2.04,0.149,0.15,0,True,True,True,True,4,True,PLTR_bounce_control_2026-07-09,4,bounce_control_2026-07-14,1,4.097,3.25,3.663,1,125.22,122.64,,-0.00651,-0.014149,0.670837,0.533066,0.0,,,
2026-07-14,morning,2026-07-14,POET,bounce,Small,control,NO-GO,2/6,0.115284,8.38,0.051313,-0.013126,-0.084726,-0.118138,0.487,0.797,1.232,,,True,False,False,True,4,True,POET_bounce_control_2026-07-09,4,bounce_control_2026-07-14,1,4.714,1.025,3.368,2,8.41,8.27,,-0.063218,0.01875,0.478945,0.57595,0.0,,,
2026-07-14,morning,2026-07-14,QCOM,bounce,Large,control,NO-GO,0/6,0.066782,189.33,-0.059314,-0.059948,-0.098875,-0.092695,0.052,0.052,1.942,,,False,False,False,False,4,True,QCOM_bounce_control_2026-07-09,4,bounce_control_2026-07-14,1,1.918,0.443,-2.0,2,180.48,179.02,,-0.02543,0.012338,0.510526,0.571388,0.0,,,
2026-07-14,morning,2026-07-14,RGTI,bounce,Medium,control,NO-GO,1/6,0.091819,15.845,0.016725,-0.037551,-0.110129,-0.109498,0.292,0.368,1.674,,,True,False,False,False,4,True,RGTI_bounce_control_2026-07-09,4,bounce_control_2026-07-14,1,0.654,0.234,-1.0,1,15.91,15.65,,-0.076598,0.021393,0.798326,0.364019,0.0,,,
2026-07-14,morning,2026-07-14,RKLB,bounce,Medium,control,NO-GO,3/6,0.099424,78.76,0.000635,-0.032504,-0.14487,-0.141442,0.483,0.483,1.82,,,True,False,False,False,4,True,RKLB_bounce_control_2026-07-09,4,bounce_control_2026-07-14,1,1.599,0.621,-1.0,1,80.11,78.59,,-0.048819,0.023329,0.559771,0.626909,0.0,,,
2026-07-14,morning,2026-07-14,RVI,bounce,Small,control,NO-GO,0/6,0.086739,30.34,-0.047132,-0.103494,-0.171721,-0.137113,0.023,0.023,2.219,,,False,False,False,False,4,True,RVI_bounce_control_2026-07-09,4,bounce_control_2026-07-14,1,0.0,0.0,-2.0,2,29.995,29.7,,-0.021181,,0.413487,0.245989,0.0,,,
2026-07-14,morning,2026-07-14,RXT,bounce,Small,control,NO-GO,3/6,0.23097,4.595,0.01197,-0.031556,-0.083787,-0.096844,0.41,0.41,0.683,,,True,False,True,True,4,True,RXT_bounce_control_2026-07-13,2,bounce_control_2026-07-14,1,3.223,0.66,-0.368,1,4.68,4.5714,,0.036613,0.002212,0.826728,3.365551,0.0,,,
2026-07-13,evening,2026-07-14,RXT,bounce,Small,surfaced,GO,5/6,0.235198,4.595,0.01197,-0.031556,-0.083787,-0.096844,0.4,0.4,0.67,,,True,False,True,True,4,True,RXT_bounce_2026-07-10,2,bounce_2026-07-14,2,3.223,0.648,-0.368,1,4.68,4.5714,,-0.318389,-0.01779,1.104407,,,-0.321483,-0.478488,-0.478488
2026-07-14,morning,2026-07-14,SIMO,bounce,Medium,control,NO-GO,0/6,0.089757,317.5,-0.02863,-0.075906,-0.14189,-0.16748,0.0,0.0,2.544,,,False,False,False,False,4,True,SIMO_bounce_control_2026-07-14,1,bounce_control_2026-07-14,1,0.621,0.205,-2.0,2,312.085,307.39,,-0.050176,0.028313,0.744097,0.904178,0.0,,,
2026-07-14,morning,2026-07-14,SMR,bounce,Medium,control,NO-GO,1/6,0.087578,8.6,0.0,-0.027907,-0.111628,-0.102326,0.119,0.412,1.846,,,False,False,False,False,4,True,SMR_bounce_control_2026-07-09,4,bounce_control_2026-07-14,1,1.211,0.305,-1.0,1,8.575,8.48,,-0.069767,0.005988,0.944734,1.090883,0.0,,,
2026-07-14,morning,2026-07-14,SNDK,bounce,Large,control,NO-GO,0/6,0.140282,1807,-0.027216,-0.106253,-0.219103,-0.250238,0.022,0.022,1.901,,,False,False,False,False,4,True,SNDK_bounce_control_2026-07-09,4,bounce_control_2026-07-14,1,0.59,0.102,-2.0,2,1783.95,1762.0001,,-0.056111,0.047809,0.625186,1.045358,0.0,,,
2026-07-14,morning,2026-07-14,SOXL,bounce,ETF,control,NO-GO,2/6,0.225274,187.69,-0.058767,-0.11796,-0.240876,-0.278225,0.017,0.017,1.684,,,False,False,False,False,4,True,SOXL_bounce_control_2026-07-09,4,bounce_control_2026-07-14,1,3.563,0.485,1.222,1,173.14,170.26,,-0.096181,0.051823,0.411391,0.430895,0.0,,,
2026-07-13,evening,2026-07-14,SOXL,bounce,ETF,surfaced,CAUTION,4/6,0.235889,187.69,-0.058767,-0.11796,-0.240876,-0.278225,0.02,0.02,1.61,,,False,False,False,False,4,True,SOXL_bounce_2026-07-14,1,bounce_2026-07-14,2,3.563,0.463,1.222,1,173.14,170.26,,-0.063665,-0.091803,0.495691,,,-0.180772,-0.45798,-0.45798
2026-07-14,morning,2026-07-14,SPCE,bounce,Small,control,NO-GO,1/6,0.09344,2.495,0.046092,0.086172,0.038076,0.026052,0.698,1.737,0.021,0.02,1,True,True,True,True,4,True,SPCE_bounce_control_2026-07-09,4,bounce_control_2026-07-14,1,3.778,1.138,2.419,1,2.5251,2.49,,-0.064885,0.012397,0.917317,0.798448,0.0,,,
2026-07-14,morning,2026-07-14,STM,bounce,Medium,control,NO-GO,0/6,0.061954,71.65,-0.021214,-0.054431,-0.123936,-0.133845,0.002,0.002,2.931,,,False,False,False,False,4,True,STM_bounce_control_2026-07-09,4,bounce_control_2026-07-14,1,0.354,0.038,-2.0,2,70.12,69.63,,-0.013167,0.028918,0.567059,0.83595,0.0,,,
2026-07-14,morning,2026-07-14,STX,bounce,Large,control,NO-GO,0/6,0.100646,901.135,-0.025329,-0.080826,-0.172721,-0.125925,0.057,0.057,2.213,,,False,False,False,False,4,True,STX_bounce_control_2026-07-09,4,bounce_control_2026-07-14,1,2.142,0.334,0.296,1,875.99,868.93,,-0.006842,0.027119,0.42396,0.963794,0.0,,,
2026-07-14,morning,2026-07-14,TEAM,bounce,Medium,control,NO-GO,1/6,0.057441,90,-0.010222,0.019667,0.026222,0.036556,0.383,1.132,0.29,0.27,1,False,True,False,True,4,True,TEAM_bounce_control_2026-07-09,4,bounce_control_2026-07-14,1,0.711,0.542,-0.766,1,90.58,88.61,,0.041782,-0.017263,1.123758,0.579557,0.0,,,
2026-07-14,morning,2026-07-14,TSLA,bounce,Large,control,NO-GO,0/6,0.050342,399.05,-0.007192,-0.011502,-0.020023,-0.045633,0.158,0.375,1.087,,,False,False,False,False,4,True,TSLA_bounce_control_2026-07-09,4,bounce_control_2026-07-14,1,1.66,0.436,-2.0,2,398.07,396.33,,-0.028164,0.000861,0.713923,0.338647,0.0,,,
2026-07-14,morning,2026-07-14,U,bounce,Medium,control,NO-GO,0/6,0.05267,29.93,0.060809,0.044771,0.008687,-0.031407,1.218,1.548,0.831,0.09,0,True,False,True,True,4,True,U_bounce_control_2026-07-09,4,bounce_control_2026-07-14,1,2.803,1.935,2.619,1,30.325,29.781,,-0.01152,-0.009909,0.906299,1.038023,0.0,,,
2026-07-14,morning,2026-07-14,UMC,bounce,Medium,control,NO-GO,0/6,0.074468,24.17,-0.013653,0.03103,-0.077782,-0.120811,0.128,0.906,2.228,,,False,False,False,True,4,True,UMC_bounce_control_2026-07-09,4,bounce_control_2026-07-14,1,4.708,0.628,1.5,1,23.69,23.57,,-0.050684,0.005968,0.408831,0.642426,0.0,,,
2026-07-14,morning,2026-07-14,WDC,bounce,Large,control,NO-GO,0/6,0.105549,587.65,-0.041402,-0.125602,-0.205633,-0.187918,0.032,0.032,2.533,,,False,False,False,False,4,True,WDC_bounce_control_2026-07-09,4,bounce_control_2026-07-14,1,0.818,0.146,-2.0,2,579.525,574.5309,,-0.009947,0.03015,0.460718,0.573902,0.0,,,
2026-07-14,morning,2026-07-14,WOLF,bounce,Small,control,NO-GO,3/6,0.150592,35.9,-0.04429,-0.022284,-0.131476,-0.167409,0.013,0.222,1.402,,,False,False,False,False,4,True,WOLF_bounce_control_2026-07-09,4,bounce_control_2026-07-14,1,3.224,0.585,-0.49,2,35.09,34.5,,-0.06604,0.033878,0.549981,0.134616,0.0,,,
2026-07-15,morning,2026-07-15,AAOI,bounce,Medium,control,NO-GO,2/6,0.110765,123.785,-0.118714,-0.190209,-0.172678,-0.167751,0.047,0.047,2.355,,,False,False,False,False,4,True,AAOI_bounce_control_2026-07-09,5,bounce_control_2026-07-15,0,1.714,0.263,-2.0,2,119.59,117.0424,,0.06257,0.015731,0.754564,0.872258,0.0,,,
2026-07-15,morning,2026-07-15,ALAB,bounce,Medium,control,NO-GO,0/6,0.126151,371.57,-0.056382,-0.139489,-0.182873,-0.168151,0.0,0.0,1.749,,,False,False,False,False,4,True,ALAB_bounce_control_2026-07-09,5,bounce_control_2026-07-15,0,0.334,0.06,-2.0,2,358.865,351.46,,-0.106957,0.019404,0.677063,1.085412,0.0,,,
2026-07-15,morning,2026-07-15,APP,bounce,Large,control,NO-GO,0/6,0.082381,448.9,0.008532,-0.032123,-0.054266,-0.054132,0.373,0.373,0.954,,,True,False,False,False,4,True,APP_bounce_control_2026-07-09,5,bounce_control_2026-07-15,0,3.044,0.599,0.412,2,457.445,448.18,,-0.113219,0.001336,0.768692,1.781346,0.0,,,
2026-07-15,morning,2026-07-15,ARM,bounce,Large,control,NO-GO,3/6,0.103118,281.09,-0.014515,-0.067879,-0.04945,-0.040841,0.256,0.256,1.31,,,False,False,False,False,4,True,ARM_bounce_control_2026-07-09,5,bounce_control_2026-07-15,0,0.804,0.136,-2.0,2,278.14,276.01,,-0.118928,0.013373,1.165368,0.690225,0.0,,,
2026-07-15,morning,2026-07-15,AVGO,bounce,Large,control,NO-GO,0/6,0.03811,396.09,-0.00457,-0.054634,-0.063786,-0.045267,0.193,0.193,2.537,,,False,False,False,False,4,True,AVGO_bounce_control_2026-07-09,5,bounce_control_2026-07-15,0,1.961,0.577,-2.0,2,394.6425,392.42,,-0.015701,0.01177,0.845776,0.790993,0.0,,,
2026-07-15,morning,2026-07-15,AXTI,bounce,Medium,control,NO-GO,2/6,0.149159,55.77,-0.042137,-0.182894,-0.177694,-0.12444,0.328,0.328,1.664,,,False,False,False,False,4,True,AXTI_bounce_control_2026-07-09,4,bounce_control_2026-07-15,0,1.387,0.362,-2.0,2,56.585,55.5,,0.01241,0.00608,0.673668,2.183889,0.0,,,
2026-07-15,morning,2026-07-15,BE,bounce,Medium,control,NO-GO,1/6,0.140931,243.1,-0.015302,-0.149609,-0.115755,-0.189387,0.041,0.041,1.416,,,False,False,False,False,4,True,BE_bounce_control_2026-07-09,5,bounce_control_2026-07-15,0,7.178,1.203,6.042,2,232.2,229.69,,0.003638,0.008628,0.504936,0.969975,0.0,,,
2026-07-15,morning,2026-07-15,BOT,bounce,Small,control,NO-GO,0/6,0.132341,36.27,-0.129032,-0.193548,-0.195478,-0.251999,0.065,0.065,2.068,,,False,False,False,False,4,True,BOT_bounce_control_2026-07-09,5,bounce_control_2026-07-15,0,1.807,0.391,-2.0,2,36.5799,35.55,,0.105375,-0.008445,0.863572,0.347222,0.0,,,
2026-07-15,morning,2026-07-15,BRUN,bounce,Small,control,NO-GO,0/6,0.146767,25.48,0.007064,-0.065542,-0.041601,-0.078493,0.217,0.217,0.885,,,True,False,False,False,4,True,BRUN_bounce_control_2026-07-09,5,bounce_control_2026-07-15,0,0.213,0.107,-2.0,2,26.09,25.15,,-0.110408,-0.013261,0.455131,0.941627,0.0,,,
2026-07-14,evening,2026-07-15,BRUN,bounce,Medium,surfaced,CAUTION,4/6,0.148928,25.48,0.007064,-0.065542,-0.041601,-0.078493,0.21,0.21,0.87,,,True,False,False,False,4,True,BRUN_bounce_2026-07-15,1,bounce_2026-07-15,1,0.213,0.105,-2.0,2,26.09,25.15,,-0.148675,0.032321,0.635948,,,-0.161995,-0.387857,-0.387857
2026-07-15,morning,2026-07-15,CAR,bounce,Medium,control,NO-GO,1/6,0.06132,161.75,-0.005193,-0.033385,-0.007295,-0.013787,0.933,0.933,0.859,,,False,False,False,True,4,True,CAR_bounce_control_2026-07-09,5,bounce_control_2026-07-15,0,3.279,1.613,-2.0,2,163.0,160.56,,0.022985,,0.966557,0.270169,0.0,,,
2026-07-15,morning,2026-07-15,CBRS,bounce,Medium,control,NO-GO,1/6,0.113632,204.9,-0.101952,-0.119278,-0.156369,-0.13675,0.009,0.009,1.827,,,False,False,False,False,4,True,CBRS_bounce_control_2026-07-09,5,bounce_control_2026-07-15,0,0.969,0.189,-2.0,2,199.52,197.25,,-0.056815,-0.00466,0.923586,0.432655,0.0,,,
2026-07-15,morning,2026-07-15,CRDO,bounce,Medium,control,NO-GO,0/6,0.111054,238,-0.047311,-0.126176,-0.148403,-0.10895,0.068,0.068,1.973,,,False,False,False,False,4,True,CRDO_bounce_control_2026-07-13,3,bounce_control_2026-07-15,0,1.022,0.179,-2.0,2,233.78,230.57,,-0.06067,0.025277,0.63644,1.046107,0.0,,,
2026-07-15,morning,2026-07-15,CRML,bounce,Small,control,NO-GO,0/6,0.083049,7.955,-0.060968,-0.156505,-0.195475,-0.219359,0.068,0.068,2.929,,,False,False,False,False,4,True,CRML_bounce_control_2026-07-09,5,bounce_control_2026-07-15,0,1.22,0.151,-2.0,2,7.98,7.81,,0.001258,0.003783,0.597515,0.482772,0.0,,,
2026-07-15,morning,2026-07-15,CRWD,bounce,Large,control,NO-GO,2/6,0.24225,212.38,-0.026415,-0.040588,-0.043789,-0.065402,0.1,0.1,0.283,,,False,False,False,False,4,True,CRWD_bounce_control_2026-07-09,5,bounce_control_2026-07-15,0,0.437,0.089,-2.0,2,215.22,210.0,,0.127257,0.001281,0.421406,1.837404,0.0,,,
2026-07-15,morning,2026-07-15,CRWV,bounce,Medium,control,NO-GO,1/6,0.08945,78.735,-0.020512,-0.073982,-0.070172,-0.072077,0.27,0.27,1.452,,,False,False,False,False,4,True,CRWV_bounce_control_2026-07-09,5,bounce_control_2026-07-15,0,0.467,0.081,-2.0,2,77.67,77.06,,-0.094734,0.006505,1.043471,0.697972,0.0,,,
2026-07-15,morning,2026-07-15,DGXX,bounce,Small,control,NO-GO,2/6,0.114501,4.18,-0.016746,-0.110048,-0.098086,-0.032297,0.104,0.104,1.421,,,False,False,False,False,4,True,DGXX_bounce_control_2026-07-09,5,bounce_control_2026-07-15,0,2.0,0.293,-2.0,2,4.04,3.975,,-0.084444,0.009804,0.996305,0.553654,0.0,,,
2026-07-15,morning,2026-07-15,DXYZ,bounce,Small,control,NO-GO,0/6,0.064434,25.95,0.022351,0.046243,0.000771,-0.053179,1.041,1.406,0.861,0.5,0,True,False,True,True,4,True,DXYZ_bounce_control_2026-07-09,5,bounce_control_2026-07-15,0,0.455,0.095,-2.0,2,25.785,25.61,,-0.066859,-0.00501,0.724352,0.496165,0.0,,,
2026-07-15,morning,2026-07-15,ETHE,bounce,Medium,control,NO-GO,0/6,0.041051,15.62,-0.006402,-0.03137,-0.047375,-0.019206,0.075,0.075,1.669,,,False,False,False,False,4,True,ETHE_bounce_control_2026-07-09,5,bounce_control_2026-07-15,0,0.32,0.045,-2.0,2,15.665,15.6,,0.049758,0.00264,0.35281,0.28148,0.0,,,
2026-07-15,morning,2026-07-15,EWY,bounce,ETF,control,NO-GO,0/6,0.059303,175.76,-0.023441,-0.070551,-0.075216,-0.073396,0.037,0.037,2.068,,,False,False,False,False,4,True,EWY_bounce_control_2026-07-09,5,bounce_control_2026-07-15,0,0.728,0.164,-2.0,2,174.46,173.62,,-0.038797,-0.003277,0.56543,3.159876,0.0,,,
2026-07-15,morning,2026-07-15,FCEL,bounce,Small,control,NO-GO,1/6,0.218749,21.26,-0.047507,-0.188147,-0.130056,-0.066792,0.295,0.295,1.021,,,False,False,False,True,4,True,FCEL_bounce_control_2026-07-09,5,bounce_control_2026-07-15,0,0.019,0.011,-2.0,2,22.525,21.21,,0.032335,0.016862,0.488519,6.419043,0.0,,,
2026-07-15,morning,2026-07-15,FIG,bounce,Medium,control,NO-GO,2/6,0.079262,24.15,-0.026915,-0.030642,-0.008282,-0.005383,0.068,0.375,1.008,,,False,False,False,False,4,True,FIG_bounce_control_2026-07-09,5,bounce_control_2026-07-15,0,4.25,0.564,1.833,2,23.67,23.22,,0.140218,0.008801,1.808325,2.298173,0.0,,,
2026-07-15,morning,2026-07-15,FJET,bounce,Micro,control,NO-GO,2/6,0.103745,4.74,-0.078059,-0.160338,-0.187764,-0.221519,0.427,0.427,2.42,,,False,False,False,False,4,True,FJET_bounce_control_2026-07-09,5,bounce_control_2026-07-15,0,6.111,1.118,-2.0,2,4.675,4.63,,0.05618,-0.006342,0.615258,0.384382,0.0,,,
2026-07-15,morning,2026-07-15,GLW,bounce,Large,control,NO-GO,0/6,0.110505,186.6,-0.065327,-0.151179,-0.171436,-0.179528,0.023,0.023,1.923,,,False,False,False,False,4,True,GLW_bounce_control_2026-07-09,5,bounce_control_2026-07-15,0,0.531,0.146,-2.0,2,181.6809,179.81,,-0.011053,0.006075,0.36734,0.84119,0.0,,,
2026-07-15,morning,2026-07-15,GOOGL,bounce,Large,control,NO-GO,0/6,0.02798,357.97,0.036176,-0.009805,-0.031288,-0.016705,1.565,1.727,1.658,0.02,0,True,False,True,True,4,True,GOOGL_bounce_control_2026-07-09,5,bounce_control_2026-07-15,0,1.97,1.97,1.475,1,363.11,357.76,,0.003472,-0.003032,0.904413,0.450328,0.0,,,
2026-07-15,morning,2026-07-15,HQ,bounce,Small,control,NO-GO,2/6,0.172589,20.33,0.077718,0.029513,0.097393,-0.035908,1.311,1.311,0.385,-0.0,0,True,False,True,True,4,True,HQ_bounce_control_2026-07-09,5,bounce_control_2026-07-15,0,8.684,2.351,2.389,1,20.805,20.33,,-0.078295,,0.683588,0.816471,0.0,,,
2026-07-15,morning,2026-07-15,HYLN,bounce,Small,control,NO-GO,2/6,0.133512,4.13,-0.043584,-0.094431,-0.094431,-0.140436,0.218,0.218,1.088,,,False,False,False,False,4,True,HYLN_bounce_control_2026-07-09,5,bounce_control_2026-07-15,0,0.667,0.073,-2.0,2,4.03,4.0,,-0.009685,,0.695889,1.280673,0.0,,,
2026-07-15,morning,2026-07-15,IBIT,bounce,ETF,control,NO-GO,1/6,0.03423,36.965,-0.004193,-0.015555,-0.016637,-0.002029,0.138,0.225,1.268,,,False,False,False,False,4,True,IBIT_bounce_control_2026-07-09,5,bounce_control_2026-07-15,0,2.846,0.292,-2.0,2,37.05,36.95,,0.012697,0.003007,0.660888,0.714013,0.0,,,
2026-07-15,morning,2026-07-15,INOD,bounce,Medium,control,NO-GO,2/6,0.078111,67.5,-0.032444,-0.096741,-0.099111,-0.080296,0.332,0.332,1.802,,,False,False,False,False,4,True,INOD_bounce_control_2026-07-09,5,bounce_control_2026-07-15,0,3.535,0.577,-2.0,2,69.1,67.48,,-0.006785,0.002979,0.551332,0.491379,0.0,,,
2026-07-15,morning,2026-07-15,INTC,bounce,Large,control,NO-GO,0/6,0.085423,109.3,-0.057731,-0.112717,-0.130467,-0.111985,0.033,0.033,2.111,,,False,False,False,False,4,True,INTC_bounce_control_2026-07-09,5,bounce_control_2026-07-15,0,0.5,0.078,-2.0,2,108.07,107.01,,0.019483,0.039161,0.585375,0.936841,0.0,,,
2026-07-15,morning,2026-07-15,IONQ,bounce,Medium,control,NO-GO,0/6,0.092687,40,-0.06225,-0.1225,-0.1305,-0.144,0.019,0.019,1.81,,,False,False,False,False,4,True,IONQ_bounce_control_2026-07-09,5,bounce_control_2026-07-15,0,1.196,0.259,-2.0,2,38.3392,37.895,,-0.067895,0.016798,0.465047,0.960458,0.0,,,
2026-07-15,morning,2026-07-15,IREN,bounce,Medium,control,NO-GO,0/6,0.109101,39.115,-0.021347,-0.109549,-0.140483,0.027739,0.312,0.464,1.616,,,False,True,False,False,4,True,IREN_bounce_control_2026-07-09,5,bounce_control_2026-07-15,0,3.579,0.637,-2.0,2,39.575,38.93,,-0.046913,0.016066,0.836869,1.015065,0.0,,,
2026-07-15,morning,2026-07-15,KEEL,bounce,Medium,control,NO-GO,0/6,0.131971,4.53,-0.039735,-0.131347,-0.128035,-0.041943,0.117,0.117,1.489,,,False,False,False,False,4,True,KEEL_bounce_control_2026-07-09,5,bounce_control_2026-07-15,0,0.429,0.1,-2.0,2,4.581,4.51,,-0.019355,0.01559,0.548368,0.536589,0.0,,,
2026-07-15,morning,2026-07-15,KWEB,bounce,ETF,control,NO-GO,1/6,0.021814,26.81,0.007087,0.024991,0.0,0.023499,0.898,1.616,0.445,0.12,1,True,True,True,True,4,True,KWEB_bounce_control_2026-07-09,5,bounce_control_2026-07-15,0,0.859,0.859,-0.187,1,27.06,26.74,,0.012889,0.020626,0.566176,0.643771,0.0,,,
2026-07-15,morning,2026-07-15,LITE,bounce,Medium,control,NO-GO,0/6,0.08059,813.95,-0.07611,-0.132342,-0.099674,-0.059463,0.122,0.122,2.487,,,False,False,False,False,4,True,LITE_bounce_control_2026-07-09,5,bounce_control_2026-07-15,0,1.819,0.432,-2.0,2,767.08,759.29,,0.021733,0.005695,0.664305,0.840811,0.0,,,
2026-07-15,morning,2026-07-15,LWLG,bounce,Small,control,NO-GO,2/6,0.109138,6.89,-0.020319,-0.087083,-0.095791,-0.13643,0.399,0.399,1.33,,,False,False,False,False,4,True,LWLG_bounce_control_2026-07-09,5,bounce_control_2026-07-15,0,3.529,0.683,-2.0,2,6.9028,6.83,,0.02489,0.018923,0.380253,0.906834,0.0,,,
2026-07-15,morning,2026-07-15,MP,bounce,Medium,control,NO-GO,0/6,0.056832,50.965,-0.02953,-0.108015,-0.112332,-0.103306,0.181,0.181,2.467,,,False,False,False,False,4,True,MP_bounce_control_2026-07-09,5,bounce_control_2026-07-15,0,1.263,0.249,-2.0,2,51.375,50.5,,-0.02241,0.004922,0.334402,0.395,0.0,,,
2026-07-15,morning,2026-07-15,MRVL,bounce,Large,control,NO-GO,1/6,0.0958,222.155,-0.071549,-0.152394,-0.150683,-0.122505,0.054,0.054,2.077,,,False,False,False,False,4,True,MRVL_bounce_control_2026-07-09,5,bounce_control_2026-07-15,0,1.125,0.211,-2.0,2,217.305,214.735,,-0.043722,0.013757,0.618891,1.041801,0.0,,,
2026-07-15,morning,2026-07-15,MSFT,bounce,Large,control,NO-GO,0/6,0.032325,387.8,0.020191,0.034296,0.015523,0.037365,0.89,1.451,0.112,0.11,1,True,True,True,True,4,True,MSFT_bounce_control_2026-07-09,5,bounce_control_2026-07-15,0,3.105,1.516,1.016,2,390.26,386.805,,0.003635,0.004079,0.763593,1.023414,0.0,,,
2026-07-15,morning,2026-07-15,MSTR,bounce,Medium,control,NO-GO,1/6,0.083736,99.785,-0.0232,-0.057674,-0.049456,-0.019692,0.259,0.259,1.164,,,False,False,False,False,4,True,MSTR_bounce_control_2026-07-09,5,bounce_control_2026-07-15,0,3.893,0.571,-2.0,2,101.29,99.78,,0.037616,0.006354,0.543607,0.704234,0.0,,,
2026-07-15,morning,2026-07-15,MU,bounce,Large,control,NO-GO,0/6,0.092129,975.805,-0.073298,-0.125645,-0.13,-0.113081,0.029,0.029,1.911,,,False,False,False,False,4,True,MU_bounce_control_2026-07-09,5,bounce_control_2026-07-15,0,0.472,0.061,-2.0,2,957.06,948.15,,-0.005065,-0.008931,0.498301,1.406373,0.0,,,
2026-07-15,morning,2026-07-15,MXL,bounce,Medium,control,NO-GO,0/6,0.13685,95.36,-0.068372,-0.219799,-0.246644,-0.213402,0.164,0.164,2.129,,,False,False,False,False,4,True,MXL_bounce_control_2026-07-09,5,bounce_control_2026-07-15,0,0.986,0.202,-2.0,2,96.74,94.75,,0.032859,0.018469,0.65711,1.133441,0.0,,,
2026-07-15,morning,2026-07-15,NBIS,bounce,Medium,control,NO-GO,3/6,0.129255,197.42,0.010587,-0.129926,-0.099838,-0.074967,0.228,0.228,1.298,,,True,False,False,False,4,True,NBIS_bounce_control_2026-07-09,5,bounce_control_2026-07-15,0,1.483,0.376,-2.0,2,200.5202,196.46,,-0.099704,0.018857,1.163923,0.679914,0.0,,,
2026-07-15,morning,2026-07-15,NOK,bounce,Medium,control,NO-GO,2/6,0.063135,12.045,-0.066002,-0.138232,-0.159817,-0.163138,0.0,0.0,2.913,,,False,False,False,False,4,True,NOK_bounce_control_2026-07-09,5,bounce_control_2026-07-15,0,0.643,0.118,-2.0,2,11.255,11.175,,-0.051447,0.008547,0.604033,1.971128,0.0,,,
2026-07-15,morning,2026-07-15,NVTS,bounce,Medium,control,NO-GO,2/6,0.120584,13.17,0.007593,-0.107441,-0.129841,-0.123766,0.268,0.268,1.53,,,True,False,False,False,4,True,NVTS_bounce_control_2026-07-09,5,bounce_control_2026-07-15,0,1.144,0.202,-2.0,2,13.425,13.16,,-0.010393,0.018335,0.58169,0.366578,0.0,,,
2026-07-15,morning,2026-07-15,OKLO,bounce,Medium,control,NO-GO,1/6,0.07394,46.79,-0.023509,-0.108784,-0.121393,-0.112845,0.211,0.211,2.098,,,False,False,False,False,4,True,OKLO_bounce_control_2026-07-09,5,bounce_control_2026-07-15,0,1.889,0.491,-2.0,2,47.48,46.4,,-0.046673,0.007137,0.574205,0.6534,0.0,,,
2026-07-15,morning,2026-07-15,ON,bounce,Medium,control,NO-GO,1/6,0.084005,94.56,-0.021362,-0.068105,-0.076036,-0.083122,0.04,0.04,1.411,,,False,False,False,False,4,True,ON_bounce_control_2026-07-09,5,bounce_control_2026-07-15,0,1.923,0.315,-2.0,2,94.07,93.18,,-0.004794,0.018884,0.457463,0.975108,0.0,,,
2026-07-15,morning,2026-07-15,OPEN,bounce,Medium,control,NO-GO,0/6,0.086561,4.62,0.028139,-0.010823,-0.025974,-0.037879,0.7,0.7,0.8,,,True,False,True,True,4,True,OPEN_bounce_control_2026-07-09,5,bounce_control_2026-07-15,0,3.18,1.368,0.262,2,4.705,4.57,,-0.038825,0.006593,0.529701,0.47478,0.0,,,
2026-07-15,morning,2026-07-15,ORCL,bounce,Large,control,NO-GO,2/6,0.054091,130.56,0.014782,-0.048637,-0.031786,-0.070313,0.473,0.473,1.491,,,True,False,False,False,4,True,ORCL_bounce_control_2026-07-09,5,bounce_control_2026-07-15,0,5.141,1.2,2.478,2,131.555,129.91,,-0.07665,0.015007,0.734594,2.406537,0.0,,,
2026-07-15,morning,2026-07-15,PL,bounce,Medium,control,NO-GO,2/6,0.091957,25.53,-0.024677,-0.134743,-0.119859,-0.132393,0.447,0.447,1.917,,,False,False,False,False,4,True,PL_bounce_control_2026-07-09,5,bounce_control_2026-07-15,0,2.245,0.469,-2.0,2,25.35,25.105,,-0.007996,0.011021,0.584936,0.496536,0.0,,,
2026-07-15,morning,2026-07-15,PLTR,bounce,Large,control,NO-GO,1/6,0.054831,134.34,-0.004317,0.000744,-0.01459,0.003796,0.345,0.345,0.768,,,False,True,False,False,4,True,PLTR_bounce_control_2026-07-09,5,bounce_control_2026-07-15,0,2.417,0.499,-1.0,2,134.17,133.0,,0.056471,0.00172,1.790423,0.680656,0.0,,,
2026-07-15,morning,2026-07-15,POET,bounce,Small,control,NO-GO,1/6,0.098847,8.97,-0.078038,-0.144928,-0.176143,-0.167224,0.203,0.203,2.008,,,False,False,False,False,4,True,POET_bounce_control_2026-07-09,5,bounce_control_2026-07-15,0,2.171,0.803,-2.0,2,8.888,8.73,,0.089049,0.027242,0.670718,0.796752,0.0,,,
2026-07-15,morning,2026-07-15,QCOM,bounce,Large,control,NO-GO,1/6,0.064767,180,-0.011222,-0.052167,-0.045667,-0.053778,0.061,0.061,1.306,,,False,False,False,False,4,True,QCOM_bounce_control_2026-07-09,5,bounce_control_2026-07-15,0,0.221,0.036,-2.0,2,179.5875,178.11,,-0.048425,0.010668,1.075643,1.051975,0.0,,,
2026-07-15,morning,2026-07-15,RGTI,bounce,Medium,control,NO-GO,1/6,0.082507,16.16,-0.056312,-0.127475,-0.126856,-0.118193,0.165,0.165,2.062,,,False,False,False,False,4,True,RGTI_bounce_control_2026-07-09,5,bounce_control_2026-07-15,0,0.878,0.27,-2.0,2,16.36,16.12,,-0.018742,0.007449,0.516472,0.54276,0.0,,,
2026-07-15,morning,2026-07-15,RKLB,bounce,Medium,control,NO-GO,3/6,0.096383,78.94,-0.03471,-0.14682,-0.1434,-0.167216,0.277,0.277,1.897,,,False,False,False,False,4,True,RKLB_bounce_control_2026-07-09,5,bounce_control_2026-07-15,0,1.321,0.335,-2.0,2,80.989,78.81,,-0.009995,0.018018,0.521154,0.811342,0.0,,,
2026-07-15,morning,2026-07-15,RVI,bounce,Small,control,NO-GO,0/6,0.089598,28.91,-0.059149,-0.130751,-0.094431,-0.083362,0.145,0.145,1.703,,,False,False,False,False,4,True,RVI_bounce_control_2026-07-09,5,bounce_control_2026-07-15,0,0.0,0.0,-2.0,2,29.11,28.9,,-0.078482,-0.008993,0.740168,0.365584,0.0,,,
2026-07-15,morning,2026-07-15,RXT,bounce,Small,control,NO-GO,2/6,0.212284,4.75,-0.063158,-0.113684,-0.126316,-0.094737,0.149,0.149,0.873,,,False,False,False,False,4,True,RXT_bounce_control_2026-07-13,3,bounce_control_2026-07-15,0,4.091,0.446,-2.0,2,4.8599,4.6,,-0.117978,0.012903,0.458666,1.944176,0.0,,,
2026-07-15,morning,2026-07-15,SMR,bounce,Medium,control,NO-GO,1/6,0.078043,8.59,-0.026775,-0.110594,-0.101281,-0.073341,0.477,0.477,2.059,,,False,False,False,False,4,True,SMR_bounce_control_2026-07-09,5,bounce_control_2026-07-15,0,1.848,0.523,-2.0,2,8.815,8.59,,-0.045354,0.003488,0.467696,1.689688,0.0,,,
2026-07-15,morning,2026-07-15,SNDK,bounce,Large,control,NO-GO,0/6,0.134349,1717.29,-0.059565,-0.17831,-0.211071,-0.190032,0.053,0.053,1.7,,,False,False,False,False,4,True,SNDK_bounce_control_2026-07-09,5,bounce_control_2026-07-15,0,0.373,0.065,-2.0,2,1659.75,1637.18,,-0.095474,-0.01412,0.434101,1.318764,0.0,,,
2026-07-15,morning,2026-07-15,SOXL,bounce,ETF,control,NO-GO,2/6,0.190147,183.77,-0.099146,-0.224683,-0.262829,-0.255537,0.007,0.007,1.926,,,False,False,False,False,4,True,SOXL_bounce_control_2026-07-09,5,bounce_control_2026-07-15,0,0.54,0.099,-2.0,2,177.2,174.1461,,-0.035057,0.050153,0.514967,0.604326,0.0,,,
2026-07-15,morning,2026-07-15,SPCE,bounce,Small,control,NO-GO,1/6,0.087042,2.65,0.022642,-0.022642,-0.033962,-0.033962,1.084,1.084,0.997,0.09,0,True,False,True,True,4,True,SPCE_bounce_control_2026-07-09,5,bounce_control_2026-07-15,0,1.684,1.387,-1.0,1,2.74,2.645,,0.019455,0.003831,0.735365,1.35051,0.0,,,
2026-07-15,morning,2026-07-15,STM,bounce,Medium,control,NO-GO,0/6,0.057079,70.05,-0.032834,-0.103926,-0.114061,-0.118059,0.03,0.03,2.854,,,False,False,False,False,4,True,STM_bounce_control_2026-07-09,5,bounce_control_2026-07-15,0,0.652,0.113,-2.0,2,68.995,68.65,,-0.018192,0.000428,0.709179,1.532027,0.0,,,
2026-07-15,morning,2026-07-15,STX,bounce,Large,control,NO-GO,0/6,0.09564,889.02,-0.0683,-0.161447,-0.114013,-0.097377,0.047,0.047,2.219,,,False,False,False,False,4,True,STX_bounce_control_2026-07-09,5,bounce_control_2026-07-15,0,0.385,0.051,-2.0,2,853.6148,848.01,,-0.031768,0.003541,0.443302,0.986118,0.0,,,
2026-07-15,morning,2026-07-15,TEAM,bounce,Medium,control,NO-GO,0/6,0.064043,91.17,0.006581,0.013053,0.023253,0.057694,0.802,1.041,0.457,0.46,3,True,True,True,True,4,True,TEAM_bounce_control_2026-07-09,5,bounce_control_2026-07-15,0,2.785,1.214,-1.0,1,92.305,91.032,,0.009453,0.00696,0.586634,1.283673,0.0,,,
2026-07-15,morning,2026-07-15,TSLA,bounce,Large,control,NO-GO,0/6,0.046797,399.395,-0.012356,-0.020869,-0.046458,-0.074675,0.385,0.385,1.603,,,False,False,False,False,4,True,TSLA_bounce_control_2026-07-09,5,bounce_control_2026-07-15,0,0.578,0.282,-2.0,2,403.9553,399.395,,-0.027001,0.001439,0.401798,0.33229,0.0,,,
2026-07-15,morning,2026-07-15,U,bounce,Medium,control,NO-GO,1/6,0.052376,32.17,-0.027976,-0.061548,-0.09885,-0.07336,0.119,0.119,2.107,,,False,False,False,False,4,True,U_bounce_control_2026-07-09,5,bounce_control_2026-07-15,0,4.25,1.211,0.211,2,31.27,31.03,,0.029459,0.001575,1.242227,0.534715,0.0,,,
2026-07-14,evening,2026-07-15,UMC,bounce,Medium,control,NO-GO,0/6,0.073411,25.6,-0.026562,-0.129297,-0.169922,-0.207031,0.106,0.106,2.894,,,False,False,False,False,4,True,UMC_bounce_control_2026-07-09,5,bounce_control_2026-07-15,0,0.514,0.112,-2.0,2,24.785,24.52,,-0.037007,0.030264,0.408831,0.642426,0.052667,,,
2026-07-15,morning,2026-07-15,WDC,bounce,Large,control,NO-GO,0/6,0.101248,562.64,-0.086734,-0.170322,-0.15182,-0.133691,0.118,0.118,2.319,,,False,False,False,False,4,True,WDC_bounce_control_2026-07-09,5,bounce_control_2026-07-15,0,0.536,0.054,-2.0,2,538.675,534.001,,-0.031043,0.002095,0.534343,0.570629,0.0,,,
2026-07-15,morning,2026-07-15,WOLF,bounce,Small,control,NO-GO,2/6,0.137557,35.5,-0.011268,-0.12169,-0.158028,-0.172394,0.328,0.328,1.47,,,False,False,False,False,4,True,WOLF_bounce_control_2026-07-09,5,bounce_control_2026-07-15,0,1.589,0.33,-2.0,2,36.295,35.15,,-0.002267,0.026231,0.489329,0.136124,0.0,,,
2026-07-16,morning,2026-07-16,AAOI,bounce,Medium,control,NO-GO,3/6,0.136693,105,-0.045333,-0.024667,-0.018857,0.13581,0.147,1.059,0.941,0.94,3,False,True,False,True,4,True,AAOI_bounce_control_2026-07-09,6,bounce_control_2026-07-16,1,1.843,0.488,-2.0,2,102.3991,100.5,,-0.045763,-0.021359,1.256048,1.30058,0.0,,,
2026-07-16,morning,2026-07-16,ALAB,bounce,Medium,control,NO-GO,2/6,0.136221,337.025,-0.051287,-0.099117,-0.082887,-0.051139,0.042,0.042,1.033,,,False,False,False,False,4,True,ALAB_bounce_control_2026-07-09,6,bounce_control_2026-07-16,1,0.523,0.043,-2.0,2,325.32,321.0,,-0.058141,-0.027437,0.76553,0.557934,0.0,,,
2026-07-16,morning,2026-07-16,AMAT,bounce,Large,control,NO-GO,0/6,0.095856,562.54,-0.002862,-0.058449,-0.065489,0.003573,0.529,0.529,0.915,,,False,True,False,True,4,True,AMAT_bounce_control_2026-07-09,5,bounce_control_2026-07-16,1,1.597,0.677,-2.0,2,572.83,561.4,,-0.002972,-0.009924,0.992169,0.802223,0.0,,,
2026-07-16,morning,2026-07-16,AMD,bounce,Large,control,NO-GO,1/6,0.077637,509.33,-0.016473,-0.026643,-0.011309,0.068914,0.238,0.981,1.242,,,False,True,False,True,4,True,AMD_bounce_control_2026-07-16,1,bounce_control_2026-07-16,1,1.905,0.408,-2.0,2,517.0,508.26,,-0.034867,-0.025291,1.231713,0.334853,0.0,,,
2026-07-16,morning,2026-07-16,APP,bounce,Large,control,NO-GO,0/6,0.081177,452.3,-0.039399,-0.061375,-0.061243,-0.0522,0.042,0.042,1.053,,,False,False,False,False,4,True,APP_bounce_control_2026-07-09,6,bounce_control_2026-07-16,1,0.311,0.063,-2.0,2,442.895,440.32,,0.031952,0.009432,0.499492,1.113721,0.0,,,
2026-07-16,morning,2026-07-16,ARM,bounce,Large,control,NO-GO,3/6,0.108706,268.54,-0.024317,-0.005027,0.003985,0.078908,0.004,0.872,0.871,,,False,True,False,True,4,True,ARM_bounce_control_2026-07-09,6,bounce_control_2026-07-16,1,0.994,0.114,-2.0,2,261.6,258.83,,-0.111709,-0.041226,0.807027,1.074295,0.0,,,
2026-07-15,evening,2026-07-16,ARM,bounce,Large,surfaced,CAUTION,4/6,0.10779,268.54,-0.024317,-0.005027,0.003985,0.078908,0.0,0.88,0.88,,,False,True,False,True,4,True,ARM_bounce_2026-07-16,1,bounce_2026-07-16,4,0.994,0.115,-2.0,2,261.6,258.83,,-0.157117,-0.000285,1.165368,,,-0.109012,-0.397879,-0.397879
2026-07-16,morning,2026-07-16,AVGO,bounce,Large,control,NO-GO,0/6,0.038499,384.535,-0.026226,-0.035653,-0.016578,0.00511,0.149,0.409,1.806,,,False,True,False,False,4,True,AVGO_bounce_control_2026-07-09,6,bounce_control_2026-07-16,1,2.579,0.794,-2.0,2,380.785,378.36,,0.017055,-0.009333,0.81528,0.740654,0.0,,,
2026-07-16,morning,2026-07-16,AXTI,bounce,Medium,control,NO-GO,2/6,0.162586,50.91,-0.104891,-0.099195,-0.040856,0.109998,0.057,0.7,1.085,,,False,True,False,True,4,True,AXTI_bounce_control_2026-07-09,5,bounce_control_2026-07-16,1,0.864,0.246,-2.0,2,48.28,47.1,,0.024574,-0.032198,0.916034,1.786684,0.0,,,
2026-07-16,morning,2026-07-16,BE,bounce,Medium,control,NO-GO,2/6,0.147952,228.3,-0.094481,-0.058432,-0.136837,-0.008936,0.05,0.05,0.998,,,False,False,False,False,4,True,BE_bounce_control_2026-07-09,6,bounce_control_2026-07-16,1,2.316,0.481,-2.0,2,221.33,217.82,,-0.003169,-0.027697,0.819275,0.844551,0.0,,,
2026-07-16,morning,2026-07-16,BOT,bounce,Small,control,NO-GO,2/6,0.153667,32,-0.085938,-0.088125,-0.152188,-0.109688,0.0,0.0,1.15,,,False,False,False,False,4,True,BOT_bounce_control_2026-07-09,6,bounce_control_2026-07-16,1,5.1,0.59,-1.15,2,30.09,29.28,,-0.025601,,1.126805,0.430782,0.0,,,
2026-07-16,morning,2026-07-16,BRUN,bounce,Small,control,NO-GO,0/6,0.14276,25.06,-0.04988,-0.025539,-0.063049,0.018755,0.095,0.257,0.808,,,False,True,False,False,4,True,BRUN_bounce_control_2026-07-09,6,bounce_control_2026-07-16,1,0.863,0.246,-2.0,2,24.995,24.45,,-0.000779,,0.597836,0.634988,0.0,,,
2026-07-16,morning,2026-07-16,CAR,bounce,Medium,control,NO-GO,2/6,0.05958,161.13,-0.029665,-0.003475,-0.009992,0.006889,0.269,0.285,0.823,,,False,True,False,False,4,True,CAR_bounce_control_2026-07-09,6,bounce_control_2026-07-16,1,1.919,0.47,-2.0,2,161.225,161.005,,0.032467,,1.362269,0.251175,0.0,,,
2026-07-16,morning,2026-07-16,CBRS,bounce,Medium,control,NO-GO,2/6,0.117171,178.51,0.010924,-0.031651,-0.009131,0.168394,0.377,1.536,0.773,0.77,3,True,True,False,True,4,True,CBRS_bounce_control_2026-07-09,6,bounce_control_2026-07-16,1,6.118,0.957,2.48,1,176.3952,174.76,,-0.105708,-0.005543,1.05475,0.584651,0.0,,,
2026-07-16,morning,2026-07-16,CRDO,bounce,Medium,control,NO-GO,2/6,0.121504,218.74,-0.049237,-0.07342,-0.030493,0.023453,0.135,0.267,1.237,,,False,True,False,False,4,True,CRDO_bounce_control_2026-07-13,4,bounce_control_2026-07-16,1,1.851,0.468,-2.0,2,213.81,210.45,,-0.070373,-0.0288,0.836809,0.614771,0.0,,,
2026-07-16,morning,2026-07-16,CRML,bounce,Small,control,NO-GO,0/6,0.086067,7.3,-0.080822,-0.123288,-0.149315,-0.130137,0.111,0.111,2.037,,,False,False,False,False,4,True,CRML_bounce_control_2026-07-09,6,bounce_control_2026-07-16,1,0.197,0.023,-2.0,2,7.0601,7.0236,,0.005369,0.002677,0.899723,0.389851,0.0,,,
2026-07-16,morning,2026-07-16,CRWD,bounce,Large,control,NO-GO,2/6,0.243302,207.17,-0.01646,-0.019742,-0.041898,-0.077328,0.01,0.046,0.347,,,False,False,False,False,4,True,CRWD_bounce_control_2026-07-09,6,bounce_control_2026-07-16,1,3.403,0.201,1.483,1,201.56,200.07,,0.109042,0.007883,0.244556,3.379649,0.0,,,
2026-07-16,morning,2026-07-16,CRWV,bounce,Medium,control,NO-GO,0/6,0.092867,75.57,-0.035199,-0.031229,-0.033214,0.053063,0.007,0.695,1.006,,,False,True,False,True,4,True,CRWV_bounce_control_2026-07-09,6,bounce_control_2026-07-16,1,2.209,0.422,-2.0,2,73.47,72.8,,-0.084864,-0.011411,0.823409,0.95176,0.0,,,
2026-07-16,morning,2026-07-16,DGXX,bounce,Small,control,NO-GO,2/6,0.10687,3.95,-0.058228,-0.04557,0.024051,0.070886,0.059,1.019,1.066,1.07,3,False,True,False,True,4,True,DGXX_bounce_control_2026-07-09,6,bounce_control_2026-07-16,1,0.4,0.237,-2.0,2,3.85,3.81,,-0.037647,-0.004866,0.983757,0.674216,0.0,,,
2026-07-16,morning,2026-07-16,DXYZ,bounce,Small,control,NO-GO,1/6,0.066617,26.51,0.024142,-0.02037,-0.07318,-0.031686,1.014,1.014,1.2,-0.0,0,True,False,True,True,4,True,DXYZ_bounce_control_2026-07-09,6,bounce_control_2026-07-16,1,0.689,0.689,-0.33,1,27.57,26.51,,-0.021982,-0.010554,1.469618,0.410702,0.0,,,
2026-07-16,morning,2026-07-16,ETHE,bounce,Medium,control,NO-GO,0/6,0.039324,15.2,-0.004605,-0.021053,0.007895,0.021711,0.125,0.82,1.087,,,False,True,False,True,4,True,ETHE_bounce_control_2026-07-09,6,bounce_control_2026-07-16,1,2.25,0.301,-2.0,2,15.22,15.185,,0.062194,-0.020619,0.515625,0.61565,0.0,,,
2026-07-16,morning,2026-07-16,EWY,bounce,ETF,control,NO-GO,0/6,0.063442,166.68,-0.019918,-0.024838,-0.022918,0.037317,0.095,0.71,1.18,,,False,True,False,True,4,True,EWY_bounce_control_2026-07-09,6,bounce_control_2026-07-16,1,1.437,0.392,-2.0,2,165.57,164.13,,0.001726,-0.019401,0.973978,2.60688,0.0,,,
2026-07-16,morning,2026-07-16,FCEL,bounce,Small,control,NO-GO,2/6,0.238782,19.57,-0.118038,-0.054931,0.013797,0.105774,0.024,0.559,0.655,,,False,True,False,True,4,True,FCEL_bounce_control_2026-07-09,6,bounce_control_2026-07-16,1,0.781,0.107,-2.0,2,18.54,18.22,,0.022013,-0.037037,0.779596,12.975018,0.0,,,
2026-07-16,morning,2026-07-16,FIG,bounce,Medium,control,NO-GO,1/6,0.080771,24.2,-0.032645,-0.010331,-0.007438,-0.093802,0.077,0.341,1.248,,,False,False,False,False,4,True,FIG_bounce_control_2026-07-09,6,bounce_control_2026-07-16,1,2.468,1.187,1.489,1,22.69,22.22,,0.002114,0.008511,0.647766,2.558822,0.0,,,
2026-07-16,morning,2026-07-16,FJET,bounce,Micro,control,NO-GO,3/6,0.115376,4.32,-0.078704,-0.108796,-0.145833,-0.06713,0.094,0.094,1.545,,,False,False,False,False,4,True,FJET_bounce_control_2026-07-09,6,bounce_control_2026-07-16,1,0.034,0.012,-2.0,2,4.3,4.25,,-0.080338,-0.004577,1.275191,0.250223,0.0,,,
2026-07-16,morning,2026-07-16,GLW,bounce,Large,control,NO-GO,3/6,0.121362,166.58,-0.049166,-0.071857,-0.080922,-0.025033,0.046,0.046,0.972,,,False,False,False,False,4,True,GLW_bounce_control_2026-07-09,6,bounce_control_2026-07-16,1,2.624,0.441,-2.0,2,161.02,159.3201,,-0.079297,-0.03337,0.976524,0.767799,0.0,,,
2026-07-16,morning,2026-07-16,HQ,bounce,Small,control,NO-GO,3/6,0.159648,20.93,0.0,0.065934,-0.063545,-0.20258,0.359,0.916,1.326,,,False,False,False,True,4,True,HQ_bounce_control_2026-07-09,6,bounce_control_2026-07-16,1,1.136,1.003,-0.434,2,21.9,20.93,,0.02479,,1.31508,0.672409,0.0,,,
2026-07-16,morning,2026-07-16,HYLN,bounce,Small,control,NO-GO,2/6,0.121735,3.88,-0.036082,-0.036082,-0.085052,0.0,0.116,0.116,0.741,,,False,False,False,False,4,True,HYLN_bounce_control_2026-07-09,6,bounce_control_2026-07-16,1,2.0,0.133,-2.0,2,3.7087,3.69,,0.023377,-0.002532,0.875665,1.103446,0.0,,,
2026-07-16,morning,2026-07-16,IBIT,bounce,ETF,control,NO-GO,1/6,0.032023,36.37,0.00055,-0.00055,0.014297,0.035744,0.322,1.339,0.867,0.87,3,True,True,False,True,4,True,IBIT_bounce_control_2026-07-09,6,bounce_control_2026-07-16,1,2.72,0.584,-2.0,2,36.45,36.35,,0.028677,-0.015757,0.430106,0.86857,0.0,,,
2026-07-16,morning,2026-07-16,INOD,bounce,Medium,control,NO-GO,3/6,0.08081,64.12,-0.049127,-0.051622,-0.031815,-0.007642,0.073,0.073,1.181,,,False,False,False,False,4,True,INOD_bounce_control_2026-07-09,6,bounce_control_2026-07-16,1,0.235,0.064,-2.0,2,62.865,62.19,,-0.045508,-0.00444,1.124799,0.420592,0.0,,,
2026-07-16,morning,2026-07-16,INTC,bounce,Large,control,NO-GO,1/6,0.09581,101.14,-0.041131,-0.060312,-0.04034,0.042614,0.076,0.537,1.192,,,False,True,False,True,4,True,INTC_bounce_control_2026-07-09,6,bounce_control_2026-07-16,1,0.451,0.038,-2.0,2,98.6,98.19,,-0.015322,-0.014079,1.07005,0.835695,0.0,,,
2026-07-16,morning,2026-07-16,IONQ,bounce,Medium,control,NO-GO,0/6,0.0944,37,-0.051351,-0.06,-0.074595,-0.04027,0.07,0.07,1.062,,,False,False,False,False,4,True,IONQ_bounce_control_2026-07-09,6,bounce_control_2026-07-16,1,1.051,0.235,-2.0,2,36.09,35.7,,-0.035494,-0.000267,0.906781,0.695776,0.0,,,
2026-07-16,morning,2026-07-16,IREN,bounce,Medium,control,NO-GO,0/6,0.105962,37.09,-0.060933,-0.093556,0.08385,0.113238,0.084,1.422,1.239,1.24,2,False,True,False,True,4,True,IREN_bounce_control_2026-07-09,6,bounce_control_2026-07-16,1,0.367,0.14,-2.0,2,37.145,36.38,,-0.024115,-0.00627,0.618041,0.971748,0.0,,,
2026-07-16,morning,2026-07-16,KEEL,bounce,Medium,control,NO-GO,1/6,0.133055,4.19,-0.060859,-0.057279,0.0358,0.109785,0.036,0.969,0.987,,,False,True,False,True,4,True,KEEL_bounce_control_2026-07-09,6,bounce_control_2026-07-16,1,3.0,0.269,1.6,2,3.99,3.96,,-0.038991,-0.036782,0.7713,0.596141,0.0,,,
2026-07-16,morning,2026-07-16,KWEB,bounce,ETF,control,NO-GO,1/6,0.02333,27.55,-0.002541,-0.02686,-0.003993,-0.019238,0.319,0.319,1.556,,,False,False,False,False,4,True,KWEB_bounce_control_2026-07-09,6,bounce_control_2026-07-16,1,2.267,0.529,0.067,1,27.475,27.4,,0.051087,0.021111,0.925042,0.542365,0.0,,,
2026-07-16,morning,2026-07-16,LITE,bounce,Medium,control,NO-GO,2/6,0.093204,731.39,-0.0344,0.001955,0.046706,0.145162,0.097,1.637,1.182,1.18,2,False,True,False,True,4,True,LITE_bounce_control_2026-07-09,6,bounce_control_2026-07-16,1,1.438,0.51,-2.0,2,719.62,707.535,,-0.035345,-0.014628,1.52828,0.839681,0.0,,,
2026-07-16,morning,2026-07-16,LWLG,bounce,Small,control,NO-GO,0/6,0.111315,6.48,-0.029321,-0.03858,-0.08179,0.061728,0.083,0.575,0.818,,,False,True,False,True,4,True,LWLG_bounce_control_2026-07-09,6,bounce_control_2026-07-16,1,4.556,0.568,-2.0,2,6.43,6.3,,0.020093,-0.022222,0.911963,0.70933,0.0,,,
2026-07-16,morning,2026-07-16,MP,bounce,Medium,control,NO-GO,1/6,0.05807,48.24,-0.057629,-0.062189,-0.052653,-0.040216,0.018,0.018,1.578,,,False,False,False,False,4,True,MP_bounce_control_2026-07-09,6,bounce_control_2026-07-16,1,1.31,0.35,-2.0,2,46.69,46.316,,-0.00404,-0.003235,1.019963,0.308556,0.0,,,
2026-07-15,evening,2026-07-16,MRVL,bounce,Large,control,NO-GO,3/6,0.105091,200.12,-0.059065,-0.057166,-0.025884,0.039176,0.087,0.498,1.054,,,False,True,False,False,4,True,MRVL_bounce_control_2026-07-09,6,bounce_control_2026-07-16,1,1.386,0.154,-2.0,2,192.68,191.3,,-0.12826,-0.001281,0.618891,1.041801,0.032165,,,
2026-07-16,morning,2026-07-16,MRVL,bounce,Large,surfaced,CAUTION,4/6,0.108435,200.12,-0.059065,-0.057166,-0.025884,0.039176,0.08,0.48,1.02,,,False,True,False,False,4,True,MRVL_bounce_2026-07-16,1,bounce_2026-07-16,4,1.386,0.149,-2.0,2,192.68,191.3,,-0.072675,-0.022007,1.009431,,,-0.151685,-0.388502,-0.388502
2026-07-16,morning,2026-07-16,MSFT,bounce,Large,control,NO-GO,1/6,0.031164,398.31,0.007005,-0.011273,0.009992,-0.001406,0.619,0.619,0.719,,,True,False,True,True,4,True,MSFT_bounce_control_2026-07-09,6,bounce_control_2026-07-16,1,7.273,1.975,4.389,1,393.735,392.0501,,0.024937,0.012916,1.00572,0.97187,0.0,,,
2026-07-16,morning,2026-07-16,MSTR,bounce,Medium,control,NO-GO,1/6,0.081484,96,-0.020521,-0.011979,0.018958,0.061979,0.078,1.099,0.759,0.76,3,False,True,False,True,4,True,MSTR_bounce_control_2026-07-09,6,bounce_control_2026-07-16,1,0.804,0.247,-2.0,2,95.885,94.9,,0.038871,-0.018365,0.716946,0.98912,0.0,,,
2026-07-16,morning,2026-07-16,MU,bounce,Large,control,NO-GO,1/6,0.102823,866.765,-0.01565,-0.020553,-0.001506,0.12005,0.235,1.303,0.704,0.7,3,False,True,False,True,4,True,MU_bounce_control_2026-07-09,6,bounce_control_2026-07-16,1,0.298,0.11,-2.0,2,882.79,866.3,,-0.055496,-0.021321,1.151336,1.193715,0.0,,,
2026-07-16,morning,2026-07-16,MXL,bounce,Medium,control,NO-GO,2/6,0.152327,82.94,-0.102966,-0.133832,-0.095611,0.037618,0.147,0.288,1.216,,,False,True,False,False,4,True,MXL_bounce_control_2026-07-09,6,bounce_control_2026-07-16,1,0.926,0.12,-2.0,2,81.615,80.8,,-0.023628,-0.018573,0.982576,0.919744,0.0,,,
2026-07-16,morning,2026-07-16,NBIS,bounce,Medium,control,NO-GO,2/6,0.12786,190.41,-0.097894,-0.066698,-0.040912,0.139226,0.11,1.118,1.072,1.07,3,False,True,False,True,4,True,NBIS_bounce_control_2026-07-09,6,bounce_control_2026-07-16,1,0.172,0.063,-2.0,2,191.8193,187.35,,-0.079379,-0.02862,0.646101,1.107093,0.0,,,
2026-07-16,morning,2026-07-16,NOK,bounce,Medium,control,NO-GO,3/6,0.072245,10.8,-0.038889,-0.062963,-0.066667,-0.015741,0.115,0.115,1.243,,,False,False,False,False,4,True,NOK_bounce_control_2026-07-09,6,bounce_control_2026-07-16,1,1.002,0.244,-2.0,2,10.615,10.5202,,-0.064157,-0.027556,1.524627,1.654182,0.0,,,
2026-07-16,morning,2026-07-16,NVTS,bounce,Medium,control,NO-GO,2/6,0.107326,12.652,-0.070898,-0.094214,-0.087891,0.013674,0.161,0.161,1.408,,,False,True,False,False,4,True,NVTS_bounce_control_2026-07-09,6,bounce_control_2026-07-16,1,0.166,0.046,-2.0,2,12.8202,12.44,,0.010878,-0.019593,0.734008,0.274267,0.0,,,
2026-07-16,morning,2026-07-16,OKLO,bounce,Medium,control,NO-GO,1/6,0.075029,44.3,-0.058691,-0.072009,-0.06298,-0.003837,0.018,0.018,1.435,,,False,False,False,False,4,True,OKLO_bounce_control_2026-07-09,6,bounce_control_2026-07-16,1,0.64,0.093,-2.0,2,43.095,42.6707,,-0.018118,-0.01554,0.995615,0.425918,0.0,,,
2026-07-16,morning,2026-07-16,ON,bounce,Medium,control,NO-GO,2/6,0.086939,88.945,-0.009275,-0.017708,-0.02524,0.023779,0.158,0.342,0.724,,,False,True,False,False,4,True,ON_bounce_control_2026-07-09,6,bounce_control_2026-07-16,1,2.551,0.455,-2.0,2,88.06,87.37,,0.006197,-0.017398,0.560379,0.769037,0.0,,,
2026-07-16,morning,2026-07-16,OPEN,bounce,Medium,control,NO-GO,0/6,0.085114,4.69,-0.025586,-0.040512,-0.052239,-0.044776,0.288,0.288,1.052,,,False,False,False,False,4,True,OPEN_bounce_control_2026-07-09,6,bounce_control_2026-07-16,1,0.471,0.2,-2.0,2,4.765,4.68,,0.050167,-0.008421,0.896764,0.729978,0.0,,,
2026-07-16,morning,2026-07-16,ORCL,bounce,Large,control,NO-GO,2/6,0.04993,131.475,-0.055258,-0.038524,-0.076783,-0.033657,0.046,0.046,1.743,,,False,False,False,False,4,True,ORCL_bounce_control_2026-07-09,6,bounce_control_2026-07-16,1,0.41,0.163,-2.0,2,127.37,126.62,,0.02121,0.013888,0.75442,2.228015,0.0,,,
2026-07-16,morning,2026-07-16,PL,bounce,Medium,control,NO-GO,0/6,0.095185,24.13,-0.084542,-0.068794,-0.082056,-0.042685,0.013,0.013,1.35,,,False,False,False,False,4,True,PL_bounce_control_2026-07-09,6,bounce_control_2026-07-16,1,0.838,0.27,-2.0,2,23.27,22.9,,-0.068952,-0.029317,0.99104,0.456938,0.0,,,
2026-07-16,morning,2026-07-16,PLTR,bounce,Large,control,NO-GO,0/6,0.053478,133.08,0.010219,-0.00526,0.0133,-0.003156,0.44,0.497,0.618,,,True,False,False,False,4,True,PLTR_bounce_control_2026-07-09,6,bounce_control_2026-07-16,1,5.172,1.773,3.73,1,129.9,128.68,,0.038142,0.00927,0.554049,0.842207,0.0,,,
2026-07-16,morning,2026-07-16,POET,bounce,Small,control,NO-GO,3/6,0.107177,7.93,-0.032787,-0.068096,-0.058008,0.055485,0.153,0.612,0.871,,,False,True,False,True,4,True,POET_bounce_control_2026-07-09,6,bounce_control_2026-07-16,1,2.278,0.482,0.333,2,7.72,7.64,,0.01875,-0.01451,1.156277,0.918277,0.0,,,
2026-07-16,morning,2026-07-16,QCOM,bounce,Large,control,NO-GO,1/6,0.063334,173.08,-0.014271,-0.007511,-0.015946,0.002427,0.08,0.289,0.758,,,False,True,False,False,4,True,QCOM_bounce_control_2026-07-09,6,bounce_control_2026-07-16,1,4.328,0.612,-2.0,2,172.91,171.3,,-0.043374,-0.011125,0.53379,1.043254,0.0,,,
2026-07-16,morning,2026-07-16,RGTI,bounce,Medium,control,NO-GO,2/6,0.084362,14.83,-0.049225,-0.04855,-0.03911,0.030344,0.108,0.452,1.135,,,False,True,False,False,4,True,RGTI_bounce_control_2026-07-09,6,bounce_control_2026-07-16,1,0.92,0.184,-2.0,2,14.655,14.53,,-0.010417,-0.003279,1.146378,0.427789,0.0,,,
2026-07-16,morning,2026-07-16,RKLB,bounce,Medium,control,NO-GO,0/6,0.09981,73.38,-0.082175,-0.078496,-0.104116,-0.058054,0.078,0.078,1.211,,,False,False,False,False,4,True,RKLB_bounce_control_2026-07-09,6,bounce_control_2026-07-16,1,0.8,0.202,-2.0,2,70.14,69.19,,-0.028151,-0.021391,0.834359,0.672532,0.0,,,
2026-07-16,morning,2026-07-16,RVI,bounce,Small,control,NO-GO,1/6,0.093367,27.37,-0.081841,-0.043478,-0.031787,-0.004384,0.092,0.231,1.123,,,False,False,False,False,4,True,RVI_bounce_control_2026-07-09,6,bounce_control_2026-07-16,1,0.239,0.086,-2.0,2,26.2999,26.11,,-0.108197,,1.097114,0.419811,0.0,,,
2026-07-16,morning,2026-07-16,RXT,bounce,Small,control,NO-GO,2/6,0.225779,4.41,-0.045351,-0.058957,-0.024943,-0.004535,0.02,0.11,0.542,,,False,False,False,False,4,True,RXT_bounce_control_2026-07-13,4,bounce_control_2026-07-16,1,0.522,0.262,-0.638,2,4.3099,4.24,,-0.026549,-0.011236,0.664366,1.245988,0.0,,,
2026-07-16,morning,2026-07-16,SIMO,bounce,Medium,control,NO-GO,1/6,0.094127,280,-0.026964,-0.055982,-0.097821,-0.006536,0.313,0.313,1.328,,,False,False,False,False,4,True,SIMO_bounce_control_2026-07-14,2,bounce_control_2026-07-16,1,4.935,0.418,-2.0,2,270.187,269.07,,-0.0204,,1.18696,0.930128,0.0,,,
2026-07-16,morning,2026-07-16,SMR,bounce,Medium,control,NO-GO,2/6,0.081009,8.12,-0.059113,-0.049261,-0.019704,0.07266,0.015,0.943,1.383,,,False,True,False,True,4,True,SMR_bounce_control_2026-07-09,6,bounce_control_2026-07-16,1,0.667,0.182,-2.0,2,7.81,7.72,,-0.009581,-0.010766,1.253838,1.039635,0.0,,,
2026-07-15,evening,2026-07-16,SNDK,bounce,Large,control,NO-GO,2/6,0.144818,1527.49,-0.07621,-0.113042,-0.089388,0.040531,0.109,0.308,0.915,,,False,True,False,False,4,True,SNDK_bounce_control_2026-07-09,6,bounce_control_2026-07-16,1,2.667,0.506,-2.0,2,1477.0,1456.0,,-0.160863,-0.023057,0.434101,1.318764,0.048422,,,
2026-07-16,morning,2026-07-16,SNDK,bounce,Large,surfaced,CAUTION,4/6,0.158446,1527.49,-0.07621,-0.113042,-0.089388,0.040531,0.1,0.28,0.84,,,False,True,False,False,4,True,SNDK_bounce_2026-07-16,1,bounce_2026-07-16,4,2.667,0.463,-2.0,2,1477.0,1456.0,,-0.090187,-0.056966,1.040139,,,-0.150519,-0.353123,-0.353123
2026-07-15,evening,2026-07-16,SOXL,bounce,ETF,control,NO-GO,2/6,0.219884,150.44,-0.052911,-0.099508,-0.090601,0.053842,0.163,0.308,1.027,,,False,True,False,True,4,True,SOXL_bounce_control_2026-07-09,6,bounce_control_2026-07-16,1,3.711,0.54,-2.0,2,146.905,144.5,,-0.165557,0.040247,0.514967,0.604326,0.029082,,,
2026-07-16,morning,2026-07-16,SOXL,bounce,ETF,surfaced,CAUTION,4/6,0.230353,150.44,-0.052911,-0.099508,-0.090601,0.053842,0.16,0.29,0.98,,,False,True,False,True,4,True,SOXL_bounce_2026-07-14,2,bounce_2026-07-16,4,3.711,0.515,-2.0,2,146.905,144.5,,-0.058717,-0.05974,0.948218,,,-0.146601,-0.48457,-0.48457
2026-07-16,morning,2026-07-16,SPCE,bounce,Small,control,NO-GO,1/6,0.084151,2.69,-0.037175,-0.048327,-0.048327,0.033457,0.331,0.486,1.193,,,False,True,False,False,4,True,SPCE_bounce_control_2026-07-09,6,bounce_control_2026-07-16,1,0.679,0.25,-2.0,2,2.665,2.64,,0.119835,0.0,1.183951,1.752889,0.0,,,
2026-07-16,morning,2026-07-16,STM,bounce,Medium,control,NO-GO,1/6,0.062425,64.96,-0.033713,-0.044643,-0.048953,0.007235,0.062,0.286,1.559,,,False,True,False,False,4,True,STM_bounce_control_2026-07-09,6,bounce_control_2026-07-16,1,2.405,0.439,-2.0,2,63.71,63.34,,-0.042354,-0.032177,1.106714,1.483885,0.0,,,
2026-07-16,morning,2026-07-16,STX,bounce,Large,control,NO-GO,1/6,0.107429,785.11,-0.050464,0.003248,0.022086,0.13593,0.164,1.362,1.004,1.0,3,False,True,False,True,4,True,STX_bounce_control_2026-07-09,6,bounce_control_2026-07-16,1,2.569,0.631,-2.0,2,768.52,760.73,,-0.073966,-0.037788,1.21501,0.876798,0.0,,,
2026-07-16,morning,2026-07-16,TEAM,bounce,Medium,control,NO-GO,0/6,0.063655,94.24,-0.019949,-0.010081,0.023239,-0.038625,0.162,0.502,0.957,,,False,False,False,True,4,True,TEAM_bounce_control_2026-07-09,6,bounce_control_2026-07-16,1,3.619,1.424,1.263,2,89.68,89.27,,-0.023752,0.022949,0.83672,1.007592,0.0,,,
2026-07-16,morning,2026-07-16,TSLA,bounce,Large,control,NO-GO,0/6,0.047836,392.35,-0.003288,-0.029336,-0.05806,-0.034204,0.158,0.158,1.221,,,False,False,False,False,4,True,TSLA_bounce_control_2026-07-09,6,bounce_control_2026-07-16,1,4.491,0.871,2.216,1,387.1392,385.32,,-0.000152,0.000608,0.843688,0.232541,0.0,,,
2026-07-16,morning,2026-07-16,U,bounce,Medium,control,NO-GO,0/6,0.053688,31.26,-0.034229,-0.072617,-0.046385,-0.044466,0.313,0.313,1.573,,,False,False,False,False,4,True,U_bounce_control_2026-07-09,6,bounce_control_2026-07-16,1,0.438,0.083,-2.0,2,30.82,30.58,,0.026402,0.007035,0.893151,0.447314,0.0,,,
2026-07-16,morning,2026-07-16,UMC,bounce,Medium,control,NO-GO,1/6,0.072652,22.73,-0.019358,-0.065112,-0.106907,-0.067752,0.285,0.285,1.556,,,False,False,False,False,4,True,UMC_bounce_control_2026-07-09,6,bounce_control_2026-07-16,1,1.932,0.515,-2.0,2,22.685,22.465,,-0.018329,-0.075843,0.950295,1.256879,0.0,,,
2026-07-15,evening,2026-07-16,WDC,bounce,Large,control,NO-GO,2/6,0.111848,486.68,-0.040828,-0.019438,0.001521,0.126798,0.221,1.23,1.032,1.03,3,False,True,False,True,4,True,WDC_bounce_control_2026-07-09,6,bounce_control_2026-07-16,1,1.512,0.113,-2.0,2,468.3201,466.28,,-0.122875,-0.001207,0.534343,0.570629,0.018349,,,
2026-07-16,morning,2026-07-16,WDC,bounce,Large,surfaced,CAUTION,4/6,0.117795,486.68,-0.040828,-0.019438,0.001521,0.126798,0.21,1.17,0.98,0.98,3,False,True,False,True,4,True,WDC_bounce_2026-07-16,1,bounce_2026-07-16,4,1.512,0.108,-2.0,2,468.3201,466.28,,-0.110791,-0.038611,1.251918,,,-0.104529,-0.3824,-0.3824
2026-07-16,morning,2026-07-16,WOLF,bounce,Small,control,NO-GO,2/6,0.140351,34.01,-0.083211,-0.121141,-0.136136,-0.067039,0.023,0.023,1.192,,,False,False,False,False,4,True,WOLF_bounce_control_2026-07-09,6,bounce_control_2026-07-16,1,0.607,0.19,-2.0,2,32.7066,31.96,,0.010401,-0.031339,0.9011,0.116216,0.0,,,
2026-07-17,morning,2026-07-17,AAOI,bounce,Medium,surfaced,GO,5/6,0.147734,96.11,0.06555,0.071897,0.24087,0.149932,0.71,1.7,0.32,0.32,2,True,True,True,True,4,True,AAOI_bounce_2026-07-17,1,bounce_2026-07-17,13,3.737,1.631,2.501,1,94.6,91.5012,,-0.239139,-0.047785,0.653843,,,-0.19594,-0.544696,-0.591518
2026-07-16,evening,2026-07-17,ALAB,bounce,Medium,control,NO-GO,3/6,0.146267,304.175,-0.001825,0.016158,0.051336,0.087844,0.238,0.78,0.328,,,False,True,False,True,4,True,ALAB_bounce_control_2026-07-09,7,bounce_control_2026-07-17,1,2.863,0.838,1.149,1,296.11,289.6,,-0.122828,-0.038774,0.76553,0.557934,0.015677,,,
2026-07-17,morning,2026-07-17,ALAB,bounce,Medium,surfaced,GO,5/6,0.150832,304.175,-0.001825,0.016158,0.051336,0.087844,0.23,0.76,0.32,,,False,True,False,True,4,True,ALAB_bounce_2026-07-17,1,bounce_2026-07-17,13,2.863,0.813,1.149,1,296.11,289.6,,-0.156946,-0.0461,0.550283,,,-0.27009,-0.38936,-0.38936
2026-07-17,morning,2026-07-17,AMAT,bounce,Large,control,NO-GO,0/6,0.097316,532.4,-0.005147,-0.012585,0.060387,0.040421,0.362,0.774,0.37,,,False,True,False,True,4,True,AMAT_bounce_control_2026-07-09,6,bounce_control_2026-07-17,1,,,,0,,,,-0.108629,-0.053376,0.654448,1.021286,0.0,,,
2026-07-17,morning,2026-07-17,AMD,bounce,Large,control,NO-GO,1/6,0.081935,476.88,0.039591,0.055968,0.14165,0.158216,0.742,2.165,0.427,0.43,1,True,True,True,True,4,True,AMD_bounce_control_2026-07-16,2,bounce_control_2026-07-17,1,7.229,2.054,5.36,1,465.76,460.21,,-0.118822,-0.035813,0.680739,0.444173,0.0,,,
2026-07-17,morning,2026-07-17,APP,bounce,Large,control,NO-GO,0/6,0.082493,421.43,0.00738,0.007522,0.017227,-0.021237,0.286,0.475,0.413,,,True,False,False,False,4,True,APP_bounce_control_2026-07-09,7,bounce_control_2026-07-17,1,5.505,0.865,1.923,2,428.025,420.2159,,-0.046728,-0.014914,0.60696,0.798226,0.0,,,
2026-07-17,morning,2026-07-17,ARM,bounce,Large,control,NO-GO,3/6,0.110238,249.865,0.069337,0.079023,0.159546,0.134212,0.836,1.602,0.245,0.24,2,True,True,True,True,4,True,ARM_bounce_control_2026-07-09,7,bounce_control_2026-07-17,1,13.963,2.016,11.047,1,245.1089,243.12,,-0.105523,-0.040113,0.578903,0.744139,0.0,,,
2026-07-17,morning,2026-07-17,AVGO,bounce,Large,control,NO-GO,0/6,0.042313,366.045,0.013059,0.033097,0.055881,0.084047,0.73,2.101,0.532,0.53,1,True,True,True,True,4,True,AVGO_bounce_control_2026-07-09,7,bounce_control_2026-07-17,1,7.886,2.24,4.927,1,360.0,357.8,,-0.059392,-0.022566,0.958259,0.606672,0.0,,,
2026-07-17,morning,2026-07-17,AXTI,bounce,Medium,control,NO-GO,3/6,0.189131,43.32,0.058633,0.127193,0.304478,0.222992,0.605,1.649,0.17,0.17,2,True,True,True,True,4,True,AXTI_bounce_control_2026-07-09,6,bounce_control_2026-07-17,1,4.254,1.255,1.269,2,42.76,42.23,,-0.235713,-0.034452,0.764261,1.198072,0.0,,,
2026-07-16,evening,2026-07-17,AXTI,bounce,Medium,surfaced,CAUTION,4/6,0.185967,43.32,0.058633,0.127193,0.304478,0.222992,0.62,1.68,0.17,0.17,2,True,True,True,True,4,True,AXTI_bounce_2026-07-14,2,bounce_2026-07-17,13,4.254,1.276,1.269,2,42.76,42.23,,-0.104241,-0.046986,0.916034,,,-0.261438,-0.633117,-0.684269
2026-07-17,morning,2026-07-17,BABA,bounce,Large,control,NO-GO,0/6,0.03474,114.65,0.002791,0.049629,0.028958,0.016659,0.321,1.809,0.178,0.18,1,True,True,False,True,4,True,BABA_bounce_control_2026-07-17,1,bounce_control_2026-07-17,1,2.685,0.728,-0.111,2,114.98,114.43,,0.020175,-0.024716,0.633052,1.494325,0.0,,,
2026-07-17,morning,2026-07-17,BE,bounce,Medium,surfaced,CAUTION,4/6,0.164859,200.98,0.069559,-0.019504,0.125784,0.08578,0.69,0.87,0.19,,,True,True,True,True,4,True,BE_bounce_2026-07-13,3,bounce_2026-07-17,13,8.343,1.571,5.468,1,197.72,194.6,,-0.174728,-0.02834,0.767743,,,-0.200369,-0.428173,-0.428173
2026-07-17,morning,2026-07-17,BOT,bounce,Small,control,NO-GO,1/6,0.164317,28,0.042143,-0.031071,0.0175,-0.021429,0.43,0.43,0.36,,,True,False,True,True,4,True,BOT_bounce_control_2026-07-09,7,bounce_control_2026-07-17,1,3.77,1.163,2.791,1,27.305,26.5955,,-0.200763,0.003077,0.607751,0.69247,0.0,,,
2026-07-17,morning,2026-07-17,BRUN,bounce,Small,control,NO-GO,0/6,0.153587,23.76,0.027778,-0.011785,0.074495,0.01936,0.271,0.737,0.436,,,True,True,False,True,4,True,BRUN_bounce_control_2026-07-09,7,bounce_control_2026-07-17,1,5.293,1.189,3.488,2,22.88,22.325,,-0.118565,-0.050819,0.532689,1.032182,0.0,,,
2026-07-17,morning,2026-07-17,CBRS,bounce,Medium,control,NO-GO,3/6,0.115683,172.68,0.001042,0.024322,0.207841,0.214964,0.19,3.57,0.517,0.52,2,True,True,False,True,4,True,CBRS_bounce_control_2026-07-09,7,bounce_control_2026-07-17,1,1.508,0.497,-2.0,2,171.51,168.22,,-0.142142,-0.031143,0.57549,0.582259,0.0,,,
2026-07-17,morning,2026-07-17,CBRS,bounce,Medium,surfaced,CAUTION,4/6,0.116914,172.68,0.001042,0.024322,0.207841,0.214964,0.19,3.53,0.51,0.51,2,True,True,False,True,4,True,CBRS_bounce_2026-07-17,1,bounce_2026-07-17,13,1.508,0.491,-2.0,2,171.51,168.22,,-0.15117,-0.041339,0.57549,,,-0.109166,-0.317608,-0.552208
2026-07-16,evening,2026-07-17,CRDO,bounce,Medium,control,NO-GO,3/6,0.13036,193.53,0.047279,0.095799,0.156772,0.179507,0.652,1.52,0.304,0.3,1,True,True,True,True,4,True,CRDO_bounce_control_2026-07-13,5,bounce_control_2026-07-17,1,7.718,1.692,5.085,1,188.63,185.865,,-0.133528,-0.035283,0.836809,0.614771,0.030791,,,
2026-07-17,morning,2026-07-17,CRDO,bounce,Medium,surfaced,GO,5/6,0.132091,193.53,0.047279,0.095799,0.156772,0.179507,0.64,1.5,0.3,0.3,1,True,True,True,True,4,True,CRDO_bounce_2026-07-17,1,bounce_2026-07-17,13,7.718,1.67,5.085,1,188.63,185.865,,-0.157507,-0.043227,0.77577,,,-0.274259,-0.355363,-0.355363
2026-07-17,morning,2026-07-17,CRML,bounce,Small,control,NO-GO,1/6,0.097775,6.6,-0.030303,-0.059091,-0.037879,-0.012121,0.124,0.775,0.899,,,False,False,False,True,4,True,CRML_bounce_control_2026-07-09,7,bounce_control_2026-07-17,1,1.919,0.713,-0.124,1,6.4199,6.3,,-0.153846,0.0,1.188895,0.362473,0.0,,,
2026-07-17,morning,2026-07-17,CRWD,bounce,Large,control,NO-GO,2/6,0.247022,200.4,0.013373,-0.009531,-0.046158,-0.05978,0.184,0.184,0.31,,,True,False,False,False,4,True,CRWD_bounce_control_2026-07-09,7,bounce_control_2026-07-17,1,,,,0,,,,-0.046695,-0.014085,0.153554,3.365861,0.0,,,
2026-07-17,morning,2026-07-17,CRWV,bounce,Medium,control,NO-GO,1/6,0.097033,70.71,0.035356,0.033234,0.125442,0.168717,0.552,2.137,0.321,0.32,1,True,True,True,True,4,True,CRWV_bounce_control_2026-07-09,7,bounce_control_2026-07-17,1,3.992,1.396,1.925,2,69.36,68.731,,-0.115587,-0.030311,0.51602,0.904539,0.0,,,
2026-07-17,morning,2026-07-17,DGXX,bounce,Small,control,NO-GO,0/6,0.119905,3.59,0.050139,0.126741,0.178273,0.194986,0.53,1.928,0.209,0.21,1,True,True,True,True,4,True,DGXX_bounce_control_2026-07-09,7,bounce_control_2026-07-17,1,6.95,1.292,5.875,1,3.54,3.5,,-0.129902,-0.045699,0.78677,0.794006,0.0,,,
2026-07-17,morning,2026-07-17,DRAM,bounce,ETF,surfaced,GO,5/6,0.106528,49.83,0.057997,0.06482,0.181015,0.159342,1.05,1.79,0.23,0.23,0,True,True,True,True,4,True,DRAM_bounce_2026-07-17,1,bounce_2026-07-17,13,15.704,2.396,8.889,1,49.04,48.635,,-0.189776,-0.052159,0.539277,,,-0.198675,-0.390091,-0.390091
2026-07-17,morning,2026-07-17,DXYZ,bounce,Small,control,NO-GO,1/6,0.066792,25.7,0.010506,-0.043969,-0.001167,-0.015953,0.32,0.32,0.763,,,True,False,False,False,4,True,DXYZ_bounce_control_2026-07-09,7,bounce_control_2026-07-17,1,,,,0,,,,0.001927,-0.042357,1.031104,0.722501,0.0,,,
2026-07-17,morning,2026-07-17,ETHE,bounce,Medium,control,NO-GO,0/6,0.038774,14.64,0.016393,0.046448,0.060792,0.061475,0.581,2.024,0.159,0.16,1,True,True,True,True,4,True,ETHE_bounce_control_2026-07-09,7,bounce_control_2026-07-17,1,9.5,1.339,7.25,1,14.59,14.55,,-0.024422,-0.023133,0.418791,0.365851,0.0,,,
2026-07-17,morning,2026-07-17,EWY,bounce,ETF,control,NO-GO,2/6,0.066456,156.605,0.037898,0.039941,0.104052,0.088279,1.191,1.69,0.231,0.23,0,True,True,True,True,4,True,EWY_bounce_control_2026-07-09,7,bounce_control_2026-07-17,1,9.725,2.579,5.043,1,155.58,154.2,,-0.112951,-0.038994,0.558811,2.50871,0.0,,,
2026-07-17,morning,2026-07-17,FCEL,bounce,Small,control,NO-GO,3/6,0.274775,17.04,0.085387,0.164319,0.269953,0.318662,0.47,1.215,0.113,0.11,2,True,True,True,True,4,True,FCEL_bounce_control_2026-07-09,7,bounce_control_2026-07-17,1,7.029,1.021,4.809,1,16.85,16.51,,-0.216393,-0.030707,0.609096,6.118379,0.0,,,
2026-07-17,morning,2026-07-17,FCEL,bounce,Small,surfaced,CAUTION,4/6,0.277931,17.04,0.085387,0.164319,0.269953,0.318662,0.46,1.2,0.11,0.11,2,True,True,True,True,4,True,FCEL_bounce_2026-07-17,1,bounce_2026-07-17,13,7.029,1.009,4.809,1,16.85,16.51,,-0.225293,-0.041715,0.609096,,,-0.269435,-0.563358,-0.981272
2026-07-17,morning,2026-07-17,FIG,bounce,Medium,control,NO-GO,2/6,0.08435,22.93,0.044483,0.047536,-0.043611,-0.063672,0.755,1.002,1.05,0.03,1,True,False,True,True,4,True,FIG_bounce_control_2026-07-09,7,bounce_control_2026-07-17,1,,,,0,,,,-0.038558,-0.020077,1.100783,1.168127,0.0,,,
2026-07-17,morning,2026-07-17,FJET,bounce,Micro,control,NO-GO,2/6,0.122872,3.9,-0.012821,-0.053846,0.033333,-0.046154,0.136,0.438,0.73,,,False,False,False,False,4,True,FJET_bounce_control_2026-07-09,7,bounce_control_2026-07-17,1,3.0,0.689,-2.0,2,3.775,3.71,,-0.158562,0.0,0.852506,0.340787,0.0,,,
2026-07-17,morning,2026-07-17,GLW,bounce,Large,control,NO-GO,3/6,0.132449,150.83,0.025061,0.01505,0.076775,0.021415,0.378,0.684,0.195,,,True,True,False,True,4,True,GLW_bounce_control_2026-07-09,7,bounce_control_2026-07-17,1,8.677,1.027,5.463,1,148.12,146.9375,,-0.190215,-0.040671,0.649487,1.467707,0.0,,,
2026-07-17,morning,2026-07-17,GOOGL,bounce,Large,control,NO-GO,1/6,0.032288,346,0.002225,0.017312,0.003324,-0.011301,0.226,1.225,0.415,0.42,1,True,False,False,True,4,True,GOOGL_bounce_control_2026-07-09,6,bounce_control_2026-07-17,1,3.822,1.016,2.542,1,342.845,341.36,,-0.027843,-0.013993,2.035509,0.802541,0.0,,,
2026-07-17,morning,2026-07-17,HQ,bounce,Small,control,NO-GO,2/6,0.16685,19.47,0.145865,0.006677,-0.142784,-0.248074,1.296,1.391,1.542,0.14,0,True,False,True,True,4,True,HQ_bounce_control_2026-07-09,7,bounce_control_2026-07-17,1,3.391,2.223,1.926,1,20.07,19.0054,,-0.01227,,0.902018,0.7836,0.0,,,
2026-07-17,morning,2026-07-17,HYLN,bounce,Small,control,NO-GO,2/6,0.127137,3.6,0.038889,-0.013889,0.077778,0.091667,0.568,1.224,0.153,0.15,3,True,True,True,True,4,True,HYLN_bounce_control_2026-07-09,7,bounce_control_2026-07-17,1,3.267,1.071,1.6,1,3.615,3.54,,-0.122249,-0.040107,0.77779,0.820847,0.0,,,
2026-07-17,morning,2026-07-17,IBIT,bounce,ETF,control,NO-GO,1/6,0.030116,35.58,0.021641,0.036818,0.058741,0.049466,0.84,2.193,0.205,0.21,1,True,True,True,True,4,True,IBIT_bounce_control_2026-07-09,7,bounce_control_2026-07-17,1,7.0,1.829,4.964,2,35.4639,35.38,,-0.02597,-0.020885,0.498585,0.641975,0.0,,,
2026-07-17,morning,2026-07-17,INOD,bounce,Small,control,NO-GO,0/6,0.079557,59.15,0.028064,0.049535,0.07574,0.038208,0.701,1.135,0.244,0.24,2,True,True,True,True,4,True,INOD_bounce_control_2026-07-09,7,bounce_control_2026-07-17,1,6.672,1.645,3.776,1,58.58,58.0,,-0.125707,-0.037231,0.85011,0.469165,0.0,,,
2026-07-17,morning,2026-07-17,INTC,bounce,Large,control,NO-GO,3/6,0.098893,92.14,0.031474,0.053397,0.144454,0.11374,0.649,1.614,0.28,0.28,2,True,True,True,True,4,True,INTC_bounce_control_2026-07-09,7,bounce_control_2026-07-17,1,9.006,1.671,5.434,1,90.4355,89.59,,-0.139384,-0.04372,0.697823,1.115999,0.0,,,
2026-07-16,evening,2026-07-17,INTC,bounce,Large,surfaced,CAUTION,4/6,0.102212,92.14,0.031474,0.053397,0.144454,0.11374,0.63,1.56,0.27,0.27,2,True,True,True,True,4,True,INTC_bounce_2026-07-17,1,bounce_2026-07-17,13,9.006,1.617,5.434,1,90.4355,89.59,,-0.076998,-0.017963,1.07005,,,-0.131371,-0.331366,-0.331366
2026-07-17,morning,2026-07-17,IONQ,bounce,Medium,control,NO-GO,1/6,0.09763,34.99,-0.006002,-0.021435,0.014861,-0.00886,0.269,0.383,0.498,,,False,False,False,False,4,True,IONQ_bounce_control_2026-07-09,7,bounce_control_2026-07-17,1,4.402,1.25,2.021,1,33.775,33.29,,-0.115806,-0.010256,0.758421,0.821751,0.0,,,
2026-07-17,morning,2026-07-17,IREN,bounce,Medium,control,NO-GO,0/6,0.115077,33.79,-0.005031,0.189701,0.221959,0.221663,0.291,2.554,0.404,0.4,1,False,True,False,True,4,True,IREN_bounce_control_2026-07-09,7,bounce_control_2026-07-17,1,3.355,1.07,1.25,1,32.84,32.22,,-0.113242,-0.017514,0.756716,1.016979,0.0,,,
2026-07-17,morning,2026-07-17,KEEL,bounce,Medium,control,NO-GO,1/6,0.140015,3.73,0.058981,0.163539,0.246649,0.257373,0.708,2.25,0.172,0.17,1,True,True,True,True,4,True,KEEL_bounce_control_2026-07-09,7,bounce_control_2026-07-17,1,5.133,1.474,3.267,1,3.715,3.64,,-0.160356,-0.041931,0.682003,0.522516,0.0,,,
2026-07-17,morning,2026-07-17,KWEB,bounce,ETF,control,NO-GO,1/6,0.024029,26.6,0.007895,0.031579,0.015789,-0.006015,0.391,1.721,0.328,0.08,1,True,False,False,True,4,True,KWEB_bounce_control_2026-07-09,7,bounce_control_2026-07-17,1,1.069,0.485,0.724,1,26.695,26.55,,0.016807,-0.031295,0.554997,1.341816,0.0,,,
2026-07-17,morning,2026-07-17,LITE,bounce,Medium,control,NO-GO,3/6,0.098197,678.47,0.080107,0.128348,0.234483,0.222899,1.029,2.723,0.415,0.42,0,True,True,True,True,4,True,LITE_bounce_control_2026-07-09,7,bounce_control_2026-07-17,1,12.959,2.68,10.891,1,657.71,650.82,,-0.163856,-0.035314,0.672637,0.957928,0.0,,,
2026-07-17,morning,2026-07-17,LWLG,bounce,Small,control,NO-GO,0/6,0.117142,5.995,0.039199,-0.007506,0.147623,0.129274,0.612,1.986,0.15,0.15,2,True,True,True,True,4,True,LWLG_bounce_control_2026-07-09,7,bounce_control_2026-07-17,1,7.231,1.339,3.231,2,6.12,5.97,,-0.120815,-0.039746,0.480541,0.857787,0.0,,,
2026-07-17,morning,2026-07-17,MP,bounce,Medium,control,NO-GO,1/6,0.066602,44.41,0.018689,0.029048,0.042558,0.028597,0.71,1.085,0.199,0.2,2,True,True,True,True,4,True,MP_bounce_control_2026-07-09,7,bounce_control_2026-07-17,1,7.406,1.603,3.406,1,44.14,43.82,,-0.117149,-0.013638,1.28582,0.315897,0.0,,,
2026-07-17,morning,2026-07-17,MRVL,bounce,Large,control,NO-GO,3/6,0.116567,182.225,0.035423,0.069776,0.141227,0.157854,0.557,1.539,0.201,0.2,2,True,True,True,True,4,True,MRVL_bounce_control_2026-07-09,7,bounce_control_2026-07-17,1,5.985,1.299,3.629,1,180.255,177.95,,-0.180318,-0.031705,0.742929,1.090601,0.0,,,
2026-07-16,evening,2026-07-17,MRVL,bounce,Large,surfaced,CAUTION,4/6,0.117911,182.225,0.035423,0.069776,0.141227,0.157854,0.55,1.52,0.2,0.2,2,True,True,True,True,4,True,MRVL_bounce_2026-07-16,2,bounce_2026-07-17,13,5.985,1.284,3.629,1,180.255,177.95,,-0.147198,-0.029768,1.009431,,,-0.219858,-0.437644,-0.437644
2026-07-17,morning,2026-07-17,MSFT,bounce,Large,control,NO-GO,1/6,0.031217,394.855,-0.002621,0.01883,0.007332,-0.011435,0.287,0.675,0.641,,,False,False,False,True,4,True,MSFT_bounce_control_2026-07-09,7,bounce_control_2026-07-17,1,0.223,0.148,-2.0,2,397.48,393.4,,0.025511,-0.015831,1.131224,1.280567,0.0,,,
2026-07-17,morning,2026-07-17,MSTR,bounce,Medium,control,NO-GO,1/6,0.081005,91.3,0.038883,0.071413,0.116648,0.0954,0.631,1.798,0.168,0.17,1,True,True,True,True,4,True,MSTR_bounce_control_2026-07-09,7,bounce_control_2026-07-17,1,3.252,1.222,1.446,2,90.89,90.14,,-0.065177,-0.029884,0.427648,0.810589,0.0,,,
2026-07-17,morning,2026-07-17,MU,bounce,Large,control,NO-GO,3/6,0.098362,822.525,0.032127,0.052199,0.180292,0.166506,1.007,1.982,0.229,0.23,0,True,True,True,True,4,True,MU_bounce_control_2026-07-09,7,bounce_control_2026-07-17,1,10.921,2.264,4.389,1,812.385,804.0,,-0.164395,-0.037154,0.584127,2.157214,0.0,,,
2026-07-16,evening,2026-07-17,MU,bounce,Large,surfaced,CAUTION,4/6,0.109319,822.525,0.032127,0.052199,0.180292,0.166506,0.91,1.78,0.21,0.21,2,True,True,True,True,4,True,MU_bounce_2026-07-17,1,bounce_2026-07-17,13,10.921,2.037,4.389,1,812.385,804.0,,-0.111622,-0.041486,1.151336,,,-0.137377,-0.336725,-0.336725
2026-07-17,morning,2026-07-17,MXL,bounce,Medium,surfaced,GO,5/6,0.189464,70.98,0.012116,0.056777,0.212454,0.22288,0.26,1.55,0.25,0.25,2,True,True,False,True,4,True,MXL_bounce_2026-07-17,1,bounce_2026-07-17,13,5.214,0.869,2.75,1,68.7,67.58,,-0.240091,-0.054301,0.835665,,,-0.237782,-0.451598,-0.451598
2026-07-17,morning,2026-07-17,NBIS,bounce,Medium,control,NO-GO,3/6,0.151283,165.075,0.076541,0.106285,0.314069,0.321581,0.869,2.546,0.031,0.03,1,True,True,True,True,4,True,NBIS_bounce_control_2026-07-09,7,bounce_control_2026-07-17,1,4.7,1.483,2.518,1,168.25,164.31,,-0.138286,-0.026314,0.94337,1.17767,0.0,,,
2026-07-16,evening,2026-07-17,NBIS,bounce,Medium,surfaced,GO,5/6,0.148334,165.075,0.076541,0.106285,0.314069,0.321581,0.89,2.6,0.03,0.03,1,True,True,True,True,4,True,NBIS_bounce_2026-07-17,1,bounce_2026-07-17,13,4.7,1.513,2.518,1,168.25,164.31,,-0.206451,-0.045612,0.646101,,,-0.214585,-0.442907,-0.442907
2026-07-17,morning,2026-07-17,NOK,bounce,Medium,control,NO-GO,3/6,0.079905,10.04,0.007968,0.003984,0.058765,0.023904,0.374,0.904,0.262,,,True,True,False,True,4,True,NOK_bounce_control_2026-07-09,7,bounce_control_2026-07-17,1,2.29,0.885,0.806,1,9.985,9.83,,-0.139316,-0.029865,0.795384,2.162156,0.0,,,
2026-07-16,evening,2026-07-17,NOK,bounce,Medium,surfaced,CAUTION,4/6,0.077334,10.04,0.007968,0.003984,0.058765,0.023904,0.39,0.93,0.27,,,True,True,False,True,4,True,NOK_bounce_2026-07-17,1,bounce_2026-07-17,13,2.29,0.914,0.806,1,9.985,9.83,,-0.125749,-0.04,1.524627,,,-0.18109,-0.414327,-0.414327
2026-07-17,morning,2026-07-17,NVDA,bounce,Large,control,NO-GO,0/6,0.03477,202.64,0.000839,0.003158,0.022947,0.046486,0.568,1.668,0.663,0.66,3,True,True,True,True,4,True,NVDA_bounce_control_2026-07-09,5,bounce_control_2026-07-17,1,5.804,2.101,2.663,1,199.245,197.97,,-0.05,-0.029846,0.748277,0.385084,0.0,,,
2026-07-17,morning,2026-07-17,NVTS,bounce,Medium,control,NO-GO,2/6,0.120536,11.2,0.023214,0.030357,0.145089,0.13125,0.641,1.5,0.341,0.34,2,True,True,True,True,4,True,NVTS_bounce_control_2026-07-09,7,bounce_control_2026-07-17,1,,,,0,,,,-0.144385,-0.047214,0.962741,0.424936,0.0,,,
2026-07-17,morning,2026-07-17,OKLO,bounce,Medium,control,NO-GO,2/6,0.081761,40.48,0.015563,0.025445,0.090168,0.099308,0.638,2.124,0.287,0.29,2,True,True,True,True,4,True,OKLO_bounce_control_2026-07-09,7,bounce_control_2026-07-17,1,4.667,1.523,1.917,1,40.07,39.53,,-0.11981,-0.023981,1.015607,0.44747,0.0,,,
2026-07-17,morning,2026-07-17,ON,bounce,Medium,control,NO-GO,2/6,0.090549,84.42,0.034944,0.027008,0.078654,0.093698,0.73,1.287,0.14,0.14,3,True,True,True,True,4,True,ON_bounce_control_2026-07-09,7,bounce_control_2026-07-17,1,6.308,1.502,3.462,1,84.26,83.3501,,-0.09506,-0.037449,0.470681,1.159228,0.0,,,
2026-07-17,morning,2026-07-17,OPEN,bounce,Medium,control,NO-GO,0/6,0.090149,4.48,0.004464,-0.007813,0.0,-0.022321,0.248,0.248,0.52,,,True,False,False,False,4,True,OPEN_bounce_control_2026-07-09,7,bounce_control_2026-07-17,1,1.333,0.297,-1.0,1,4.405,4.36,,-0.013077,-0.017396,0.728729,0.880016,0.0,,,
2026-07-17,morning,2026-07-17,ORCL,bounce,Large,control,NO-GO,3/6,0.055713,121.7,0.038702,-0.002629,0.043961,0.034018,0.993,1.053,0.246,0.25,3,True,True,True,True,4,True,ORCL_bounce_control_2026-07-09,7,bounce_control_2026-07-17,1,1.083,1.063,0.456,1,124.83,121.5,,-0.043302,-0.014572,1.190741,2.043984,0.0,,,
2026-07-16,evening,2026-07-17,PL,bounce,Medium,control,NO-GO,2/6,0.10443,21.86,0.027905,0.013266,0.056725,0.033852,0.626,0.683,0.364,,,True,True,True,True,4,True,PL_bounce_control_2026-07-09,7,bounce_control_2026-07-17,1,,,,0,,,,-0.151383,-0.030924,0.99104,0.456938,0.036621,,,
2026-07-17,morning,2026-07-17,PL,bounce,Medium,surfaced,CAUTION,4/6,0.113548,21.86,0.027905,0.013266,0.056725,0.033852,0.58,0.63,0.33,,,True,True,True,True,4,True,PL_bounce_2026-07-17,1,bounce_2026-07-17,13,,,,0,,,,-0.165102,-0.033952,1.037921,,,-0.300098,-0.551869,-0.587713
2026-07-17,morning,2026-07-17,PLTR,bounce,Large,control,NO-GO,1/6,0.055367,131.785,0.004515,0.023258,0.00664,-0.054748,0.409,0.663,1.142,,,True,False,False,True,4,True,PLTR_bounce_control_2026-07-09,7,bounce_control_2026-07-17,1,3.931,1.25,1.836,1,130.21,129.05,,-0.021014,-0.026257,1.038886,0.445356,0.0,,,
2026-07-17,morning,2026-07-17,POET,bounce,Small,control,NO-GO,0/6,0.111687,7.35,0.005442,0.016327,0.138776,0.040816,0.426,1.34,0.195,0.19,2,True,True,False,True,4,True,POET_bounce_control_2026-07-09,7,bounce_control_2026-07-17,1,4.1,0.999,0.8,1,7.29,7.19,,-0.163451,-0.039113,0.722846,1.027014,0.0,,,
2026-07-17,morning,2026-07-17,QCOM,bounce,Large,control,NO-GO,0/6,0.061654,166.64,0.030845,0.022084,0.041167,0.053949,0.56,1.169,0.182,0.18,3,True,True,True,True,4,True,QCOM_bounce_control_2026-07-09,7,bounce_control_2026-07-17,1,,,,0,,,,-0.069624,-0.028779,0.486492,0.76246,0.0,,,
2026-07-17,morning,2026-07-17,RGTI,bounce,Medium,control,NO-GO,1/6,0.088599,13.68,0.031433,0.041667,0.116959,0.113304,0.743,1.547,0.223,0.22,2,True,True,True,True,4,True,RGTI_bounce_control_2026-07-09,7,bounce_control_2026-07-17,1,6.553,1.675,3.551,1,13.565,13.4101,,-0.142148,-0.019858,0.845282,0.459869,0.0,,,
2026-07-17,morning,2026-07-17,RKLB,bounce,Medium,control,NO-GO,2/6,0.118399,65.93,0.025633,-0.002882,0.048385,0.05794,0.602,0.898,0.182,,,True,True,True,True,4,True,RKLB_bounce_control_2026-07-09,7,bounce_control_2026-07-17,1,,,,0,,,,-0.171044,-0.029993,1.027798,0.661811,0.0,,,
2026-07-17,morning,2026-07-17,RVI,bounce,Small,control,NO-GO,1/6,0.092006,24.98,0.048038,0.060849,0.090873,0.102482,1.297,1.297,0.209,0.21,0,True,True,True,True,4,True,RVI_bounce_control_2026-07-09,7,bounce_control_2026-07-17,1,10.533,2.75,1.617,2,25.325,24.6627,,-0.130751,0.0,1.105349,0.864086,0.0,,,
2026-07-17,morning,2026-07-17,RXT,bounce,Small,control,NO-GO,3/6,0.235609,4.075,0.018405,0.055215,0.077301,0.015951,0.224,0.463,0.115,,,True,True,False,True,4,True,RXT_bounce_control_2026-07-13,5,bounce_control_2026-07-17,1,,,,0,,,,-0.122581,-0.030879,0.582553,1.267683,0.0,,,
2026-07-17,morning,2026-07-17,SIMO,bounce,Medium,control,NO-GO,1/6,0.104321,257.02,0.028422,-0.017158,0.082289,0.095946,0.521,1.283,0.448,0.45,3,True,True,True,True,4,True,SIMO_bounce_control_2026-07-14,3,bounce_control_2026-07-17,1,5.103,1.622,3.498,1,249.26,245.0,,-0.140722,-0.027308,0.859254,0.910347,0.0,,,
2026-07-17,morning,2026-07-17,SMR,bounce,Medium,control,NO-GO,1/6,0.09115,7.41,0.041835,0.074224,0.175439,0.17139,0.725,2.28,0.296,0.3,2,True,True,True,True,4,True,SMR_bounce_control_2026-07-09,7,bounce_control_2026-07-17,1,7.118,1.791,4.941,1,7.295,7.21,,-0.134884,-0.026178,0.899497,0.889687,0.0,,,
2026-07-17,morning,2026-07-17,SNDK,bounce,Large,surfaced,CAUTION,4/6,0.168659,1365.205,-0.007607,0.018858,0.164221,0.17145,0.59,1.14,0.17,0.17,2,False,True,False,True,4,True,SNDK_bounce_2026-07-16,2,bounce_2026-07-17,13,7.795,1.356,0.563,1,1345.06,1325.03,,-0.236302,-0.048641,0.713685,,,-0.251228,-0.429813,-0.429813
2026-07-17,morning,2026-07-17,SOXL,bounce,ETF,surfaced,GO,5/6,0.274728,124.73,0.086106,0.096849,0.271066,0.290708,0.57,1.2,0.24,0.24,2,True,True,True,True,4,True,SOXL_bounce_2026-07-14,3,bounce_2026-07-17,13,8.372,1.456,5.315,1,119.45,116.47,,-0.283426,-0.111524,0.512684,,,-0.305976,-0.580828,-0.580828
2026-07-17,morning,2026-07-17,SPCE,bounce,Small,control,NO-GO,0/6,0.08908,2.52,0.015873,0.015873,0.103175,0.059524,0.401,1.314,0.445,0.45,2,True,True,False,True,4,True,SPCE_bounce_control_2026-07-09,7,bounce_control_2026-07-17,1,2.833,0.757,-0.167,2,2.5361,2.505,,-0.02682,-0.019305,0.90602,1.352047,0.0,,,
2026-07-17,morning,2026-07-17,STM,bounce,Medium,control,NO-GO,2/6,0.069625,59.67,0.040054,0.035361,0.096531,0.102229,1.011,1.651,0.248,0.25,0,True,True,True,True,4,True,STM_bounce_control_2026-07-09,7,bounce_control_2026-07-17,1,9.896,2.287,6.104,1,59.12,58.64,,-0.147298,-0.047316,0.713332,1.338138,0.0,,,
2026-07-17,morning,2026-07-17,STX,bounce,Large,control,NO-GO,3/6,0.11621,720.94,0.092546,0.113061,0.237038,0.259606,1.047,2.392,0.245,0.25,0,True,True,True,True,4,True,STX_bounce_control_2026-07-09,7,bounce_control_2026-07-17,1,9.061,2.328,7.043,1,711.15,700.39,,-0.181382,-0.035534,0.711986,1.123665,0.0,,,
2026-07-16,evening,2026-07-17,STX,bounce,Large,surfaced,CAUTION,4/6,0.117088,720.94,0.092546,0.113061,0.237038,0.259606,1.04,2.37,0.24,0.24,0,True,True,True,True,4,True,STX_bounce_2026-07-17,1,bounce_2026-07-17,13,9.061,2.31,7.043,1,711.15,700.39,,-0.150361,-0.052143,1.21501,,,-0.159096,-0.361354,-0.361354
2026-07-17,morning,2026-07-17,TEAM,bounce,Medium,control,NO-GO,1/6,0.06538,90.13,0.03506,0.069899,0.005215,-0.05248,0.716,1.208,0.92,0.03,1,True,False,True,True,4,True,TEAM_bounce_control_2026-07-09,7,bounce_control_2026-07-17,1,,,,0,,,,0.020768,-0.015483,1.12868,0.810965,0.0,,,
2026-07-17,morning,2026-07-17,TSLA,bounce,Large,control,NO-GO,0/6,0.049442,381.78,-0.002462,-0.031982,-0.007465,-0.020352,0.207,0.256,0.655,,,False,False,False,False,4,True,TSLA_bounce_control_2026-07-09,7,bounce_control_2026-07-17,1,2.264,0.622,0.395,1,379.815,377.22,,-0.028472,-0.015752,0.524951,0.319885,0.0,,,
2026-07-17,morning,2026-07-17,U,bounce,Medium,control,NO-GO,1/6,0.05886,29.02,-0.001034,0.027223,0.02929,0.008615,0.392,0.969,0.234,,,False,True,False,True,4,True,U_bounce_control_2026-07-09,7,bounce_control_2026-07-17,1,0.444,0.129,-2.0,2,29.64,29.02,,-0.070866,-0.022855,1.082727,0.60191,0.0,,,
2026-07-17,morning,2026-07-17,UMC,bounce,Medium,control,NO-GO,2/6,0.082888,20.545,0.034315,-0.011925,0.031394,0.036262,0.699,0.699,0.226,,,True,True,True,True,4,True,UMC_bounce_control_2026-07-09,7,bounce_control_2026-07-17,1,,,,0,,,,-0.108641,-0.046658,0.64722,1.492988,0.0,,,
2026-07-17,morning,2026-07-17,WDC,bounce,Large,surfaced,CAUTION,4/6,0.126841,451.13,0.057833,0.080442,0.215592,0.233946,0.73,1.98,0.36,0.36,2,True,True,True,True,4,True,WDC_bounce_2026-07-16,2,bounce_2026-07-17,13,7.323,1.919,4.19,2,434.57,430.7,,-0.210857,-0.047707,0.794173,,,-0.194185,-0.444235,-0.444235
2026-07-17,morning,2026-07-17,WOLF,bounce,Small,control,NO-GO,2/6,0.157935,30,-0.003667,-0.020667,0.057667,-0.024333,0.204,0.443,0.355,,,False,False,False,True,4,True,WOLF_bounce_control_2026-07-09,7,bounce_control_2026-07-17,1,5.961,0.956,3.184,1,28.7,28.32,,-0.134655,-0.047787,0.85731,0.179598,0.0,,,
2026-07-20,morning,2026-07-20,AAOI,bounce,Medium,control,NO-GO,3/6,0.134902,104.86,-0.017547,0.137326,0.053977,0.068282,0.174,1.084,0.198,0.2,1,False,True,False,True,4,True,AAOI_bounce_control_2026-07-09,7,bounce_control_2026-07-20,1,0.981,0.219,-2.0,2,106.54,104.19,,-0.037638,0.025135,1.036449,1.313087,0.0,,,
2026-07-17,evening,2026-07-20,AAOI,bounce,Medium,surfaced,CAUTION,4/6,0.137937,104.86,-0.017547,0.137326,0.053977,0.068282,0.17,1.06,0.19,0.19,1,False,True,False,True,4,True,AAOI_bounce_2026-07-17,2,bounce_2026-07-20,1,0.981,0.214,-2.0,2,106.54,104.19,,-0.185094,-0.041201,0.653843,,,-0.138826,-0.512355,-0.562503
2026-07-20,morning,2026-07-20,ALAB,bounce,Medium,control,NO-GO,3/6,0.150063,309.39,-0.00097,0.033615,0.069508,0.056821,0.286,0.709,0.051,,,False,True,False,True,4,True,ALAB_bounce_control_2026-07-09,8,bounce_control_2026-07-20,1,2.031,0.377,-1.608,2,321.18,308.0,,-0.11936,0.016962,0.542785,0.81086,0.0,,,
2026-07-17,evening,2026-07-20,ALAB,bounce,Medium,surfaced,GO,5/6,0.152,309.39,-0.00097,0.033615,0.069508,0.056821,0.28,0.7,0.05,,,False,True,False,True,4,True,ALAB_bounce_2026-07-17,2,bounce_2026-07-20,1,2.031,0.372,-1.608,2,321.18,308.0,,-0.163428,-0.04868,0.550283,,,-0.275702,-0.394055,-0.394055
2026-07-20,morning,2026-07-20,AMAT,bounce,Large,control,NO-GO,0/6,0.09675,545.63,-0.036527,0.034676,0.015193,0.031468,0.177,0.585,0.429,,,False,True,False,True,4,True,AMAT_bounce_control_2026-07-09,7,bounce_control_2026-07-20,1,0.706,0.197,-2.0,2,549.79,542.42,,-0.076058,0.010762,0.732872,1.049906,0.0,,,
2026-07-20,morning,2026-07-20,AMD,bounce,Large,control,NO-GO,1/6,0.081071,516.995,-0.025967,0.053066,0.068347,0.043898,0.13,1.061,0.349,0.35,2,False,True,False,True,4,True,AMD_bounce_control_2026-07-16,3,bounce_control_2026-07-20,1,1.137,0.248,-2.0,2,517.25,510.63,,-0.05131,0.012567,1.12219,0.432621,0.0,,,
2026-07-20,morning,2026-07-20,APP,bounce,Large,control,NO-GO,0/6,0.079068,429.74,-0.011961,-0.002443,-0.040164,-0.071857,0.241,0.241,0.978,,,False,False,False,False,4,True,APP_bounce_control_2026-07-09,8,bounce_control_2026-07-20,1,2.525,0.649,-0.529,1,426.91,422.545,,-0.057717,0.004852,0.526526,0.890499,0.0,,,
2026-07-17,evening,2026-07-20,ARM,bounce,Large,control,NO-GO,3/6,0.103702,272,-0.008787,0.065184,0.041912,0.040588,0.191,0.78,0.14,,,False,True,False,True,4,True,ARM_bounce_control_2026-07-09,8,bounce_control_2026-07-20,1,0.783,0.195,-2.0,2,275.76,270.64,,-0.049152,-0.046353,0.578903,0.744139,0.036461,,,
2026-07-20,morning,2026-07-20,ARM,bounce,Large,surfaced,CAUTION,4/6,0.105045,272,-0.008787,0.065184,0.041912,0.040588,0.19,0.77,0.14,,,False,True,False,True,4,True,ARM_bounce_2026-07-16,2,bounce_2026-07-20,1,0.783,0.192,-2.0,2,275.76,270.64,,-0.025486,0.01033,1.049477,,,-0.163465,-0.403689,-0.403689
2026-07-20,morning,2026-07-20,AVGO,bounce,Large,control,NO-GO,1/6,0.042233,378.76,-0.001584,0.020435,0.047656,0.036197,0.302,1.239,0.175,0.18,2,False,True,False,True,4,True,AVGO_bounce_control_2026-07-09,8,bounce_control_2026-07-20,1,2.384,0.672,-1.002,2,381.865,376.89,,-0.050801,0.009236,1.236895,0.870025,0.0,,,
2026-07-20,morning,2026-07-20,AXTI,bounce,Medium,control,NO-GO,3/6,0.180852,46.02,0.06106,0.227944,0.151239,0.150152,0.591,1.393,0.016,0.02,1,True,True,True,True,4,True,AXTI_bounce_control_2026-07-09,7,bounce_control_2026-07-20,1,1.167,0.654,0.262,1,48.22,45.89,,-0.132347,0.010685,0.757521,1.60572,0.0,,,
2026-07-17,evening,2026-07-20,AXTI,bounce,Medium,surfaced,GO,5/6,0.179775,46.02,0.06106,0.227944,0.151239,0.150152,0.59,1.4,0.02,0.02,1,True,True,True,True,4,True,AXTI_bounce_2026-07-14,3,bounce_2026-07-20,1,1.167,0.658,0.262,1,48.22,45.89,,-0.195935,-0.049375,0.764261,,,-0.243627,-0.603511,-0.676655
2026-07-20,morning,2026-07-20,BABA,bounce,Large,control,NO-GO,0/6,0.033168,118.91,0.012026,-0.007905,-0.019763,-0.040787,0.747,0.747,1.473,,,True,False,True,True,4,True,BABA_bounce_control_2026-07-17,2,bounce_control_2026-07-20,1,2.97,1.514,1.483,1,118.87,117.865,,0.016484,0.040532,0.50153,0.697097,0.0,,,
2026-07-20,morning,2026-07-20,BE,bounce,Medium,control,NO-GO,2/6,0.146208,213.875,-0.078621,0.057908,0.020316,0.016014,0.196,0.512,0.601,,,False,True,False,True,4,True,BE_bounce_control_2026-07-09,7,bounce_control_2026-07-20,1,1.012,0.129,-2.0,2,205.025,200.7701,,-0.119726,-0.019725,0.946154,1.568886,0.0,,,
2026-07-20,morning,2026-07-20,BOT,bounce,Small,control,NO-GO,1/6,0.15678,28.81,-0.058313,-0.011107,-0.048941,-0.107602,0.13,0.13,0.784,,,False,False,False,False,4,True,BOT_bounce_control_2026-07-09,8,bounce_control_2026-07-20,1,1.409,0.137,-2.0,2,29.2936,28.0001,,-0.059829,0.01782,0.726852,0.748317,0.0,,,
2026-07-20,morning,2026-07-20,BRUN,bounce,Small,control,NO-GO,0/6,0.137578,25.07,-0.063422,0.018349,-0.033905,-0.04268,0.093,0.4,0.622,,,False,False,False,False,4,True,BRUN_bounce_control_2026-07-09,8,bounce_control_2026-07-20,1,0.519,0.133,-2.0,2,25.16,24.49,,-0.048324,,0.767939,0.738969,0.0,,,
2026-07-20,morning,2026-07-20,CBRS,bounce,Medium,control,NO-GO,2/6,0.112847,176.61,0.001529,0.180964,0.187928,0.245683,0.267,3.381,0.597,0.6,1,True,True,False,True,4,True,CBRS_bounce_control_2026-07-09,8,bounce_control_2026-07-20,1,7.566,1.526,3.95,2,174.5,169.01,,-0.04353,0.018165,0.710938,0.480459,0.0,,,
2026-07-17,evening,2026-07-20,CBRS,bounce,Medium,surfaced,CAUTION,4/6,0.118701,176.61,0.001529,0.180964,0.187928,0.245683,0.25,3.21,0.57,0.57,1,True,True,False,True,4,True,CBRS_bounce_2026-07-17,2,bounce_2026-07-20,1,7.566,1.451,3.95,2,174.5,169.01,,-0.163952,-0.043112,0.57549,,,-0.12258,-0.327883,-0.558951
2026-07-20,morning,2026-07-20,CRDO,bounce,Medium,control,NO-GO,3/6,0.122999,213.5,-0.006698,0.048571,0.06918,0.107728,0.302,1.053,0.128,0.13,3,False,True,False,True,4,True,CRDO_bounce_control_2026-07-13,6,bounce_control_2026-07-20,1,0.319,0.06,-2.0,2,218.69,211.21,,-0.090456,0.017515,0.950286,1.240258,0.0,,,
2026-07-17,evening,2026-07-20,CRDO,bounce,Medium,surfaced,CAUTION,4/6,0.127944,213.5,-0.006698,0.048571,0.06918,0.107728,0.29,1.01,0.12,0.12,3,False,True,False,True,4,True,CRDO_bounce_2026-07-17,2,bounce_2026-07-20,1,0.319,0.058,-2.0,2,218.69,211.21,,-0.130197,-0.069433,0.77577,,,-0.250734,-0.334467,-0.334467
2026-07-20,morning,2026-07-20,CRML,bounce,Small,control,NO-GO,0/6,0.093991,6.51,-0.046083,-0.024578,0.001536,-0.061444,0.0,0.964,0.801,,,False,False,False,True,4,True,CRML_bounce_control_2026-07-09,8,bounce_control_2026-07-20,1,0.0,0.0,-2.0,2,6.37,6.325,,-0.131191,0.014062,0.622951,0.708862,0.0,,,
2026-07-20,morning,2026-07-20,CRWD,bounce,Large,control,NO-GO,2/6,0.237915,203.08,-0.022602,-0.058745,-0.072188,-0.096809,0.107,0.107,0.441,,,False,False,False,False,4,True,CRWD_bounce_control_2026-07-09,8,bounce_control_2026-07-20,1,0.606,0.018,-1.0,1,201.93,201.22,,-0.022102,-0.004333,0.207457,2.239729,0.0,,,
2026-07-20,morning,2026-07-20,CRWV,bounce,Medium,control,NO-GO,0/6,0.09292,75.765,-0.035703,0.050353,0.090741,0.070415,0.503,1.364,0.391,0.39,2,False,True,False,True,4,True,CRWV_bounce_control_2026-07-09,8,bounce_control_2026-07-20,1,0.85,0.54,-2.0,2,77.405,75.17,,-0.035399,0.016118,0.866566,0.937292,0.0,,,
2026-07-20,morning,2026-07-20,DGXX,bounce,Small,control,NO-GO,0/6,0.106187,3.91,0.034527,0.081841,0.097187,0.107417,0.674,1.517,0.096,0.1,1,True,True,True,True,4,True,DGXX_bounce_control_2026-07-09,8,bounce_control_2026-07-20,1,0.28,0.28,-0.3,1,4.12,3.87,,-0.041363,0.045093,0.760077,1.042615,0.0,,,
2026-07-20,morning,2026-07-20,DRAM,bounce,ETF,control,NO-GO,3/6,0.100636,54.25,-0.021935,0.084793,0.064885,0.074654,0.174,0.933,0.244,,,False,True,False,True,4,True,DRAM_bounce_control_2026-07-20,1,bounce_control_2026-07-20,1,0.803,0.209,-2.0,2,54.63,53.92,,-0.070209,0.012329,1.259559,2.369803,0.0,,,
2026-07-20,morning,2026-07-20,DXYZ,bounce,Small,control,NO-GO,0/6,0.066555,25.81,-0.048043,-0.005424,-0.020147,-0.065866,0.048,0.215,1.327,,,False,False,False,False,4,True,DXYZ_bounce_control_2026-07-09,8,bounce_control_2026-07-20,1,1.095,0.268,-2.0,2,25.47,25.3,,-0.02337,-0.00231,0.655284,0.741472,0.0,,,
2026-07-20,morning,2026-07-20,ETHE,bounce,Medium,control,NO-GO,0/6,0.038487,15.08,0.015915,0.029841,0.030504,0.002653,0.687,1.221,0.241,0.24,1,True,True,True,True,4,True,ETHE_bounce_control_2026-07-09,8,bounce_control_2026-07-20,1,0.8,0.138,-2.0,2,15.12,15.07,,-0.032216,0.009409,0.726545,0.295491,0.0,,,
2026-07-20,morning,2026-07-20,EWY,bounce,ETF,control,NO-GO,1/6,0.065489,165.195,-0.014135,0.046642,0.03169,0.052453,0.219,0.914,0.243,,,False,True,False,True,4,True,EWY_bounce_control_2026-07-09,8,bounce_control_2026-07-20,1,0.874,0.231,-2.0,2,166.31,164.88,,-0.047134,0.006214,1.381794,2.014616,0.0,,,
2026-07-20,morning,2026-07-20,FCEL,bounce,Small,control,NO-GO,2/6,0.227819,19.33,0.026384,0.119503,0.162442,0.20538,0.211,1.31,0.111,0.11,3,True,True,False,True,4,True,FCEL_bounce_control_2026-07-09,8,bounce_control_2026-07-20,1,0.26,0.098,-2.0,2,19.835,19.01,,-0.05679,0.032712,0.627391,7.21168,0.0,,,
2026-07-20,morning,2026-07-20,FIG,bounce,Medium,control,NO-GO,1/6,0.080046,23.33,0.029576,-0.060009,-0.079726,-0.142735,0.823,0.823,1.837,,,True,False,True,True,4,True,FIG_bounce_control_2026-07-09,8,bounce_control_2026-07-20,1,3.958,1.475,0.494,2,23.78,23.26,,0.015745,-0.00334,0.790286,1.305889,0.0,,,
2026-07-20,morning,2026-07-20,FJET,bounce,Micro,control,NO-GO,2/6,0.112596,3.85,-0.041558,0.046753,-0.033766,-0.036364,0.184,0.6,0.969,,,False,False,False,True,4,True,FJET_bounce_control_2026-07-09,8,bounce_control_2026-07-20,1,0.787,0.115,-2.0,2,3.845,3.7813,,-0.118993,,0.65745,0.471975,0.0,,,
2026-07-20,morning,2026-07-20,GLW,bounce,Large,control,NO-GO,3/6,0.124171,157.86,-0.030153,0.028823,-0.024072,-0.011403,0.137,0.339,0.287,,,False,False,False,False,4,True,GLW_bounce_control_2026-07-09,8,bounce_control_2026-07-20,1,0.653,0.088,-2.0,2,160.1699,157.0,,-0.099822,0.015458,0.586949,1.942017,0.0,,,
2026-07-20,morning,2026-07-20,GOOGL,bounce,Large,control,NO-GO,0/6,0.031781,350.88,0.003163,-0.01063,-0.025051,-0.094591,0.789,0.789,3.227,,,True,False,True,True,4,True,GOOGL_bounce_control_2026-07-09,7,bounce_control_2026-07-20,1,0.745,0.701,-0.697,1,355.7701,350.52,,-0.061253,0.004124,0.647025,1.166278,0.0,,,
2026-07-20,morning,2026-07-20,HQ,bounce,Small,control,NO-GO,3/6,0.157791,22.3,-0.121076,-0.25157,-0.343498,-0.383857,0.48,0.48,2.481,,,False,False,False,True,4,True,HQ_bounce_control_2026-07-09,8,bounce_control_2026-07-20,1,0.536,0.335,-2.0,2,23.4,22.3,,0.018257,,1.327893,0.615314,0.0,,,
2026-07-20,morning,2026-07-20,HYLN,bounce,Small,control,NO-GO,2/6,0.117645,3.78,-0.060847,0.026455,0.039683,0.089947,0.067,1.75,0.562,0.56,3,False,True,False,True,4,True,HYLN_bounce_control_2026-07-09,8,bounce_control_2026-07-20,1,0.75,0.135,-2.0,2,3.625,3.57,,-0.053165,,0.727285,1.551541,0.0,,,
2026-07-20,morning,2026-07-20,IBIT,bounce,ETF,control,NO-GO,2/6,0.029746,36.53,0.009855,0.031207,0.022174,0.003285,0.663,1.288,0.262,0.26,1,True,True,True,True,4,True,IBIT_bounce_control_2026-07-09,8,bounce_control_2026-07-20,1,0.35,0.076,-2.0,2,36.5985,36.48,,-0.012831,-0.000338,1.03618,0.412263,0.0,,,
2026-07-20,morning,2026-07-20,INOD,bounce,Small,control,NO-GO,0/6,0.076773,61.295,0.012807,0.038094,0.001876,-0.020964,0.386,0.679,0.471,,,True,False,False,True,4,True,INOD_bounce_control_2026-07-09,8,bounce_control_2026-07-20,1,2.949,0.733,0.325,2,61.9099,61.01,,-0.068902,,0.953185,0.64611,0.0,,,
2026-07-20,morning,2026-07-20,INTC,bounce,Large,control,NO-GO,2/6,0.096166,97.58,-0.005329,0.080652,0.05165,0.027157,0.362,0.988,0.07,,,False,True,False,True,4,True,INTC_bounce_control_2026-07-09,8,bounce_control_2026-07-20,1,0.548,0.296,-1.0,1,99.59,97.055,,-0.066123,0.011995,0.91467,0.998533,0.0,,,
2026-07-20,morning,2026-07-20,IONQ,bounce,Medium,control,NO-GO,1/6,0.092293,35.05,-0.02311,0.013124,-0.010556,-0.02796,0.386,0.386,0.459,,,False,False,False,False,4,True,IONQ_bounce_control_2026-07-09,8,bounce_control_2026-07-20,1,1.0,0.402,-2.0,2,35.65,35.0,,-0.04852,0.026164,0.795401,0.988992,0.0,,,
2026-07-20,morning,2026-07-20,IREN,bounce,Medium,control,NO-GO,0/6,0.112826,36.392,0.104638,0.13459,0.134315,0.11508,1.145,1.785,0.02,0.02,0,True,True,True,True,4,True,IREN_bounce_control_2026-07-09,8,bounce_control_2026-07-20,1,2.14,1.588,1.592,1,37.8339,36.31,,-0.098743,0.026178,0.69364,1.158649,0.0,,,
2026-07-20,morning,2026-07-20,KEEL,bounce,Medium,control,NO-GO,0/6,0.12889,4.08,0.063725,0.139706,0.14951,0.178922,0.57,1.844,0.057,0.06,1,True,True,True,True,4,True,KEEL_bounce_control_2026-07-09,8,bounce_control_2026-07-20,1,0.65,0.494,0.425,1,4.25,4.05,,-0.082736,0.010152,0.894444,0.801761,0.0,,,
2026-07-20,morning,2026-07-20,KWEB,bounce,ETF,control,NO-GO,1/6,0.023688,27.34,0.003658,-0.011704,-0.032919,-0.039137,0.556,0.556,1.884,,,True,False,True,True,4,True,KWEB_bounce_control_2026-07-09,8,bounce_control_2026-07-20,1,7.167,1.328,1.567,2,27.3799,27.25,,0.016296,0.023499,0.461538,1.162598,0.0,,,
2026-07-20,morning,2026-07-20,LITE,bounce,Medium,control,NO-GO,1/6,0.090012,764.13,0.001858,0.096096,0.08581,0.090966,0.548,1.932,0.016,0.02,1,True,True,True,True,4,True,LITE_bounce_control_2026-07-09,8,bounce_control_2026-07-20,1,0.662,0.449,-0.914,1,786.3448,763.0,,-0.00266,0.023444,1.424704,0.906967,0.0,,,
2026-07-20,morning,2026-07-20,LWLG,bounce,Small,control,NO-GO,0/6,0.111501,6.24,-0.046474,0.102564,0.084936,0.070513,0.158,1.653,0.431,0.43,2,False,True,False,True,4,True,LWLG_bounce_control_2026-07-09,8,bounce_control_2026-07-20,1,0.583,0.116,-2.0,2,6.2195,6.15,,-0.051852,0.027287,0.749712,0.897539,0.0,,,
2026-07-20,morning,2026-07-20,MP,bounce,Medium,control,NO-GO,0/6,0.065498,45.36,0.007496,0.020723,0.007055,-0.015653,0.451,0.761,0.557,,,True,False,False,True,4,True,MP_bounce_control_2026-07-09,8,bounce_control_2026-07-20,1,9.837,1.638,4.753,2,44.73,44.45,,-0.077032,0.009063,0.899668,0.915017,0.0,,,
2026-07-20,morning,2026-07-20,MRVL,bounce,Large,control,NO-GO,3/6,0.109686,193.005,0.010026,0.077485,0.093184,0.084531,0.429,1.035,0.048,0.05,2,True,True,False,True,4,True,MRVL_bounce_control_2026-07-09,8,bounce_control_2026-07-20,1,2.426,0.675,0.032,1,194.935,191.99,,-0.070542,0.016059,0.765646,1.415695,0.0,,,
2026-07-20,morning,2026-07-20,MSFT,bounce,Large,control,NO-GO,0/6,0.029161,391.41,0.027797,0.016198,-0.002734,-0.025114,1.031,1.031,1.228,0.15,0,True,False,True,True,4,True,MSFT_bounce_control_2026-07-09,8,bounce_control_2026-07-20,1,,,,0,,,,-0.006622,-0.002057,0.785292,1.308044,0.0,,,
2026-07-20,morning,2026-07-20,MSTR,bounce,Medium,control,NO-GO,1/6,0.077803,95.62,0.023008,0.0662,0.045911,-0.020812,0.712,1.207,0.441,0.1,1,True,False,True,True,4,True,MSTR_bounce_control_2026-07-09,8,bounce_control_2026-07-20,1,,,,0,,,,-0.025136,0.001792,0.799411,0.904786,0.0,,,
2026-07-20,morning,2026-07-20,MU,bounce,Large,control,NO-GO,1/6,0.093267,885.57,-0.022709,0.096266,0.08346,0.118161,0.187,1.528,0.323,0.32,1,False,True,False,True,4,True,MU_bounce_control_2026-07-09,8,bounce_control_2026-07-20,1,0.864,0.134,-2.0,2,894.87,878.67,,-0.035343,0.027528,1.228635,1.840489,0.0,,,
2026-07-20,morning,2026-07-20,MXL,bounce,Medium,surfaced,CAUTION,4/6,0.18103,74.56,0.006035,0.154238,0.164163,0.223712,0.27,1.48,0.09,0.09,2,True,True,False,True,4,True,MXL_bounce_2026-07-17,2,bounce_2026-07-20,1,0.84,0.326,-0.347,1,76.0,73.38,,-0.184039,0.009048,0.530373,,,-0.214708,-0.434996,-0.434996
2026-07-20,morning,2026-07-20,NBIS,bounce,Medium,control,NO-GO,2/6,0.139881,186.965,-0.02324,0.160217,0.166849,0.181879,0.282,1.657,0.301,0.3,1,False,True,False,True,4,True,NBIS_bounce_control_2026-07-09,8,bounce_control_2026-07-20,1,1.592,0.261,-2.0,2,191.035,185.45,,-0.092777,0.018513,0.887095,1.772938,0.0,,,
2026-07-20,morning,2026-07-20,NOK,bounce,Medium,control,NO-GO,3/6,0.073685,10.22,-0.013699,0.040117,0.005871,-0.047945,0.146,0.724,0.717,,,False,False,False,True,4,True,NOK_bounce_control_2026-07-09,8,bounce_control_2026-07-20,1,0.714,0.199,-2.0,2,10.255,10.15,,-0.085333,0.016798,0.672633,2.700863,0.0,,,
2026-07-20,morning,2026-07-20,NVDA,bounce,Large,control,NO-GO,1/6,0.036045,205.87,-0.012581,0.006898,0.030068,0.014038,0.252,1.148,0.484,0.48,2,False,True,False,True,4,True,NVDA_bounce_control_2026-07-09,6,bounce_control_2026-07-20,1,1.271,0.24,-2.0,2,206.9388,205.08,,-0.040847,0.00498,1.180788,0.379587,0.0,,,
2026-07-20,morning,2026-07-20,NVTS,bounce,Medium,control,NO-GO,1/6,0.119003,11.65,-0.009442,0.100858,0.087554,0.032618,0.451,1.136,0.094,0.09,2,False,True,False,True,4,True,NVTS_bounce_control_2026-07-09,8,bounce_control_2026-07-20,1,0.714,0.296,-2.0,2,12.07,11.65,,-0.126601,0.011344,0.960667,0.458134,0.0,,,
2026-07-20,morning,2026-07-20,OKLO,bounce,Medium,control,NO-GO,1/6,0.082917,41.25,0.006303,0.069818,0.078788,0.066667,0.456,1.83,0.146,0.15,2,True,True,False,True,4,True,OKLO_bounce_control_2026-07-09,8,bounce_control_2026-07-20,1,0.544,0.327,-2.0,2,42.25,41.22,,-0.097614,0.002919,0.895086,0.746525,0.0,,,
2026-07-20,morning,2026-07-20,ON,bounce,Medium,control,NO-GO,3/6,0.068761,89.875,-0.035327,0.013185,0.027316,0.002837,0.018,0.709,0.547,,,False,True,False,True,4,True,ON_bounce_control_2026-07-09,8,bounce_control_2026-07-20,1,1.0,0.201,-2.0,2,89.08,88.46,,-0.049492,0.006753,1.099483,0.96684,0.0,,,
2026-07-20,morning,2026-07-20,OPEN,bounce,Medium,control,NO-GO,0/6,0.088651,4.495,-0.011123,-0.003337,-0.025584,-0.144605,0.113,0.113,1.719,,,False,False,False,False,4,True,OPEN_bounce_control_2026-07-09,8,bounce_control_2026-07-20,1,1.907,0.226,-1.0,1,4.455,4.4314,,-0.050526,0.002222,0.600279,1.099933,0.0,,,
2026-07-20,morning,2026-07-20,ORCL,bounce,Large,control,NO-GO,3/6,0.054444,124.27,-0.023256,0.022371,0.012634,-0.034039,0.18,0.675,0.714,,,False,False,False,True,4,True,ORCL_bounce_control_2026-07-09,8,bounce_control_2026-07-20,1,0.468,0.198,-2.0,2,124.82,123.39,,-0.0408,0.005335,1.002323,2.302682,0.0,,,
2026-07-20,morning,2026-07-20,PL,bounce,Medium,control,NO-GO,1/6,0.106316,21.72,0.019797,0.063536,0.040516,0.029466,0.572,0.736,0.273,,,True,True,True,True,4,True,PL_bounce_control_2026-07-09,8,bounce_control_2026-07-20,1,0.144,0.144,-0.367,1,22.795,21.09,,-0.092771,0.00534,0.941006,1.623587,0.0,,,
2026-07-20,morning,2026-07-20,PLTR,bounce,Large,control,NO-GO,0/6,0.054727,131.88,0.02252,0.005914,-0.055429,-0.064528,0.657,0.657,1.545,,,True,False,True,True,4,True,PLTR_bounce_control_2026-07-09,8,bounce_control_2026-07-20,1,0.905,0.632,0.204,1,134.34,131.82,,-0.020484,-0.010273,0.797709,0.495807,0.0,,,
2026-07-20,morning,2026-07-20,POET,bounce,Small,control,NO-GO,0/6,0.106442,7.57,-0.01321,0.10568,0.010568,0.003963,0.223,1.092,0.279,0.28,1,False,True,False,True,4,True,POET_bounce_control_2026-07-09,8,bounce_control_2026-07-20,1,0.371,0.161,-2.0,2,7.685,7.51,,-0.090871,0.017388,0.637272,1.122042,0.0,,,
2026-07-20,morning,2026-07-20,QCOM,bounce,Large,control,NO-GO,1/6,0.052771,175.55,-0.029792,-0.011678,0.000456,-0.025292,0.076,0.335,0.782,,,False,False,False,False,4,True,QCOM_bounce_control_2026-07-09,8,bounce_control_2026-07-20,1,0.489,0.186,-2.0,2,173.1,171.34,,-0.026857,0.008266,0.83326,1.288481,0.0,,,
2026-07-20,morning,2026-07-20,RGTI,bounce,Medium,control,NO-GO,1/6,0.085084,14.34,-0.006276,0.065551,0.062064,0.035565,0.279,1.033,0.164,0.16,3,False,True,False,True,4,True,RGTI_bounce_control_2026-07-09,8,bounce_control_2026-07-20,1,0.469,0.123,-2.0,2,14.6503,14.315,,-0.060177,0.015755,0.959373,0.594299,0.0,,,
2026-07-20,morning,2026-07-20,RKLB,bounce,Medium,control,NO-GO,0/6,0.112308,68.39,-0.038748,0.010674,0.019886,0.023395,0.15,0.592,0.384,,,False,True,False,True,4,True,RKLB_bounce_control_2026-07-09,8,bounce_control_2026-07-20,1,1.475,0.154,-2.0,2,68.295,67.2,,-0.091732,0.023514,0.787357,1.339196,0.0,,,
2026-07-20,morning,2026-07-20,RVI,bounce,Small,control,NO-GO,1/6,0.089326,26.6,-0.003759,0.024436,0.035338,-0.022932,0.379,0.547,0.589,,,False,False,False,True,4,True,RVI_bounce_control_2026-07-09,8,bounce_control_2026-07-20,1,1.562,1.052,-0.375,2,25.945,25.35,,-0.0375,,1.479549,0.929861,0.0,,,
2026-07-20,morning,2026-07-20,RXT,bounce,Small,control,NO-GO,2/6,0.223502,4.16,0.033654,0.055288,-0.004808,-0.033654,0.269,0.387,0.247,,,True,False,True,True,4,True,RXT_bounce_control_2026-07-13,6,bounce_control_2026-07-20,1,0.25,0.108,-0.25,1,4.36,4.16,,-0.061798,0.006024,0.348293,1.360278,0.0,,,
2026-07-20,morning,2026-07-20,SIMO,bounce,Medium,control,NO-GO,0/6,0.102141,269.78,-0.063644,0.031099,0.04411,0.07154,0.048,0.891,0.681,,,False,True,False,True,4,True,SIMO_bounce_control_2026-07-14,4,bounce_control_2026-07-20,1,0.102,0.091,-2.0,2,269.835,257.59,,-0.086571,0.013903,0.949809,1.664345,0.0,,,
2026-07-20,morning,2026-07-20,SMR,bounce,Medium,control,NO-GO,2/6,0.08914,7.77,0.024453,0.120978,0.117117,0.133848,0.448,1.704,0.282,0.28,1,True,True,False,True,4,True,SMR_bounce_control_2026-07-09,8,bounce_control_2026-07-20,1,6.214,1.256,3.5,2,7.695,7.615,,-0.076555,0.0,1.002678,1.254627,0.0,,,
2026-07-20,morning,2026-07-20,SNDK,bounce,Large,control,NO-GO,3/6,0.157966,1408.78,-0.012656,0.12821,0.135216,0.143067,0.208,1.292,0.149,0.15,3,False,True,False,True,4,True,SNDK_bounce_control_2026-07-09,7,bounce_control_2026-07-20,1,2.041,0.437,-2.0,2,1437.6435,1393.14,,-0.139319,0.025967,0.802329,1.643083,0.0,,,
2026-07-20,morning,2026-07-20,SOXL,bounce,ETF,control,NO-GO,3/6,0.243788,143.52,-0.046753,0.104654,0.121725,0.097408,0.149,0.635,0.225,,,False,True,False,True,4,True,SOXL_bounce_control_2026-07-09,7,bounce_control_2026-07-20,1,0.464,0.103,-2.0,2,146.94,143.06,,-0.160555,0.025837,0.8244,0.876644,0.0,,,
2026-07-17,evening,2026-07-20,SOXL,bounce,ETF,surfaced,GO,5/6,0.254223,143.52,-0.046753,0.104654,0.121725,0.097408,0.14,0.61,0.22,,,False,True,False,True,4,True,SOXL_bounce_2026-07-14,4,bounce_2026-07-20,1,0.464,0.099,-2.0,2,146.94,143.06,,-0.225631,-0.124579,0.512684,,,-0.25,-0.54702,-0.54702
2026-07-20,morning,2026-07-20,SPCE,bounce,Small,control,NO-GO,0/6,0.076934,2.55,0.003922,0.090196,0.047059,0.011765,0.51,1.351,0.663,0.66,1,True,True,True,True,4,True,SPCE_bounce_control_2026-07-09,8,bounce_control_2026-07-20,1,8.2,2.09,4.0,2,2.455,2.43,,-0.053506,0.001953,0.582763,0.84561,0.0,,,
2026-07-20,morning,2026-07-20,STM,bounce,Medium,control,NO-GO,1/6,0.068253,62.37,-0.00946,0.049062,0.054513,-0.142376,0.134,0.977,2.257,,,False,False,False,True,4,True,STM_bounce_control_2026-07-09,8,bounce_control_2026-07-20,1,0.413,0.045,-2.0,2,62.68,62.31,,-0.083542,0.000483,1.234118,1.649659,0.0,,,
2026-07-20,morning,2026-07-20,STX,bounce,Large,control,NO-GO,2/6,0.101176,810.02,-0.009345,0.100998,0.121083,0.127577,0.264,1.543,0.159,0.16,1,False,True,False,True,4,True,STX_bounce_control_2026-07-09,8,bounce_control_2026-07-20,1,0.385,0.147,-2.0,2,825.635,810.02,,-0.034178,0.015654,1.337534,1.47435,0.0,,,
2026-07-20,morning,2026-07-20,TEAM,bounce,Medium,control,NO-GO,0/6,0.063992,91,0.05967,-0.004396,-0.061538,-0.119231,1.073,1.073,1.889,0.18,0,True,False,True,True,4,True,TEAM_bounce_control_2026-07-09,8,bounce_control_2026-07-20,1,3.357,1.937,2.881,1,91.61,89.93,,0.007955,-0.008468,0.733197,0.65308,0.0,,,
2026-07-20,morning,2026-07-20,TSLA,bounce,Large,control,NO-GO,0/6,0.048817,386.045,-0.042676,-0.01843,-0.031175,-0.171884,0.03,0.03,3.731,,,False,False,False,False,4,True,TSLA_bounce_control_2026-07-09,8,bounce_control_2026-07-20,1,1.19,0.106,-2.0,2,376.515,374.88,,-0.031613,0.00302,0.454211,0.296977,0.0,,,
2026-07-20,morning,2026-07-20,U,bounce,Medium,control,NO-GO,0/6,0.058453,28.87,0.03256,0.034638,0.013855,0.002425,1.055,1.07,0.616,0.04,0,True,True,True,True,4,True,U_bounce_control_2026-07-09,8,bounce_control_2026-07-20,1,3.033,1.653,1.163,1,29.255,28.795,,-0.073873,-0.001035,0.632094,0.371677,0.0,,,
2026-07-17,evening,2026-07-20,UMC,bounce,Medium,control,NO-GO,2/6,0.082481,20.685,-0.018613,0.024414,0.029248,0.008944,0.319,0.533,0.246,,,False,True,False,True,4,True,UMC_bounce_control_2026-07-09,8,bounce_control_2026-07-20,1,0.412,0.041,-2.0,2,20.675,20.545,,-0.104237,-0.078286,0.64722,1.492988,0.044271,,,
2026-07-20,morning,2026-07-20,UMC,bounce,Medium,surfaced,CAUTION,4/6,0.085375,20.685,-0.018613,0.024414,0.029248,0.008944,0.31,0.52,0.24,,,False,True,False,True,4,True,UMC_bounce_2026-07-20,1,bounce_2026-07-20,1,0.412,0.04,-2.0,2,20.675,20.545,,-0.196629,-0.057882,0.921191,,,-0.217969,-0.308702,-0.308702
2026-07-17,evening,2026-07-20,WDC,bounce,Large,control,NO-GO,3/6,0.117414,491.36,-0.008019,0.116066,0.132917,0.136234,0.254,1.474,0.105,0.11,1,False,True,False,True,4,True,WDC_bounce_control_2026-07-09,7,bounce_control_2026-07-20,1,0.459,0.181,-1.0,1,500.768,489.39,,-0.1475,-0.03359,0.794173,0.945429,0.066503,,,
2026-07-20,morning,2026-07-20,WDC,bounce,Large,surfaced,CAUTION,4/6,0.111675,491.36,-0.008019,0.116066,0.132917,0.136234,0.27,1.55,0.11,0.11,1,False,True,False,True,4,True,WDC_bounce_2026-07-16,3,bounce_2026-07-20,1,0.459,0.19,-1.0,1,500.768,489.39,,-0.059046,0.01316,1.155822,,,-0.140658,-0.395527,-0.395527
2026-07-20,morning,2026-07-20,WOLF,bounce,Small,control,NO-GO,2/6,0.15203,29.88,-0.016734,0.061914,-0.020415,-0.131191,0.143,0.489,0.955,,,False,False,False,True,4,True,WOLF_bounce_control_2026-07-09,8,bounce_control_2026-07-20,1,0.392,0.128,-2.0,2,30.24,29.5,,-0.148718,-0.000335,0.582258,0.197102,0.0,,,
2026-07-21,morning,2026-07-21,AAOI,bounce,Medium,control,NO-GO,2/6,0.122654,107.74,0.106924,0.025803,0.039725,-0.070447,0.943,0.943,0.625,,,True,False,True,True,4,True,AAOI_bounce_control_2026-07-09,8,bounce_control_2026-07-21,1,,,,0,,,,0.065642,0.036886,0.401469,0.94616,0.012998,,,
2026-07-20,evening,2026-07-21,AAOI,bounce,Medium,surfaced,CAUTION,4/6,0.137308,107.74,0.106924,0.025803,0.039725,-0.070447,0.84,0.84,0.56,,,True,False,True,True,4,True,AAOI_bounce_2026-07-17,3,bounce_2026-07-21,1,,,,0,,,,-0.054497,0.023923,1.036449,,,-0.166742,-0.50799,-0.558587
2026-07-21,morning,2026-07-21,ALAB,bounce,Medium,control,NO-GO,3/6,0.12972,326.555,-0.020716,0.01329,0.001271,-0.107103,0.11,0.372,0.861,,,False,False,False,False,4,True,ALAB_bounce_control_2026-07-09,9,bounce_control_2026-07-21,1,4.789,0.439,-2.0,2,327.12,323.77,,0.020298,0.055453,0.360952,1.423781,0.004904,,,
2026-07-21,morning,2026-07-21,AMAT,bounce,Large,control,NO-GO,0/6,0.087222,564.95,-0.000708,-0.019524,-0.003806,-0.050801,0.153,0.234,0.709,,,False,False,False,False,4,True,AMAT_bounce_control_2026-07-09,8,bounce_control_2026-07-21,1,1.659,0.519,0.65,1,559.71,552.0,,-0.014494,0.05155,0.6643,0.872163,0.004057,,,
2026-07-21,morning,2026-07-21,AMD,bounce,Large,control,NO-GO,0/6,0.075098,526,0.035038,0.050057,0.026027,-0.0077,0.56,0.898,0.203,,,True,False,True,True,4,True,AMD_bounce_control_2026-07-16,4,bounce_control_2026-07-21,1,5.096,1.081,4.217,1,526.7899,522.6001,,0.043518,0.038068,0.511504,1.135025,0.018202,,,
2026-07-21,morning,2026-07-21,APP,bounce,Large,control,NO-GO,0/6,0.077081,419.09,0.022907,-0.015772,-0.048271,-0.064688,0.48,0.48,0.994,,,True,False,False,False,4,True,APP_bounce_control_2026-07-09,9,bounce_control_2026-07-21,1,0.642,0.402,0.025,1,428.11,418.0,,-0.02274,0.0,0.470077,1.019043,0.001151,,,
2026-07-21,morning,2026-07-21,ARM,bounce,Large,control,NO-GO,2/6,0.092109,285.47,0.014923,-0.007251,-0.008512,-0.089186,0.324,0.324,1.028,,,True,False,False,False,4,True,ARM_bounce_control_2026-07-09,9,bounce_control_2026-07-21,1,3.577,1.159,2.582,1,278.76,274.5,,0.079501,0.049071,0.358514,1.16226,0.006171,,,
2026-07-20,evening,2026-07-21,ARM,bounce,Large,surfaced,CAUTION,4/6,0.104579,285.47,0.014923,-0.007251,-0.008512,-0.089186,0.29,0.29,0.91,,,True,False,False,False,4,True,ARM_bounce_2026-07-16,3,bounce_2026-07-21,1,3.577,1.021,2.582,1,278.76,274.5,,-0.021136,0.018002,1.049477,,,-0.15973,-0.401027,-0.401027
2026-07-21,morning,2026-07-21,AVGO,bounce,Large,control,NO-GO,0/6,0.040147,390.21,-0.009508,0.016914,0.005792,-0.021245,0.024,0.535,0.732,,,False,False,False,True,4,True,AVGO_bounce_control_2026-07-09,9,bounce_control_2026-07-21,1,2.628,0.802,1.916,1,381.61,379.22,,0.037228,0.027052,0.489338,0.944825,0.006139,,,
2026-07-21,morning,2026-07-21,AXTI,bounce,Medium,control,NO-GO,2/6,0.158596,52.34,0.079671,0.012228,0.011272,-0.097631,0.526,0.636,0.74,,,True,False,True,True,4,True,AXTI_bounce_control_2026-07-09,8,bounce_control_2026-07-21,1,,,,0,,,,0.132471,0.056865,0.617011,0.865186,0.011128,,,
2026-07-21,morning,2026-07-21,BABA,bounce,Large,control,NO-GO,0/6,0.035793,118.66,-0.005815,-0.017698,-0.038766,-0.054947,0.186,0.186,1.647,,,False,False,False,False,4,True,BABA_bounce_control_2026-07-17,3,bounce_control_2026-07-21,1,4.02,0.473,-0.779,2,118.2237,117.71,,0.008333,-0.015548,0.940958,0.75972,0.00988,,,
2026-07-21,morning,2026-07-21,BE,bounce,Medium,control,NO-GO,2/6,0.14552,211.07,0.071967,0.033875,0.029516,-0.124035,0.613,0.613,0.907,,,True,False,True,True,4,True,BE_bounce_control_2026-07-09,8,bounce_control_2026-07-21,1,2.974,1.087,2.368,1,213.21,207.598,,0.008232,0.057707,0.821239,1.077801,0.006596,,,
2026-07-20,evening,2026-07-21,BE,bounce,Medium,surfaced,CAUTION,4/6,0.151895,211.07,0.071967,0.033875,0.029516,-0.124035,0.59,0.59,0.87,,,True,False,True,True,4,True,BE_bounce_2026-07-13,4,bounce_2026-07-21,1,2.974,1.041,2.368,1,213.21,207.598,,-0.152686,-0.005047,0.946154,,,-0.165652,-0.422597,-0.422597
2026-07-21,morning,2026-07-21,BOT,bounce,Small,control,NO-GO,0/6,0.160144,28.15,0.012078,-0.026643,-0.086679,-0.08881,0.078,0.186,1.009,,,True,False,False,False,4,True,BOT_bounce_control_2026-07-09,9,bounce_control_2026-07-21,1,2.261,0.461,2.261,1,27.46,27.0,,-0.04614,0.028397,0.683449,0.892949,0.003534,,,
2026-07-21,morning,2026-07-21,BRUN,bounce,Small,control,NO-GO,0/6,0.137394,23.3,0.095708,0.039485,0.030043,-0.066953,0.837,0.984,0.506,,,True,False,True,True,4,True,BRUN_bounce_control_2026-07-09,9,bounce_control_2026-07-21,1,,,,0,,,,-0.00882,0.005111,0.59522,0.821282,0.001246,,,
2026-07-21,morning,2026-07-21,CBRS,bounce,Medium,control,NO-GO,2/6,0.101477,180.79,0.153659,0.160462,0.216881,0.101388,1.627,3.445,0.066,0.07,0,True,True,True,True,4,True,CBRS_bounce_control_2026-07-09,9,bounce_control_2026-07-21,1,,,,0,,,,-0.000324,0.019909,0.940552,0.70546,0.006302,,,
2026-07-21,morning,2026-07-21,CRDO,bounce,Medium,control,NO-GO,0/6,0.112687,224.44,-0.00254,0.017065,0.053734,-0.050303,0.055,0.66,0.589,,,False,False,False,True,4,True,CRDO_bounce_control_2026-07-13,7,bounce_control_2026-07-21,1,3.202,0.527,1.551,2,221.2194,218.29,,0.073232,0.052483,0.448871,0.929031,0.004831,,,
2026-07-21,morning,2026-07-21,CRML,bounce,Small,control,NO-GO,0/6,0.095519,6.44,-0.013975,0.012422,-0.051242,-0.097826,0.325,1.073,1.089,0.31,1,False,False,False,True,4,True,CRML_bounce_control_2026-07-09,9,bounce_control_2026-07-21,1,2.714,0.309,-2.0,2,6.395,6.34,,-0.052161,0.024155,0.806584,1.089259,0.022034,,,
2026-07-21,morning,2026-07-21,CRWD,bounce,Large,control,NO-GO,2/6,0.056992,199.81,-0.043341,-0.057004,-0.082028,-0.082729,0.017,0.017,1.584,,,False,False,False,False,4,True,CRWD_bounce_control_2026-07-09,9,bounce_control_2026-07-21,1,0.24,0.077,-2.0,2,199.54,195.1101,,-0.02287,0.003073,0.919175,2.531326,0.0,,,
2026-07-21,morning,2026-07-21,CRWV,bounce,Medium,control,NO-GO,0/6,0.088594,75.0015,0.061045,0.101845,0.081312,-0.041619,0.82,1.56,0.501,0.08,1,True,False,True,True,4,True,CRWV_bounce_control_2026-07-09,9,bounce_control_2026-07-21,1,,,,0,,,,0.041097,0.03896,0.936081,1.329294,0.010921,,,
2026-07-21,morning,2026-07-21,DGXX,bounce,Small,control,NO-GO,1/6,0.095417,4.2,0.007143,0.021429,0.030952,-0.052381,0.449,0.848,0.574,,,True,False,False,True,4,True,DGXX_bounce_control_2026-07-09,9,bounce_control_2026-07-21,1,,,,0,,,,0.142473,0.05068,0.789107,1.490243,0.01349,,,
2026-07-21,morning,2026-07-21,DRAM,bounce,ETF,control,NO-GO,2/6,0.09135,57.05,0.031551,0.012621,0.021911,-0.067485,0.44,0.44,0.829,,,True,False,False,False,4,True,DRAM_bounce_control_2026-07-20,2,bounce_control_2026-07-21,1,7.271,0.977,4.743,2,57.22,56.67,,0.077761,0.063136,0.442455,1.78298,0.04153,,,
2026-07-21,morning,2026-07-21,DXYZ,bounce,Small,control,NO-GO,0/6,0.070118,25,0.0268,0.0116,-0.0356,-0.068,0.673,0.673,1.609,,,True,False,True,True,4,True,DXYZ_bounce_control_2026-07-09,9,bounce_control_2026-07-21,1,,,,0,,,,-0.081031,0.015466,0.790652,0.601746,0.003325,,,
2026-07-21,morning,2026-07-21,ETHE,bounce,Medium,control,NO-GO,0/6,0.036633,15.63,-0.006398,-0.005758,-0.03263,-0.039028,0.105,0.277,1.275,,,False,False,False,False,4,True,ETHE_bounce_control_2026-07-09,9,bounce_control_2026-07-21,1,1.8,0.314,-2.0,2,15.6,15.55,,0.036352,0.023499,0.937488,0.799113,0.035499,,,
2026-07-21,morning,2026-07-21,EWY,bounce,ETF,control,NO-GO,0/6,0.061973,169.77,0.018437,0.003888,0.024091,-0.040113,0.42,0.505,0.662,,,True,False,False,True,4,True,EWY_bounce_control_2026-07-09,9,bounce_control_2026-07-21,1,5.782,0.857,3.115,2,169.79,168.97,,0.031434,0.034601,0.477871,1.587179,0.009846,,,
2026-07-21,morning,2026-07-21,FCEL,bounce,Small,control,NO-GO,2/6,0.196587,20.1,0.076617,0.11791,0.159204,0.057711,0.526,1.265,0.149,0.15,2,True,True,True,True,4,True,FCEL_bounce_control_2026-07-09,9,bounce_control_2026-07-21,1,4.287,1.096,3.198,1,20.015,19.51,,0.176419,0.023437,0.355712,0.838657,0.008145,,,
2026-07-21,morning,2026-07-21,FIG,bounce,Medium,control,NO-GO,0/6,0.084396,23.35,-0.060814,-0.080514,-0.143469,-0.095503,0.233,0.233,1.751,,,False,False,False,False,4,True,FIG_bounce_control_2026-07-09,9,bounce_control_2026-07-21,1,0.49,0.305,-2.0,2,23.5093,22.8,,0.001282,-0.024147,0.872242,1.265876,0.005085,,,
2026-07-21,morning,2026-07-21,FJET,bounce,Micro,control,NO-GO,2/6,0.111204,3.72,0.083333,0.0,-0.002688,-0.077957,0.882,0.943,0.798,,,True,False,True,True,4,True,FJET_bounce_control_2026-07-09,9,bounce_control_2026-07-21,1,3.295,1.625,2.756,1,3.7489,3.6469,,-0.04804,0.026775,0.901197,0.647882,0.00608,,,
2026-07-21,morning,2026-07-21,GLW,bounce,Large,control,NO-GO,3/6,0.105,161.3,0.006882,-0.044885,-0.032486,-0.090825,0.189,0.189,0.908,,,True,False,False,False,4,True,GLW_bounce_control_2026-07-09,9,bounce_control_2026-07-21,1,0.557,0.098,-2.0,2,158.615,157.44,,0.018771,0.053973,0.469217,0.85088,0.009443,,,
2026-07-21,morning,2026-07-21,GOOGL,bounce,Large,control,NO-GO,0/6,0.030684,351.32,-0.01187,-0.026272,-0.095725,-0.08989,0.0,0.0,3.379,,,False,False,False,False,4,True,GOOGL_bounce_control_2026-07-09,8,bounce_control_2026-07-21,1,,,,0,,,,-0.009141,-0.002188,0.849979,0.871658,0.00513,,,
2026-07-21,morning,2026-07-21,HQ,bounce,Small,control,NO-GO,3/6,0.174754,20.06,-0.167996,-0.270189,-0.315055,-0.41675,0.014,0.014,2.422,,,False,False,False,False,4,True,HQ_bounce_control_2026-07-09,9,bounce_control_2026-07-21,1,0.052,0.034,-2.0,2,19.67,18.51,,-0.020545,0.045918,1.270078,0.828726,0.000292,,,
2026-07-21,morning,2026-07-21,HYLN,bounce,Small,control,NO-GO,2/6,0.113661,3.61,0.074792,0.088643,0.141274,0.030471,0.67,2.311,-0.0,-0.0,1,True,True,True,True,4,True,HYLN_bounce_control_2026-07-09,9,bounce_control_2026-07-21,1,,,,0,,,,-0.018717,0.033803,0.671244,0.485311,0.000412,,,
2026-07-21,morning,2026-07-21,IBIT,bounce,ETF,control,NO-GO,1/6,0.028713,37.61,0.001595,-0.007179,-0.025525,-0.033502,0.296,0.296,1.445,,,True,False,False,False,4,True,IBIT_bounce_control_2026-07-09,9,bounce_control_2026-07-21,1,3.456,0.559,-2.0,2,37.635,37.5748,,0.035174,0.021144,0.929173,1.242161,0.05451,,,
2026-07-21,morning,2026-07-21,INOD,bounce,Medium,control,NO-GO,2/6,0.071079,63.41,0.003469,-0.031541,-0.053619,-0.118593,0.24,0.24,1.726,,,True,False,False,False,4,True,INOD_bounce_control_2026-07-09,9,bounce_control_2026-07-21,1,0.85,0.302,-2.0,2,63.81,63.01,,0.042331,0.023694,0.511365,0.811631,0.006475,,,
2026-07-21,morning,2026-07-21,INTC,bounce,Large,control,NO-GO,0/6,0.085333,103.19,0.021901,-0.005524,-0.028685,-0.10534,0.358,0.416,1.318,,,True,False,False,False,4,True,INTC_bounce_control_2026-07-09,9,bounce_control_2026-07-21,1,3.687,0.915,1.873,2,103.01,102.1,,0.051969,0.051102,0.466363,1.15871,0.011639,,,
2026-07-21,morning,2026-07-21,IONQ,bounce,Medium,control,NO-GO,1/6,0.08795,35.46,0.00141,-0.021997,-0.039199,-0.073886,0.194,0.194,0.93,,,True,False,False,False,4,True,IONQ_bounce_control_2026-07-09,9,bounce_control_2026-07-21,1,,,,0,,,,0.002234,0.027407,0.675515,1.089522,0.011272,,,
2026-07-21,morning,2026-07-21,IREN,bounce,Medium,control,NO-GO,1/6,0.097569,40.91,0.009289,0.009044,-0.008066,-0.093865,0.443,0.704,0.975,,,True,False,False,True,4,True,IREN_bounce_control_2026-07-09,9,bounce_control_2026-07-21,1,,,,0,,,,0.195521,0.035821,1.177767,1.11498,0.015898,,,
2026-07-21,morning,2026-07-21,KEEL,bounce,Medium,control,NO-GO,2/6,0.107772,4.61,0.008677,0.017354,0.043384,-0.075922,0.242,0.885,0.725,,,True,False,False,True,4,True,KEEL_bounce_control_2026-07-09,9,bounce_control_2026-07-21,1,4.556,0.825,2.444,1,4.525,4.48,,0.153748,0.046083,0.674453,0.570179,0.008567,,,
2026-07-21,morning,2026-07-21,KWEB,bounce,ETF,control,NO-GO,1/6,0.024477,27.28,-0.009531,-0.030792,-0.037023,-0.03629,0.075,0.075,1.737,,,False,False,False,False,4,True,KWEB_bounce_control_2026-07-09,9,bounce_control_2026-07-21,1,0.924,0.135,-2.0,2,27.175,27.08,,-0.00655,-0.005102,0.733298,1.404127,0.002193,,,
2026-07-21,morning,2026-07-21,LITE,bounce,Medium,control,NO-GO,0/6,0.081466,811.5,0.032113,0.022428,0.027283,-0.059778,0.476,1.293,0.854,0.18,2,True,False,False,True,4,True,LITE_bounce_control_2026-07-09,9,bounce_control_2026-07-21,1,,,,0,,,,0.136386,0.048331,0.593452,1.057988,0.00966,,,
2026-07-21,morning,2026-07-21,LWLG,bounce,Small,control,NO-GO,0/6,0.104783,6.15,0.118699,0.100813,0.086179,-0.01626,1.156,1.924,0.171,0.02,0,True,False,True,True,4,True,LWLG_bounce_control_2026-07-09,9,bounce_control_2026-07-21,1,16.723,2.211,16.606,1,6.1826,6.14,,-0.015898,0.040336,0.632124,0.595834,0.003764,,,
2026-07-21,morning,2026-07-21,MP,bounce,Medium,control,NO-GO,0/6,0.064859,46.7,-0.008565,-0.021842,-0.043897,-0.115632,0.304,0.304,1.842,,,False,False,False,False,4,True,MP_bounce_control_2026-07-09,9,bounce_control_2026-07-21,1,2.67,0.754,1.548,1,45.6578,45.23,,0.020678,0.015317,0.890528,1.42857,0.010163,,,
2026-07-21,morning,2026-07-21,MRVL,bounce,Large,control,NO-GO,2/6,0.097686,205.555,0.0117,0.026441,0.018316,-0.055095,0.251,0.466,0.71,,,True,False,False,False,4,True,MRVL_bounce_control_2026-07-09,9,bounce_control_2026-07-21,1,3.311,0.594,0.807,2,205.755,204.33,,0.087414,0.050374,0.504443,0.925851,0.032645,,,
2026-07-21,morning,2026-07-21,MSFT,bounce,Large,control,NO-GO,1/6,0.027514,398.805,-0.002645,-0.021226,-0.043192,-0.042891,0.243,0.243,1.952,,,False,False,False,False,4,True,MSFT_bounce_control_2026-07-09,9,bounce_control_2026-07-21,1,0.561,0.337,-0.6,1,399.62,396.32,,-0.00728,-0.010217,1.234973,0.730218,0.003851,,,
2026-07-21,morning,2026-07-21,MSTR,bounce,Medium,control,NO-GO,1/6,0.068627,101.31,0.006317,-0.012832,-0.075807,-0.095153,0.473,0.473,1.661,,,True,False,False,False,4,True,MSTR_bounce_control_2026-07-09,9,bounce_control_2026-07-21,1,2.418,0.873,-2.0,2,101.565,100.31,,0.079336,0.037518,0.870056,0.514004,0.007535,,,
2026-07-21,morning,2026-07-21,MU,bounce,Large,control,NO-GO,0/6,0.083165,925.35,0.049138,0.036883,0.070092,-0.004755,0.748,1.123,0.277,0.11,2,True,False,True,True,4,True,MU_bounce_control_2026-07-09,9,bounce_control_2026-07-21,1,0.244,0.116,-2.0,2,940.99,922.7335,,0.073019,0.057819,0.552943,1.216553,0.01816,,,
2026-07-21,morning,2026-07-21,MXL,bounce,Medium,control,NO-GO,3/6,0.157068,80.42,0.070132,0.079333,0.134544,-0.109799,0.488,1.119,0.944,0.05,2,True,False,True,True,4,True,MXL_bounce_control_2026-07-09,7,bounce_control_2026-07-21,1,0.182,0.051,-1.0,1,82.18,80.42,,0.07621,0.067458,0.383257,1.276214,0.020239,,,
2026-07-20,evening,2026-07-21,MXL,bounce,Medium,surfaced,CAUTION,4/6,0.175952,80.42,0.070132,0.079333,0.134544,-0.109799,0.44,1.0,0.84,,,True,False,True,True,4,True,MXL_bounce_2026-07-17,3,bounce_2026-07-21,1,0.182,0.045,-1.0,1,82.18,80.42,,-0.160489,0.037862,0.530373,,,-0.192043,-0.418689,-0.418689
2026-07-21,morning,2026-07-21,NBIS,bounce,Medium,control,NO-GO,2/6,0.125519,193.05,0.123647,0.13007,0.144626,-0.02735,1.014,1.537,0.274,0.04,0,True,False,True,True,4,True,NBIS_bounce_control_2026-07-09,9,bounce_control_2026-07-21,1,,,,0,,,,0.132328,0.065053,0.625064,1.414564,0.016252,,,
2026-07-21,morning,2026-07-21,NOK,bounce,Medium,control,NO-GO,3/6,0.068518,10.48,0.014313,-0.019084,-0.071565,-0.131679,0.397,0.397,2.054,,,True,False,False,False,4,True,NOK_bounce_control_2026-07-09,9,bounce_control_2026-07-21,1,1.1,0.46,0.333,1,10.6,10.45,,0.004817,0.034722,0.363818,1.309853,0.014997,,,
2026-07-21,morning,2026-07-21,NVDA,bounce,Large,control,NO-GO,0/6,0.0354,207.54,-0.001205,0.021779,0.005878,-0.003373,0.151,0.932,0.48,,,False,False,False,True,4,True,NVDA_bounce_control_2026-07-09,7,bounce_control_2026-07-21,1,2.149,0.708,1.612,1,205.22,204.01,,-0.008293,0.011806,0.74989,1.051417,0.005427,,,
2026-07-21,morning,2026-07-21,NVTS,bounce,Medium,control,NO-GO,1/6,0.1098,12.05,0.064315,0.051452,-0.00166,-0.093776,0.612,0.888,0.869,,,True,False,True,True,4,True,NVTS_bounce_control_2026-07-09,9,bounce_control_2026-07-21,1,,,,0,,,,0.025164,0.044263,0.570596,0.742592,0.006738,,,
2026-07-21,morning,2026-07-21,OKLO,bounce,Medium,control,NO-GO,1/6,0.078364,42.4,0.040802,0.049528,0.037736,-0.050708,0.539,1.538,0.677,0.04,1,True,False,True,True,4,True,OKLO_bounce_control_2026-07-09,9,bounce_control_2026-07-21,1,1.619,0.716,1.565,1,43.0,42.265,,0.01295,0.017586,0.622339,0.984156,0.012011,,,
2026-07-21,morning,2026-07-21,ON,bounce,Medium,control,NO-GO,2/6,0.066272,91.05,0.00011,0.014058,-0.010104,-0.046568,0.089,0.531,0.865,,,True,False,False,True,4,True,ON_bounce_control_2026-07-09,9,bounce_control_2026-07-21,1,0.759,0.189,-2.0,2,90.68,89.7547,,0.024058,0.04083,0.583578,0.74247,0.002216,,,
2026-07-21,morning,2026-07-21,OPEN,bounce,Medium,control,NO-GO,0/6,0.087205,4.47,0.002237,-0.020134,-0.139821,-0.142058,0.154,0.154,1.796,,,True,False,False,False,4,True,OPEN_bounce_control_2026-07-09,9,bounce_control_2026-07-21,1,2.2,0.282,-2.0,2,4.455,4.43,,-0.019694,0.007874,0.614316,1.237669,0.002748,,,
2026-07-21,morning,2026-07-21,ORCL,bounce,Large,control,NO-GO,2/6,0.054859,122.81,0.034525,0.024672,-0.022555,-0.063676,0.684,0.895,1.196,,,True,False,True,True,4,True,ORCL_bounce_control_2026-07-09,9,bounce_control_2026-07-21,1,3.57,1.208,3.254,1,123.35,122.21,,-0.015216,0.007744,0.813623,0.996128,0.009138,,,
2026-07-21,morning,2026-07-21,PENG,bounce,Medium,surfaced,CAUTION,4/6,0.17819,56,0.0375,0.057143,0.043036,-0.038393,0.28,0.55,0.29,,,True,False,False,True,4,True,PENG_bounce_2026-07-21,1,bounce_2026-07-21,1,2.863,0.585,2.181,1,55.85,54.83,,-0.151129,0.052038,0.69248,,,-0.290061,-0.376808,-0.376808
2026-07-21,morning,2026-07-21,PL,bounce,Medium,control,NO-GO,1/6,0.099927,22.65,0.019868,-0.002208,-0.012804,-0.096247,0.34,0.34,1.043,,,True,False,False,False,4,True,PL_bounce_control_2026-07-09,9,bounce_control_2026-07-21,1,2.179,0.751,1.385,1,22.57,22.18,,0.014894,0.012144,0.870436,0.726645,0.001967,,,
2026-07-21,morning,2026-07-21,PLTR,bounce,Large,control,NO-GO,0/6,0.052904,133.83,-0.008742,-0.069192,-0.078159,-0.081521,0.12,0.12,1.85,,,False,False,False,False,4,True,PLTR_bounce_control_2026-07-09,9,bounce_control_2026-07-21,1,0.161,0.136,-0.534,1,134.2,131.225,,-0.00543,-0.008454,0.678555,0.726773,0.003715,,,
2026-07-21,morning,2026-07-21,POET,bounce,Small,control,NO-GO,0/6,0.094935,7.82,0.070332,-0.021739,-0.028133,-0.118926,0.849,0.849,1.293,,,True,False,True,True,4,True,POET_bounce_control_2026-07-09,9,bounce_control_2026-07-21,1,,,,0,,,,0.003911,0.03079,0.554036,0.949338,0.012271,,,
2026-07-21,morning,2026-07-21,QCOM,bounce,Large,control,NO-GO,0/6,0.050497,175.49,-0.01134,0.000798,-0.024959,-0.04855,0.0,0.357,1.097,,,False,False,False,False,4,True,QCOM_bounce_control_2026-07-09,9,bounce_control_2026-07-21,1,1.945,0.715,1.012,1,171.77,170.14,,0.022273,0.024014,0.721006,0.894088,0.002218,,,
2026-07-21,morning,2026-07-21,RGTI,bounce,Medium,control,NO-GO,1/6,0.078207,14.74,0.036635,0.033243,0.007463,-0.040027,0.568,0.746,0.52,,,True,False,True,True,4,True,RGTI_bounce_control_2026-07-09,9,bounce_control_2026-07-21,1,2.007,0.833,1.547,1,14.915,14.6758,,0.041135,0.030175,0.470351,0.872124,0.007903,,,
2026-07-21,morning,2026-07-21,RKLB,bounce,Medium,control,NO-GO,0/6,0.104821,66.34,0.041905,0.051402,0.05502,-0.036629,0.489,0.949,0.48,,,True,False,False,True,4,True,RKLB_bounce_control_2026-07-09,9,bounce_control_2026-07-21,1,7.364,0.972,6.034,1,66.36,65.9009,,-0.004615,0.019763,0.583453,0.936968,0.007874,,,
2026-07-21,morning,2026-07-21,RVI,bounce,Small,control,NO-GO,1/6,0.082618,26.34,0.034548,0.045558,-0.013288,-0.03265,0.533,0.717,0.565,,,True,False,True,True,4,True,RVI_bounce_control_2026-07-09,9,bounce_control_2026-07-21,1,5.638,1.218,3.574,2,26.5284,26.225,,0.074413,0.018868,1.03107,1.762129,0.004484,,,
2026-07-21,morning,2026-07-21,RXT,bounce,Small,control,NO-GO,2/6,0.207739,4.27,0.028103,-0.030445,-0.058548,-0.077283,0.282,0.282,0.417,,,True,False,False,False,4,True,RXT_bounce_control_2026-07-13,7,bounce_control_2026-07-21,1,1.9,0.428,0.428,1,4.33,4.23,,0.030998,0.009419,0.277256,0.461223,0.003239,,,
2026-07-21,morning,2026-07-21,SIMO,bounce,Medium,control,NO-GO,0/6,0.097577,269.95,0.03045,0.043452,0.070865,0.003519,0.332,0.926,0.34,,,True,True,False,True,4,True,SIMO_bounce_control_2026-07-14,5,bounce_control_2026-07-21,1,2.625,0.973,2.533,1,265.88,261.0,,-0.031015,0.045089,0.779493,0.872855,0.002241,,,
2026-07-21,morning,2026-07-21,SMR,bounce,Medium,control,NO-GO,1/6,0.083577,8.1,0.075309,0.071605,0.087654,-0.001235,0.945,1.256,0.044,-0.0,1,True,False,True,True,4,True,SMR_bounce_control_2026-07-09,9,bounce_control_2026-07-21,1,,,,0,,,,0.057592,0.015075,0.747816,0.818059,0.007201,,,
2026-07-21,morning,2026-07-21,SNDK,bounce,Large,control,NO-GO,3/6,0.142976,1511.67,0.05142,0.057949,0.065266,-0.049687,0.389,0.855,0.463,,,True,False,False,True,4,True,SNDK_bounce_control_2026-07-09,8,bounce_control_2026-07-21,1,3.402,0.758,3.121,1,1513.725,1489.645,,0.054511,0.069772,0.373116,1.472411,0.03274,,,
2026-07-21,morning,2026-07-21,SOXL,bounce,ETF,control,NO-GO,3/6,0.20465,155.84,0.017325,0.033047,0.010652,-0.122112,0.151,0.311,0.73,,,True,False,False,True,4,True,SOXL_bounce_control_2026-07-09,8,bounce_control_2026-07-21,1,3.159,0.561,1.371,2,153.505,151.67,,0.080853,0.125649,0.414867,1.775771,0.046952,,,
2026-07-21,morning,2026-07-21,SPCE,bounce,Small,control,NO-GO,1/6,0.076228,2.6,0.069231,0.026923,-0.007692,-0.042308,1.009,1.085,0.605,0.19,0,True,False,True,True,4,True,SPCE_bounce_control_2026-07-09,9,bounce_control_2026-07-21,1,5.398,2.026,3.995,2,2.62,2.5901,,-0.007722,0.003906,1.174026,0.870934,0.005073,,,
2026-07-21,morning,2026-07-21,SPCX,bounce,Large,control,NO-GO,3/6,0.072746,122.105,0.011752,-0.056058,-0.031653,-0.057614,0.875,0.875,1.267,,,True,False,True,True,4,True,SPCX_bounce_control_2026-07-21,1,bounce_control_2026-07-21,1,6.409,1.854,1.412,1,121.645,120.36,,-0.067806,0.019775,0.677084,0.970137,0.014736,,,
2026-07-21,morning,2026-07-21,STM,bounce,Medium,control,NO-GO,0/6,0.061687,65.33,0.001531,0.006735,-0.181234,-0.211082,0.196,0.298,3.536,,,True,False,False,False,4,True,STM_bounce_control_2026-07-09,9,bounce_control_2026-07-21,1,4.342,0.819,1.553,2,64.59,64.21,,0.032659,0.049207,0.405146,1.423411,0.009024,,,
2026-07-21,morning,2026-07-21,STX,bounce,Large,control,NO-GO,0/6,0.090188,863.995,0.032217,0.051048,0.057136,-0.014242,0.461,0.93,0.366,,,True,False,False,True,4,True,STX_bounce_control_2026-07-09,9,bounce_control_2026-07-21,1,2.023,0.946,1.554,1,863.09,844.87,,0.1363,0.055642,0.453281,1.368357,0.006674,,,
2026-07-21,morning,2026-07-21,TEAM,bounce,Medium,control,NO-GO,1/6,0.065481,93.408,-0.030062,-0.085731,-0.141936,-0.069887,0.506,0.506,2.192,,,False,False,False,True,4,True,TEAM_bounce_control_2026-07-09,9,bounce_control_2026-07-21,1,0.754,0.441,-2.0,2,95.1503,93.36,,0.01689,-0.026029,1.190244,0.839028,0.001125,,,
2026-07-21,morning,2026-07-21,TSLA,bounce,Large,control,NO-GO,0/6,0.047022,371.165,0.020921,0.007665,-0.138685,-0.156628,0.739,0.739,3.705,,,True,False,True,True,4,True,TSLA_bounce_control_2026-07-09,9,bounce_control_2026-07-21,1,1.183,0.875,0.38,1,376.435,369.98,,-0.051117,0.004059,0.984894,0.771425,0.019823,,,
2026-07-21,morning,2026-07-21,U,bounce,Medium,control,NO-GO,1/6,0.058958,29.88,-0.000335,-0.020415,-0.031459,-0.042169,0.451,0.451,1.164,,,False,False,False,False,4,True,U_bounce_control_2026-07-09,9,bounce_control_2026-07-21,1,3.005,0.749,-2.0,2,30.015,29.71,,-0.019874,-0.00738,1.063298,0.940359,0.002123,,,
2026-07-21,morning,2026-07-21,UMC,bounce,Medium,control,NO-GO,0/6,0.075188,21.505,-0.014648,-0.009998,-0.029528,-0.094164,0.0,0.056,1.568,,,False,False,False,False,4,True,UMC_bounce_control_2026-07-09,9,bounce_control_2026-07-21,1,1.143,0.198,-2.0,2,21.12,20.935,,-0.025123,0.070443,0.590632,1.137568,0.017043,,,
2026-07-21,morning,2026-07-21,WDC,bounce,Large,control,NO-GO,2/6,0.098366,528.81,0.037027,0.052684,0.055767,-0.017038,0.477,0.914,0.37,,,True,False,False,True,4,True,WDC_bounce_control_2026-07-09,8,bounce_control_2026-07-21,1,2.158,0.962,1.714,1,528.603,517.01,,0.117157,0.069919,0.403721,1.236887,0.012907,,,
2026-07-20,evening,2026-07-21,WDC,bounce,Large,surfaced,CAUTION,4/6,0.109899,528.81,0.037027,0.052684,0.055767,-0.017038,0.43,0.82,0.33,,,True,False,False,True,4,True,WDC_bounce_2026-07-16,4,bounce_2026-07-21,1,2.158,0.861,1.714,1,528.603,517.01,,-0.043837,0.02963,1.155822,,,-0.126768,-0.385756,-0.385756
2026-07-21,morning,2026-07-21,WOLF,bounce,Small,control,NO-GO,2/6,0.133301,30.71,0.033214,-0.04689,-0.154673,-0.248128,0.34,0.34,1.969,,,True,False,False,False,4,True,WOLF_bounce_control_2026-07-09,9,bounce_control_2026-07-21,1,,,,0,,,,-0.016036,0.044248,0.444583,1.085803,0.009138,,,
2026-07-22,morning,2026-07-22,AAOI,bounce,Medium,control,NO-GO,2/6,0.117828,114.985,-0.038831,-0.025786,-0.129017,-0.14928,0.185,0.349,1.68,,,False,False,False,False,4,True,AAOI_bounce_control_2026-07-09,9,bounce_control_2026-07-22,2,1.301,0.335,-2.0,2,114.9827,113.24,,0.13983,-0.021214,0.930637,0.680209,0.0,,,
2026-07-22,morning,2026-07-22,ALAB,bounce,Medium,control,NO-GO,2/6,0.131163,308.28,0.073359,0.060627,-0.054172,-0.08356,0.756,0.841,1.003,,,True,False,True,True,4,True,ALAB_bounce_control_2026-07-09,10,bounce_control_2026-07-22,2,1.202,0.86,0.648,1,321.47,307.0,,0.024307,-0.027487,0.426066,0.510793,0.0,,,
2026-07-22,morning,2026-07-22,AMAT,bounce,Large,control,NO-GO,0/6,0.087609,544.305,0.017665,0.033979,-0.014799,-0.050367,0.399,0.675,1.062,,,True,False,False,True,4,True,AMAT_bounce_control_2026-07-09,9,bounce_control_2026-07-22,2,0.516,0.288,-0.202,1,556.4801,543.18,,0.0418,-0.022584,0.424056,0.8198,0.0,,,
2026-07-22,morning,2026-07-22,APP,bounce,Large,control,NO-GO,0/6,0.074762,424.555,-0.028442,-0.060522,-0.076727,-0.027853,0.003,0.003,1.184,,,False,False,False,False,4,True,APP_bounce_control_2026-07-09,10,bounce_control_2026-07-22,2,1.253,0.418,-0.947,2,411.58,407.31,,0.008621,-0.001143,0.51854,0.883424,0.0,,,
2026-07-22,morning,2026-07-22,ARM,bounce,Large,control,NO-GO,2/6,0.093008,280.48,0.010411,0.009127,-0.072982,-0.050449,0.305,0.326,1.107,,,True,False,False,False,4,True,ARM_bounce_control_2026-07-09,10,bounce_control_2026-07-22,2,,,,0,,,,0.061305,-0.021261,0.739357,0.439809,0.0,,,
2026-07-22,morning,2026-07-22,AVGO,bounce,Large,control,NO-GO,0/6,0.041702,380.2,0.043688,0.032272,0.004524,0.007943,1.16,1.16,0.423,0.01,0,True,True,True,True,4,True,AVGO_bounce_control_2026-07-09,10,bounce_control_2026-07-22,2,4.701,1.933,4.12,1,383.26,380.0,,0.024203,-0.017335,0.717456,0.536419,0.0,,,
2026-07-22,morning,2026-07-22,AXTI,bounce,Medium,control,NO-GO,2/6,0.152913,54.055,-0.019887,-0.020812,-0.12626,-0.114236,0.336,0.431,1.198,,,False,False,False,True,4,True,AXTI_bounce_control_2026-07-09,9,bounce_control_2026-07-22,2,3.566,0.656,-2.0,2,54.12,53.36,,0.204972,-0.02212,0.651481,1.163255,0.0,,,
2026-07-22,morning,2026-07-22,BABA,bounce,Large,control,NO-GO,0/6,0.036547,116.225,0.002882,-0.018628,-0.035147,-0.01054,0.142,0.142,1.074,,,True,False,False,False,4,True,BABA_bounce_control_2026-07-17,4,bounce_control_2026-07-22,2,2.101,0.539,1.569,1,115.685,115.14,,0.010701,-0.015001,0.42385,1.06628,0.0,,,
2026-07-22,morning,2026-07-22,BE,bounce,Medium,control,NO-GO,2/6,0.137553,217.57,0.002988,-0.001241,-0.150205,-0.135083,0.411,0.411,1.37,,,True,False,False,False,4,True,BE_bounce_control_2026-07-09,9,bounce_control_2026-07-22,2,,,,0,,,,0.023446,-0.027667,0.73697,1.653298,0.0,,,
2026-07-22,morning,2026-07-22,BOT,bounce,Small,control,NO-GO,0/6,0.149486,28,-0.021429,-0.081786,-0.083929,-0.0725,0.237,0.237,1.051,,,False,False,False,False,4,True,BOT_bounce_control_2026-07-09,10,bounce_control_2026-07-22,2,1.161,0.344,-2.0,2,28.27,27.65,,-0.061001,-0.038259,0.366217,0.58972,0.0,,,
2026-07-22,morning,2026-07-22,BRUN,bounce,Small,control,NO-GO,0/6,0.117145,24.84,-0.02496,-0.033816,-0.124799,-0.220612,0.553,0.553,2.352,,,False,False,False,True,4,True,BRUN_bounce_control_2026-07-09,10,bounce_control_2026-07-22,2,1.478,0.818,-2.0,2,25.26,24.4547,,0.045455,,0.90781,0.454039,0.0,,,
2026-07-22,morning,2026-07-22,CBRS,bounce,Medium,control,NO-GO,2/6,0.09543,204.51,0.025867,0.075742,-0.026356,-0.077747,2.023,2.023,1.166,0.07,0,True,False,True,True,4,True,CBRS_bounce_control_2026-07-09,10,bounce_control_2026-07-22,2,1.715,1.329,0.58,2,221.0,203.69,,0.168634,-0.031452,1.611442,0.551032,0.0,,,
2026-07-22,morning,2026-07-22,CRDO,bounce,Medium,control,NO-GO,1/6,0.110113,216.555,0.054097,0.092101,-0.015723,-0.038858,0.643,1.031,0.82,0.09,1,True,False,True,True,4,True,CRDO_bounce_control_2026-07-13,8,bounce_control_2026-07-22,2,0.859,0.674,0.453,1,223.84,214.4837,,0.070653,-0.030687,0.395068,0.807735,0.0,,,
2026-07-22,morning,2026-07-22,CRML,bounce,Small,control,NO-GO,0/6,0.09689,6.34,0.028391,-0.036278,-0.083596,-0.047319,1.237,1.237,0.928,0.03,0,True,False,True,True,4,True,CRML_bounce_control_2026-07-09,10,bounce_control_2026-07-22,2,1.727,1.608,-0.336,1,6.606,6.32,,-0.009375,-0.001575,0.633907,0.540819,0.0,,,
2026-07-22,morning,2026-07-22,CRWD,bounce,Large,control,NO-GO,2/6,0.05921,192.56,-0.0215,-0.047466,-0.048193,-0.064655,0.082,0.082,1.145,,,False,False,False,False,4,True,CRWD_bounce_control_2026-07-09,10,bounce_control_2026-07-22,2,1.176,0.493,0.406,1,187.44,185.05,,-0.044465,0.015171,0.8982,2.0407,0.0,,,
2026-07-22,morning,2026-07-22,CRWV,bounce,Medium,control,NO-GO,0/6,0.08501,79.89,0.034422,0.015146,-0.100263,-0.113907,0.807,0.807,1.502,,,True,False,True,True,4,True,CRWV_bounce_control_2026-07-09,10,bounce_control_2026-07-22,2,1.881,1.113,0.502,1,81.59,79.58,,0.097528,0.009676,0.871086,0.854233,0.0,,,
2026-07-22,morning,2026-07-22,DGXX,bounce,Small,control,NO-GO,2/6,0.097488,4.2,0.021429,0.030952,-0.052381,-0.085714,0.537,0.83,1.319,,,True,False,True,True,4,True,DGXX_bounce_control_2026-07-09,10,bounce_control_2026-07-22,2,1.417,0.83,0.333,1,4.25,4.13,,0.114058,-0.007092,0.48846,1.360048,0.0,,,
2026-07-22,morning,2026-07-22,DRAM,bounce,ETF,control,NO-GO,2/6,0.095533,56.365,0.024927,0.03433,-0.056152,-0.069813,0.426,0.532,1.139,,,True,False,False,True,4,True,DRAM_bounce_control_2026-07-20,3,bounce_control_2026-07-22,2,1.774,0.613,0.774,1,57.01,56.08,,0.078528,-0.033815,0.532953,1.198795,0.0,,,
2026-07-22,morning,2026-07-22,DXYZ,bounce,Small,control,NO-GO,0/6,0.070482,25.11,0.007168,-0.039825,-0.072083,-0.082836,0.271,0.271,1.656,,,True,False,False,False,4,True,DXYZ_bounce_control_2026-07-09,10,bounce_control_2026-07-22,2,1.105,0.237,-0.053,2,25.41,25.0,,-0.018098,-0.006623,0.995938,0.555026,0.0,,,
2026-07-22,morning,2026-07-22,ETHE,bounce,Medium,control,NO-GO,0/6,0.035907,15.5,0.002581,-0.024516,-0.030968,0.014194,0.519,0.791,1.078,,,True,True,True,True,4,True,ETHE_bounce_control_2026-07-09,10,bounce_control_2026-07-22,2,2.609,0.75,-0.625,1,15.58,15.5,,0.041667,-0.001932,0.431223,0.368152,0.0,,,
2026-07-22,morning,2026-07-22,EWY,bounce,ETF,control,NO-GO,0/6,0.064358,167.9,0.015068,0.035497,-0.029422,-0.039905,0.386,0.664,1.02,,,True,False,False,True,4,True,EWY_bounce_control_2026-07-09,10,bounce_control_2026-07-22,2,,,,0,,,,0.034884,-0.027126,0.488651,1.647619,0.0,,,
2026-07-22,morning,2026-07-22,FCEL,bounce,Small,control,NO-GO,1/6,0.167575,20.655,0.087872,0.128056,0.029291,0.040426,0.599,1.284,0.103,0.04,1,True,True,True,True,4,True,FCEL_bounce_control_2026-07-09,10,bounce_control_2026-07-22,2,0.799,0.572,0.581,1,21.7397,20.5,,0.142309,-0.023706,0.754161,7.219958,0.0,,,
2026-07-22,morning,2026-07-22,FIG,bounce,Medium,control,NO-GO,2/6,0.093024,22,-0.024091,-0.090909,-0.04,0.042727,0.021,0.469,1.026,,,False,True,False,False,4,True,FIG_bounce_control_2026-07-09,10,bounce_control_2026-07-22,2,0.941,0.156,-2.0,2,21.41,21.15,,-0.082255,0.00228,1.00261,1.332115,0.0,,,
2026-07-22,morning,2026-07-22,FJET,bounce,Micro,control,NO-GO,3/6,0.101147,4.01,-0.072319,-0.074813,-0.144638,-0.089776,0.247,0.247,1.529,,,False,False,False,False,4,True,FJET_bounce_control_2026-07-09,10,bounce_control_2026-07-22,2,1.833,0.542,-2.0,2,4.08,3.95,,0.046753,,1.074772,0.291435,0.0,,,
2026-07-22,morning,2026-07-22,GLW,bounce,Large,control,NO-GO,3/6,0.102264,157,-0.018726,-0.005987,-0.065924,-0.086879,0.277,0.277,1.289,,,False,False,False,False,4,True,GLW_bounce_control_2026-07-09,10,bounce_control_2026-07-22,2,0.97,0.08,-2.0,2,156.345,155.68,,0.026971,-0.022351,0.486531,0.85853,0.0,,,
2026-07-22,morning,2026-07-22,GOOGL,bounce,Large,control,NO-GO,0/6,0.030192,348.155,-0.01742,-0.087504,-0.081616,-0.062027,0.17,0.17,3.164,,,False,False,False,False,4,True,GOOGL_bounce_control_2026-07-09,9,bounce_control_2026-07-22,2,4.682,0.588,-2.0,2,346.85,346.19,,0.007296,0.006193,0.409633,0.702374,0.0,,,
2026-07-21,evening,2026-07-22,HQ,bounce,Small,control,NO-GO,3/6,0.213051,16.78,-0.127533,-0.181168,-0.302741,-0.259833,0.137,0.137,1.457,,,False,False,False,False,4,True,HQ_bounce_control_2026-07-09,10,bounce_control_2026-07-22,2,0.29,0.112,-2.0,2,16.945,16.505,,-0.196608,0.023469,1.270078,1.046408,0.010579,,,
2026-07-22,morning,2026-07-22,HQ,bounce,Small,surfaced,CAUTION,4/6,0.20399,16.78,-0.127533,-0.181168,-0.302741,-0.259833,0.14,0.14,1.52,,,False,False,False,False,4,True,HQ_bounce_2026-07-22,1,bounce_2026-07-22,2,0.29,0.117,-2.0,2,16.945,16.505,,-0.251905,,1.06033,,,-0.20258,-0.629111,-0.629111
2026-07-22,morning,2026-07-22,HYLN,bounce,Small,control,NO-GO,2/6,0.098837,3.93,0.0,0.048346,-0.053435,-0.02799,0.592,1.617,0.837,0.33,1,False,False,False,True,4,True,HYLN_bounce_control_2026-07-09,10,bounce_control_2026-07-22,2,,,,0,,,,0.069519,0.030928,0.695586,1.124167,0.0,,,
2026-07-22,morning,2026-07-22,IBIT,bounce,ETF,control,NO-GO,1/6,0.028423,37.15,0.005114,-0.013459,-0.021534,-0.010229,0.426,0.426,1.042,,,True,False,False,False,4,True,IBIT_bounce_control_2026-07-09,10,bounce_control_2026-07-22,2,6.231,0.767,0.506,2,37.23,37.135,,0.028886,-0.007168,0.498572,0.626461,0.0,,,
2026-07-22,morning,2026-07-22,INOD,bounce,Medium,control,NO-GO,2/6,0.070292,62.61,-0.019166,-0.041527,-0.107331,-0.05111,0.329,0.329,1.586,,,False,False,False,False,4,True,INOD_bounce_control_2026-07-09,10,bounce_control_2026-07-22,2,1.188,0.632,-1.0,1,62.67,61.5,,0.039303,-0.006758,0.450201,0.311949,0.0,,,
2026-07-22,morning,2026-07-22,INTC,bounce,Large,control,NO-GO,0/6,0.083893,101.545,0.010586,-0.01295,-0.090846,-0.097248,0.623,0.623,1.714,,,True,False,True,True,4,True,INTC_bounce_control_2026-07-09,10,bounce_control_2026-07-22,2,1.678,0.79,-0.456,1,103.485,101.48,,0.077985,-0.028433,0.595698,0.832218,0.0,,,
2026-07-22,morning,2026-07-22,IONQ,bounce,Medium,control,NO-GO,0/6,0.085582,34.89,-0.006019,-0.023502,-0.058756,0.029521,0.368,0.764,0.78,,,False,True,False,True,4,True,IONQ_bounce_control_2026-07-09,10,bounce_control_2026-07-22,2,2.125,0.215,-2.0,2,35.6683,34.85,,0.024727,0.003661,0.447518,0.665102,0.0,,,
2026-07-22,morning,2026-07-22,IREN,bounce,Medium,control,NO-GO,0/6,0.100629,40.3,0.024318,0.006948,-0.080149,-0.099504,0.843,0.843,1.337,,,True,False,True,True,4,True,IREN_bounce_control_2026-07-09,10,bounce_control_2026-07-22,2,1.639,1.063,-0.217,1,41.5649,40.25,,0.205532,-0.018406,0.573742,2.599063,0.0,,,
2026-07-22,morning,2026-07-22,KEEL,bounce,Medium,control,NO-GO,2/6,0.105159,4.51,0.039911,0.066519,-0.055432,-0.101996,0.833,1.138,1.223,-0.0,1,True,False,True,True,4,True,KEEL_bounce_control_2026-07-09,10,bounce_control_2026-07-22,2,0.882,0.781,-0.166,1,4.7199,4.51,,0.18481,0.006452,0.507983,0.667755,0.0,,,
2026-07-22,morning,2026-07-22,KWEB,bounce,ETF,control,NO-GO,1/6,0.025182,26.68,-0.008996,-0.015367,-0.014618,0.011994,0.03,0.625,0.834,,,False,True,False,True,4,True,KWEB_bounce_control_2026-07-09,10,bounce_control_2026-07-22,2,1.0,0.179,-2.0,2,26.545,26.445,,-0.009698,-0.017395,0.49359,1.038035,0.0,,,
2026-07-22,morning,2026-07-22,LITE,bounce,Medium,control,NO-GO,0/6,0.083679,810.22,0.024043,0.028906,-0.058293,-0.121276,0.732,1.28,1.657,0.02,1,True,False,True,True,4,True,LITE_bounce_control_2026-07-09,10,bounce_control_2026-07-22,2,,,,0,,,,0.113589,-0.02567,0.632474,1.008187,0.0,,,
2026-07-22,morning,2026-07-22,LWLG,bounce,Small,control,NO-GO,1/6,0.097933,6.9,-0.018841,-0.031884,-0.123188,-0.111594,0.725,0.725,1.776,,,False,False,False,True,4,True,LWLG_bounce_control_2026-07-09,10,bounce_control_2026-07-22,2,1.435,0.977,-2.0,2,7.06,6.83,,0.101124,-0.002907,1.123811,0.786539,0.0,,,
2026-07-22,morning,2026-07-22,META,bounce,Large,control,NO-GO,0/6,0.047097,647.7,-0.031697,-0.064227,-0.081071,-0.083109,0.043,0.043,1.789,,,False,False,False,False,4,True,META_bounce_control_2026-07-22,1,bounce_control_2026-07-22,2,0.311,0.067,-2.0,2,639.88,636.16,,-0.00404,-0.000637,0.418453,0.661676,0.0,,,
2026-07-22,morning,2026-07-22,MP,bounce,Medium,control,NO-GO,0/6,0.065448,45.54,0.003074,-0.019543,-0.093105,-0.052921,0.55,0.55,1.483,,,True,False,True,True,4,True,MP_bounce_control_2026-07-09,10,bounce_control_2026-07-22,2,0.577,0.403,-2.0,2,46.58,45.54,,0.026304,0.002808,0.786511,0.634459,0.0,,,
2026-07-22,morning,2026-07-22,MRVL,bounce,Large,control,NO-GO,2/6,0.095185,201.15,0.048919,0.040616,-0.034402,-0.059558,0.719,0.719,1.013,,,True,False,True,True,4,True,MRVL_bounce_control_2026-07-09,10,bounce_control_2026-07-22,2,1.455,0.888,0.789,1,206.42,200.58,,0.078599,-0.021398,0.400597,1.017467,0.0,,,
2026-07-22,morning,2026-07-22,MSFT,bounce,Large,control,NO-GO,0/6,0.02735,399.58,-0.023124,-0.045047,-0.044747,-0.026228,0.13,0.13,2.03,,,False,False,False,False,4,True,MSFT_bounce_control_2026-07-09,10,bounce_control_2026-07-22,2,1.475,0.239,-2.0,2,391.705,390.75,,0.012315,0.002313,0.472323,0.986142,0.0,,,
2026-07-22,morning,2026-07-22,MSTR,bounce,Medium,control,NO-GO,1/6,0.067219,100.06,-0.0005,-0.064261,-0.08385,-0.014092,0.281,0.281,1.531,,,False,False,False,False,4,True,MSTR_bounce_control_2026-07-09,10,bounce_control_2026-07-22,2,5.41,0.627,2.641,2,100.4,99.53,,0.064628,-0.009514,0.685051,1.286455,0.0,,,
2026-07-22,morning,2026-07-22,MU,bounce,Large,control,NO-GO,0/6,0.085953,938.25,0.022627,0.05538,-0.018439,-0.040554,0.55,0.912,1.035,,,True,False,True,True,4,True,MU_bounce_control_2026-07-09,10,bounce_control_2026-07-22,2,2.204,0.794,0.596,1,950.59,936.06,,0.11526,-0.024742,0.814811,1.48268,0.0,,,
2026-07-22,morning,2026-07-22,MXL,bounce,Medium,control,NO-GO,2/6,0.13814,81.57,0.064117,0.118548,-0.122349,-0.204855,0.908,1.152,1.723,-0.0,1,True,False,True,True,4,True,MXL_bounce_control_2026-07-09,8,bounce_control_2026-07-22,2,1.165,0.977,0.088,1,86.295,81.57,,0.172049,-0.021613,0.586342,2.127242,0.0,,,
2026-07-22,morning,2026-07-22,NBIS,bounce,Medium,control,NO-GO,2/6,0.114857,211,0.033934,0.047251,-0.110095,-0.109573,0.729,0.796,1.245,,,True,False,True,True,4,True,NBIS_bounce_control_2026-07-09,10,bounce_control_2026-07-22,2,1.382,0.916,0.082,1,217.56,209.524,,0.196781,-0.019546,1.043894,1.052519,0.0,,,
2026-07-22,morning,2026-07-22,NOK,bounce,Medium,control,NO-GO,2/6,0.069196,10.24,0.003906,-0.049805,-0.111328,-0.09375,0.339,0.339,1.919,,,True,False,False,False,4,True,NOK_bounce_control_2026-07-09,10,bounce_control_2026-07-22,2,0.4,0.226,-0.55,1,10.4,10.2,,0.043478,-0.006585,0.431085,1.513869,0.0,,,
2026-07-22,morning,2026-07-22,NVDA,bounce,Large,control,NO-GO,0/6,0.035351,205.805,0.030393,0.014358,0.005029,-0.045164,1.18,1.18,1.425,0.12,0,True,False,True,True,4,True,NVDA_bounce_control_2026-07-09,8,bounce_control_2026-07-22,2,5.466,2.194,3.87,1,206.41,204.95,,0.012672,-0.009214,0.639087,0.274211,0.0,,,
2026-07-22,morning,2026-07-22,NVTS,bounce,Medium,control,NO-GO,0/6,0.106437,12.37,0.024252,-0.027486,-0.117219,-0.077607,0.649,0.649,1.173,,,True,False,True,True,4,True,NVTS_bounce_control_2026-07-09,10,bounce_control_2026-07-22,2,1.055,0.729,-0.187,1,12.745,12.29,,0.108202,-0.009747,0.673201,0.345056,0.0,,,
2026-07-22,morning,2026-07-22,OKLO,bounce,Medium,control,NO-GO,1/6,0.072839,45.2,-0.015487,-0.026549,-0.109513,-0.075,0.702,0.702,1.549,,,False,False,False,True,4,True,OKLO_bounce_control_2026-07-09,10,bounce_control_2026-07-22,2,1.144,0.917,-2.0,2,46.0,44.68,,0.110435,0.034444,0.578931,0.435915,0.0,,,
2026-07-22,morning,2026-07-22,ON,bounce,Medium,control,NO-GO,2/6,0.065736,89.9,0.02703,0.002558,-0.034372,-0.009566,0.737,0.737,0.9,,,True,False,True,True,4,True,ON_bounce_control_2026-07-09,10,bounce_control_2026-07-22,2,4.494,1.369,2.367,1,90.21,89.31,,0.017512,-0.023721,0.540733,0.571891,0.0,,,
2026-07-22,morning,2026-07-22,OPEN,bounce,Medium,control,NO-GO,0/6,0.088082,4.44,-0.013514,-0.134009,-0.136261,-0.132883,0.153,0.153,1.713,,,False,False,False,False,4,True,OPEN_bounce_control_2026-07-09,10,bounce_control_2026-07-22,2,2.383,0.486,-1.499,2,4.425,4.361,,-0.004444,0.0,0.658883,0.63294,0.0,,,
2026-07-22,morning,2026-07-22,ORCL,bounce,Large,control,NO-GO,2/6,0.053316,126.18,-0.002695,-0.048661,-0.088683,-0.04977,0.395,0.395,1.699,,,False,False,False,False,4,True,ORCL_bounce_control_2026-07-09,10,bounce_control_2026-07-22,2,2.511,0.476,-2.0,2,127.24,125.7101,,0.001899,-0.003148,0.771566,1.54306,0.0,,,
2026-07-22,morning,2026-07-22,PENG,bounce,Medium,control,NO-GO,3/6,0.168665,56.12,0.054882,0.040805,-0.040449,-0.064683,0.563,0.563,0.629,,,True,False,True,True,4,True,PENG_bounce_control_2026-07-22,1,bounce_control_2026-07-22,2,1.193,0.613,0.255,1,58.55,56.12,,-0.054792,-0.017212,0.409105,3.320664,0.0,,,
2026-07-22,morning,2026-07-22,PL,bounce,Medium,control,NO-GO,0/6,0.089093,22.9,-0.0131,-0.023581,-0.106114,-0.082969,0.098,0.098,1.318,,,False,False,False,False,4,True,PL_bounce_control_2026-07-09,10,bounce_control_2026-07-22,2,1.667,0.49,-1.0,1,22.6,22.3,,0.032043,0.003896,0.600173,0.699587,0.0,,,
2026-07-22,morning,2026-07-22,PLTR,bounce,Large,control,NO-GO,0/6,0.053043,132.22,-0.057858,-0.066934,-0.070337,-0.005219,0.018,0.027,1.638,,,False,False,False,False,4,True,PLTR_bounce_control_2026-07-09,10,bounce_control_2026-07-22,2,0.948,0.208,-2.0,2,128.255,127.38,,0.002266,0.000151,0.490921,0.523939,0.0,,,
2026-07-22,morning,2026-07-22,POET,bounce,Small,control,NO-GO,2/6,0.091682,8.06,-0.050868,-0.057072,-0.145161,-0.120347,0.203,0.203,1.773,,,False,False,False,False,4,True,POET_bounce_control_2026-07-09,10,bounce_control_2026-07-22,2,2.465,0.5,-2.0,2,8.025,7.95,,0.102842,-0.026284,0.910056,0.674989,0.0,,,
2026-07-22,morning,2026-07-22,QCOM,bounce,Large,control,NO-GO,1/6,0.049576,170.71,0.028821,0.002343,-0.021908,-0.003925,0.938,0.938,0.64,,,True,False,True,True,4,True,QCOM_bounce_control_2026-07-09,10,bounce_control_2026-07-22,2,2.023,1.274,0.889,1,173.26,170.595,,-0.004832,-0.014697,0.631268,0.779835,0.0,,,
2026-07-22,morning,2026-07-22,RGTI,bounce,Medium,control,NO-GO,1/6,0.076515,15.035,0.01297,-0.012305,-0.058863,0.040239,0.452,0.943,0.778,,,True,True,False,True,4,True,RGTI_bounce_control_2026-07-09,10,bounce_control_2026-07-22,2,0.682,0.391,-0.273,1,15.33,15.0,,0.077959,-0.004581,0.617979,0.36729,0.0,,,
2026-07-22,morning,2026-07-22,RKLB,bounce,Medium,control,NO-GO,0/6,0.092717,70.49,-0.010498,-0.007093,-0.093347,-0.050362,0.375,0.375,1.146,,,False,False,False,False,4,True,RKLB_bounce_control_2026-07-09,10,bounce_control_2026-07-22,2,2.154,0.771,-1.607,2,71.82,70.28,,0.069358,0.046152,0.572764,0.772453,0.0,,,
2026-07-22,morning,2026-07-22,RVI,bounce,Small,control,NO-GO,0/6,0.08013,26.41,0.042787,-0.015903,-0.035214,-0.038243,0.704,0.704,0.666,,,True,False,True,True,4,True,RVI_bounce_control_2026-07-09,10,bounce_control_2026-07-22,2,0.462,0.462,0.262,1,27.3,26.0,,0.040871,,0.714433,0.372057,0.0,,,
2026-07-22,morning,2026-07-22,RXT,bounce,Small,control,NO-GO,2/6,0.204939,4.3,-0.037209,-0.065116,-0.083721,-0.102326,0.034,0.034,0.647,,,False,False,False,False,4,True,RXT_bounce_control_2026-07-13,8,bounce_control_2026-07-22,2,2.429,0.227,0.286,2,4.18,4.1,,0.040964,-0.015945,0.327559,0.793643,0.0,,,
2026-07-22,morning,2026-07-22,SIMO,bounce,Medium,control,NO-GO,0/6,0.097497,274.64,0.025634,0.052578,-0.013618,-0.109926,0.626,0.736,1.441,,,True,False,True,True,4,True,SIMO_bounce_control_2026-07-14,6,bounce_control_2026-07-22,2,2.055,1.187,0.818,1,275.515,267.78,,0.035846,-0.01571,0.66268,1.510229,0.0,,,
2026-07-22,morning,2026-07-22,SMR,bounce,Medium,control,NO-GO,1/6,0.079028,8.67,0.001153,0.016148,-0.066897,-0.014994,0.409,0.409,0.89,,,True,False,False,False,4,True,SMR_bounce_control_2026-07-09,10,bounce_control_2026-07-22,2,0.441,0.219,-2.0,2,8.91,8.65,,0.125648,-0.002296,0.931916,1.566117,0.0,,,
2026-07-22,morning,2026-07-22,SNDK,bounce,Large,control,NO-GO,2/6,0.135287,1526,0.048014,0.055262,-0.058611,-0.162366,0.496,0.825,1.472,,,True,False,True,True,4,True,SNDK_bounce_control_2026-07-09,9,bounce_control_2026-07-22,2,3.394,0.841,2.289,1,1541.59,1516.01,,0.150706,-0.019127,0.502552,1.181695,0.0,,,
2026-07-22,morning,2026-07-22,SOXL,bounce,ETF,control,NO-GO,3/6,0.20614,147.095,0.094463,0.070737,-0.069921,-0.128794,0.615,0.615,1.044,,,True,False,True,True,4,True,SOXL_bounce_control_2026-07-09,9,bounce_control_2026-07-22,2,1.854,0.803,1.123,1,153.57,147.0,,0.098767,-0.06112,0.383588,0.607511,0.0,,,
2026-07-22,morning,2026-07-22,SPCE,bounce,Small,control,NO-GO,1/6,0.072272,2.74,-0.025547,-0.058394,-0.091241,-0.076642,0.379,0.379,1.313,,,False,False,False,False,4,True,SPCE_bounce_control_2026-07-09,10,bounce_control_2026-07-22,2,1.0,0.454,-2.0,2,2.755,2.71,,0.082031,-0.003597,1.188854,0.678581,0.0,,,
2026-07-21,evening,2026-07-22,SPCX,bounce,Large,control,NO-GO,3/6,0.071899,123.29,-0.065131,-0.04096,-0.066672,-0.079406,0.167,0.167,1.65,,,False,False,False,False,4,True,SPCX_bounce_control_2026-07-21,2,bounce_control_2026-07-22,2,3.632,0.557,-2.0,2,123.0765,121.77,,-0.056823,0.018815,0.677084,5.174174,0.204824,,,
2026-07-22,morning,2026-07-22,SPCX,bounce,Large,surfaced,CAUTION,4/6,0.070995,123.29,-0.065131,-0.04096,-0.066672,-0.079406,0.17,0.17,1.67,,,False,False,False,False,4,True,SPCX_bounce_2026-07-22,1,bounce_2026-07-22,2,3.632,0.564,-2.0,2,123.0765,121.77,,0.004113,0.007771,1.077054,,,-0.170691,-0.448236,-0.448236
2026-07-22,morning,2026-07-22,STM,bounce,Medium,control,NO-GO,0/6,0.063797,64.76,0.015596,-0.174027,-0.204138,-0.174645,0.428,0.428,3.311,,,True,False,False,False,4,True,STM_bounce_control_2026-07-09,10,bounce_control_2026-07-22,2,2.526,0.697,1.211,1,65.09,64.52,,0.054141,-0.000153,0.486389,0.848636,0.0,,,
2026-07-22,morning,2026-07-22,STX,bounce,Large,control,NO-GO,0/6,0.090765,861.71,0.053835,0.059939,-0.011628,-0.051897,0.763,0.956,1.03,,,True,False,True,True,4,True,STX_bounce_control_2026-07-09,10,bounce_control_2026-07-22,2,1.284,0.952,0.805,1,884.165,855.19,,0.107077,-0.022235,0.695919,1.151528,0.0,,,
2026-07-22,morning,2026-07-22,TEAM,bounce,Medium,control,NO-GO,1/6,0.070873,90.54,-0.05677,-0.114756,-0.040424,0.058869,0.009,1.12,1.643,1.64,3,False,True,False,True,4,True,TEAM_bounce_control_2026-07-09,10,bounce_control_2026-07-22,2,0.741,0.125,-2.0,2,88.44,87.64,,-0.021867,0.007174,1.117959,0.668192,0.0,,,
2026-07-22,morning,2026-07-22,TSLA,bounce,Large,control,NO-GO,0/6,0.045359,375.53,-0.004048,-0.148697,-0.166431,-0.176577,0.272,0.272,4.183,,,False,False,False,False,4,True,TSLA_bounce_control_2026-07-09,10,bounce_control_2026-07-22,2,1.368,0.1,-1.0,1,374.375,373.75,,-0.006628,-0.001621,0.821096,0.34438,0.0,,,
2026-07-22,morning,2026-07-22,U,bounce,Medium,control,NO-GO,0/6,0.058267,30.08,-0.026928,-0.037899,-0.048537,0.011968,0.0,0.491,1.284,,,False,True,False,False,4,True,U_bounce_control_2026-07-09,10,bounce_control_2026-07-22,2,1.032,0.365,0.258,1,29.18,28.87,,0.027941,-0.002343,0.56728,0.560505,0.0,,,
2026-07-22,morning,2026-07-22,UMC,bounce,Medium,control,NO-GO,0/6,0.077103,21,0.01381,-0.00619,-0.072381,-0.091429,0.367,0.367,1.504,,,True,False,False,False,4,True,UMC_bounce_control_2026-07-09,10,bounce_control_2026-07-22,2,1.75,0.476,0.318,1,21.21,20.99,,0.000471,0.003303,0.378233,1.448442,0.0,,,
2026-07-22,morning,2026-07-22,WDC,bounce,Large,control,NO-GO,2/6,0.100226,525.74,0.058831,0.061932,-0.011298,-0.052916,0.734,0.961,1.033,,,True,False,True,True,4,True,WDC_bounce_control_2026-07-09,9,bounce_control_2026-07-22,2,1.516,0.901,1.022,1,540.68,525.0182,,0.121076,-0.024417,0.682849,0.644658,0.0,,,
2026-07-22,morning,2026-07-22,WOLF,bounce,Small,control,NO-GO,2/6,0.121118,30.46,-0.039068,-0.147735,-0.241957,-0.218647,0.336,0.336,2.223,,,False,False,False,False,4,True,WOLF_bounce_control_2026-07-09,10,bounce_control_2026-07-22,2,1.474,0.304,-2.0,2,31.21,30.2,,0.037136,-0.023007,0.479403,0.123942,0.0,,,
2026-07-23,morning,2026-07-23,AAOI,bounce,Medium,control,NO-GO,2/6,0.118615,108.585,0.031634,-0.077681,-0.099139,-0.188286,0.865,0.865,2.1,,,True,False,True,True,4,True,AAOI_bounce_control_2026-07-09,10,bounce_control_2026-07-23,0,1.555,1.092,-0.135,1,112.69,108.17,,0.112405,0.036916,0.550271,1.354555,0.0,,,
2026-07-23,morning,2026-07-23,ALAB,bounce,Medium,control,NO-GO,2/6,0.115931,327,-9.2e-05,-0.108318,-0.136024,-0.20419,0.404,0.404,2.0,,,False,False,False,False,4,True,ALAB_bounce_control_2026-07-09,11,bounce_control_2026-07-23,0,2.526,0.47,-2.0,2,333.77,321.8,,0.093861,0.021779,0.81283,0.6752,0.0,,,
2026-07-23,morning,2026-07-23,AMAT,bounce,Large,control,NO-GO,0/6,0.078752,548.965,0.025202,-0.023162,-0.058428,-0.132076,0.637,0.637,1.896,,,True,False,True,True,4,True,AMAT_bounce_control_2026-07-09,10,bounce_control_2026-07-23,0,2.542,0.966,0.881,1,555.605,547.39,,0.059749,0.005759,0.459546,0.955888,0.0,,,
2026-07-23,morning,2026-07-23,APP,bounce,Large,control,NO-GO,0/6,0.070608,414.26,-0.037175,-0.053783,-0.003693,0.009559,0.022,0.229,0.933,,,False,True,False,False,4,True,APP_bounce_control_2026-07-09,11,bounce_control_2026-07-23,0,0.823,0.166,-2.0,2,402.0763,399.12,,-0.022492,0.006231,0.59954,0.837981,0.0,,,
2026-07-23,morning,2026-07-23,ARM,bounce,Large,control,NO-GO,2/6,0.089543,275.47,0.02748,-0.056122,-0.03318,-0.111555,0.346,0.548,1.423,,,True,False,False,True,4,True,ARM_bounce_control_2026-07-09,11,bounce_control_2026-07-23,0,7.79,0.663,7.01,1,275.82,274.77,,0.05597,0.004587,0.350649,0.670091,0.0,,,
2026-07-23,morning,2026-07-23,AVGO,bounce,Large,control,NO-GO,1/6,0.041282,392.19,0.000714,-0.026186,-0.022872,-0.028762,0.335,0.335,1.277,,,True,False,False,False,4,True,AVGO_bounce_control_2026-07-09,11,bounce_control_2026-07-23,0,1.438,0.535,-2.0,2,393.28,390.2685,,0.055109,0.005519,1.128301,0.643432,0.0,,,
2026-07-23,morning,2026-07-23,AXTI,bounce,Medium,control,NO-GO,2/6,0.14648,51.403,0.029706,-0.081182,-0.068537,-0.168142,0.825,0.825,1.533,,,True,False,True,True,4,True,AXTI_bounce_control_2026-07-09,10,bounce_control_2026-07-23,0,1.415,0.98,-0.359,1,53.9266,51.32,,0.138439,0.049264,0.534212,1.625403,0.0,,,
2026-07-23,morning,2026-07-23,BABA,bounce,Large,control,NO-GO,0/6,0.035656,115.76,-0.014686,-0.031272,-0.006565,-0.004924,0.157,0.157,0.992,,,False,False,False,False,4,True,BABA_bounce_control_2026-07-17,5,bounce_control_2026-07-23,0,0.489,0.107,-2.0,2,116.3,115.675,,-0.028586,0.002917,0.405449,0.676311,0.0,,,
2026-07-23,morning,2026-07-23,BE,bounce,Medium,control,NO-GO,2/6,0.127452,215.02,0.010604,-0.140126,-0.124826,-0.224072,0.535,0.535,2.093,,,True,False,True,True,4,True,BE_bounce_control_2026-07-09,10,bounce_control_2026-07-23,0,1.903,0.762,-0.338,1,219.235,213.7508,,0.146859,0.035652,0.4633,1.432094,0.0,,,
2026-07-23,morning,2026-07-23,BOT,bounce,Small,control,NO-GO,0/6,0.139636,27,-0.047778,-0.05,-0.038148,0.124444,0.199,1.098,0.902,0.9,3,False,True,False,True,4,True,BOT_bounce_control_2026-07-09,11,bounce_control_2026-07-23,0,1.714,0.318,-2.0,2,27.15,26.8,,0.006535,-0.003383,0.521889,0.481507,0.0,,,
2026-07-23,morning,2026-07-23,BRUN,bounce,Small,control,NO-GO,0/6,0.113454,22.995,0.043705,-0.054577,-0.158078,-0.27419,0.761,0.761,2.708,,,True,False,True,True,4,True,BRUN_bounce_control_2026-07-09,11,bounce_control_2026-07-23,0,1.284,0.885,0.183,1,23.825,22.9256,,0.031516,,0.931635,0.779541,0.0,,,
2026-07-23,morning,2026-07-23,CBRS,bounce,Medium,control,NO-GO,2/6,0.097157,205.53,0.070403,-0.031188,-0.082324,-0.062327,1.545,1.545,1.594,0.21,0,True,False,True,True,4,True,CBRS_bounce_control_2026-07-09,11,bounce_control_2026-07-23,0,,,,0,,,,0.220488,0.02898,1.945248,0.800451,0.0,,,
2026-07-23,morning,2026-07-23,CRDO,bounce,Medium,control,NO-GO,0/6,0.101898,223.93,0.056134,-0.04814,-0.070513,-0.141339,0.754,0.754,1.72,,,True,False,True,True,4,True,CRDO_bounce_control_2026-07-13,9,bounce_control_2026-07-23,0,2.696,1.144,1.74,1,228.09,223.25,,0.102325,0.024094,0.730259,0.740999,0.0,,,
2026-07-23,morning,2026-07-23,CRML,bounce,Small,control,NO-GO,1/6,0.097928,6.31,-0.031696,-0.079239,-0.042789,-0.103011,0.275,0.275,1.424,,,False,False,False,False,4,True,CRML_bounce_control_2026-07-09,11,bounce_control_2026-07-23,0,0.571,0.129,-2.0,2,6.4,6.28,,0.05475,0.004601,1.216036,0.687191,0.0,,,
2026-07-23,morning,2026-07-23,CRWD,bounce,Large,control,NO-GO,2/6,0.061635,189.51,-0.032136,-0.032874,-0.049602,-0.040684,0.06,0.06,1.316,,,False,False,False,False,4,True,CRWD_bounce_control_2026-07-09,11,bounce_control_2026-07-23,0,0.555,0.181,-2.0,2,186.05,184.14,,-0.044924,0.006119,0.722338,2.719233,0.0,,,
2026-07-23,morning,2026-07-23,CRWV,bounce,Medium,control,NO-GO,0/6,0.073179,81,0.001235,-0.112593,-0.126049,-0.169136,0.707,0.707,2.761,,,True,False,True,True,4,True,CRWV_bounce_control_2026-07-09,11,bounce_control_2026-07-23,0,1.825,0.246,0.4,1,80.95,80.55,,0.160827,0.026258,0.932927,0.933567,0.0,,,
2026-07-23,morning,2026-07-23,DGXX,bounce,Small,control,NO-GO,1/6,0.092465,4.22,0.026066,-0.056872,-0.090047,-0.130332,0.819,0.819,2.178,,,True,False,True,True,4,True,DGXX_bounce_control_2026-07-09,11,bounce_control_2026-07-23,0,0.735,0.716,-0.342,1,4.4,4.21,,0.067985,0.006993,0.725998,0.997895,0.0,,,
2026-07-23,morning,2026-07-23,DRAM,bounce,ETF,control,NO-GO,2/6,0.085386,57.44,0.014972,-0.073816,-0.087221,-0.16835,0.365,0.365,2.314,,,True,False,False,False,4,True,DRAM_bounce_control_2026-07-20,4,bounce_control_2026-07-23,0,1.44,0.53,0.52,1,57.9315,57.03,,0.115718,0.024753,0.5104,1.681553,0.0,,,
2026-07-23,morning,2026-07-23,DXYZ,bounce,Small,control,NO-GO,0/6,0.071065,24.68,-0.023096,-0.055916,-0.066856,-0.085089,0.177,0.177,1.796,,,False,False,False,False,4,True,DXYZ_bounce_control_2026-07-09,11,bounce_control_2026-07-23,0,0.577,0.086,-2.0,2,24.605,24.475,,0.021164,-0.007908,0.381377,0.440413,0.0,,,
2026-07-23,morning,2026-07-23,ETHE,bounce,Medium,control,NO-GO,0/6,0.034912,15.31,-0.01241,-0.018942,0.02678,0.011104,0.168,1.179,0.767,0.77,2,False,True,False,True,4,True,ETHE_bounce_control_2026-07-09,11,bounce_control_2026-07-23,0,0.833,0.15,-2.0,2,15.37,15.3,,0.013708,-0.000644,0.532481,0.352155,0.0,,,
2026-07-23,morning,2026-07-23,EWY,bounce,ETF,control,NO-GO,0/6,0.056398,171,0.016725,-0.047018,-0.05731,-0.114327,0.423,0.423,2.329,,,True,False,False,False,4,True,EWY_bounce_control_2026-07-09,11,bounce_control_2026-07-23,0,3.591,0.756,2.562,2,172.96,170.69,,0.084613,0.036437,0.419087,1.819597,0.0,,,
2026-07-23,morning,2026-07-23,FCEL,bounce,Small,control,NO-GO,1/6,0.145896,22.31,0.044375,-0.047064,-0.036755,-0.118781,0.857,0.857,1.002,,,True,False,True,True,4,True,FCEL_bounce_control_2026-07-09,11,bounce_control_2026-07-23,0,1.569,1.122,0.031,1,23.274,22.11,,0.131552,-0.00089,0.680842,6.470049,0.0,,,
2026-07-23,morning,2026-07-23,FIG,bounce,Medium,control,NO-GO,1/6,0.091851,21.69,-0.077916,-0.026279,0.05763,0.12402,0.045,1.451,0.898,0.9,3,False,True,False,True,4,True,FIG_bounce_control_2026-07-09,11,bounce_control_2026-07-23,0,0.527,0.128,-2.0,2,21.16,20.9175,,-0.099709,0.007219,0.575247,2.306152,0.0,,,
2026-07-23,morning,2026-07-23,FJET,bounce,Micro,control,NO-GO,3/6,0.104201,3.65,0.016438,-0.060274,0.0,0.008219,0.21,0.21,0.684,,,True,True,False,False,4,True,FJET_bounce_control_2026-07-09,11,bounce_control_2026-07-23,0,0.063,0.037,-2.0,2,3.6814,3.57,,0.00813,,1.057714,0.313355,0.0,,,
2026-07-23,morning,2026-07-23,GLW,bounce,Large,control,NO-GO,3/6,0.089526,152.255,0.024991,-0.036813,-0.058422,-0.172375,0.64,0.64,2.77,,,True,False,True,True,4,True,GLW_bounce_control_2026-07-09,11,bounce_control_2026-07-23,0,0.631,0.496,-0.276,1,157.6,152.24,,0.034618,0.028171,0.533813,1.116606,0.0,,,
2026-07-23,morning,2026-07-23,GOOGL,bounce,Large,control,NO-GO,1/6,0.032405,321.13,-0.010712,-0.004328,0.016909,0.039174,0.323,1.417,0.599,0.6,3,False,True,False,True,4,True,GOOGL_bounce_control_2026-07-09,10,bounce_control_2026-07-23,0,0.919,0.323,-2.0,2,320.3,318.23,,-0.064945,-0.037885,0.769785,0.663317,0.0,,,
2026-07-23,morning,2026-07-23,HQ,bounce,Small,surfaced,CAUTION,4/6,0.217405,14.5,-0.052414,-0.193103,-0.143448,-0.193793,0.29,0.29,1.01,,,False,False,False,True,4,True,HQ_bounce_2026-07-22,2,bounce_2026-07-23,0,0.697,0.292,-2.0,2,14.64,14.45,,-0.253061,,0.882866,,,-0.300526,-0.674667,-0.674667
2026-07-23,morning,2026-07-23,HYLN,bounce,Small,control,NO-GO,2/6,0.078587,4.29,-0.039627,-0.132867,-0.109557,-0.174825,0.796,0.796,2.536,,,False,False,False,True,4,True,HYLN_bounce_control_2026-07-09,11,bounce_control_2026-07-23,0,8.8,1.305,0.0,2,4.27,4.23,,0.307042,0.180662,0.987267,0.915878,0.0,,,
2026-07-23,morning,2026-07-23,IBIT,bounce,ETF,control,NO-GO,1/6,0.027465,36.795,-0.003941,-0.012094,-0.000679,-0.017801,0.124,0.401,1.311,,,False,False,False,False,4,True,IBIT_bounce_control_2026-07-09,11,bounce_control_2026-07-23,0,0.969,0.185,-2.0,2,36.9,36.795,,0.008674,-0.003482,0.459899,0.833287,0.0,,,
2026-07-23,morning,2026-07-23,INOD,bounce,Medium,control,NO-GO,0/6,0.069911,60.57,-0.009246,-0.077266,-0.019151,-0.049695,0.279,0.279,1.216,,,False,False,False,False,4,True,INOD_bounce_control_2026-07-09,11,bounce_control_2026-07-23,0,0.533,0.038,-2.0,2,60.195,60.05,,-0.010148,0.000651,0.642453,0.493944,0.0,,,
2026-07-23,morning,2026-07-23,INTC,bounce,Large,control,NO-GO,0/6,0.07665,101.14,-0.008997,-0.087206,-0.093633,-0.146727,0.392,0.392,2.327,,,False,False,False,False,4,True,INTC_bounce_control_2026-07-09,11,bounce_control_2026-07-23,0,4.771,0.591,-2.0,2,102.25,100.11,,0.082526,0.023874,0.666786,0.978567,0.0,,,
2026-07-23,morning,2026-07-23,IONQ,bounce,Medium,control,NO-GO,0/6,0.082637,34,0.002059,-0.034118,0.056471,-0.003529,0.54,1.128,0.669,0.51,2,True,False,True,True,4,True,IONQ_bounce_control_2026-07-09,11,bounce_control_2026-07-23,0,0.904,0.527,-2.0,2,34.778,33.96,,0.026869,0.013841,0.459471,0.82687,0.0,,,
2026-07-23,morning,2026-07-23,IREN,bounce,Medium,control,NO-GO,0/6,0.095169,40.6,-0.000493,-0.086946,-0.106158,-0.164286,0.732,0.732,2.086,,,False,False,False,True,4,True,IREN_bounce_control_2026-07-09,11,bounce_control_2026-07-23,0,0.986,0.776,-1.0,1,41.93,40.41,,0.056716,0.02907,0.858322,1.420235,0.0,,,
2026-07-23,morning,2026-07-23,KEEL,bounce,Medium,control,NO-GO,2/6,0.095796,4.72,0.019068,-0.097458,-0.141949,-0.208686,0.729,0.729,2.61,,,True,False,True,True,4,True,KEEL_bounce_control_2026-07-09,11,bounce_control_2026-07-23,0,0.379,0.379,-0.56,1,4.955,4.705,,0.131336,0.046908,0.839787,0.616849,0.0,,,
2026-07-23,morning,2026-07-23,KWEB,bounce,ETF,control,NO-GO,1/6,0.024117,26.51,-0.009053,-0.008299,0.018484,0.030177,0.102,1.329,0.61,0.61,3,False,True,False,True,4,True,KWEB_bounce_control_2026-07-09,11,bounce_control_2026-07-23,0,3.6,0.282,-2.0,2,26.465,26.43,,-0.025875,0.010968,0.480737,0.631233,0.0,,,
2026-07-23,morning,2026-07-23,LITE,bounce,Medium,control,NO-GO,0/6,0.077709,841,-0.008751,-0.092759,-0.153436,-0.224816,0.857,0.857,3.653,,,False,False,False,True,4,True,LITE_bounce_control_2026-07-09,11,bounce_control_2026-07-23,0,1.612,0.757,-2.0,2,869.4197,833.0,,0.120044,0.033446,0.763522,0.920875,0.0,,,
2026-07-23,morning,2026-07-23,LWLG,bounce,Small,control,NO-GO,1/6,0.091572,6.59,0.013657,-0.081942,-0.069803,-0.125948,0.489,0.489,2.071,,,True,False,False,False,4,True,LWLG_bounce_control_2026-07-09,11,bounce_control_2026-07-23,0,3.521,0.658,1.546,2,6.71,6.59,,0.144538,0.005908,1.130519,1.038165,0.0,,,
2026-07-23,morning,2026-07-23,META,bounce,Large,control,NO-GO,0/6,0.044425,608.41,-0.003797,-0.021729,-0.023898,-0.024654,0.231,0.231,0.792,,,False,False,False,False,4,True,META_bounce_control_2026-07-22,2,bounce_control_2026-07-23,0,0.173,0.101,-2.0,2,613.28,605.35,,-0.043431,-0.01494,0.910824,0.592052,0.0,,,
2026-07-23,morning,2026-07-23,MP,bounce,Medium,control,NO-GO,0/6,0.065406,44.8,-0.003348,-0.078125,-0.037277,-0.078571,0.235,0.235,1.669,,,False,False,False,False,4,True,MP_bounce_control_2026-07-09,11,bounce_control_2026-07-23,0,0.775,0.212,-2.0,2,45.415,44.78,,-0.002188,-0.001751,0.606873,0.503157,0.0,,,
2026-07-23,morning,2026-07-23,MRVL,bounce,Large,control,NO-GO,2/6,0.085345,207.86,0.007024,-0.065573,-0.089916,-0.160637,0.378,0.378,2.285,,,True,False,False,False,4,True,MRVL_bounce_control_2026-07-09,11,bounce_control_2026-07-23,0,0.712,0.351,-2.0,2,211.45,207.08,,0.111932,0.027347,0.775165,0.90003,0.0,,,
2026-07-23,morning,2026-07-23,MSFT,bounce,Large,control,NO-GO,1/6,0.0279,389.965,-0.021502,-0.021194,-0.002218,0.00868,0.167,0.952,1.156,,,False,True,False,True,4,True,MSFT_bounce_control_2026-07-09,11,bounce_control_2026-07-23,0,0.175,0.066,-2.0,2,389.21,387.15,,-0.039797,-0.010401,1.302758,0.852304,0.0,,,
2026-07-23,morning,2026-07-23,MSTR,bounce,Medium,control,NO-GO,1/6,0.062059,97,-0.034742,-0.054948,0.01701,-0.00866,0.085,0.359,1.203,,,False,False,False,False,4,True,MSTR_bounce_control_2026-07-09,11,bounce_control_2026-07-23,0,0.414,0.12,-2.0,2,96.44,95.57,,0.018197,-0.0041,0.619638,1.608852,0.0,,,
2026-07-22,evening,2026-07-23,MU,bounce,Large,control,NO-GO,0/6,0.083971,975.13,0.015465,-0.055562,-0.076841,-0.158543,0.447,0.447,2.272,,,True,False,False,False,4,True,MU_bounce_control_2026-07-09,11,bounce_control_2026-07-23,0,0.76,0.499,-0.041,1,991.32,964.4,,0.141585,-0.033549,0.814811,1.48268,0.084647,,,
2026-07-23,morning,2026-07-23,MXL,bounce,Medium,control,NO-GO,1/6,0.124331,86.17,0.058837,-0.1692,-0.247302,-0.316003,0.782,0.782,2.741,,,True,False,True,True,4,True,MXL_bounce_control_2026-07-09,9,bounce_control_2026-07-23,0,0.146,0.146,-0.303,1,93.465,86.025,,0.199707,0.036751,0.914326,1.625176,0.0,,,
2026-07-23,morning,2026-07-23,NOK,bounce,Medium,control,NO-GO,2/6,0.067867,10.11,-0.037587,-0.099901,-0.082097,-0.116716,0.357,0.357,2.201,,,False,False,False,False,4,True,NOK_bounce_control_2026-07-09,11,bounce_control_2026-07-23,0,0.16,0.088,-2.0,2,10.2397,10.05,,0.054563,0.034047,0.388119,1.88065,0.0,,,
2026-07-23,morning,2026-07-23,NVTS,bounce,Medium,control,NO-GO,0/6,0.10514,11.965,0.005433,-0.087338,-0.046385,-0.163393,0.664,0.664,2.015,,,True,False,True,True,4,True,NVTS_bounce_control_2026-07-09,11,bounce_control_2026-07-23,0,1.244,0.811,-2.0,2,12.29,11.88,,0.083189,-0.013418,0.711432,0.378814,0.0,,,
2026-07-23,morning,2026-07-23,OKLO,bounce,Medium,control,NO-GO,2/6,0.075723,43.08,0.021356,-0.065692,-0.02948,-0.081244,0.463,0.463,1.619,,,True,False,False,False,4,True,OKLO_bounce_control_2026-07-09,11,bounce_control_2026-07-23,0,6.729,0.99,5.362,2,42.77,42.46,,0.072031,0.0,1.017607,0.634782,0.0,,,
2026-07-23,morning,2026-07-23,ON,bounce,Medium,control,NO-GO,2/6,0.064531,88.86,0.014292,-0.02307,0.002026,-0.050304,0.378,0.378,0.912,,,True,False,False,False,4,True,ON_bounce_control_2026-07-09,11,bounce_control_2026-07-23,0,0.437,0.269,-2.0,2,90.26,88.5,,0.041522,-0.021986,0.848616,0.801705,0.0,,,
2026-07-23,morning,2026-07-23,OPEN,bounce,Medium,control,NO-GO,0/6,0.083598,4.28,-0.101636,-0.103972,-0.100467,-0.079439,0.042,0.042,1.565,,,False,False,False,False,4,True,OPEN_bounce_control_2026-07-09,11,bounce_control_2026-07-23,0,0.748,0.12,-2.0,2,4.2586,4.23,,-0.016873,-0.002283,0.410597,0.517812,0.0,,,
2026-07-23,morning,2026-07-23,ORCL,bounce,Large,control,NO-GO,2/6,0.052811,123.96,-0.031623,-0.072362,-0.032753,-0.032268,0.113,0.113,1.445,,,False,False,False,False,4,True,ORCL_bounce_control_2026-07-09,11,bounce_control_2026-07-23,0,0.944,0.414,-2.0,2,123.345,121.91,,0.043253,0.006278,0.619065,1.164145,0.0,,,
2026-07-23,morning,2026-07-23,PENG,bounce,Medium,control,NO-GO,2/6,0.1549,57.47,0.016356,-0.062989,-0.086654,-0.16252,0.386,0.386,1.287,,,True,False,False,False,4,True,PENG_bounce_control_2026-07-22,2,bounce_control_2026-07-23,0,0.924,0.371,-1.0,1,59.255,57.47,,0.127748,0.01402,0.573202,1.707125,0.0,,,
2026-07-23,morning,2026-07-23,PL,bounce,Medium,control,NO-GO,0/6,0.085392,22.29,0.00314,-0.081651,-0.057873,-0.083894,0.271,0.271,1.644,,,True,False,False,False,4,True,PL_bounce_control_2026-07-09,11,bounce_control_2026-07-23,0,4.237,0.846,3.0,2,21.92,21.69,,0.020767,0.000442,0.424713,0.476762,0.0,,,
2026-07-23,morning,2026-07-23,PLTR,bounce,Large,control,NO-GO,1/6,0.054847,125.935,-0.020368,-0.023941,0.044428,-0.019097,0.067,0.937,1.165,,,False,False,False,True,4,True,PLTR_bounce_control_2026-07-09,11,bounce_control_2026-07-23,0,1.276,0.495,-2.0,2,122.97,121.63,,-0.071339,0.005298,1.295043,0.397045,0.0,,,
2026-07-23,morning,2026-07-23,POET,bounce,Small,control,NO-GO,0/6,0.095505,7.53,0.009296,-0.084993,-0.058433,-0.102258,0.549,0.549,1.738,,,True,False,True,True,4,True,POET_bounce_control_2026-07-09,11,bounce_control_2026-07-23,0,2.462,0.64,-0.615,2,7.695,7.515,,0.046854,0.022222,0.783156,1.007303,0.0,,,
2026-07-23,morning,2026-07-23,QCOM,bounce,Large,control,NO-GO,0/6,0.047612,171.18,-0.000409,-0.024594,-0.00666,-0.048487,0.34,0.34,1.107,,,False,False,False,False,4,True,QCOM_bounce_control_2026-07-09,11,bounce_control_2026-07-23,0,9.647,1.207,3.51,2,172.96,171.08,,0.033349,0.002107,0.961258,1.071587,0.0,,,
2026-07-23,morning,2026-07-23,RGTI,bounce,Medium,control,NO-GO,1/6,0.073496,14.795,0.003717,-0.043596,0.057114,-0.018587,0.74,1.219,0.685,0.6,2,True,False,True,True,4,True,RGTI_bounce_control_2026-07-09,11,bounce_control_2026-07-23,0,0.732,0.653,-2.0,2,15.245,14.76,,0.074386,0.005253,0.493236,0.442675,0.0,,,
2026-07-23,morning,2026-07-23,RKLB,bounce,Medium,control,NO-GO,0/6,0.090225,68.13,0.027301,-0.06194,-0.017467,-0.062234,0.436,0.436,1.314,,,True,False,False,False,4,True,RKLB_bounce_control_2026-07-09,11,bounce_control_2026-07-23,0,0.536,0.12,-2.0,2,68.0199,67.14,,0.05613,-0.004588,0.589048,0.864165,0.0,,,
2026-07-23,morning,2026-07-23,RVI,bounce,Small,control,NO-GO,0/6,0.07716,26.79,-0.029862,-0.048899,-0.051885,-0.048899,0.102,0.102,1.064,,,False,False,False,False,4,True,RVI_bounce_control_2026-07-09,11,bounce_control_2026-07-23,0,1.925,0.745,-1.125,2,26.525,26.03,,0.039245,,0.894121,0.376522,0.0,,,
2026-07-23,morning,2026-07-23,RXT,bounce,Small,control,NO-GO,2/6,0.209166,4.11,-0.021898,-0.041363,-0.060827,-0.072993,0.035,0.035,0.64,,,False,False,False,False,4,True,RXT_bounce_control_2026-07-13,9,bounce_control_2026-07-23,0,0.244,0.059,-2.0,2,4.1045,4.0,,-0.04186,-0.004831,0.313311,0.75031,0.0,,,
2026-07-23,morning,2026-07-23,SIMO,bounce,Medium,control,NO-GO,0/6,0.096408,276,0.047391,-0.018478,-0.114312,-0.197754,0.689,0.689,2.365,,,True,False,True,True,4,True,SIMO_bounce_control_2026-07-14,7,bounce_control_2026-07-23,0,,,,0,,,,0.115079,,0.870155,0.838989,0.0,,,
2026-07-23,morning,2026-07-23,SMR,bounce,Medium,control,NO-GO,1/6,0.078842,8.49,0.037691,-0.047114,0.005889,-0.031802,0.642,0.642,1.031,,,True,False,True,True,4,True,SMR_bounce_control_2026-07-09,11,bounce_control_2026-07-23,0,1.176,0.598,-2.0,2,8.65,8.48,,0.082915,-0.006912,0.654783,1.570459,0.0,,,
2026-07-23,morning,2026-07-23,SNDK,bounce,Large,control,NO-GO,0/6,0.122413,1567.6,0.027258,-0.083593,-0.184594,-0.300778,0.671,0.671,2.694,,,True,False,True,True,4,True,SNDK_bounce_control_2026-07-09,10,bounce_control_2026-07-23,0,3.522,1.118,0.741,1,1589.075,1558.61,,0.171861,0.019215,0.563263,1.343869,0.0,,,
2026-07-23,morning,2026-07-23,SOXL,bounce,ETF,control,NO-GO,2/6,0.175213,152.16,0.035095,-0.100881,-0.157794,-0.2801,0.404,0.404,1.899,,,True,False,True,True,4,True,SOXL_bounce_control_2026-07-09,10,bounce_control_2026-07-23,0,0.692,0.231,-2.0,2,159.835,152.01,,0.182969,0.005292,0.661216,0.6418,0.0,,,
2026-07-23,morning,2026-07-23,SPCE,bounce,Small,control,NO-GO,0/6,0.069774,2.63,-0.019011,-0.053232,-0.038023,-0.053232,0.327,0.327,1.308,,,False,False,False,False,4,True,SPCE_bounce_control_2026-07-09,11,bounce_control_2026-07-23,0,1.045,0.557,-2.0,2,2.6389,2.59,,0.050781,0.007491,0.825817,0.91183,0.0,,,
2026-07-23,morning,2026-07-23,SPCX,bounce,Large,surfaced,CAUTION,4/6,0.071542,115.205,0.026344,-0.001172,-0.0148,0.01046,0.41,0.41,0.99,,,True,True,False,False,4,True,SPCX_bounce_2026-07-22,2,bounce_2026-07-23,0,0.627,0.18,-2.0,2,115.68,114.5,,-0.028786,0.009891,1.150406,,,-0.224646,-0.484134,-0.484134
2026-07-23,morning,2026-07-23,STM,bounce,Medium,control,NO-GO,2/6,0.068224,54.4,-0.016728,-0.052574,-0.017463,-0.077941,0.601,0.601,1.479,,,False,False,False,True,4,True,STM_bounce_control_2026-07-09,11,bounce_control_2026-07-23,0,1.613,1.056,-2.0,2,54.67,53.455,,-0.062156,-0.119051,0.508487,1.162198,0.0,,,
2026-07-23,morning,2026-07-23,TEAM,bounce,Medium,control,NO-GO,0/6,0.073673,87.69,-0.085985,-0.009237,0.093283,0.140153,0.002,2.316,1.19,1.19,2,False,True,False,True,4,True,TEAM_bounce_control_2026-07-09,11,bounce_control_2026-07-23,0,1.455,0.153,-2.0,2,84.18,83.11,,-0.099036,0.01733,0.92021,0.773328,0.0,,,
2026-07-23,morning,2026-07-23,TSLA,bounce,Large,control,NO-GO,0/6,0.047054,341,-0.062493,-0.082023,-0.093196,-0.098416,0.069,0.069,2.512,,,False,False,False,False,4,True,TSLA_bounce_control_2026-07-09,11,bounce_control_2026-07-23,0,0.625,0.166,-2.0,2,335.54,332.8,,-0.044024,-0.055373,0.437312,0.332735,0.0,,,
2026-07-23,morning,2026-07-23,U,bounce,Medium,control,NO-GO,0/6,0.055762,29.05,-0.003787,-0.014802,0.047849,0.095697,0.086,1.741,0.753,0.75,2,False,True,False,True,4,True,U_bounce_control_2026-07-09,11,bounce_control_2026-07-23,0,11.4,1.408,9.0,2,28.365,28.16,,-0.016437,0.001708,0.740093,0.770293,0.0,,,
2026-07-23,morning,2026-07-23,UMC,bounce,Medium,control,NO-GO,0/6,0.073579,20.72,0.007239,-0.059846,-0.079151,-0.162162,0.253,0.253,2.742,,,True,False,False,False,4,True,UMC_bounce_control_2026-07-09,11,bounce_control_2026-07-23,0,0.5,0.151,-2.0,2,20.99,20.67,,0.053202,0.004227,0.384584,1.640063,0.0,,,
2026-07-22,evening,2026-07-23,WDC,bounce,Large,control,NO-GO,0/6,0.096035,555.72,0.004643,-0.064637,-0.104009,-0.165929,0.387,0.387,2.504,,,True,False,False,False,4,True,WDC_bounce_control_2026-07-09,10,bounce_control_2026-07-23,0,3.334,0.617,-1.123,2,574.98,555.01,,0.170005,-0.041303,0.682849,0.644658,0.036374,,,
2026-07-23,morning,2026-07-23,WOLF,bounce,Small,control,NO-GO,2/6,0.126292,28.4,-0.085915,-0.186972,-0.161972,-0.229577,0.114,0.114,2.208,,,False,False,False,False,4,True,WOLF_bounce_control_2026-07-09,11,bounce_control_2026-07-23,0,0.75,0.123,-2.0,2,28.59,28.13,,-0.012594,-0.008883,0.682366,0.141864,0.0,,,
2026-07-24,morning,2026-07-24,AAOI,bounce,Medium,control,NO-GO,2/6,0.112255,108.975,-0.080982,-0.102363,-0.191191,-0.297821,0.06,0.06,2.695,,,False,False,False,False,4,True,AAOI_bounce_control_2026-07-09,11,bounce_control_2026-07-24,1,0.703,0.182,-2.0,2,102.37,101.21,,-0.060973,-0.000282,0.918758,1.06387,0.0,,,
2026-07-24,morning,2026-07-24,AAPL,bounce,Large,control,NO-GO,0/6,0.023119,321.79,0.034899,0.046987,0.056838,0.050965,1.691,3.062,0.023,0.02,0,True,True,True,True,4,True,AAPL_bounce_control_2026-07-24,1,bounce_control_2026-07-24,1,2.612,2.479,2.244,1,325.15,321.62,,-0.016476,0.002114,0.530057,0.720918,0.0,,,
2026-07-24,morning,2026-07-24,ALAB,bounce,Medium,control,NO-GO,2/6,0.109781,317.31,-0.081088,-0.10964,-0.179887,-0.212946,0.063,0.063,2.087,,,False,False,False,False,4,True,ALAB_bounce_control_2026-07-09,12,bounce_control_2026-07-24,1,0.33,0.083,-2.0,2,309.285,307.1,,0.010038,-0.012142,0.665552,0.540312,0.0,,,
2026-07-24,morning,2026-07-24,AMAT,bounce,Large,control,NO-GO,0/6,0.072363,556.21,-0.035886,-0.070693,-0.143381,-0.215314,0.164,0.164,2.978,,,False,False,False,False,4,True,AMAT_bounce_control_2026-07-09,11,bounce_control_2026-07-24,1,6.174,0.917,-2.0,2,548.285,544.265,,-0.006483,-0.003394,0.716965,0.621953,0.0,,,
2026-07-24,morning,2026-07-24,APP,bounce,Large,control,NO-GO,0/6,0.067059,397.1,-0.012893,0.03936,0.053186,0.005943,0.143,0.895,0.38,,,False,True,False,True,4,True,APP_bounce_control_2026-07-09,12,bounce_control_2026-07-24,1,0.609,0.231,-2.0,2,397.83,392.79,,-0.063193,0.00687,0.682861,1.348119,0.0,,,
2026-07-24,morning,2026-07-24,ARM,bounce,Large,control,NO-GO,2/6,0.07921,282.77,-0.080489,-0.058139,-0.134491,-0.204689,0.278,0.278,2.688,,,False,False,False,False,4,True,ARM_bounce_control_2026-07-09,12,bounce_control_2026-07-24,1,0.993,0.305,-2.0,2,287.35,279.1,,-0.012184,0.011164,0.407148,0.339705,0.0,,,
2026-07-24,morning,2026-07-24,AVGO,bounce,Large,control,NO-GO,0/6,0.040841,387.68,-0.014858,-0.011504,-0.017463,-0.044779,0.1,0.14,1.148,,,False,False,False,False,4,True,AVGO_bounce_control_2026-07-09,12,bounce_control_2026-07-24,1,2.832,0.683,-2.0,2,385.395,381.88,,0.012807,-0.002599,0.674907,0.631578,0.0,,,
2026-07-24,morning,2026-07-24,AXTI,bounce,Medium,control,NO-GO,2/6,0.144559,51,-0.073922,-0.061176,-0.161569,-0.275098,0.114,0.114,1.936,,,False,False,False,False,4,True,AXTI_bounce_control_2026-07-09,11,bounce_control_2026-07-24,1,7.786,0.591,-2.0,2,49.3,48.26,,-0.067422,-0.004345,0.826435,0.847833,0.0,,,
2026-07-24,morning,2026-07-24,BABA,bounce,Large,control,NO-GO,0/6,0.037503,112.79,-0.005763,0.019594,0.021278,0.01986,0.128,1.151,0.266,0.27,3,False,True,False,True,4,True,BABA_bounce_control_2026-07-17,6,bounce_control_2026-07-24,1,7.572,0.696,0.115,2,112.87,112.17,,-0.047215,-0.014554,0.785224,0.513957,0.0,,,
2026-07-24,morning,2026-07-24,BE,bounce,Medium,control,NO-GO,2/6,0.121139,214.19,-0.136794,-0.121434,-0.221065,-0.235492,0.0,0.0,2.191,,,False,False,False,False,4,True,BE_bounce_control_2026-07-09,11,bounce_control_2026-07-24,1,3.783,0.417,-2.0,2,202.0,198.5,,-0.038717,0.00092,0.604194,0.893711,0.0,,,
2026-07-24,morning,2026-07-24,BOT,bounce,Small,control,NO-GO,0/6,0.1357,26.09,-0.016865,-0.004599,0.163664,0.043312,0.0,1.426,0.703,0.7,2,False,True,False,True,4,True,BOT_bounce_control_2026-07-09,12,bounce_control_2026-07-24,1,0.326,0.083,-2.0,2,25.73,25.08,,-0.097227,0.000389,0.710529,0.332369,0.0,,,
2026-07-24,morning,2026-07-24,BRUN,bounce,Small,control,NO-GO,0/6,0.108198,24,-0.094167,-0.193333,-0.304583,-0.348333,0.0,0.0,3.243,,,False,False,False,False,4,True,BRUN_bounce_control_2026-07-09,12,bounce_control_2026-07-24,1,0.65,0.1,-2.0,2,23.5,23.21,,-0.059929,,0.791145,0.542376,0.0,,,
2026-07-24,morning,2026-07-24,CBRS,bounce,Medium,control,NO-GO,2/6,0.100729,213.22,-0.066129,-0.115421,-0.096145,-0.205562,0.082,0.082,2.072,,,False,False,False,False,4,True,CBRS_bounce_control_2026-07-09,12,bounce_control_2026-07-24,1,0.78,0.139,-2.0,2,206.61,204.0,,0.049096,-0.005409,1.588427,1.379644,0.0,,,
2026-07-24,morning,2026-07-24,CRDO,bounce,Medium,control,NO-GO,0/6,0.093635,231.32,-0.078549,-0.100208,-0.168771,-0.232881,0.0,0.0,2.508,,,False,False,False,False,4,True,CRDO_bounce_control_2026-07-13,10,bounce_control_2026-07-24,1,0.397,0.138,-2.0,2,219.0,215.25,,0.044177,-0.011586,0.817335,0.628281,0.0,,,
2026-07-24,morning,2026-07-24,CRML,bounce,Small,control,NO-GO,0/6,0.100559,6.125,-0.051429,-0.013878,-0.075918,-0.162449,0.0,0.138,1.64,,,False,False,False,False,4,True,CRML_bounce_control_2026-07-09,12,bounce_control_2026-07-24,1,0.889,0.13,-2.0,2,5.99,5.945,,-0.034646,0.003273,0.746234,0.699583,0.0,,,
2026-07-24,morning,2026-07-24,CRWD,bounce,Large,control,NO-GO,2/6,0.062711,185,-0.009297,-0.026432,-0.017297,-0.030378,0.072,0.302,0.936,,,False,False,False,False,4,True,CRWD_bounce_control_2026-07-09,12,bounce_control_2026-07-24,1,0.261,0.089,-2.0,2,185.215,183.2401,,-0.028184,0.012772,0.723755,2.492716,0.0,,,
2026-07-24,morning,2026-07-24,CRWV,bounce,Medium,control,NO-GO,0/6,0.074209,79.5,-0.095849,-0.10956,-0.153459,-0.234969,0.012,0.012,3.212,,,False,False,False,False,4,True,CRWV_bounce_control_2026-07-09,12,bounce_control_2026-07-24,1,1.242,0.4,-2.0,2,76.93,76.07,,0.014992,-0.004031,0.774091,0.880492,0.0,,,
2026-07-24,morning,2026-07-24,DGXX,bounce,Small,control,NO-GO,1/6,0.086076,4.32,-0.078704,-0.111111,-0.150463,-0.236111,0.027,0.027,2.77,,,False,False,False,False,4,True,DGXX_bounce_control_2026-07-09,12,bounce_control_2026-07-24,1,1.5,0.323,-2.0,2,4.22,4.18,,0.028369,0.004619,0.880542,0.633394,0.0,,,
2026-07-24,morning,2026-07-24,DRAM,bounce,ETF,control,NO-GO,2/6,0.083709,55.76,-0.045911,-0.05972,-0.143293,-0.19566,0.099,0.099,2.434,,,False,False,False,False,4,True,DRAM_bounce_control_2026-07-20,5,bounce_control_2026-07-24,1,0.944,0.174,-2.0,2,54.1,53.74,,-0.042991,-0.033962,0.466645,1.054226,0.0,,,
2026-07-24,morning,2026-07-24,DXYZ,bounce,Small,control,NO-GO,0/6,0.074216,23.62,-0.013548,-0.024979,-0.04403,-0.105419,0.037,0.037,1.58,,,False,False,False,False,4,True,DXYZ_bounce_control_2026-07-09,12,bounce_control_2026-07-24,1,0.0,0.0,-1.0,1,22.45,22.25,,-0.061161,-0.000415,0.816278,0.349837,0.0,,,
2026-07-24,morning,2026-07-24,ETHE,bounce,Medium,control,NO-GO,0/6,0.033612,15.05,-0.001993,0.044518,0.028571,0.011296,0.04,1.759,0.297,0.3,1,False,True,False,True,4,True,ETHE_bounce_control_2026-07-09,12,bounce_control_2026-07-24,1,2.778,0.494,0.889,2,15.02,14.98,,-0.016742,0.009921,0.63322,0.261193,0.0,,,
2026-07-24,morning,2026-07-24,EWY,bounce,ETF,control,NO-GO,0/6,0.055263,168.4,-0.032304,-0.042755,-0.100653,-0.143646,0.042,0.042,2.768,,,False,False,False,False,4,True,EWY_bounce_control_2026-07-09,12,bounce_control_2026-07-24,1,0.521,0.161,-2.0,2,165.66,164.22,,-0.020474,-0.025883,0.618637,1.111125,0.0,,,
2026-07-24,morning,2026-07-24,FIG,bounce,Medium,control,NO-GO,1/6,0.095572,20.4,0.035294,0.12451,0.195098,0.213725,0.464,2.644,0.015,0.02,1,True,True,False,True,4,True,FIG_bounce_control_2026-07-09,12,bounce_control_2026-07-24,1,1.226,0.528,0.857,1,20.79,20.37,,-0.077519,0.0115,0.972369,1.025394,0.0,,,
2026-07-24,morning,2026-07-24,FJET,bounce,Micro,control,NO-GO,2/6,0.103086,3.72,-0.077957,-0.018817,-0.010753,-0.067204,0.0,0.052,0.861,,,False,False,False,False,4,True,FJET_bounce_control_2026-07-09,12,bounce_control_2026-07-24,1,0.798,0.208,-2.0,2,3.54,3.49,,-0.07196,0.008086,0.778124,0.285149,0.0,,,
2026-07-24,morning,2026-07-24,GLW,bounce,Large,control,NO-GO,2/6,0.081183,154.77,-0.052465,-0.073722,-0.185824,-0.198488,0.209,0.209,3.205,,,False,False,False,False,4,True,GLW_bounce_control_2026-07-09,12,bounce_control_2026-07-24,1,0.892,0.185,-2.0,2,155.87,152.835,,-0.042177,-0.003204,0.692067,1.096273,0.0,,,
2026-07-24,morning,2026-07-24,GOOGL,bounce,Large,control,NO-GO,0/6,0.036904,318.42,0.004145,0.025564,0.048018,0.05744,0.49,2.049,0.094,0.09,1,True,True,False,True,4,True,GOOGL_bounce_control_2026-07-09,11,bounce_control_2026-07-24,1,1.021,0.59,-0.292,1,320.715,317.32,,-0.076048,0.009632,0.810165,1.113011,0.0,,,
2026-07-24,morning,2026-07-24,HQ,bounce,Small,control,NO-GO,3/6,0.218598,14,-0.164286,-0.112857,-0.165,-0.175,0.0,0.0,0.872,,,False,False,False,False,4,True,HQ_bounce_control_2026-07-09,11,bounce_control_2026-07-24,1,1.325,0.32,-2.0,2,12.7099,12.34,,-0.176753,,0.615941,0.56858,0.0,,,
2026-07-23,evening,2026-07-24,HQ,bounce,Small,surfaced,CAUTION,4/6,0.225572,14,-0.164286,-0.112857,-0.165,-0.175,0.0,0.0,0.85,,,False,False,False,False,4,True,HQ_bounce_2026-07-22,3,bounce_2026-07-24,1,1.325,0.31,-2.0,2,12.7099,12.34,,-0.280102,-0.009563,0.882866,,,-0.325848,-0.686444,-0.686444
2026-07-24,morning,2026-07-24,HYLN,bounce,Small,control,NO-GO,3/6,0.087386,4.07,-0.085995,-0.061425,-0.130221,-0.203931,0.056,0.056,2.418,,,False,False,False,False,4,True,HYLN_bounce_control_2026-07-09,12,bounce_control_2026-07-24,1,0.207,0.067,-2.0,2,3.908,3.85,,0.059278,-0.002427,1.470665,1.905825,0.0,,,
2026-07-24,morning,2026-07-24,IBIT,bounce,ETF,control,NO-GO,1/6,0.026893,36.43,-0.002196,0.009333,-0.00796,-0.011803,0.031,0.786,0.98,,,False,False,False,True,4,True,IBIT_bounce_control_2026-07-09,12,bounce_control_2026-07-24,1,0.44,0.087,-2.0,2,36.4172,36.32,,-0.023626,0.003547,0.36385,0.441271,0.0,,,
2026-07-24,morning,2026-07-24,INOD,bounce,Small,control,NO-GO,0/6,0.067708,60.49,-0.076046,-0.017854,-0.048438,-0.084146,0.0,0.0,1.497,,,False,False,False,False,4,True,INOD_bounce_control_2026-07-09,12,bounce_control_2026-07-24,1,0.896,0.194,-2.0,2,58.88,58.2901,,-0.057049,-0.000167,0.657237,0.3225,0.0,,,
2026-07-24,morning,2026-07-24,INTC,bounce,Large,control,NO-GO,0/6,0.071487,100.36,-0.080112,-0.086588,-0.140096,-0.184137,0.192,0.192,2.588,,,False,False,False,False,4,True,INTC_bounce_control_2026-07-09,12,bounce_control_2026-07-24,1,2.062,0.834,-2.0,2,97.05,95.6,,-0.009009,0.042602,0.66195,0.727248,0.0,,,
2026-07-24,morning,2026-07-24,IONQ,bounce,Medium,control,NO-GO,0/6,0.075252,34.1,-0.03695,0.053372,-0.006452,-0.061877,0.078,1.196,0.892,0.6,1,False,False,False,True,4,True,IONQ_bounce_control_2026-07-09,12,bounce_control_2026-07-24,1,4.102,0.799,-0.88,2,33.06,32.71,,-0.026753,0.014382,0.750834,0.605534,0.0,,,
2026-07-24,morning,2026-07-24,IREN,bounce,Medium,control,NO-GO,0/6,0.09419,40.015,-0.073597,-0.09309,-0.152068,-0.267525,0.057,0.057,2.941,,,False,False,False,False,4,True,IREN_bounce_control_2026-07-09,12,bounce_control_2026-07-24,1,1.129,0.371,-2.0,2,39.1349,38.64,,-0.009688,0.007639,0.799444,1.161985,0.0,,,
2026-07-24,morning,2026-07-24,KEEL,bounce,Medium,control,NO-GO,2/6,0.088434,4.81,-0.114345,-0.158004,-0.223493,-0.338877,0.024,0.024,3.855,,,False,False,False,False,4,True,KEEL_bounce_control_2026-07-09,12,bounce_control_2026-07-24,1,0.923,0.282,-2.0,2,4.5616,4.51,,0.043011,0.008316,0.80367,0.631032,0.0,,,
2026-07-24,morning,2026-07-24,KWEB,bounce,ETF,control,NO-GO,1/6,0.024371,26.21,0.003052,0.030141,0.041969,0.060664,0.321,3.053,0.117,0.12,1,True,True,False,True,4,True,KWEB_bounce_control_2026-07-09,12,bounce_control_2026-07-24,1,1.8,0.564,0.55,1,26.235,26.135,,-0.028127,-0.000381,0.710945,1.181994,0.0,,,
2026-07-24,morning,2026-07-24,LITE,bounce,Medium,control,NO-GO,1/6,0.078583,810.5,-0.058618,-0.121579,-0.195645,-0.256817,0.325,0.325,3.386,,,False,False,False,False,4,True,LITE_bounce_control_2026-07-09,12,bounce_control_2026-07-24,1,0.792,0.308,-2.0,2,821.395,805.284,,-0.010328,-0.005674,1.120536,0.882658,0.0,,,
2026-07-24,morning,2026-07-24,LWLG,bounce,Small,control,NO-GO,0/6,0.085195,6.64,-0.088855,-0.076807,-0.13253,-0.19503,0.0,0.0,2.333,,,False,False,False,False,4,True,LWLG_bounce_control_2026-07-09,12,bounce_control_2026-07-24,1,2.75,0.389,-2.0,2,6.41,6.36,,-0.030523,-0.001497,0.695117,1.299089,0.0,,,
2026-07-24,morning,2026-07-24,META,bounce,Large,control,NO-GO,0/6,0.044713,605.3,-0.016702,-0.018883,-0.019643,-0.032529,0.173,0.22,0.853,,,False,False,False,False,4,True,META_bounce_control_2026-07-22,3,bounce_control_2026-07-24,1,0.242,0.037,-2.0,2,606.32,603.16,,-0.052888,0.006039,0.639303,0.713756,0.0,,,
2026-07-24,morning,2026-07-24,MP,bounce,Medium,control,NO-GO,0/6,0.062562,44.44,-0.070657,-0.029478,-0.071107,-0.142664,0.093,0.093,2.385,,,False,False,False,False,4,True,MP_bounce_control_2026-07-09,12,bounce_control_2026-07-24,1,0.786,0.198,-2.0,2,42.91,42.56,,-0.032397,0.003359,0.63651,0.397246,0.0,,,
2026-07-24,morning,2026-07-24,MRVL,bounce,Large,control,NO-GO,2/6,0.079788,202.91,-0.042778,-0.067715,-0.140161,-0.194717,0.195,0.195,2.471,,,False,False,False,False,4,True,MRVL_bounce_control_2026-07-09,12,bounce_control_2026-07-24,1,0.816,0.17,-2.0,2,201.1001,199.1,,-0.00654,-0.012994,0.578733,0.686969,0.0,,,
2026-07-24,morning,2026-07-24,MSFT,bounce,Large,control,NO-GO,1/6,0.028981,387.05,-0.013823,0.005296,0.016277,0.009017,0.177,1.266,0.571,0.57,2,False,True,False,True,4,True,MSFT_bounce_control_2026-07-09,12,bounce_control_2026-07-24,1,2.222,0.661,-1.347,2,385.97,383.1,,-0.028586,0.012579,1.285068,0.99394,0.0,,,
2026-07-24,morning,2026-07-24,MSTR,bounce,Medium,control,NO-GO,1/6,0.062863,93.37,-0.018207,0.056549,0.029881,-0.000428,0.053,1.138,0.615,0.62,3,False,False,False,True,4,True,MSTR_bounce_control_2026-07-09,12,bounce_control_2026-07-24,1,1.788,0.317,-2.0,2,92.87,92.01,,-0.069544,0.013137,0.866988,1.039181,0.0,,,
2026-07-24,morning,2026-07-24,MU,bounce,Large,control,NO-GO,0/6,0.073674,959.03,-0.039707,-0.061343,-0.144417,-0.22943,0.115,0.115,3.13,,,False,False,False,False,4,True,MU_bounce_control_2026-07-09,12,bounce_control_2026-07-24,1,0.332,0.094,-2.0,2,948.57,941.62,,0.000391,-0.019198,0.662035,1.240841,0.0,,,
2026-07-24,morning,2026-07-24,MXL,bounce,Medium,control,NO-GO,3/6,0.123868,83,-0.13747,-0.218554,-0.28988,-0.310241,0.444,0.444,2.604,,,False,False,False,False,4,True,MXL_bounce_control_2026-07-09,10,bounce_control_2026-07-24,1,1.025,0.631,-2.0,2,86.0913,78.6,,-0.052638,-0.106423,0.844149,2.333668,0.0,,,
2026-07-24,morning,2026-07-24,NBIS,bounce,Medium,control,NO-GO,0/6,0.096575,218,-0.13867,-0.138165,-0.221606,-0.320092,0.026,0.026,3.429,,,False,False,False,False,4,True,NBIS_bounce_control_2026-07-09,11,bounce_control_2026-07-24,1,0.548,0.185,-2.0,2,201.5472,198.0,,0.02033,0.001629,0.752284,1.05371,0.0,,,
2026-07-24,morning,2026-07-24,NOK,bounce,Medium,control,NO-GO,3/6,0.072771,9.58,-0.050104,-0.031315,-0.06785,-0.122129,0.158,0.158,1.736,,,False,False,False,False,4,True,NOK_bounce_control_2026-07-09,12,bounce_control_2026-07-24,1,0.923,0.172,-2.0,2,9.26,9.195,,-0.098777,-0.015416,0.968238,1.727852,0.0,,,
2026-07-24,morning,2026-07-24,NVDA,bounce,Large,control,NO-GO,0/6,0.035309,207.45,-0.00294,-0.052736,-0.050325,-0.084068,0.609,0.609,2.381,,,False,False,False,True,4,True,NVDA_bounce_control_2026-07-09,9,bounce_control_2026-07-24,1,3.818,1.35,-2.0,2,208.215,206.73,,0.003618,-0.003449,0.66824,0.426121,0.0,,,
2026-07-24,morning,2026-07-24,NVTS,bounce,Medium,control,NO-GO,1/6,0.099749,12.08,-0.096026,-0.055464,-0.171358,-0.194123,0.0,0.0,2.199,,,False,False,False,False,4,True,NVTS_bounce_control_2026-07-09,12,bounce_control_2026-07-24,1,0.714,0.166,-2.0,2,11.28,11.14,,-0.05809,0.004156,0.863096,0.395689,0.0,,,
2026-07-24,morning,2026-07-24,OKLO,bounce,Medium,control,NO-GO,1/6,0.069783,43.59,-0.076623,-0.040835,-0.091994,-0.154852,0.007,0.007,2.295,,,False,False,False,False,4,True,OKLO_bounce_control_2026-07-09,12,bounce_control_2026-07-24,1,1.304,0.197,-2.0,2,41.76,41.43,,0.017675,0.020682,0.749851,0.689125,0.0,,,
2026-07-24,morning,2026-07-24,ON,bounce,Medium,control,NO-GO,2/6,0.061845,88.49,-0.018985,0.006215,-0.046333,-0.108826,0.208,0.234,1.769,,,False,False,False,False,4,True,ON_bounce_control_2026-07-09,12,bounce_control_2026-07-24,1,3.272,0.682,-2.0,2,87.27,86.755,,-0.020206,-0.010097,0.60259,0.665281,0.0,,,
2026-07-24,morning,2026-07-24,OPEN,bounce,Medium,control,NO-GO,1/6,0.096667,3.93,-0.024173,-0.020356,0.002545,-0.066158,0.197,0.263,0.803,,,False,False,False,False,4,True,OPEN_bounce_control_2026-07-09,12,bounce_control_2026-07-24,1,2.917,0.921,0.012,1,3.83,3.77,,-0.131696,0.011704,1.289771,0.734197,0.0,,,
2026-07-24,morning,2026-07-24,ORCL,bounce,Large,control,NO-GO,2/6,0.052894,122.47,-0.061076,-0.020985,-0.020495,-0.038622,0.094,0.094,1.23,,,False,False,False,False,4,True,ORCL_bounce_control_2026-07-09,12,bounce_control_2026-07-24,1,0.481,0.12,-2.0,2,118.8401,117.7,,-0.024336,0.03264,0.802247,0.88426,0.0,,,
2026-07-24,morning,2026-07-24,PENG,bounce,Medium,control,NO-GO,2/6,0.151177,57.14,-0.057578,-0.081379,-0.157683,-0.235212,0.213,0.213,1.566,,,False,False,False,False,4,True,PENG_bounce_control_2026-07-22,3,bounce_control_2026-07-24,1,0.632,0.097,-2.0,2,58.556,56.88,,-0.001721,-0.007019,0.414551,1.219503,0.0,,,
2026-07-24,morning,2026-07-24,PL,bounce,Medium,control,NO-GO,0/6,0.082633,22.25,-0.08,-0.05618,-0.082247,-0.124944,0.016,0.016,1.681,,,False,False,False,False,4,True,PL_bounce_control_2026-07-09,12,bounce_control_2026-07-24,1,0.813,0.163,-2.0,2,20.96,20.7754,,-0.035498,-0.003578,0.763143,0.476354,0.0,,,
2026-07-24,morning,2026-07-24,PLTR,bounce,Large,control,NO-GO,0/6,0.054313,125.165,-0.017936,0.050853,-0.013063,-0.017297,0.021,1.066,1.07,0.46,1,False,False,False,True,4,True,PLTR_bounce_control_2026-07-09,12,bounce_control_2026-07-24,1,4.093,0.65,-0.306,2,123.92,123.05,,-0.061401,0.009278,0.838412,0.661711,0.0,,,
2026-07-24,morning,2026-07-24,POET,bounce,Small,control,NO-GO,0/6,0.088051,7.53,-0.084993,-0.058433,-0.102258,-0.15405,0.03,0.03,1.885,,,False,False,False,False,4,True,POET_bounce_control_2026-07-09,12,bounce_control_2026-07-24,1,1.167,0.211,-2.0,2,7.185,7.125,,-0.0908,0.001316,0.619337,0.839488,0.0,,,
2026-07-24,morning,2026-07-24,QCOM,bounce,Large,control,NO-GO,1/6,0.046361,169.69,-0.016029,0.002063,-0.040132,-0.082562,0.179,0.191,1.867,,,False,False,False,False,4,True,QCOM_bounce_control_2026-07-09,12,bounce_control_2026-07-24,1,3.152,0.897,-2.0,2,167.34,166.5,,-0.014697,-0.000935,0.71157,0.629596,0.0,,,
2026-07-24,morning,2026-07-24,RGTI,bounce,Medium,control,NO-GO,1/6,0.069603,14.85,-0.047138,0.053199,-0.022222,-0.109764,0.048,1.229,1.664,0.69,1,False,False,False,True,4,True,RGTI_bounce_control_2026-07-09,12,bounce_control_2026-07-24,1,0.0,0.0,-2.0,2,14.8177,14.63,,-0.021924,0.006397,0.898847,0.757243,0.0,,,
2026-07-24,morning,2026-07-24,RKLB,bounce,Medium,control,NO-GO,0/6,0.084387,69.3,-0.077778,-0.034055,-0.078066,-0.154401,0.043,0.043,1.898,,,False,False,False,False,4,True,RKLB_bounce_control_2026-07-09,12,bounce_control_2026-07-24,1,0.71,0.185,-2.0,2,68.72,67.952,,0.011285,-0.001286,0.671342,0.907086,0.0,,,
2026-07-24,morning,2026-07-24,RVI,bounce,Small,control,NO-GO,0/6,0.080415,26.14,-0.025249,-0.028309,-0.025249,-0.066182,0.033,0.033,0.97,,,False,False,False,False,4,True,RVI_bounce_control_2026-07-09,12,bounce_control_2026-07-24,1,0.122,0.024,-2.0,2,25.975,25.77,,-0.046239,,0.717706,0.416107,0.0,,,
2026-07-24,morning,2026-07-24,RXT,bounce,Small,control,NO-GO,2/6,0.201816,4.06,-0.029557,-0.049261,-0.061576,-0.068966,0.098,0.098,0.61,,,False,False,False,False,4,True,RXT_bounce_control_2026-07-13,10,bounce_control_2026-07-24,1,0.0,0.0,-1.0,1,3.975,3.95,,-0.079727,0.004975,0.257563,0.476991,0.0,,,
2026-07-24,morning,2026-07-24,SIMO,bounce,Medium,control,NO-GO,0/6,0.091214,277.33,-0.023185,-0.118559,-0.201601,-0.243933,0.25,0.25,2.884,,,False,False,False,False,4,True,SIMO_bounce_control_2026-07-14,8,bounce_control_2026-07-24,1,0.42,0.128,-2.0,2,280.8875,277.2161,,0.017363,-0.021032,0.710477,0.791074,0.0,,,
2026-07-24,morning,2026-07-24,SMR,bounce,Medium,control,NO-GO,1/6,0.070822,8.69,-0.069045,-0.017261,-0.054085,-0.126582,0.187,0.187,1.869,,,False,False,False,False,4,True,SMR_bounce_control_2026-07-09,12,bounce_control_2026-07-24,1,0.419,0.211,-2.0,2,8.74,8.585,,0.019518,0.007946,0.890444,1.71109,0.0,,,
2026-07-24,morning,2026-07-24,SNDK,bounce,Large,control,NO-GO,2/6,0.117188,1551.165,-0.073883,-0.175955,-0.29337,-0.345079,0.121,0.121,3.042,,,False,False,False,False,4,True,SNDK_bounce_control_2026-07-09,11,bounce_control_2026-07-24,1,0.703,0.197,-2.0,2,1555.15,1525.01,,-0.013779,-0.026597,0.749949,0.990089,0.0,,,
2026-07-24,morning,2026-07-24,SOXL,bounce,ETF,control,NO-GO,2/6,0.161726,151.45,-0.096666,-0.153846,-0.276725,-0.392605,0.125,0.125,2.448,,,False,False,False,False,4,True,SOXL_bounce_control_2026-07-09,11,bounce_control_2026-07-24,1,0.582,0.16,-2.0,2,143.5295,140.16,,-0.019337,-0.012862,0.488108,0.541326,0.0,,,
2026-07-24,morning,2026-07-24,SPCE,bounce,Small,control,NO-GO,0/6,0.068873,2.59,-0.03861,-0.023166,-0.03861,-0.054054,0.112,0.112,1.121,,,False,False,False,False,4,True,SPCE_bounce_control_2026-07-09,12,bounce_control_2026-07-24,1,1.571,0.617,-0.429,1,2.515,2.48,,-0.071942,0.0,0.731599,0.459489,0.0,,,
2026-07-24,morning,2026-07-24,SPCX,bounce,Large,control,NO-GO,2/6,0.072469,116.005,-0.00806,-0.021594,0.003491,-0.029783,0.118,0.253,1.07,,,False,False,False,False,4,True,SPCX_bounce_control_2026-07-21,3,bounce_control_2026-07-24,1,0.646,0.113,-2.0,2,115.06,114.05,,-0.058524,-0.016323,0.913521,5.409318,0.0,,,
2026-07-23,evening,2026-07-24,SPCX,bounce,Large,surfaced,CAUTION,4/6,0.071157,116.005,-0.00806,-0.021594,0.003491,-0.029783,0.12,0.26,1.09,,,False,False,False,False,4,True,SPCX_bounce_2026-07-22,3,bounce_2026-07-24,1,0.646,0.115,-2.0,2,115.06,114.05,,-0.02353,-0.000477,1.150406,,,-0.22045,-0.481342,-0.481342
2026-07-24,morning,2026-07-24,STM,bounce,Medium,control,NO-GO,3/6,0.080545,54.42,-0.052922,-0.017824,-0.07828,-0.111356,0.057,0.057,1.492,,,False,False,False,False,4,True,STM_bounce_control_2026-07-09,12,bounce_control_2026-07-24,1,1.453,0.176,-2.0,2,53.55,53.23,,-0.162922,0.02393,0.877258,0.895843,0.0,,,
2026-07-23,evening,2026-07-24,STM,bounce,Medium,surfaced,CAUTION,4/6,0.073831,54.42,-0.052922,-0.017824,-0.07828,-0.111356,0.06,0.06,1.63,,,False,False,False,False,4,True,STM_bounce_2026-07-24,1,bounce_2026-07-24,1,1.453,0.192,-2.0,2,53.55,53.23,,-0.133376,-0.172875,0.508487,,,-0.173255,-0.340396,-0.342422
2026-07-24,morning,2026-07-24,TEAM,bounce,Medium,control,NO-GO,1/6,0.082152,81.43,0.066929,0.17733,0.227803,0.280609,0.846,3.78,-0.0,-0.0,1,True,True,True,True,4,True,TEAM_bounce_control_2026-07-09,12,bounce_control_2026-07-24,1,1.67,1.058,1.5,1,83.55,81.43,,-0.101545,0.015596,1.151463,0.718062,0.0,,,
2026-07-24,morning,2026-07-24,TSLA,bounce,Large,control,NO-GO,2/6,0.054695,320.72,-0.023977,-0.035857,-0.041407,-0.069843,0.128,0.128,1.331,,,False,False,False,False,4,True,TSLA_bounce_control_2026-07-09,12,bounce_control_2026-07-24,1,0.043,0.019,-2.0,2,321.4051,317.5,,-0.145409,0.01295,1.489114,0.311453,0.0,,,
2026-07-24,morning,2026-07-24,U,bounce,Medium,control,NO-GO,0/6,0.054939,29.46,-0.028513,0.033265,0.080448,0.087576,0.043,2.095,0.816,0.82,2,False,True,False,True,4,True,U_bounce_control_2026-07-09,12,bounce_control_2026-07-24,1,0.056,0.012,-2.0,2,29.03,28.85,,-0.022431,0.008984,0.847767,0.553791,0.0,,,
2026-07-24,morning,2026-07-24,UMC,bounce,Medium,control,NO-GO,2/6,0.074157,19.84,-0.018145,-0.038306,-0.125,-0.137601,0.163,0.211,2.243,,,False,False,False,False,4,True,UMC_bounce_control_2026-07-09,12,bounce_control_2026-07-24,1,0.375,0.061,-2.0,2,19.75,19.66,,-0.057527,-0.043076,0.452401,0.694977,0.0,,,
2026-07-24,morning,2026-07-24,WDC,bounce,Large,control,NO-GO,1/6,0.087614,538.5,-0.034726,-0.075357,-0.139257,-0.141987,0.286,0.286,2.467,,,False,False,False,False,4,True,WDC_bounce_control_2026-07-09,11,bounce_control_2026-07-24,1,0.852,0.45,-2.0,2,541.39,528.6,,0.004869,-0.012968,0.463332,0.649811,0.0,,,
2026-07-24,morning,2026-07-24,WOLF,bounce,Small,control,NO-GO,0/6,0.132004,25.61,-0.098399,-0.070676,-0.145646,-0.216712,0.049,0.049,1.665,,,False,False,False,False,4,True,WOLF_bounce_control_2026-07-09,12,bounce_control_2026-07-24,1,0.4,0.059,-2.0,2,25.22,24.94,,-0.195084,-0.016179,0.969898,0.115869,0.0,,,
2026-07-27,morning,2026-07-27,AAOI,bounce,Medium,control,NO-GO,2/6,0.120349,100.56,-0.027247,-0.123508,-0.239061,-0.103918,0.197,0.197,2.029,,,False,False,False,False,4,True,AAOI_bounce_control_2026-07-09,12,bounce_control_2026-07-27,0,0.553,0.094,-2.0,2,102.44,98.75,,-0.058994,0.038442,0.817334,0.828891,0.0,,,
2026-07-27,morning,2026-07-27,ALAB,bounce,Medium,control,NO-GO,2/6,0.115123,295,-0.042305,-0.117864,-0.153424,0.015898,0.125,0.15,1.484,,,False,True,False,False,4,True,ALAB_bounce_control_2026-07-09,13,bounce_control_2026-07-27,0,0.326,0.099,-2.0,2,297.8,290.87,,-0.088865,0.033987,0.847341,0.4896,0.0,,,
2026-07-27,morning,2026-07-27,AMAT,bounce,Large,control,NO-GO,0/6,0.072225,539.54,-0.04198,-0.116914,-0.19107,-0.070004,0.231,0.231,2.649,,,False,False,False,False,4,True,AMAT_bounce_control_2026-07-09,12,bounce_control_2026-07-27,0,0.767,0.253,-2.0,2,529.55,523.1201,,0.006427,0.03959,0.814369,0.715597,0.0,,,
2026-07-27,morning,2026-07-27,APP,bounce,Large,control,NO-GO,0/6,0.06427,404.752,0.019711,0.033275,-0.013075,-0.002179,0.493,0.622,0.565,,,True,False,False,True,4,True,APP_bounce_control_2026-07-09,13,bounce_control_2026-07-27,0,0.555,0.394,-1.0,1,412.45,403.205,,-0.03268,0.017909,0.543209,0.925099,0.0,,,
2026-07-27,morning,2026-07-27,ARM,bounce,Large,control,NO-GO,3/6,0.086523,263.48,0.010817,-0.071125,-0.146463,-0.08327,0.207,0.219,1.795,,,True,False,False,False,4,True,ARM_bounce_control_2026-07-09,13,bounce_control_2026-07-27,0,2.285,0.534,-2.0,2,263.88,257.9,,-0.053352,0.031806,1.31653,0.470711,0.0,,,
2026-07-27,morning,2026-07-27,AVGO,bounce,Large,control,NO-GO,0/6,0.039206,389.815,-0.016918,-0.022844,-0.050011,-0.005067,0.006,0.006,1.329,,,False,False,False,False,4,True,AVGO_bounce_control_2026-07-09,13,bounce_control_2026-07-27,0,0.542,0.217,-2.0,2,388.66,385.795,,-0.013634,0.024822,0.685554,0.608847,0.0,,,
2026-07-27,morning,2026-07-27,AXTI,bounce,Medium,control,NO-GO,2/6,0.14754,48.51,-0.012987,-0.118532,-0.237889,-0.032364,0.215,0.215,1.646,,,False,False,False,False,4,True,AXTI_bounce_control_2026-07-09,12,bounce_control_2026-07-27,0,0.129,0.081,-2.0,2,49.76,47.52,,-0.071348,0.041711,0.776969,0.845764,0.0,,,
2026-07-27,morning,2026-07-27,BABA,bounce,Large,control,NO-GO,0/6,0.037488,114.12,0.007711,0.009376,0.007974,0.019278,0.21,0.827,0.353,,,True,True,False,True,4,True,BABA_bounce_control_2026-07-17,7,bounce_control_2026-07-27,0,0.305,0.075,-2.0,2,113.58,113.055,,-0.027025,0.011325,0.39193,0.617739,0.0,,,
2026-07-27,morning,2026-07-27,BE,bounce,Medium,control,NO-GO,3/6,0.135282,190.51,-0.01223,-0.124245,-0.140465,0.087187,0.271,0.979,1.287,,,False,True,False,True,4,True,BE_bounce_control_2026-07-09,12,bounce_control_2026-07-27,0,0.67,0.369,-2.0,2,192.75,185.66,,-0.10856,0.052139,1.17683,0.902623,0.0,,,
2026-07-27,morning,2026-07-27,BOT,bounce,Small,control,NO-GO,2/6,0.117973,26.53,-0.021108,0.144365,0.026008,0.108556,0.054,1.473,0.869,0.87,1,False,True,False,True,4,True,BOT_bounce_control_2026-07-09,13,bounce_control_2026-07-27,0,2.033,0.786,1.521,1,25.06,24.455,,-0.036496,0.02924,0.799486,0.496106,0.0,,,
2026-07-27,morning,2026-07-27,BRUN,bounce,Small,control,NO-GO,0/6,0.119675,21.39,-0.094904,-0.219729,-0.268817,-0.071996,0.051,0.051,2.27,,,False,False,False,False,4,True,BRUN_bounce_control_2026-07-09,13,bounce_control_2026-07-27,0,0.684,0.406,-2.0,2,21.0,20.2401,,-0.102395,,0.89171,0.907319,0.0,,,
2026-07-27,morning,2026-07-27,CBRS,bounce,Medium,control,NO-GO,1/6,0.112712,202.56,-0.068868,-0.048578,-0.163754,0.002518,0.007,0.101,1.483,,,False,True,False,False,4,True,CBRS_bounce_control_2026-07-09,13,bounce_control_2026-07-27,0,2.423,0.416,-1.0,1,183.82,181.86,,-0.031983,0.019938,0.966116,1.058607,0.0,,,
2026-07-27,morning,2026-07-27,CRDO,bounce,Medium,control,NO-GO,1/6,0.093773,216.95,-0.040608,-0.113713,-0.18207,-0.07315,0.15,0.15,1.964,,,False,False,False,False,4,True,CRDO_bounce_control_2026-07-13,11,bounce_control_2026-07-27,0,2.366,0.945,0.785,2,218.775,213.43,,-0.016296,0.053483,1.033871,0.701063,0.0,,,
2026-07-27,morning,2026-07-27,CRML,bounce,Small,control,NO-GO,0/6,0.096888,5.98,0.010033,-0.053512,-0.14214,-0.070234,0.397,0.397,1.493,,,True,False,False,False,4,True,CRML_bounce_control_2026-07-09,13,bounce_control_2026-07-27,0,4.333,0.897,2.0,2,6.03,5.91,,-0.070552,0.043029,0.604623,0.549628,0.0,,,
2026-07-27,morning,2026-07-27,CRWD,bounce,Large,control,NO-GO,2/6,0.055928,187.905,-0.041484,-0.03249,-0.045369,-0.014289,0.057,0.057,1.31,,,False,False,False,False,4,True,CRWD_bounce_control_2026-07-09,13,bounce_control_2026-07-27,0,0.887,0.402,-2.0,2,185.89,183.51,,-0.009389,0.018393,0.383657,1.806298,0.0,,,
2026-07-27,morning,2026-07-27,CRWV,bounce,Medium,control,NO-GO,1/6,0.083651,73.8,-0.040786,-0.088076,-0.175881,0.001355,0.18,0.335,2.146,,,False,True,False,False,4,True,CRWV_bounce_control_2026-07-09,13,bounce_control_2026-07-27,0,0.094,0.069,-2.0,2,74.6978,72.44,,-0.095353,0.040067,1.263126,0.681976,0.0,,,
2026-07-27,morning,2026-07-27,DGXX,bounce,Small,control,NO-GO,2/6,0.089678,4.16,-0.076923,-0.117788,-0.206731,-0.086538,0.107,0.107,2.332,,,False,False,False,False,4,True,DGXX_bounce_control_2026-07-09,13,bounce_control_2026-07-27,0,1.571,0.295,-2.0,2,4.09,3.9912,,-0.039627,0.035176,0.974365,0.649161,0.0,,,
2026-07-27,morning,2026-07-27,DRAM,bounce,ETF,control,NO-GO,2/6,0.08467,54.915,-0.045252,-0.13011,-0.183283,-0.046891,0.081,0.081,2.261,,,False,False,False,False,4,True,DRAM_bounce_control_2026-07-20,6,bounce_control_2026-07-27,0,3.167,0.736,2.056,2,54.23,53.83,,-0.03237,0.050752,0.737365,1.299502,0.0,,,
2026-07-27,morning,2026-07-27,DXYZ,bounce,Small,control,NO-GO,0/6,0.076397,23.125,-0.004108,-0.023568,-0.08627,0.016216,0.207,0.264,1.288,,,False,True,False,False,4,True,DXYZ_bounce_control_2026-07-09,13,bounce_control_2026-07-27,0,5.048,1.2,4.286,1,22.43,22.22,,-0.073151,0.006009,0.84043,0.846593,0.0,,,
2026-07-27,morning,2026-07-27,ETHE,bounce,Medium,control,NO-GO,0/6,0.029726,15.74,-0.001271,-0.016518,-0.033037,-0.013977,0.427,0.427,1.646,,,False,False,False,False,4,True,ETHE_bounce_control_2026-07-09,13,bounce_control_2026-07-27,0,4.25,0.94,1.429,2,15.77,15.73,,0.016731,0.051931,0.361955,0.402948,0.0,,,
2026-07-27,morning,2026-07-27,EWY,bounce,ETF,control,NO-GO,0/6,0.055082,166.53,-0.032006,-0.090554,-0.13403,-0.031946,0.041,0.041,2.604,,,False,False,False,False,4,True,EWY_bounce_control_2026-07-09,13,bounce_control_2026-07-27,0,1.465,0.316,-2.0,2,166.14,164.9005,,-0.01109,0.034242,0.644149,1.593723,0.0,,,
2026-07-27,morning,2026-07-27,FCEL,bounce,Small,control,NO-GO,1/6,0.134592,21.45,0.001865,-0.08345,-0.15711,0.101166,0.184,0.801,1.198,,,True,True,False,True,4,True,FCEL_bounce_control_2026-07-09,12,bounce_control_2026-07-27,0,3.341,0.762,1.582,2,21.61,20.62,,-0.011571,0.044685,0.817921,7.707733,0.0,,,
2026-07-27,morning,2026-07-27,FIG,bounce,Medium,control,NO-GO,1/6,0.088904,21.89,0.047967,0.113751,0.13111,0.085427,0.55,1.883,0.139,0.14,1,True,True,True,True,4,True,FIG_bounce_control_2026-07-09,13,bounce_control_2026-07-27,0,2.35,0.966,2.325,1,22.02,21.62,,-0.000932,0.015625,0.490301,1.247038,0.0,,,
2026-07-27,morning,2026-07-27,FJET,bounce,Micro,control,NO-GO,2/6,0.112298,3.5,0.042857,0.051429,-0.008571,0.014286,0.539,0.611,0.254,,,True,True,True,True,4,True,FJET_bounce_control_2026-07-09,13,bounce_control_2026-07-27,0,0.497,0.392,0.161,1,3.635,3.48,,-0.05914,0.020408,0.839603,0.375439,0.0,,,
2026-07-27,morning,2026-07-27,GLW,bounce,Large,control,NO-GO,2/6,0.082892,145.75,-0.016398,-0.135437,-0.148885,-0.072247,0.243,0.243,2.587,,,False,False,False,False,4,True,GLW_bounce_control_2026-07-09,13,bounce_control_2026-07-27,0,5.116,0.968,4.02,2,147.47,144.08,,-0.024276,0.025026,0.920526,0.981973,0.0,,,
2026-07-27,morning,2026-07-27,GOOGL,bounce,Large,control,NO-GO,0/6,0.03559,325.04,0.004676,0.026674,0.035903,0.02652,0.465,1.509,0.052,0.05,2,True,True,False,True,4,True,GOOGL_bounce_control_2026-07-09,12,bounce_control_2026-07-27,0,5.722,0.781,0.623,2,328.125,325.04,,-0.049402,0.017045,0.59273,1.964944,0.0,,,
2026-07-27,morning,2026-07-27,HQ,bounce,Small,control,NO-GO,3/6,0.256081,12.26,0.013051,-0.046493,-0.057912,0.02447,0.459,0.545,0.296,,,True,True,True,True,4,True,HQ_bounce_control_2026-07-09,12,bounce_control_2026-07-27,0,4.722,0.632,-0.286,2,12.84,12.1,,-0.198087,0.003419,0.808278,0.466571,0.0,,,
2026-07-24,evening,2026-07-27,HQ,bounce,Small,surfaced,CAUTION,4/6,0.253677,12.26,0.013051,-0.046493,-0.057912,0.02447,0.46,0.55,0.3,,,True,True,True,True,4,True,HQ_bounce_2026-07-22,4,bounce_2026-07-27,2,4.722,0.638,-0.286,2,12.84,12.1,,-0.290593,0.018923,0.615941,,,-0.434305,-0.736889,-0.736889
2026-07-27,morning,2026-07-27,HYLN,bounce,Small,control,NO-GO,3/6,0.096838,3.81,0.002625,-0.070866,-0.149606,-0.049869,0.325,0.325,1.68,,,True,False,False,False,4,True,HYLN_bounce_control_2026-07-09,13,bounce_control_2026-07-27,0,0.56,0.331,-2.0,2,3.869,3.76,,-0.035623,0.018817,1.14437,2.536039,0.0,,,
2026-07-27,morning,2026-07-27,IBIT,bounce,ETF,control,NO-GO,1/6,0.02498,36.74,0.000817,-0.016331,-0.020142,-0.001089,0.501,0.501,1.384,,,True,False,True,True,4,True,IBIT_bounce_control_2026-07-09,13,bounce_control_2026-07-27,0,2.913,0.763,-2.0,2,36.8501,36.73,,-0.011516,0.015406,0.444685,0.685516,0.0,,,
2026-07-27,morning,2026-07-27,INOD,bounce,Small,control,NO-GO,1/6,0.067344,56.65,0.04872,0.016064,-0.022065,0.060371,0.797,1.009,0.6,0.6,3,True,True,True,True,4,True,INOD_bounce_control_2026-07-09,13,bounce_control_2026-07-27,0,1.067,0.99,0.932,1,57.8,56.03,,-0.055528,0.037753,1.24426,0.307321,0.0,,,
2026-07-27,morning,2026-07-27,INTC,bounce,Large,control,NO-GO,3/6,0.081194,92.46,-0.008544,-0.066623,-0.114428,-0.014385,0.336,0.336,1.421,,,False,False,False,False,4,True,INTC_bounce_control_2026-07-09,13,bounce_control_2026-07-27,0,0.439,0.237,-2.0,2,94.09,92.0641,,-0.075911,0.027188,1.319543,1.302779,0.0,,,
2026-07-27,morning,2026-07-27,IONQ,bounce,Medium,control,NO-GO,0/6,0.074504,34.47,0.042066,-0.017116,-0.071947,0.037714,1.051,1.051,1.036,0.07,0,True,True,True,True,4,True,IONQ_bounce_control_2026-07-09,13,bounce_control_2026-07-27,0,1.565,1.364,0.439,1,35.4191,34.3,,-0.015571,0.039586,0.684042,0.714695,0.0,,,
2026-07-27,morning,2026-07-27,IREN,bounce,Medium,control,NO-GO,0/6,0.094912,37.59,-0.034584,-0.097366,-0.220271,0.017824,0.255,0.255,2.427,,,False,True,False,False,4,True,IREN_bounce_control_2026-07-09,13,bounce_control_2026-07-27,0,0.333,0.165,-2.0,2,38.2051,37.06,,-0.064196,0.042083,0.87551,1.164672,0.0,,,
2026-07-27,morning,2026-07-27,KEEL,bounce,Medium,control,NO-GO,3/6,0.097786,4.36,-0.071101,-0.143349,-0.270642,-0.071101,0.023,0.023,2.791,,,False,False,False,False,4,True,KEEL_bounce_control_2026-07-09,13,bounce_control_2026-07-27,0,1.467,0.516,-0.32,2,4.275,4.17,,-0.055437,0.039906,1.315811,0.73102,0.0,,,
2026-07-27,morning,2026-07-27,KWEB,bounce,ETF,control,NO-GO,1/6,0.022859,26.77,0.008592,0.020172,0.038476,0.048188,0.539,2.271,0.212,0.21,2,True,True,True,True,4,True,KWEB_bounce_control_2026-07-09,13,bounce_control_2026-07-27,0,12.143,1.389,3.873,2,26.745,26.65,,0.010454,0.016219,0.458485,0.77766,0.0,,,
2026-07-27,morning,2026-07-27,LITE,bounce,Medium,control,NO-GO,1/6,0.0871,767.85,-0.072788,-0.150967,-0.215537,-0.097167,0.037,0.037,2.587,,,False,False,False,False,4,True,LITE_bounce_control_2026-07-09,13,bounce_control_2026-07-27,0,0.977,0.167,-2.0,2,764.525,748.35,,-0.051464,0.031468,1.111336,1.036042,0.0,,,
2026-07-27,morning,2026-07-27,LWLG,bounce,Small,control,NO-GO,1/6,0.095649,6.07,0.009885,-0.051071,-0.11944,-0.004942,0.31,0.31,1.292,,,True,False,False,False,4,True,LWLG_bounce_control_2026-07-09,13,bounce_control_2026-07-27,0,3.944,1.223,2.889,2,6.175,6.02,,-0.089365,0.019008,1.017503,0.602144,0.0,,,
2026-07-27,morning,2026-07-27,META,bounce,Large,control,NO-GO,0/6,0.044355,607.22,-0.021985,-0.022743,-0.035588,-0.112299,0.15,0.15,3.072,,,False,False,False,False,4,True,META_bounce_control_2026-07-22,4,bounce_control_2026-07-27,0,3.025,0.448,-2.0,2,605.18,600.18,,-0.036075,0.015718,0.579158,1.004485,0.0,,,
2026-07-27,morning,2026-07-27,MP,bounce,Medium,control,NO-GO,1/6,0.069096,41.4,0.041787,-0.002899,-0.07971,0.00628,0.636,0.636,1.255,,,True,True,True,True,4,True,MP_bounce_control_2026-07-09,13,bounce_control_2026-07-27,0,1.587,0.888,1.493,1,41.9501,41.15,,-0.074212,0.023971,1.225127,0.450346,0.0,,,
2026-07-27,morning,2026-07-27,MRVL,bounce,Large,control,NO-GO,2/6,0.082752,198.72,-0.048058,-0.122031,-0.177738,-0.077597,0.065,0.065,2.178,,,False,False,False,False,4,True,MRVL_bounce_control_2026-07-09,13,bounce_control_2026-07-27,0,3.561,0.857,1.798,2,198.5,195.0,,-0.044173,0.038305,0.885336,0.665825,0.0,,,
2026-07-27,morning,2026-07-27,MSFT,bounce,Large,control,NO-GO,0/6,0.028855,390.08,-0.002512,0.008383,0.001179,0.156429,0.366,6.096,0.186,0.19,3,False,True,False,True,4,True,MSFT_bounce_control_2026-07-09,13,bounce_control_2026-07-27,0,0.99,0.549,-0.635,1,391.11,387.99,,-0.011452,0.010925,0.752631,1.072047,0.0,,,
2026-07-27,morning,2026-07-27,MSTR,bounce,Medium,control,NO-GO,1/6,0.058363,94.54,0.043474,0.017136,-0.012799,0.033848,0.837,0.999,0.258,,,True,True,True,True,4,True,MSTR_bounce_control_2026-07-09,13,bounce_control_2026-07-27,0,1.316,1.058,1.081,1,96.24,94.0206,,-0.054595,0.031417,0.710379,1.366813,0.0,,,
2026-07-27,morning,2026-07-27,MU,bounce,Large,control,NO-GO,0/6,0.078421,932.445,-0.034581,-0.120023,-0.20746,-0.061971,0.035,0.035,2.661,,,False,False,False,False,4,True,MU_bounce_control_2026-07-09,13,bounce_control_2026-07-27,0,0.346,0.086,-2.0,2,926.76,915.02,,-0.008452,0.033031,0.8463,1.577734,0.0,,,
2026-07-27,morning,2026-07-27,MXL,bounce,Medium,surfaced,CAUTION,4/6,0.146861,70.615,-0.081498,-0.165333,-0.189266,-0.052326,0.08,0.08,1.39,,,False,False,False,False,4,True,MXL_bounce_2026-07-27,1,bounce_2026-07-27,2,0.828,0.11,-2.0,2,63.73,63.035,,-0.143894,0.037994,1.746507,,,-0.137635,-0.420811,-0.420811
2026-07-27,morning,2026-07-27,NBIS,bounce,Medium,control,NO-GO,3/6,0.113379,196.725,-0.044961,-0.137425,-0.246562,-0.042165,0.142,0.142,2.283,,,False,False,False,False,4,True,NBIS_bounce_control_2026-07-09,12,bounce_control_2026-07-27,0,0.208,0.136,-2.0,2,198.37,191.05,,-0.090209,0.057038,1.427725,0.951862,0.0,,,
2026-07-27,morning,2026-07-27,NOK,bounce,Medium,control,NO-GO,3/6,0.075474,9.345,-0.006956,-0.044409,-0.100054,-0.027287,0.033,0.033,1.382,,,False,False,False,False,4,True,NOK_bounce_control_2026-07-09,13,bounce_control_2026-07-27,0,0.455,0.142,-2.0,2,9.3,9.19,,-0.098249,0.018681,0.979071,3.362575,0.0,,,
2026-07-24,evening,2026-07-27,NOK,bounce,Medium,surfaced,CAUTION,4/6,0.076316,9.345,-0.006956,-0.044409,-0.100054,-0.027287,0.03,0.03,1.37,,,False,False,False,False,4,True,NOK_bounce_2026-07-27,1,bounce_2026-07-27,2,0.455,0.14,-2.0,2,9.3,9.19,,-0.14064,-0.015416,0.968238,,,-0.241594,-0.393829,-0.476504
2026-07-27,morning,2026-07-27,NVTS,bounce,Medium,control,NO-GO,2/6,0.102706,11.275,0.011973,-0.112195,-0.136585,-0.023503,0.402,0.402,1.593,,,True,False,False,False,4,True,NVTS_bounce_control_2026-07-09,13,bounce_control_2026-07-27,0,3.543,1.071,1.4,2,11.55,11.11,,-0.100363,0.04381,1.007956,0.390227,0.0,,,
2026-07-27,morning,2026-07-27,OKLO,bounce,Medium,control,NO-GO,2/6,0.077273,40.8,0.024755,-0.029902,-0.097059,0.007108,0.582,0.582,1.329,,,True,True,True,True,4,True,OKLO_bounce_control_2026-07-09,13,bounce_control_2026-07-27,0,3.133,0.894,1.867,2,41.9,40.53,,-0.067416,0.031056,1.078952,0.547425,0.0,,,
2026-07-27,morning,2026-07-27,ON,bounce,Medium,control,NO-GO,2/6,0.05937,87.82,0.013892,-0.039057,-0.102027,-0.046459,0.374,0.374,1.728,,,True,False,False,False,4,True,ON_bounce_control_2026-07-09,13,bounce_control_2026-07-27,0,0.5,0.109,-2.0,2,89.485,87.365,,-0.034442,0.026955,0.71795,0.897335,0.0,,,
2026-07-27,morning,2026-07-27,OPEN,bounce,Medium,control,NO-GO,0/6,0.091347,3.85,0.0,0.023377,-0.046753,-0.007792,0.512,0.512,0.654,,,False,False,False,True,4,True,OPEN_bounce_control_2026-07-09,13,bounce_control_2026-07-27,0,1.571,0.401,-0.0,2,3.9595,3.83,,-0.103881,0.023468,0.655444,0.667039,0.0,,,
2026-07-27,morning,2026-07-27,ORCL,bounce,Large,control,NO-GO,3/6,0.057313,118,0.016102,0.01661,-0.002203,0.081017,0.59,1.529,0.518,0.52,3,True,True,True,True,4,True,ORCL_bounce_control_2026-07-09,13,bounce_control_2026-07-27,0,0.597,0.574,-0.025,1,120.05,116.8,,-0.061427,0.027133,1.230558,1.291332,0.0,,,
2026-07-27,morning,2026-07-27,PENG,bounce,Medium,control,NO-GO,2/6,0.153108,54.3,-0.033333,-0.113628,-0.195212,-0.052855,0.095,0.095,1.286,,,False,False,False,False,4,True,PENG_bounce_control_2026-07-22,4,bounce_control_2026-07-27,0,0.005,0.002,-2.0,2,55.08,53.2,,-0.058108,0.035469,0.69179,1.654545,0.0,,,
2026-07-27,morning,2026-07-27,PL,bounce,Medium,control,NO-GO,1/6,0.087866,20.51,0.023891,-0.004388,-0.050707,-0.014139,0.533,0.533,0.749,,,True,False,True,True,4,True,PL_bounce_control_2026-07-09,13,bounce_control_2026-07-27,0,0.458,0.366,-2.0,2,21.14,20.42,,-0.070354,0.02638,1.077965,0.499421,0.0,,,
2026-07-27,morning,2026-07-27,PLTR,bounce,Large,control,NO-GO,0/6,0.051747,126.155,0.042606,-0.020808,-0.025009,-0.030875,0.958,0.958,1.266,,,True,False,True,True,4,True,PLTR_bounce_control_2026-07-09,13,bounce_control_2026-07-27,0,3.128,1.648,2.625,1,127.03,125.31,,0.00325,0.016717,0.508727,0.510511,0.0,,,
2026-07-27,morning,2026-07-27,POET,bounce,Small,control,NO-GO,1/6,0.096079,7.05,0.005674,-0.041135,-0.096454,0.032624,0.266,0.369,1.137,,,True,True,False,False,4,True,POET_bounce_control_2026-07-09,13,bounce_control_2026-07-27,0,2.364,0.768,1.182,2,7.1,6.94,,-0.064052,0.039187,1.003011,0.593496,0.0,,,
2026-07-27,morning,2026-07-27,QCOM,bounce,Large,control,NO-GO,1/6,0.043365,169.77,0.00159,-0.040584,-0.082995,-0.107027,0.193,0.193,3.229,,,True,False,False,False,4,True,QCOM_bounce_control_2026-07-09,13,bounce_control_2026-07-27,0,0.456,0.247,-2.0,2,170.25,168.255,,-0.025793,0.024735,0.718357,0.877042,0.0,,,
2026-07-27,morning,2026-07-27,RGTI,bounce,Medium,control,NO-GO,1/6,0.07008,15.09,0.036448,-0.037773,-0.123923,-0.015242,0.974,0.974,1.853,,,True,False,True,True,4,True,RGTI_bounce_control_2026-07-09,13,bounce_control_2026-07-27,0,1.368,0.879,0.176,2,15.66,14.94,,-0.038116,0.0353,0.74018,0.43083,0.0,,,
2026-07-27,morning,2026-07-27,RKLB,bounce,Medium,control,NO-GO,1/6,0.086595,64.8,0.033025,-0.014043,-0.095679,-0.001852,0.631,0.631,1.176,,,True,False,True,True,4,True,RKLB_bounce_control_2026-07-09,13,bounce_control_2026-07-27,0,4.527,0.887,3.309,2,65.9499,64.71,,-0.056631,0.029573,1.149542,0.610882,0.0,,,
2026-07-27,morning,2026-07-27,RVI,bounce,Small,control,NO-GO,0/6,0.076423,26,-0.023077,-0.02,-0.061154,-0.042308,0.053,0.053,0.956,,,False,False,False,False,4,True,RVI_bounce_control_2026-07-09,13,bounce_control_2026-07-27,0,0.611,0.172,-2.0,2,25.67,25.39,,-0.052288,0.024333,0.551481,0.351425,0.0,,,
2026-07-27,morning,2026-07-27,RXT,bounce,Small,control,NO-GO,2/6,0.187988,3.93,-0.017812,-0.030534,-0.038168,0.071247,0.189,0.406,0.501,,,False,True,False,True,4,True,RXT_bounce_control_2026-07-13,11,bounce_control_2026-07-27,0,0.103,0.041,-2.0,2,4.055,3.91,,-0.038647,0.010152,0.320639,0.451222,0.0,,,
2026-07-27,morning,2026-07-27,SIMO,bounce,Medium,control,NO-GO,0/6,0.088873,274,-0.107847,-0.191898,-0.234745,-0.068978,0.0,0.452,2.859,,,False,False,False,False,4,True,SIMO_bounce_control_2026-07-14,9,bounce_control_2026-07-27,0,0.179,0.113,-2.0,2,268.12,260.39,,-0.009514,0.0299,0.748517,1.5039,0.0,,,
2026-07-27,morning,2026-07-27,SMR,bounce,Medium,control,NO-GO,2/6,0.077328,8.325,0.025826,-0.012613,-0.088288,0.033033,0.489,0.544,1.219,,,True,True,False,True,4,True,SMR_bounce_control_2026-07-09,13,bounce_control_2026-07-27,0,1.469,0.388,-2.0,2,8.53,8.27,,-0.044931,0.024722,1.146556,1.276582,0.0,,,
2026-07-27,morning,2026-07-27,SNDK,bounce,Large,control,NO-GO,2/6,0.125763,1462.99,-0.126289,-0.250781,-0.305607,-0.125107,0.0,0.0,2.526,,,False,False,False,False,4,True,SNDK_bounce_control_2026-07-09,12,bounce_control_2026-07-27,0,3.012,0.622,0.311,2,1264.73,1226.9,,-0.060321,0.04611,0.854988,1.197212,0.0,,,
2026-07-27,morning,2026-07-27,SOXL,bounce,ETF,control,NO-GO,2/6,0.167478,140.65,-0.088873,-0.221187,-0.345965,-0.184358,0.313,0.313,2.087,,,False,False,False,False,4,True,SOXL_bounce_control_2026-07-09,12,bounce_control_2026-07-27,0,3.49,0.973,2.848,1,118.735,115.45,,-0.079033,0.083739,0.883963,0.667504,0.0,,,
2026-07-27,morning,2026-07-27,SPCE,bounce,Small,control,NO-GO,0/6,0.071648,2.53,0.0,-0.01581,-0.031621,0.011858,0.359,0.441,0.772,,,False,True,False,False,4,True,SPCE_bounce_control_2026-07-09,13,bounce_control_2026-07-27,0,1.52,0.632,0.061,1,2.5377,2.5,,-0.059925,0.008032,0.722882,0.500614,0.0,,,
2026-07-27,morning,2026-07-27,SPCX,bounce,Large,control,NO-GO,2/6,0.06971,113.5,0.0,0.025639,-0.00837,-0.011454,0.171,0.686,0.82,,,False,False,False,True,4,True,SPCX_bounce_control_2026-07-21,4,bounce_control_2026-07-27,0,0.796,0.109,-2.0,2,113.35,111.66,,-0.004425,-0.002781,0.700063,4.340853,0.0,,,
2026-07-27,morning,2026-07-27,STM,bounce,Medium,control,NO-GO,3/6,0.079606,53.07,0.00716,-0.054833,-0.088751,-0.000188,0.166,0.166,1.228,,,True,False,False,False,4,True,STM_bounce_control_2026-07-09,13,bounce_control_2026-07-27,0,0.367,0.137,-2.0,2,53.48,52.69,,-0.172571,0.055879,0.828681,3.807801,0.0,,,
2026-07-24,evening,2026-07-27,STM,bounce,Medium,surfaced,CAUTION,4/6,0.085535,53.07,0.00716,-0.054833,-0.088751,-0.000188,0.15,0.15,1.14,,,True,False,False,False,4,True,STM_bounce_2026-07-24,2,bounce_2026-07-27,2,0.367,0.128,-2.0,2,53.48,52.69,,-0.211753,0.017386,0.877258,,,-0.203598,-0.364604,-0.366556
2026-07-27,morning,2026-07-27,STX,bounce,Large,control,NO-GO,0/6,0.082046,855.99,-0.045561,-0.126976,-0.106964,-0.005035,0.214,0.643,2.235,,,False,False,False,True,4,True,STX_bounce_control_2026-07-09,11,bounce_control_2026-07-27,0,0.255,0.127,-2.0,2,866.5494,842.0,,-0.031076,0.033099,0.97658,1.076777,0.0,,,
2026-07-27,morning,2026-07-27,TEAM,bounce,Medium,control,NO-GO,0/6,0.076913,90.13,0.063686,0.109287,0.156995,0.08865,1.096,2.393,0.112,0.11,0,True,True,True,True,4,True,TEAM_bounce_control_2026-07-09,13,bounce_control_2026-07-27,0,3.302,1.855,2.331,1,91.3,89.3525,,0.035597,0.017956,0.832091,0.971654,0.0,,,
2026-07-27,morning,2026-07-27,TSLA,bounce,Large,control,NO-GO,1/6,0.052895,313.24,-0.012834,-0.018516,-0.047631,-0.014015,0.227,0.227,0.957,,,False,False,False,False,4,True,TSLA_bounce_control_2026-07-09,13,bounce_control_2026-07-27,0,0.692,0.304,-2.0,2,314.48,310.84,,-0.151814,0.013417,0.980349,1.175263,0.0,,,
2026-07-27,morning,2026-07-27,U,bounce,Medium,control,NO-GO,0/6,0.055033,29.52,0.031165,0.078252,0.085366,0.129404,0.874,2.438,0.172,0.17,1,True,True,True,True,4,True,U_bounce_control_2026-07-09,13,bounce_control_2026-07-27,0,4.763,1.73,3.068,1,29.535,29.24,,-0.0041,0.018519,0.866468,0.634462,0.0,,,
2026-07-27,morning,2026-07-27,UMC,bounce,Medium,control,NO-GO,1/6,0.073608,20.03,-0.047429,-0.1333,-0.145781,-0.054418,0.081,0.081,2.367,,,False,False,False,False,4,True,UMC_bounce_control_2026-07-09,13,bounce_control_2026-07-27,0,2.4,0.651,1.55,1,18.765,18.565,,-0.070456,0.015914,0.761996,0.866455,0.0,,,
2026-07-27,morning,2026-07-27,WDC,bounce,Large,control,NO-GO,1/6,0.087655,523,-0.047954,-0.113748,-0.116558,0.019197,0.181,0.525,2.201,,,False,True,False,True,4,True,WDC_bounce_control_2026-07-09,12,bounce_control_2026-07-27,0,4.515,1.027,4.101,1,476.535,471.32,,-0.029946,0.038861,0.896615,0.681131,0.0,,,
2026-07-27,morning,2026-07-27,WOLF,bounce,Small,control,NO-GO,0/6,0.138424,23.5,0.012766,-0.068936,-0.146383,0.01234,0.169,0.169,1.082,,,True,True,False,False,4,True,WOLF_bounce_control_2026-07-09,13,bounce_control_2026-07-27,0,1.0,0.197,-2.0,2,23.63,23.31,,-0.168432,0.054136,0.927508,0.31508,0.0,,,
2026-07-27,evening,2026-07-28,AAOI,bounce,Medium,control,NO-GO,3/6,0.12981,92.95,-0.051748,-0.176762,-0.030554,0.014739,0.033,0.85,1.404,,,False,True,False,True,4,True,AAOI_bounce_control_2026-07-09,13,bounce_control_2026-07-28,8,7.646,1.142,5.358,2,83.4992,82.3,,-0.127579,0.004094,0.817334,0.828891,0.034839,,,
2026-07-28,morning,2026-07-28,AAOI,bounce,Medium,surfaced,GO,5/6,0.133624,92.95,-0.051748,-0.176762,-0.030554,0.014739,0.032,0.826,1.364,,,False,True,False,True,4,True,AAOI_bounce_2026-07-28,1,bounce_2026-07-28,19,7.646,1.109,5.358,2,83.4992,82.3,,-0.182735,-0.064097,0.876928,,,-0.203809,-0.534097,-0.608208
2026-07-28,morning,2026-07-28,ACDC,bounce,Small,control,NO-GO,0/6,0.089282,3.97,-0.065491,-0.09068,-0.065491,0.017632,0.0,0.24,1.185,,,False,True,False,False,4,True,ACDC_bounce_control_2026-07-28,1,bounce_control_2026-07-28,8,1.0,0.282,-2.0,2,3.76,3.71,,-0.120879,-0.002494,0.938038,1.008823,0.000189,,,
2026-07-28,morning,2026-07-28,AESI,bounce,Small,control,NO-GO,0/6,0.07048,11.24,-0.023132,-0.094306,-0.08363,-0.040036,0.126,0.177,1.553,,,False,False,False,False,4,True,AESI_bounce_control_2026-07-28,1,bounce_control_2026-07-28,8,7.556,1.717,2.778,2,10.89,10.81,,-0.127008,-0.002622,0.920194,1.352371,0.000523,,,
2026-07-28,morning,2026-07-28,ALAB,bounce,Medium,control,NO-GO,3/6,0.118854,266.99,-0.025319,-0.064609,0.122476,0.165699,0.052,2.364,0.705,0.71,2,False,True,False,True,4,True,ALAB_bounce_control_2026-07-09,14,bounce_control_2026-07-28,8,1.537,0.377,-2.0,2,256.5244,254.135,,-0.170444,-0.039926,0.976802,0.745554,0.0,,,
2026-07-28,morning,2026-07-28,ALAB,bounce,Medium,surfaced,CAUTION,4/6,0.120286,266.99,-0.025319,-0.064609,0.122476,0.165699,0.052,2.336,0.697,0.7,2,False,True,False,True,4,True,ALAB_bounce_2026-07-28,1,bounce_2026-07-28,19,1.537,0.373,-2.0,2,256.5244,254.135,,-0.180322,-0.051359,0.976802,,,-0.130628,-0.463418,-0.463418
2026-07-28,morning,2026-07-28,AMAT,bounce,Large,control,NO-GO,2/6,0.079382,490.92,-0.029455,-0.110955,0.022101,0.03412,0.105,1.171,1.401,1.4,3,False,True,False,True,4,True,AMAT_bounce_control_2026-07-09,13,bounce_control_2026-07-28,8,2.981,0.639,0.258,2,479.98,473.01,,-0.115139,-0.036545,1.389,0.785283,0.0,,,
2026-07-28,morning,2026-07-28,AMD,bounce,Large,control,NO-GO,1/6,0.075892,467,-0.02651,-0.080171,0.039379,0.019593,0.162,1.372,1.212,1.21,3,False,True,False,True,4,True,AMD_bounce_control_2026-07-28,1,bounce_control_2026-07-28,8,1.305,0.266,-2.0,2,458.0,451.2,,-0.110744,-0.030362,1.402157,0.43499,0.0,,,
2026-07-28,morning,2026-07-28,APP,bounce,Large,control,NO-GO,0/6,0.060859,414.48,0.009023,-0.036238,-0.025598,-0.044827,0.256,0.256,1.458,,,True,False,False,False,4,True,APP_bounce_control_2026-07-09,14,bounce_control_2026-07-28,8,5.77,1.743,4.034,2,405.115,401.2,,0.042471,0.007438,0.637411,0.83762,0.0,,,
2026-07-28,morning,2026-07-28,ARM,bounce,Large,control,NO-GO,2/6,0.087763,252.99,-0.03261,-0.111072,-0.045259,-0.052571,0.028,0.698,1.371,,,False,False,False,True,4,True,ARM_bounce_control_2026-07-09,14,bounce_control_2026-07-28,8,2.273,0.555,-0.391,2,244.22,241.62,,-0.099067,-0.042541,0.7413,0.638444,0.0,,,
2026-07-28,morning,2026-07-28,AVGO,bounce,Large,control,NO-GO,1/6,0.041517,374.36,0.017497,-0.010792,0.036008,0.039855,0.736,1.645,0.312,0.31,3,True,True,True,True,4,True,AVGO_bounce_control_2026-07-09,14,bounce_control_2026-07-28,8,2.013,1.228,0.944,1,376.2599,371.52,,-0.038474,-0.015265,1.04676,0.564347,0.0,,,
2026-07-28,morning,2026-07-28,AXTI,bounce,Medium,control,NO-GO,2/6,0.155071,44.25,-0.033672,-0.16452,0.060791,0.36565,0.0,3.595,1.096,1.1,3,False,True,False,True,4,True,AXTI_bounce_control_2026-07-09,13,bounce_control_2026-07-28,8,7.565,1.014,4.478,2,41.63,40.7,,-0.139426,-0.048659,0.835092,1.001086,0.0,,,
2026-07-28,morning,2026-07-28,BABA,bounce,Large,control,NO-GO,0/6,0.037455,114.71,0.004184,0.00279,0.014035,0.065731,0.298,1.833,0.412,0.41,3,True,True,False,True,4,True,BABA_bounce_control_2026-07-17,8,bounce_control_2026-07-28,8,1.568,0.694,0.737,1,114.5,113.55,,0.004033,-0.004174,0.561853,0.505215,0.0,,,
2026-07-28,morning,2026-07-28,BE,bounce,Medium,control,NO-GO,3/6,0.138959,175.3,-0.04826,-0.065887,0.181517,0.174044,0.063,2.471,0.738,0.74,2,False,True,False,True,4,True,BE_bounce_control_2026-07-09,13,bounce_control_2026-07-28,8,0.0,0.0,-2.0,2,175.605,171.1701,,-0.158306,-0.028058,0.823508,1.531292,0.0,,,
2026-07-28,morning,2026-07-28,BE,bounce,Medium,surfaced,GO,5/6,0.1433,175.3,-0.04826,-0.065887,0.181517,0.174044,0.062,2.396,0.715,0.72,2,False,True,False,True,4,True,BE_bounce_2026-07-28,1,bounce_2026-07-28,19,0.0,0.0,-2.0,2,175.605,171.1701,,-0.183801,-0.057498,0.823508,,,-0.184814,-0.495104,-0.495104
2026-07-28,morning,2026-07-28,BOT,bounce,Small,control,NO-GO,0/6,0.1216,25.07,0.211009,0.08576,0.173115,0.036298,1.991,1.991,0.413,0.41,0,True,True,True,True,4,True,BOT_bounce_control_2026-07-09,14,bounce_control_2026-07-28,8,19.889,4.579,17.151,2,25.13,24.381,,-0.023777,-0.03355,0.735583,0.587617,0.0,,,
2026-07-28,morning,2026-07-28,BRUN,bounce,Small,control,NO-GO,1/6,0.139073,18.41,-0.093427,-0.150462,0.078218,0.088539,0.072,0.959,1.105,,,False,True,False,True,4,True,BRUN_bounce_control_2026-07-09,14,bounce_control_2026-07-28,8,,,,0,,,,-0.220833,-0.034091,1.355381,0.537124,0.0,,,
2026-07-28,morning,2026-07-28,CAPR,bounce,Small,control,NO-GO,3/6,0.326947,6.78,-0.030973,-0.382006,-0.432153,,0.198,0.198,1.723,,,False,False,False,True,3,True,CAPR_bounce_control_2026-07-28,1,bounce_control_2026-07-28,8,1.5,0.135,-2.0,2,6.17,5.95,,-0.656581,-0.026447,0.911742,1.303698,0.058696,,,
2026-07-28,morning,2026-07-28,CBRS,bounce,Medium,control,NO-GO,2/6,0.125695,180.47,0.067878,-0.061395,0.125229,0.101069,0.563,1.5,0.518,0.52,2,True,True,True,True,4,True,CBRS_bounce_control_2026-07-09,14,bounce_control_2026-07-28,8,0.502,0.095,-2.0,2,181.47,175.66,,-0.166248,-0.027488,0.909106,0.770503,0.0,,,
2026-07-27,evening,2026-07-28,CRDO,bounce,Medium,control,NO-GO,3/6,0.102084,198.05,-0.029134,-0.104014,0.015299,0.04514,0.053,0.937,1.041,,,False,True,False,True,4,True,CRDO_bounce_control_2026-07-13,12,bounce_control_2026-07-28,8,4.511,1.169,0.756,2,189.49,186.2,,-0.096377,0.017828,1.033871,0.701063,0.026865,,,
2026-07-28,morning,2026-07-28,CRDO,bounce,Medium,surfaced,GO,5/6,0.104318,198.05,-0.029134,-0.104014,0.015299,0.04514,0.052,0.917,1.019,,,False,True,False,True,4,True,CRDO_bounce_2026-07-28,1,bounce_2026-07-28,19,4.511,1.144,0.756,2,189.49,186.2,,-0.166681,-0.053137,1.118249,,,-0.119904,-0.361519,-0.361519
2026-07-28,morning,2026-07-28,CRML,bounce,Small,control,NO-GO,0/6,0.092792,5.845,-0.031651,-0.122327,-0.04876,-0.060736,0.064,0.064,1.346,,,False,False,False,False,4,True,CRML_bounce_control_2026-07-09,14,bounce_control_2026-07-28,8,0.833,0.184,-2.0,2,5.61,5.55,,-0.020458,-0.009106,0.720257,0.443117,0.0,,,
2026-07-28,morning,2026-07-28,CRWD,bounce,Large,control,NO-GO,2/6,0.057542,181.33,0.002592,-0.010754,0.021453,0.052556,0.32,0.989,0.689,,,True,True,False,True,4,True,CRWD_bounce_control_2026-07-09,14,bounce_control_2026-07-28,8,1.707,0.345,-2.0,2,178.82,177.14,,-0.01194,0.006218,0.863036,1.579509,0.0,,,
2026-07-28,morning,2026-07-28,CRWV,bounce,Medium,control,NO-GO,0/6,0.087394,68.97,-0.024213,-0.118167,0.07148,0.040597,0.035,1.581,1.397,1.4,2,False,True,False,True,4,True,CRWV_bounce_control_2026-07-09,14,bounce_control_2026-07-28,8,1.266,0.231,-2.0,2,66.01,65.16,,-0.135635,-0.009747,0.852058,0.957424,0.0,,,
2026-07-28,morning,2026-07-28,DGXX,bounce,Small,control,NO-GO,1/6,0.100682,3.72,-0.013441,-0.112903,0.021505,-0.010753,0.107,0.641,1.148,,,False,False,False,True,4,True,DGXX_bounce_control_2026-07-09,14,bounce_control_2026-07-28,8,0.909,0.267,-2.0,2,3.49,3.45,,-0.138568,-0.028646,1.437918,0.535115,0.0,,,
2026-07-27,evening,2026-07-28,DRAM,bounce,ETF,control,NO-GO,2/6,0.091214,48.265,-0.010256,-0.070755,0.08443,0.043613,0.137,1.632,0.878,0.88,3,False,True,False,True,4,True,DRAM_bounce_control_2026-07-20,7,bounce_control_2026-07-28,8,1.786,0.398,-2.0,2,47.2902,46.62,,-0.101783,0.032237,0.737365,1.299502,0.066812,,,
2026-07-28,morning,2026-07-28,DRAM,bounce,ETF,surfaced,GO,5/6,0.096033,48.265,-0.010256,-0.070755,0.08443,0.043613,0.131,1.55,0.834,0.83,3,False,True,False,True,4,True,DRAM_bounce_2026-07-28,1,bounce_2026-07-28,19,1.786,0.378,-2.0,2,47.2902,46.62,,-0.173756,-0.081251,1.093834,,,-0.145392,-0.407794,-0.407794
2026-07-28,morning,2026-07-28,DXYZ,bounce,Small,control,NO-GO,0/6,0.079494,22.21,0.016659,-0.048627,0.058082,0.030617,0.221,0.783,0.77,,,True,True,False,True,4,True,DXYZ_bounce_control_2026-07-09,14,bounce_control_2026-07-28,8,0.226,0.04,-1.0,1,21.805,21.65,,-0.066777,-0.023013,0.71005,0.783459,0.0,,,
2026-07-28,morning,2026-07-28,ETHE,bounce,Medium,control,NO-GO,1/6,0.033338,15.18,0.019763,0.002635,0.022398,-0.008564,0.712,0.85,0.573,,,True,False,True,True,4,True,ETHE_bounce_control_2026-07-09,14,bounce_control_2026-07-28,8,4.183,1.818,3.637,1,15.08,14.97,,0.003307,-0.034987,0.929326,0.224955,0.0,,,
2026-07-27,evening,2026-07-28,EWY,bounce,ETF,control,NO-GO,2/6,0.058135,152.09,-0.004208,-0.051811,0.059964,0.032941,0.345,1.578,1.069,1.07,2,False,True,False,True,4,True,EWY_bounce_control_2026-07-09,14,bounce_control_2026-07-28,8,1.606,0.396,-2.0,2,151.5,149.595,,-0.063017,0.021907,0.644149,1.593723,0.022038,,,
2026-07-28,morning,2026-07-28,EWY,bounce,ETF,surfaced,CAUTION,4/6,0.060008,152.09,-0.004208,-0.051811,0.059964,0.032941,0.334,1.528,1.035,1.04,2,False,True,False,True,4,True,EWY_bounce_2026-07-28,1,bounce_2026-07-28,19,1.606,0.383,-2.0,2,151.5,149.595,,-0.126942,-0.058375,1.101161,,,-0.095951,-0.312826,-0.312826
2026-07-28,morning,2026-07-28,FCEL,bounce,Small,control,NO-GO,2/6,0.136303,20.13,-0.023348,-0.101838,0.173373,0.073522,0.08,2.03,0.78,0.78,2,False,True,False,True,4,True,FCEL_bounce_control_2026-07-09,13,bounce_control_2026-07-28,8,5.126,0.793,0.829,2,19.89,19.44,,-0.111159,-0.036296,0.595074,5.245466,0.0,,,
2026-07-28,morning,2026-07-28,FIG,bounce,Medium,control,NO-GO,1/6,0.08052,23.15,0.053132,0.069546,0.02635,0.05054,0.767,1.29,0.268,0.27,1,True,True,True,True,4,True,FIG_bounce_control_2026-07-09,14,bounce_control_2026-07-28,8,11.867,1.91,10.533,1,22.8,22.65,,0.162,0.013078,0.716088,1.081862,0.0,,,
2026-07-28,morning,2026-07-28,FJET,bounce,Micro,control,NO-GO,1/6,0.100545,3.65,0.008219,-0.049315,-0.027397,-0.027397,0.191,0.245,0.681,,,True,False,False,False,4,True,FJET_bounce_control_2026-07-09,14,bounce_control_2026-07-28,8,0.571,0.218,-2.0,2,3.57,3.5,,0.021213,0.038,0.609027,0.265284,0.0,,,
2026-07-27,evening,2026-07-28,GLW,bounce,Large,control,NO-GO,3/6,0.088673,121.75,0.03499,0.018891,0.110637,0.135524,0.403,2.339,0.672,0.67,2,True,True,False,True,4,True,GLW_bounce_control_2026-07-09,14,bounce_control_2026-07-28,8,0.782,0.193,-2.0,2,117.265,115.31,,-0.087888,-0.006137,0.920526,0.981973,0.022678,,,
2026-07-28,morning,2026-07-28,GLW,bounce,Large,surfaced,GO,5/6,0.102929,121.75,0.03499,0.018891,0.110637,0.135524,0.347,2.015,0.579,0.58,2,True,True,False,True,4,True,GLW_bounce_2026-07-28,1,bounce_2026-07-28,19,0.782,0.166,-2.0,2,117.265,115.31,,-0.24215,-0.175014,1.017261,,,-0.246688,-0.564832,-0.564832
2026-07-28,morning,2026-07-28,GOOGL,bounce,Large,control,NO-GO,0/6,0.036018,327.9,0.017719,0.026868,0.017566,0.086093,0.676,2.598,0.293,0.29,1,True,True,True,True,4,True,GOOGL_bounce_control_2026-07-09,13,bounce_control_2026-07-28,8,3.827,1.536,1.92,2,328.14,326.85,,0.030313,0.002327,0.506392,0.90082,0.0,,,
2026-07-28,morning,2026-07-28,HQ,bounce,Small,control,NO-GO,3/6,0.235665,12.01,-0.026644,-0.038301,0.045795,0.005828,0.346,0.693,0.24,,,False,True,False,True,4,True,HQ_bounce_control_2026-07-09,13,bounce_control_2026-07-28,8,0.0,0.0,-2.0,2,12.6109,11.9,,-0.085881,0.011272,0.55065,0.67171,0.0,,,
2026-07-28,morning,2026-07-28,HYLN,bounce,Small,control,NO-GO,2/6,0.098108,3.69,-0.04065,-0.121951,-0.01897,-0.03523,0.304,0.304,1.381,,,False,False,False,False,4,True,HYLN_bounce_control_2026-07-09,14,bounce_control_2026-07-28,8,0.6,0.083,-2.0,2,3.565,3.54,,-0.09466,-0.02356,0.888117,1.234647,0.0,,,
2026-07-28,morning,2026-07-28,IBIT,bounce,ETF,control,NO-GO,1/6,0.025536,35.81,0.009215,0.005306,0.024853,-0.004747,0.503,1.187,0.569,0.37,2,True,False,True,True,4,True,IBIT_bounce_control_2026-07-09,14,bounce_control_2026-07-28,8,3.848,1.389,2.121,2,35.845,35.72,,-0.020191,-0.023389,0.82868,0.625969,0.0,,,
2026-07-28,morning,2026-07-28,INOD,bounce,Small,control,NO-GO,0/6,0.065399,57.93,-0.006387,-0.043673,0.036941,0.084585,0.401,1.565,0.942,0.94,3,False,True,False,True,4,True,INOD_bounce_control_2026-07-09,14,bounce_control_2026-07-28,8,1.29,0.422,-2.0,2,56.76,56.4,,-0.025162,-0.015317,0.956385,0.513363,0.0,,,
2026-07-28,morning,2026-07-28,INTC,bounce,Large,surfaced,CAUTION,4/6,0.083758,86.62,-0.003694,-0.054722,0.052066,0.04133,0.229,1.555,0.666,0.67,2,False,True,False,True,4,True,INTC_bounce_2026-07-28,1,bounce_2026-07-28,19,0.296,0.103,-2.0,2,87.7895,86.02,,-0.132695,-0.051707,1.104234,,,-0.157573,-0.389322,-0.389322
2026-07-28,morning,2026-07-28,IONQ,bounce,Medium,control,NO-GO,1/6,0.07109,34.18,-0.008777,-0.064073,0.046518,0.066121,0.193,1.426,0.975,0.98,3,False,True,False,True,4,True,IONQ_bounce_control_2026-07-09,14,bounce_control_2026-07-28,8,0.235,0.109,-2.0,2,33.1633,32.9975,,0.03496,-0.018344,1.144932,0.599778,0.0,,,
2026-07-28,morning,2026-07-28,IREN,bounce,Medium,control,NO-GO,1/6,0.101047,35.015,-0.030987,-0.16293,0.092675,0.050978,0.021,1.639,1.72,1.72,3,False,True,False,True,4,True,IREN_bounce_control_2026-07-09,14,bounce_control_2026-07-28,8,0.0,0.0,-2.0,2,33.9399,33.5286,,-0.124938,-0.021494,1.008649,0.962108,0.0,,,
2026-07-28,morning,2026-07-28,KEEL,bounce,Medium,control,NO-GO,1/6,0.106793,3.88,-0.037371,-0.180412,0.043814,0.023196,0.0,1.098,1.713,1.71,3,False,True,False,True,4,True,KEEL_bounce_control_2026-07-09,14,bounce_control_2026-07-28,8,0.597,0.144,-1.0,1,3.6501,3.6,,-0.170582,-0.014938,1.032743,0.678849,0.0,,,
2026-07-28,morning,2026-07-28,KWEB,bounce,ETF,control,NO-GO,1/6,0.023606,27.04,0.009985,0.028107,0.037722,0.053624,0.501,2.272,0.133,0.13,1,True,True,True,True,4,True,KWEB_bounce_control_2026-07-09,14,bounce_control_2026-07-28,8,7.1,1.112,4.518,1,27.005,26.955,,0.027408,-0.00037,0.721981,1.191105,0.0,,,
2026-07-28,morning,2026-07-28,LBRT,bounce,Medium,control,NO-GO,1/6,0.096557,16.56,0.068841,0.032005,0.083937,0.129831,1.138,1.495,0.444,0.44,0,True,True,True,True,4,True,LBRT_bounce_control_2026-07-28,1,bounce_control_2026-07-28,8,1.083,0.163,-2.0,2,16.17,16.09,,-0.148828,-0.00949,0.942636,3.230912,0.00043,,,
2026-07-28,morning,2026-07-28,LEGN,bounce,Medium,control,NO-GO,1/6,0.072327,19.14,-0.005225,-0.015152,-0.004702,-0.030825,0.209,0.209,0.585,,,False,False,False,False,4,True,LEGN_bounce_control_2026-07-28,1,bounce_control_2026-07-28,8,0.929,0.148,-2.0,2,18.91,18.8,,-0.172121,0.010898,1.53308,0.762972,0.002739,,,
2026-07-28,morning,2026-07-28,LITE,bounce,Medium,surfaced,GO,6/6,0.104205,677.55,-0.037813,-0.110988,0.023157,0.053708,0.02,1.346,1.171,1.17,3,False,True,False,True,4,True,LITE_bounce_2026-07-28,1,bounce_2026-07-28,19,1.082,0.191,-1.0,1,621.25,615.01,,-0.194234,-0.056522,1.034622,,,-0.170943,-0.327272,-0.381292
2026-07-28,morning,2026-07-28,LWLG,bounce,Small,control,NO-GO,0/6,0.095304,5.83,-0.012007,-0.08319,0.036021,0.108062,0.0,1.332,0.918,0.92,3,False,True,False,True,4,True,LWLG_bounce_control_2026-07-09,14,bounce_control_2026-07-28,8,7.523,1.476,5.697,2,5.485,5.41,,-0.101796,-0.021207,0.961839,0.801133,0.0,,,
2026-07-28,morning,2026-07-28,META,bounce,Large,control,NO-GO,0/6,0.044058,596.82,-0.005714,-0.018783,-0.09683,-0.067206,0.159,0.159,2.751,,,False,False,False,False,4,True,META_bounce_control_2026-07-22,5,bounce_control_2026-07-28,8,0.808,0.167,-2.0,2,599.45,595.56,,-0.01442,0.005877,0.688873,0.746416,0.0,,,
2026-07-28,morning,2026-07-28,MP,bounce,Medium,control,NO-GO,0/6,0.064688,42.205,-0.021917,-0.097263,-0.012913,-0.019784,0.174,0.174,1.61,,,False,False,False,False,4,True,MP_bounce_control_2026-07-09,14,bounce_control_2026-07-28,8,1.256,0.179,-2.0,2,40.83,40.46,,-0.038522,-0.004637,0.745391,0.747341,0.0,,,
2026-07-28,morning,2026-07-28,MRVL,bounce,Large,control,NO-GO,3/6,0.087715,180,-0.030722,-0.092222,0.018333,0.042,0.094,1.352,1.083,1.08,3,False,True,False,True,4,True,MRVL_bounce_control_2026-07-09,14,bounce_control_2026-07-28,8,0.716,0.191,-2.0,2,172.85,171.02,,-0.123352,-0.029973,1.120174,0.807666,0.0,,,
2026-07-28,morning,2026-07-28,MRVL,bounce,Large,surfaced,CAUTION,4/6,0.08952,180,-0.030722,-0.092222,0.018333,0.042,0.092,1.325,1.061,1.06,3,False,True,False,True,4,True,MRVL_bounce_2026-07-28,1,bounce_2026-07-28,19,0.716,0.187,-2.0,2,172.85,171.02,,-0.141028,-0.049532,1.120174,,,-0.10614,-0.454953,-0.454953
2026-07-28,morning,2026-07-28,MSFT,bounce,Large,control,NO-GO,0/6,0.029018,393.16,0.000483,-0.006664,0.14737,0.182012,0.628,6.458,0.387,0.39,2,True,True,True,True,4,True,MSFT_bounce_control_2026-07-09,14,bounce_control_2026-07-28,8,0.459,0.447,-2.0,2,397.66,392.1,,0.029221,0.009329,0.544908,0.976999,0.0,,,
2026-07-28,morning,2026-07-28,MSTR,bounce,Medium,control,NO-GO,2/6,0.05857,95.47,0.007227,-0.022415,0.023777,-0.022939,0.519,0.819,1.12,,,True,False,True,True,4,True,MSTR_bounce_control_2026-07-09,14,bounce_control_2026-07-28,8,3.61,1.472,1.645,1,94.255,93.115,,0.017836,-0.033958,0.920751,1.040559,0.0,,,
2026-07-28,morning,2026-07-28,MU,bounce,Large,control,NO-GO,2/6,0.085882,839.61,-0.022725,-0.119829,0.041746,-0.019747,0.121,1.266,1.411,1.41,3,False,False,False,True,4,True,MU_bounce_control_2026-07-09,14,bounce_control_2026-07-28,8,0.233,0.076,-2.0,2,825.32,817.02,,-0.133517,-0.046878,1.088521,1.599749,0.0,,,
2026-07-28,morning,2026-07-28,MU,bounce,Large,surfaced,CAUTION,4/6,0.08791,839.61,-0.022725,-0.119829,0.041746,-0.019747,0.119,1.237,1.378,1.38,3,False,False,False,True,4,True,MU_bounce_2026-07-28,1,bounce_2026-07-28,19,0.233,0.075,-2.0,2,825.32,817.02,,-0.153503,-0.068862,1.088521,,,-0.106624,-0.332104,-0.332104
2026-07-28,morning,2026-07-28,MXL,bounce,Medium,surfaced,GO,5/6,0.176169,61.65,-0.043958,-0.071371,0.085483,0.083861,0.03,0.951,0.499,,,False,True,False,True,4,True,MXL_bounce_2026-07-27,2,bounce_2026-07-28,19,1.05,0.174,-2.0,2,58.3,57.75,,-0.328694,-0.055658,0.863734,,,-0.289196,-0.522603,-0.522603
2026-07-27,evening,2026-07-28,NBIS,bounce,Medium,control,NO-GO,3/6,0.119865,178.87,-0.051322,-0.171353,0.053447,0.064516,0.056,1.198,1.542,1.54,3,False,True,False,True,4,True,NBIS_bounce_control_2026-07-09,13,bounce_control_2026-07-28,8,0.971,0.218,-2.0,2,170.28,167.4,,-0.139439,0.047691,1.427725,0.951862,0.052677,,,
2026-07-28,morning,2026-07-28,NBIS,bounce,Medium,surfaced,CAUTION,4/6,0.124356,178.87,-0.051322,-0.171353,0.053447,0.064516,0.054,1.155,1.487,1.49,3,False,True,False,True,4,True,NBIS_bounce_2026-07-28,1,bounce_2026-07-28,19,0.971,0.21,-2.0,2,170.28,167.4,,-0.181789,-0.037684,0.847729,,,-0.170642,-0.397052,-0.397052
2026-07-28,morning,2026-07-28,NOK,bounce,Medium,control,NO-GO,2/6,0.074094,9.05,-0.01326,-0.070718,0.00442,0.009945,0.036,0.731,1.014,,,False,True,False,True,4,True,NOK_bounce_control_2026-07-09,14,bounce_control_2026-07-28,8,5.0,0.969,2.692,2,8.735,8.67,,-0.056434,-0.010679,0.718118,2.181494,0.0,,,
2026-07-28,morning,2026-07-28,NVDA,bounce,Large,control,NO-GO,1/6,0.041264,195,0.010308,-0.02559,0.000205,0.029487,0.46,0.87,0.62,,,True,True,False,True,4,True,NVDA_bounce_control_2026-07-09,10,bounce_control_2026-07-28,8,5.697,1.26,2.764,2,193.96,192.8,,-0.067829,-0.00972,1.657536,0.355987,0.0,,,
2026-07-28,morning,2026-07-28,NVTS,bounce,Medium,control,NO-GO,2/6,0.102977,10.205,-0.019108,-0.046056,0.078883,0.064184,0.171,1.48,0.737,0.74,3,False,True,False,True,4,True,NVTS_bounce_control_2026-07-09,14,bounce_control_2026-07-28,8,1.768,1.161,0.681,1,9.775,9.43,,-0.101413,-0.052585,0.821965,0.421143,0.0,,,
2026-07-28,morning,2026-07-28,OKLO,bounce,Medium,control,NO-GO,1/6,0.074148,40.39,-0.020054,-0.087893,0.017331,-0.038623,0.088,0.698,1.262,,,False,False,False,True,4,True,OKLO_bounce_control_2026-07-09,14,bounce_control_2026-07-28,8,7.838,1.623,3.742,2,38.77,38.33,,-0.068636,-0.019852,0.834266,0.668616,0.0,,,
2026-07-28,morning,2026-07-28,ON,bounce,Medium,control,NO-GO,3/6,0.059573,86.19,-0.020884,-0.085045,-0.028426,-0.053138,0.134,0.134,1.437,,,False,False,False,False,4,True,ON_bounce_control_2026-07-09,14,bounce_control_2026-07-28,8,0.804,0.304,-2.0,2,85.075,84.3514,,-0.034728,-0.022911,1.00138,0.752584,0.0,,,
2026-07-28,morning,2026-07-28,OPEN,bounce,Medium,control,NO-GO,0/6,0.090492,3.8,0.036842,-0.034211,0.005263,-0.007895,0.523,0.64,0.523,,,True,False,True,True,4,True,OPEN_bounce_control_2026-07-09,14,bounce_control_2026-07-28,8,0.263,0.058,-2.0,2,3.82,3.782,,-0.006502,-0.007792,0.752144,0.348745,0.0,,,
2026-07-28,morning,2026-07-28,ORCL,bounce,Large,control,NO-GO,2/6,0.056264,118.18,0.015062,-0.003723,0.07937,0.098917,0.624,2.139,0.553,0.55,2,True,True,True,True,4,True,ORCL_bounce_control_2026-07-09,14,bounce_control_2026-07-28,8,8.727,2.113,4.82,2,116.345,115.22,,-0.008414,-0.007256,0.774957,1.935915,0.0,,,
2026-07-28,morning,2026-07-28,PENG,bounce,Medium,control,NO-GO,2/6,0.16377,49.72,-0.031979,-0.121078,0.034393,0.058528,0.034,0.675,0.75,,,False,True,False,True,4,True,PENG_bounce_control_2026-07-22,5,bounce_control_2026-07-28,8,0.275,0.061,-2.0,2,47.62,46.71,,-0.126862,-0.028386,0.589061,1.934327,0.0,,,
2026-07-28,morning,2026-07-28,PENG,bounce,Medium,surfaced,CAUTION,4/6,0.168665,49.72,-0.031979,-0.121078,0.034393,0.058528,0.033,0.656,0.729,,,False,True,False,True,4,True,PENG_bounce_2026-07-28,1,bounce_2026-07-28,19,0.275,0.06,-2.0,2,47.62,46.71,,-0.1522,-0.056582,0.589061,,,-0.117605,-0.448921,-0.448921
2026-07-28,morning,2026-07-28,PL,bounce,Medium,control,NO-GO,0/6,0.085442,20.36,0.002947,-0.043713,-0.006876,0.005894,0.115,0.523,0.69,,,True,True,False,True,4,True,PL_bounce_control_2026-07-09,14,bounce_control_2026-07-28,8,3.893,0.402,-2.0,2,19.84,19.55,,-0.073345,-0.013333,0.711721,1.150736,0.0,,,
2026-07-28,morning,2026-07-28,PLTR,bounce,Large,control,NO-GO,1/6,0.050099,125.84,-0.018357,-0.022568,-0.028449,-0.022092,0.214,0.228,1.261,,,False,False,False,False,4,True,PLTR_bounce_control_2026-07-09,14,bounce_control_2026-07-28,8,,,,0,,,,0.070033,0.003649,1.073554,0.363394,0.0,,,
2026-07-28,morning,2026-07-28,POET,bounce,Small,control,NO-GO,0/6,0.095032,6.707,0.007902,-0.050246,0.085433,0.042195,0.146,1.621,0.67,0.67,3,True,True,False,True,4,True,POET_bounce_control_2026-07-09,14,bounce_control_2026-07-28,8,0.667,0.157,-2.0,2,6.475,6.41,,-0.088158,-0.022567,0.72885,0.935081,0.0,,,
2026-07-28,morning,2026-07-28,PUMP,bounce,Small,control,NO-GO,1/6,0.069068,10.65,0.000939,-0.041315,0.015962,0.042254,0.122,1.047,0.884,0.88,1,True,True,False,True,4,True,PUMP_bounce_control_2026-07-28,1,bounce_control_2026-07-28,8,3.4,1.387,1.933,2,10.175,10.12,,-0.126829,-0.004634,1.321136,1.787536,0.0,,,
2026-07-28,morning,2026-07-28,QCOM,bounce,Large,control,NO-GO,0/6,0.043838,164.896,-0.012226,-0.05589,-0.080633,-0.10483,0.418,0.418,2.614,,,False,False,False,False,4,True,QCOM_bounce_control_2026-07-09,14,bounce_control_2026-07-28,8,1.381,0.753,-2.0,2,166.71,164.1,,-0.02589,-0.01976,0.807461,0.809815,0.0,,,
2026-07-28,morning,2026-07-28,RGTI,bounce,Medium,control,NO-GO,2/6,0.06809,15.042,-0.034703,-0.121128,-0.012099,-0.006116,0.066,0.569,1.867,,,False,False,False,True,4,True,RGTI_bounce_control_2026-07-09,14,bounce_control_2026-07-28,8,2.276,0.414,-2.0,2,14.42,14.18,,0.032997,-0.019182,1.187171,0.371921,0.0,,,
2026-07-28,morning,2026-07-28,RKLB,bounce,Medium,control,NO-GO,0/6,0.080742,64.5,-0.009457,-0.091473,0.002791,0.006977,0.086,0.641,1.21,,,False,True,False,True,4,True,RKLB_bounce_control_2026-07-09,14,bounce_control_2026-07-28,8,0.074,0.029,-2.0,2,62.7,61.68,,-0.065152,-0.022558,0.815836,0.819026,0.0,,,
2026-07-28,morning,2026-07-28,RVI,bounce,Small,control,NO-GO,0/6,0.073279,25.5,-0.000784,-0.042745,-0.023529,-0.027059,0.027,0.027,0.749,,,False,False,False,False,4,True,RVI_bounce_control_2026-07-09,14,bounce_control_2026-07-28,8,7.273,0.856,2.364,1,24.7,24.59,,-0.023663,-0.000984,0.594259,0.581729,0.015901,,,
2026-07-28,morning,2026-07-28,RXT,bounce,Small,control,NO-GO,2/6,0.186107,3.8,0.002632,-0.005263,0.107895,0.086842,0.106,0.707,0.339,,,True,True,False,True,4,True,RXT_bounce_control_2026-07-13,12,bounce_control_2026-07-28,8,2.997,0.668,2.363,1,3.6388,3.56,,-0.063433,-0.024611,0.485234,0.530113,0.0,,,
2026-07-27,evening,2026-07-28,SIMO,bounce,Medium,control,NO-GO,2/6,0.102691,226,-0.020265,-0.072212,0.128761,0.122124,0.258,2.542,0.932,0.93,2,False,True,False,True,4,True,SIMO_bounce_control_2026-07-14,10,bounce_control_2026-07-28,8,1.079,0.259,-2.0,2,219.02,216.42,,-0.142786,0.011443,0.748517,1.5039,0.037541,,,
2026-07-28,morning,2026-07-28,SIMO,bounce,Medium,surfaced,GO,5/6,0.10743,226,-0.020265,-0.072212,0.128761,0.122124,0.247,2.43,0.891,0.89,2,False,True,False,True,4,True,SIMO_bounce_2026-07-28,1,bounce_2026-07-28,19,1.079,0.247,-2.0,2,219.02,216.42,,-0.193549,-0.046313,1.515273,,,-0.15533,-0.343299,-0.343299
2026-07-28,morning,2026-07-28,SMR,bounce,Medium,control,NO-GO,1/6,0.073341,8.17,0.00612,-0.070991,0.052632,0.0306,0.417,1.402,1.051,1.05,3,True,True,False,True,4,True,SMR_bounce_control_2026-07-09,14,bounce_control_2026-07-28,8,0.368,0.117,-2.0,2,8.045,7.95,,-0.050988,-0.020984,0.945869,1.495016,0.0,,,
2026-07-28,morning,2026-07-28,SNDK,bounce,Large,surfaced,GO,5/6,0.158767,1173.6,-0.066036,-0.134381,0.090627,0.035131,0.077,1.242,0.941,0.94,3,False,True,False,True,4,True,SNDK_bounce_2026-07-28,1,bounce_2026-07-28,19,0.634,0.088,-2.0,2,1184.0,1151.19,,-0.265921,-0.075198,1.283992,,,-0.245911,-0.497912,-0.497912
2026-07-28,morning,2026-07-28,SOXL,bounce,ETF,surfaced,GO,6/6,0.211899,113.15,-0.031905,-0.187008,0.013875,0.013875,0.075,0.865,0.903,,,False,True,False,True,4,True,SOXL_bounce_2026-07-28,1,bounce_2026-07-28,19,3.943,0.893,0.939,2,108.06,104.04,,-0.281651,-0.117128,1.358543,,,-0.230837,-0.625364,-0.625364
2026-07-28,morning,2026-07-28,SPCE,bounce,Small,control,NO-GO,0/6,0.068399,2.51,-0.007968,-0.023904,0.01992,0.015936,0.058,0.582,0.699,,,False,True,False,True,4,True,SPCE_bounce_control_2026-07-09,14,bounce_control_2026-07-28,8,0.98,0.285,-2.0,2,2.45,2.43,,-0.01938,0.0,0.548974,0.492435,0.0,,,
2026-07-28,morning,2026-07-28,SPCX,bounce,Large,control,NO-GO,2/6,0.06877,109.32,0.064855,0.029546,0.026345,-0.00869,1.172,1.278,0.307,0.31,0,True,False,True,True,4,True,SPCX_bounce_control_2026-07-21,5,bounce_control_2026-07-28,8,10.83,2.708,9.059,1,107.95,107.01,,-0.061485,-0.022291,0.81112,3.234305,0.0,,,
2026-07-28,morning,2026-07-28,STM,bounce,Medium,control,NO-GO,2/6,0.080584,50.41,-0.004959,-0.040667,0.052569,0.039278,0.229,0.931,0.623,,,False,True,False,True,4,True,STM_bounce_control_2026-07-09,14,bounce_control_2026-07-28,8,0.424,0.069,-2.0,2,49.74,49.46,,-0.038699,-0.037979,0.518871,1.990251,0.0,,,
2026-07-27,evening,2026-07-28,STM,bounce,Medium,surfaced,CAUTION,4/6,0.082142,50.41,-0.004959,-0.040667,0.052569,0.039278,0.225,0.913,0.611,,,False,True,False,True,4,True,STM_bounce_2026-07-24,3,bounce_2026-07-28,19,0.424,0.068,-2.0,2,49.74,49.46,,-0.198115,0.029686,0.828681,,,-0.185608,-0.350252,-0.352248
2026-07-28,morning,2026-07-28,STX,bounce,Large,control,NO-GO,3/6,0.092407,774.805,-0.035499,-0.01339,0.099219,0.104962,0.032,2.053,1.059,1.06,2,False,True,False,True,4,True,STX_bounce_control_2026-07-09,12,bounce_control_2026-07-28,8,5.796,1.436,3.563,2,718.28,707.84,,-0.138248,-0.036598,1.235118,1.233849,0.0,,,
2026-07-28,morning,2026-07-28,STX,bounce,Large,surfaced,CAUTION,4/6,0.096207,774.805,-0.035499,-0.01339,0.099219,0.104962,0.031,1.972,1.017,1.02,2,False,True,False,True,4,True,STX_bounce_2026-07-28,1,bounce_2026-07-28,19,5.796,1.379,3.563,2,718.28,707.84,,-0.172287,-0.074652,1.235118,,,-0.164641,-0.339738,-0.339738
2026-07-28,morning,2026-07-28,TEAM,bounce,Medium,control,NO-GO,1/6,0.073646,98.626,0.013729,0.057328,-0.00513,0.024223,0.554,1.114,0.474,0.28,1,True,True,True,True,4,True,TEAM_bounce_control_2026-07-09,14,bounce_control_2026-07-28,8,5.749,1.417,1.877,2,99.655,98.22,,0.213849,0.014812,1.169225,0.985389,0.0,,,
2026-07-28,morning,2026-07-28,TSLA,bounce,Large,control,NO-GO,1/6,0.053717,305.925,0.004952,-0.024859,0.009561,0.017275,0.319,0.583,0.52,,,True,True,False,True,4,True,TSLA_bounce_control_2026-07-09,14,bounce_control_2026-07-28,8,0.141,0.043,-2.0,2,304.8501,302.3701,,-0.044387,-0.01203,0.775116,0.638327,0.0,,,
2026-07-28,morning,2026-07-28,TSLL,bounce,ETF,control,NO-GO,3/6,0.137477,7.09,0.008463,-0.049365,0.016925,0.03103,0.256,0.44,0.405,,,True,True,False,True,4,True,TSLL_bounce_control_2026-07-28,1,bounce_control_2026-07-28,8,0.132,0.032,-2.0,2,7.04,6.92,,-0.091495,-0.026243,0.618955,1.31843,0.017845,,,
2026-07-28,morning,2026-07-28,U,bounce,Medium,control,NO-GO,1/6,0.054732,30.12,0.056773,0.063745,0.106906,0.052789,1.062,2.038,0.237,0.24,0,True,True,True,True,4,True,U_bounce_control_2026-07-09,14,bounce_control_2026-07-28,8,0.689,0.188,-2.0,2,30.05,29.88,,0.055632,0.003614,1.016703,0.378209,0.0,,,
2026-07-27,evening,2026-07-28,UMC,bounce,Medium,control,NO-GO,2/6,0.077054,16.9,0.027219,0.012426,0.12071,0.126036,0.614,2.442,0.276,0.28,2,True,True,True,True,4,True,UMC_bounce_control_2026-07-09,14,bounce_control_2026-07-28,8,,,,0,,,,-0.112024,0.028234,0.761996,0.866455,0.023084,,,
2026-07-28,morning,2026-07-28,UMC,bounce,Medium,surfaced,GO,6/6,0.084624,16.9,0.027219,0.012426,0.12071,0.126036,0.559,2.224,0.252,0.25,2,True,True,True,True,4,True,UMC_bounce_2026-07-28,1,bounce_2026-07-28,19,,,,0,,,,-0.211787,-0.137841,1.138597,,,-0.216667,-0.431975,-0.431975
2026-07-27,evening,2026-07-28,WDC,bounce,Large,control,NO-GO,3/6,0.095581,466.09,-0.005535,-0.008689,0.143642,0.168959,0.026,2.557,0.987,0.99,2,False,True,False,True,4,True,WDC_bounce_control_2026-07-09,13,bounce_control_2026-07-28,8,0.484,0.139,-2.0,2,434.485,428.8601,,-0.110389,0.006156,0.896615,0.681131,0.029869,,,
2026-07-28,morning,2026-07-28,WDC,bounce,Large,surfaced,CAUTION,4/6,0.101904,466.09,-0.005535,-0.008689,0.143642,0.168959,0.025,2.398,0.926,0.93,2,False,True,False,True,4,True,WDC_bounce_2026-07-28,1,bounce_2026-07-28,19,0.484,0.13,-2.0,2,434.485,428.8601,,-0.176966,-0.077161,1.280726,,,-0.173145,-0.425532,-0.425532
2026-07-28,morning,2026-07-28,WOLF,bounce,Small,control,NO-GO,0/6,0.134332,22.5,-0.027556,-0.108444,0.057333,0.049778,0.083,0.959,0.834,,,False,True,False,True,4,True,WOLF_bounce_control_2026-07-09,14,bounce_control_2026-07-28,8,5.909,0.86,4.227,2,21.695,21.5,,-0.109014,-0.028151,0.5761,0.320418,0.0,,,
2026-07-29,morning,2026-07-29,AAOI,bounce,Medium,control,NO-GO,3/6,0.144014,88.19,-0.132328,0.021771,0.069509,,0.007,1.182,0.959,0.96,2,False,True,False,True,3,False,AAOI_bounce_control_2026-07-09,14,bounce_control_2026-07-29,0,,,,,,,,-0.108837,0.012594,0.918832,0.877274,0.0,,,
2026-07-29,morning,2026-07-29,ALAB,bounce,Medium,control,NO-GO,2/6,0.124342,260.24,-0.040347,0.151591,0.195935,,0.419,2.527,0.483,0.48,1,False,True,False,True,3,False,ALAB_bounce_control_2026-07-09,15,bounce_control_2026-07-29,0,,,,,,,,-0.100556,0.007801,0.536029,0.718413,0.0,,,
2026-07-28,evening,2026-07-29,ALAB,bounce,Medium,surfaced,CAUTION,4/6,0.123552,260.24,-0.040347,0.151591,0.195935,0.233669,0.422,2.543,0.486,0.49,1,False,True,False,True,4,True,ALAB_bounce_2026-07-28,2,bounce_2026-07-29,1,,,,,,,,-0.201991,-0.05497,0.976802,,,-0.15361,-0.477603,-0.477603
2026-07-29,morning,2026-07-29,AMAT,bounce,Large,control,NO-GO,3/6,0.087056,463.42,-0.058198,0.082754,0.095486,,0.287,1.812,0.671,0.67,1,False,True,False,True,3,False,AMAT_bounce_control_2026-07-09,14,bounce_control_2026-07-29,0,,,,,,,,-0.125781,-0.016077,0.685827,1.003771,0.0,,,
2026-07-28,evening,2026-07-29,AMAT,bounce,Large,surfaced,CAUTION,4/6,0.082738,463.42,-0.058198,0.082754,0.095486,0.11823,0.302,1.907,0.707,0.71,1,False,True,False,True,4,True,AMAT_bounce_2026-07-29,1,bounce_2026-07-29,1,,,,,,,,-0.151031,-0.050243,1.389,,,-0.122183,-0.354036,-0.354036
2026-07-29,morning,2026-07-29,AMD,bounce,Large,control,NO-GO,1/6,0.084098,452.675,-0.051063,0.07227,0.051858,,0.119,1.653,0.752,0.75,1,False,True,False,True,3,False,AMD_bounce_control_2026-07-28,2,bounce_control_2026-07-29,0,,,,,,,,-0.124916,0.004685,0.793507,0.50864,0.0,,,
2026-07-29,morning,2026-07-29,APP,bounce,Large,control,NO-GO,1/6,0.06175,413.535,-0.034036,-0.023372,-0.042645,,0.286,0.286,1.403,,,False,False,False,False,3,False,APP_bounce_control_2026-07-09,15,bounce_control_2026-07-29,0,,,,,,,,0.059671,-0.006815,1.005678,0.888213,0.0,,,
2026-07-29,morning,2026-07-29,ARM,bounce,Large,control,NO-GO,3/6,0.093136,241.5,-0.068778,0.000166,-0.007495,,0.078,1.2,0.842,0.84,1,False,False,False,True,3,False,ARM_bounce_control_2026-07-09,15,bounce_control_2026-07-29,0,,,,,,,,-0.060998,-0.002411,0.581814,0.63181,0.0,,,
2026-07-29,morning,2026-07-29,AVGO,bounce,Large,control,NO-GO,0/6,0.039144,380.635,-0.027099,0.018929,0.022712,,0.368,1.294,0.747,0.75,2,False,True,False,True,3,False,AVGO_bounce_control_2026-07-09,15,bounce_control_2026-07-29,0,,,,,,,,7.9e-05,0.00273,0.955123,0.68941,0.0,,,
2026-07-29,morning,2026-07-29,AXTI,bounce,Medium,control,NO-GO,1/6,0.163974,44,-0.159773,0.066818,0.373409,,0.079,3.454,1.008,1.01,2,False,True,False,True,3,False,AXTI_bounce_control_2026-07-09,14,bounce_control_2026-07-29,0,,,,,,,,-0.084057,0.011693,0.618873,0.973603,0.0,,,
2026-07-29,morning,2026-07-29,BABA,bounce,Large,control,NO-GO,0/6,0.031396,114.71,0.00279,0.014035,0.065731,,0.819,2.187,0.491,0.49,2,True,True,True,True,3,False,BABA_bounce_control_2026-07-17,9,bounce_control_2026-07-29,0,,,,,,,,0.030854,0.003559,0.672291,0.673217,0.0,,,
2026-07-29,morning,2026-07-29,BE,bounce,Medium,control,NO-GO,2/6,0.135289,183.5,-0.107629,0.128719,0.12158,,0.087,2.094,1.054,1.05,1,False,True,False,True,3,False,BE_bounce_control_2026-07-09,14,bounce_control_2026-07-29,0,,,,,,,,0.005084,0.113822,0.763512,1.490571,0.0,,,
2026-07-29,morning,2026-07-29,BOT,bounce,Small,control,NO-GO,2/6,0.109739,29.05,-0.062995,0.012392,-0.10568,,0.078,0.293,1.035,,,False,False,False,False,3,False,BOT_bounce_control_2026-07-09,15,bounce_control_2026-07-29,0,,,,,,,,0.183236,-0.000329,2.200824,0.32686,0.0,,,
2026-07-29,morning,2026-07-29,BRUN,bounce,Small,control,NO-GO,2/6,0.154752,16.26,-0.03813,0.220787,0.232472,,0.362,1.83,0.27,0.27,1,False,True,False,True,3,False,BRUN_bounce_control_2026-07-09,15,bounce_control_2026-07-29,0,,,,,,,,-0.232291,0.0,1.031433,1.497632,0.0,,,
2026-07-29,morning,2026-07-29,CBRS,bounce,Medium,control,NO-GO,1/6,0.122518,190.5,-0.110814,0.065984,0.043097,,0.003,1.028,0.934,0.93,2,False,True,False,True,3,False,CBRS_bounce_control_2026-07-09,15,bounce_control_2026-07-29,0,,,,,,,,-0.039122,-0.007213,0.833572,0.688693,0.0,,,
2026-07-29,morning,2026-07-29,CRDO,bounce,Medium,control,NO-GO,2/6,0.105429,189.55,-0.063835,0.060828,0.092007,,0.202,1.373,0.628,0.63,2,False,True,False,True,3,False,CRDO_bounce_control_2026-07-13,13,bounce_control_2026-07-29,0,,,,,,,,-0.085902,0.013314,0.702957,0.780424,0.0,,,
2026-07-28,evening,2026-07-29,CRDO,bounce,Medium,surfaced,GO,5/6,0.106182,189.55,-0.063835,0.060828,0.092007,0.151939,0.201,1.502,0.624,0.62,2,False,True,False,True,4,True,CRDO_bounce_2026-07-28,2,bounce_2026-07-29,1,,,,,,,,-0.181311,-0.048477,1.118249,,,-0.135355,-0.372728,-0.372728
2026-07-29,morning,2026-07-29,CRML,bounce,Small,control,NO-GO,0/6,0.095301,5.65,-0.092035,-0.015929,-0.028319,,0.0,0.316,0.994,,,False,False,False,False,3,False,CRML_bounce_control_2026-07-09,15,bounce_control_2026-07-29,0,,,,,,,,-0.018933,0.007067,0.828218,0.4598,0.0,,,
2026-07-29,morning,2026-07-29,CRWD,bounce,Large,control,NO-GO,3/6,0.057272,182.625,-0.017769,0.014209,0.045092,,0.36,0.862,0.589,,,False,True,False,True,3,False,CRWD_bounce_control_2026-07-09,15,bounce_control_2026-07-29,0,,,,,,,,-0.005408,0.002689,1.008133,1.792557,0.0,,,
2026-07-29,morning,2026-07-29,CRWV,bounce,Medium,control,NO-GO,0/6,0.08892,66.67,-0.087746,0.108445,0.076496,,0.037,1.996,1.032,1.03,1,False,True,False,True,3,False,CRWV_bounce_control_2026-07-09,15,bounce_control_2026-07-29,0,,,,,,,,-0.054606,0.009731,0.752496,0.675863,0.0,,,
2026-07-29,morning,2026-07-29,DGXX,bounce,Small,control,NO-GO,1/6,0.107895,3.65,-0.09589,0.041096,0.008219,,0.038,0.787,0.914,,,False,True,False,True,3,False,DGXX_bounce_control_2026-07-09,15,bounce_control_2026-07-29,0,,,,,,,,-0.103015,-0.027248,1.012499,1.447447,0.0,,,
2026-07-29,morning,2026-07-29,DRAM,bounce,ETF,control,NO-GO,3/6,0.101655,47.63,-0.058367,0.098887,0.057527,,0.221,1.615,0.667,0.67,2,False,True,False,True,3,False,DRAM_bounce_control_2026-07-20,8,bounce_control_2026-07-29,0,,,,,,,,-0.109023,-0.007745,0.576952,1.761486,0.0,,,
2026-07-28,evening,2026-07-29,DRAM,bounce,ETF,surfaced,GO,5/6,0.096293,47.63,-0.058367,0.098887,0.057527,0.073483,0.233,1.705,0.704,0.7,1,False,True,False,True,4,True,DRAM_bounce_2026-07-28,2,bounce_2026-07-29,1,,,,,,,,-0.175988,-0.079439,1.093834,,,-0.1477,-0.409394,-0.409394
2026-07-29,morning,2026-07-29,DXYZ,bounce,Small,control,NO-GO,0/6,0.081902,21.53,-0.018579,0.0915,0.063168,,0.34,1.169,0.386,0.39,1,False,True,False,True,3,False,DXYZ_bounce_control_2026-07-09,15,bounce_control_2026-07-29,0,,,,,,,,-0.051502,-0.021258,0.591149,0.542922,0.0,,,
2026-07-29,morning,2026-07-29,ETHE,bounce,Medium,control,NO-GO,1/6,0.033201,15.35,-0.008469,0.011075,-0.019544,,0.471,0.51,0.903,,,False,False,False,True,3,False,ETHE_bounce_control_2026-07-09,15,bounce_control_2026-07-29,0,,,,,,,,0.030626,0.0,1.109236,0.453362,0.0,,,
2026-07-29,morning,2026-07-29,EWY,bounce,ETF,control,NO-GO,2/6,0.0636,148.83,-0.031042,0.083182,0.055567,,0.553,1.818,0.654,0.65,1,False,True,False,True,3,False,EWY_bounce_control_2026-07-09,15,bounce_control_2026-07-29,0,,,,,,,,-0.093765,-0.024893,0.703221,1.635937,0.0,,,
2026-07-28,evening,2026-07-29,EWY,bounce,ETF,surfaced,CAUTION,4/6,0.059592,148.83,-0.031042,0.083182,0.055567,0.076665,0.59,1.94,0.698,0.7,1,False,True,False,True,4,True,EWY_bounce_2026-07-28,2,bounce_2026-07-29,1,,,,,,,,-0.120844,-0.056514,1.101161,,,-0.089637,-0.308027,-0.308027
2026-07-29,morning,2026-07-29,FCEL,bounce,Small,control,NO-GO,2/6,0.129384,20.36,-0.111984,0.160118,0.061395,,0.296,2.027,0.9,0.9,1,False,True,False,True,3,False,FCEL_bounce_control_2026-07-09,14,bounce_control_2026-07-29,0,,,,,,,,-0.049859,0.027467,0.497406,3.72471,0.0,,,
2026-07-29,morning,2026-07-29,FIG,bounce,Medium,control,NO-GO,1/6,0.080182,24.34,0.017256,-0.023829,-0.000822,,0.623,0.623,0.692,,,True,False,True,True,3,False,FIG_bounce_control_2026-07-09,15,bounce_control_2026-07-29,0,,,,,,,,0.148674,-0.004922,0.992179,1.115411,0.0,,,
2026-07-29,morning,2026-07-29,FJET,bounce,Micro,control,NO-GO,1/6,0.102386,3.64,-0.046703,-0.024725,-0.024725,,0.268,0.268,0.563,,,False,False,False,False,3,False,FJET_bounce_control_2026-07-09,15,bounce_control_2026-07-29,0,,,,,,,,0.061224,-0.01087,0.858632,0.769879,0.002414,,,
2026-07-29,morning,2026-07-29,GLW,bounce,Large,control,NO-GO,3/6,0.107796,126.3,-0.017815,0.070625,0.094616,,0.336,1.52,0.27,0.27,2,False,True,False,True,3,False,GLW_bounce_control_2026-07-09,15,bounce_control_2026-07-29,0,,,,,,,,-0.137129,0.004206,0.850407,1.517398,0.0,,,
2026-07-28,evening,2026-07-29,GLW,bounce,Large,surfaced,GO,5/6,0.098971,126.3,-0.017815,0.070625,0.094616,0.161045,0.366,1.731,0.294,0.29,2,False,True,False,True,4,True,GLW_bounce_2026-07-28,2,bounce_2026-07-29,1,,,,,,,,-0.211842,-0.150739,1.017261,,,-0.216561,-0.547428,-0.547428
2026-07-29,morning,2026-07-29,GOOGL,bounce,Large,control,NO-GO,0/6,0.035631,334.665,0.006111,-0.003003,0.064139,,0.657,2.006,0.363,0.36,2,True,True,True,True,3,False,GOOGL_bounce_control_2026-07-09,14,bounce_control_2026-07-29,0,,,,,,,,0.044974,0.001229,0.960941,0.806807,0.0,,,
2026-07-29,morning,2026-07-29,HQ,bounce,Small,control,NO-GO,2/6,0.221288,11.92,-0.03104,0.053691,0.013423,,0.778,0.778,0.218,,,False,True,False,True,3,False,HQ_bounce_control_2026-07-09,14,bounce_control_2026-07-29,0,,,,,,,,0.106838,0.107784,0.579269,0.571821,0.002271,,,
2026-07-29,morning,2026-07-29,HYLN,bounce,Small,control,NO-GO,2/6,0.106392,3.5,-0.074286,0.034286,0.017143,,0.134,0.779,0.833,,,False,True,False,True,3,False,HYLN_bounce_control_2026-07-09,15,bounce_control_2026-07-29,0,,,,,,,,-0.05914,-0.011299,0.980204,1.013281,0.0,,,
2026-07-29,morning,2026-07-29,IBIT,bounce,ETF,control,NO-GO,1/6,0.025066,36.31,-0.008538,0.010741,-0.018452,,0.368,0.643,1.121,,,False,False,False,True,3,False,IBIT_bounce_control_2026-07-09,15,bounce_control_2026-07-29,0,,,,,,,,0.003301,0.009131,0.875137,0.538321,0.0,,,
2026-07-29,morning,2026-07-29,INOD,bounce,Small,control,NO-GO,1/6,0.066578,57.3,-0.033159,0.048342,0.09651,,0.315,1.72,0.771,0.77,2,False,True,False,True,3,False,INOD_bounce_control_2026-07-09,15,bounce_control_2026-07-29,0,,,,,,,,0.029701,-0.000174,1.051786,0.505696,0.0,,,
2026-07-29,morning,2026-07-29,INTC,bounce,Large,control,NO-GO,3/6,0.085352,86.57,-0.054176,0.052674,0.041931,,0.257,1.533,0.647,0.65,1,False,True,False,True,3,False,INTC_bounce_control_2026-07-09,14,bounce_control_2026-07-29,0,,,,,,,,-0.053401,0.01263,0.694457,1.230231,0.0,,,
2026-07-28,evening,2026-07-29,INTC,bounce,Large,surfaced,CAUTION,4/6,0.084026,86.57,-0.054176,0.052674,0.041931,0.051172,0.261,1.558,0.657,0.66,1,False,True,False,True,4,True,INTC_bounce_2026-07-28,2,bounce_2026-07-29,1,,,,,,,,-0.135463,-0.055089,1.104234,,,-0.160263,-0.391272,-0.391272
2026-07-29,morning,2026-07-29,IONQ,bounce,Medium,control,NO-GO,0/6,0.074126,33.72,-0.051305,0.060795,0.080664,,0.24,1.57,0.764,0.76,2,False,True,False,True,3,False,IONQ_bounce_control_2026-07-09,15,bounce_control_2026-07-29,0,,,,,,,,0.0676,0.034829,0.97351,1.147898,0.0,,,
2026-07-29,morning,2026-07-29,IREN,bounce,Medium,control,NO-GO,0/6,0.105294,34.075,-0.139839,0.122817,0.079971,,0.046,1.879,1.434,1.43,1,False,True,False,True,3,False,IREN_bounce_control_2026-07-09,15,bounce_control_2026-07-29,0,,,,,,,,-0.071486,0.014441,0.703597,0.969137,0.0,,,
2026-07-29,morning,2026-07-29,KEEL,bounce,Medium,control,NO-GO,0/6,0.117861,3.7,-0.140541,0.094595,0.072973,,0.023,1.456,1.215,1.22,1,False,True,False,True,3,False,KEEL_bounce_control_2026-07-09,15,bounce_control_2026-07-29,0,,,,,,,,-0.124413,-0.001339,0.773393,0.600855,0.0,,,
2026-07-29,morning,2026-07-29,KWEB,bounce,ETF,control,NO-GO,1/6,0.021289,27.58,0.007977,0.017404,0.032995,,0.988,1.55,0.085,0.08,2,True,True,True,True,3,False,KWEB_bounce_control_2026-07-09,15,bounce_control_2026-07-29,0,,,,,,,,0.05097,0.011717,0.688533,1.071135,0.0,,,
2026-07-29,morning,2026-07-29,LITE,bounce,Medium,surfaced,GO,5/6,0.116391,655.21,-0.080676,0.058042,0.089635,0.19029,0.0,1.706,0.792,0.79,2,False,True,False,True,4,True,LITE_bounce_2026-07-28,2,bounce_2026-07-29,1,,,,,,,,-0.152309,-0.0079,1.019008,,,-0.201723,-0.352248,-0.404263
2026-07-29,morning,2026-07-29,LWLG,bounce,Small,control,NO-GO,0/6,0.100627,5.78,-0.07526,0.044983,0.117647,,0.138,1.358,0.791,0.79,2,False,True,False,True,3,False,LWLG_bounce_control_2026-07-09,15,bounce_control_2026-07-29,0,,,,,,,,-0.039669,0.008681,0.837263,0.691885,0.0,,,
2026-07-29,morning,2026-07-29,META,bounce,Large,control,NO-GO,0/6,0.043676,593.25,-0.012878,-0.091395,-0.061593,,0.259,0.259,2.654,,,False,False,False,False,3,False,META_bounce_control_2026-07-22,6,bounce_control_2026-07-29,0,,,,,,,,0.001462,0.004466,0.537771,0.726948,0.0,,,
2026-07-29,morning,2026-07-29,MP,bounce,Medium,control,NO-GO,1/6,0.066484,40.87,-0.067776,0.01933,0.012234,,0.096,0.6,1.126,,,False,True,False,True,3,False,MP_bounce_control_2026-07-09,15,bounce_control_2026-07-29,0,,,,,,,,0.002421,0.002907,1.006387,0.48776,0.0,,,
2026-07-29,morning,2026-07-29,MRVL,bounce,Large,control,NO-GO,3/6,0.095854,174.03,-0.061081,0.053267,0.077745,,0.226,1.638,0.667,0.67,2,False,True,False,True,3,False,MRVL_bounce_control_2026-07-09,15,bounce_control_2026-07-29,0,,,,,,,,-0.096947,0.00533,0.842213,0.880427,0.0,,,
2026-07-28,evening,2026-07-29,MRVL,bounce,Large,surfaced,CAUTION,4/6,0.092054,174.03,-0.061081,0.053267,0.077745,0.113457,0.235,1.705,0.695,0.69,2,False,True,False,True,4,True,MRVL_bounce_2026-07-28,2,bounce_2026-07-29,1,,,,,,,,-0.164676,-0.048475,1.120174,,,-0.130748,-0.469959,-0.469959
2026-07-29,morning,2026-07-29,MSFT,bounce,Large,control,NO-GO,0/6,0.029598,393.4,-0.00727,0.14667,0.181291,,0.674,6.307,0.4,0.4,1,False,True,False,True,3,False,MSFT_bounce_control_2026-07-09,15,bounce_control_2026-07-29,0,,,,,,,,0.032224,0.001652,0.773491,0.983508,0.0,,,
2026-07-29,morning,2026-07-29,MSTR,bounce,Medium,control,NO-GO,1/6,0.057093,96.38,-0.031646,0.014111,-0.032164,,0.667,0.667,1.303,,,False,False,False,True,3,False,MSTR_bounce_control_2026-07-09,15,bounce_control_2026-07-29,0,,,,,,,,0.065889,0.016119,0.942003,1.401872,0.0,,,
2026-07-29,morning,2026-07-29,MU,bounce,Large,control,NO-GO,3/6,0.093865,833,-0.112845,0.050012,-0.011969,,0.113,1.252,1.217,1.22,2,False,False,False,True,3,False,MU_bounce_control_2026-07-09,15,bounce_control_2026-07-29,0,,,,,,,,-0.104186,0.005448,0.765381,1.862569,0.0,,,
2026-07-28,evening,2026-07-29,MU,bounce,Large,surfaced,CAUTION,4/6,0.089413,833,-0.112845,0.050012,-0.011969,-0.004202,0.118,1.314,1.277,1.28,2,False,False,False,True,4,True,MU_bounce_2026-07-28,2,bounce_2026-07-29,1,,,,,,,,-0.167732,-0.067307,1.088521,,,-0.121641,-0.343331,-0.343331
2026-07-29,morning,2026-07-29,MXL,bounce,Medium,surfaced,CAUTION,4/6,0.176425,60.43,-0.052623,0.107397,0.105742,0.110541,0.126,1.083,0.394,0.39,2,False,True,False,True,4,True,MXL_bounce_2026-07-27,3,bounce_2026-07-29,1,,,,,,,,-0.147088,0.035969,0.480854,,,-0.291401,-0.524084,-0.524084
2026-07-29,morning,2026-07-29,NBIS,bounce,Medium,control,NO-GO,3/6,0.130747,170.45,-0.130419,0.105485,0.117102,,0.07,1.531,1.106,1.11,1,False,True,False,True,3,False,NBIS_bounce_control_2026-07-09,14,bounce_control_2026-07-29,0,,,,,,,,-0.082388,0.015381,0.826979,1.126346,0.0,,,
2026-07-28,evening,2026-07-29,NBIS,bounce,Medium,surfaced,GO,5/6,0.135329,170.45,-0.130419,0.105485,0.117102,0.247169,0.067,2.221,1.069,1.07,1,False,True,False,True,4,True,NBIS_bounce_2026-07-28,2,bounce_2026-07-29,1,,,,,,,,-0.248133,-0.047956,0.847729,,,-0.23789,-0.445941,-0.445941
2026-07-29,morning,2026-07-29,NOK,bounce,Medium,control,NO-GO,0/6,0.077845,8.91,-0.056117,0.020202,0.025814,,0.0,0.908,0.779,,,False,True,False,True,3,False,NOK_bounce_control_2026-07-09,15,bounce_control_2026-07-29,0,,,,,,,,-0.010989,0.007839,0.676556,1.772657,0.0,,,
2026-07-29,morning,2026-07-29,NVDA,bounce,Large,control,NO-GO,0/6,0.039181,195.845,-0.029794,-0.00411,0.025045,,0.16,0.802,0.76,,,False,True,False,True,3,False,NVDA_bounce_control_2026-07-09,11,bounce_control_2026-07-29,0,,,,,,,,-0.045639,0.00198,0.770595,0.478808,0.0,,,
2026-07-29,morning,2026-07-29,NVTS,bounce,Medium,control,NO-GO,1/6,0.114586,9.86,-0.012677,0.116633,0.10142,,1.044,1.682,0.124,0.12,0,False,True,False,True,3,False,NVTS_bounce_control_2026-07-09,15,bounce_control_2026-07-29,0,,,,,,,,-0.07326,0.010989,0.82355,0.683545,0.0,,,
2026-07-29,morning,2026-07-29,OKLO,bounce,Medium,control,NO-GO,1/6,0.078851,38.99,-0.055142,0.05386,-0.004104,,0.15,1.135,0.774,0.77,2,False,False,False,True,3,False,OKLO_bounce_control_2026-07-09,15,bounce_control_2026-07-29,0,,,,,,,,-0.014907,0.001769,0.912758,0.522993,0.0,,,
2026-07-29,morning,2026-07-29,ON,bounce,Medium,control,NO-GO,2/6,0.062835,83.026,-0.050177,0.0086,-0.017055,,0.302,0.704,0.808,,,False,False,False,True,3,False,ON_bounce_control_2026-07-09,15,bounce_control_2026-07-29,0,,,,,,,,-0.039627,-0.012087,0.620399,0.855641,0.0,,,
2026-07-29,morning,2026-07-29,OPEN,bounce,Medium,control,NO-GO,0/6,0.087011,3.89,-0.056555,-0.017995,-0.030848,,0.384,0.384,0.798,,,False,False,False,False,3,False,OPEN_bounce_control_2026-07-09,15,bounce_control_2026-07-29,0,,,,,,,,0.027379,0.0,0.758412,0.268842,0.0,,,
2026-07-29,morning,2026-07-29,ORCL,bounce,Large,control,NO-GO,3/6,0.057862,119.42,-0.014068,0.068163,0.087506,,0.362,1.878,0.466,0.47,1,False,True,False,True,3,False,ORCL_bounce_control_2026-07-09,15,bounce_control_2026-07-29,0,,,,,,,,0.044499,0.001225,1.126677,1.538354,0.0,,,
2026-07-29,morning,2026-07-29,PENG,bounce,Medium,control,NO-GO,2/6,0.155682,48.15,-0.09242,0.06812,0.093043,,0.127,0.943,0.606,,,False,True,False,True,3,False,PENG_bounce_control_2026-07-22,6,bounce_control_2026-07-29,0,,,,,,,,-0.095822,0.011635,0.526376,1.281144,0.0,,,
2026-07-28,evening,2026-07-29,PENG,bounce,Medium,surfaced,CAUTION,4/6,0.174024,48.15,-0.09242,0.06812,0.093043,0.09242,0.113,0.844,0.542,,,False,True,False,True,4,True,PENG_bounce_2026-07-28,2,bounce_2026-07-29,1,,,,,,,,-0.178309,-0.052772,0.589061,,,-0.144779,-0.465891,-0.465891
2026-07-29,morning,2026-07-29,PL,bounce,Medium,control,NO-GO,0/6,0.086261,20.4,-0.045588,-0.008824,0.003922,,0.266,0.494,0.554,,,False,True,False,False,3,False,PL_bounce_control_2026-07-09,15,bounce_control_2026-07-29,0,,,,,,,,-0.010747,-0.008325,0.801472,0.589098,0.0,,,
2026-07-29,morning,2026-07-29,PLTR,bounce,Large,control,NO-GO,1/6,0.05701,124,-0.008065,-0.014032,-0.007581,,0.464,0.464,0.62,,,False,False,False,False,3,False,PLTR_bounce_control_2026-07-09,15,bounce_control_2026-07-29,0,,,,,,,,0.004719,-0.000243,1.320893,0.630015,0.0,,,
2026-07-29,morning,2026-07-29,POET,bounce,Small,control,NO-GO,0/6,0.098201,6.71,-0.050671,0.084948,0.041729,,0.334,1.563,0.531,0.53,2,False,True,False,True,3,False,POET_bounce_control_2026-07-09,15,bounce_control_2026-07-29,0,,,,,,,,-0.014514,0.004438,0.779861,0.661865,0.0,,,
2026-07-29,morning,2026-07-29,QCOM,bounce,Large,control,NO-GO,0/6,0.045357,162.575,-0.042411,-0.067507,-0.09205,,0.269,0.269,2.248,,,False,False,False,False,3,False,QCOM_bounce_control_2026-07-09,15,bounce_control_2026-07-29,0,,,,,,,,-0.023238,0.001289,0.778672,1.010401,0.0,,,
2026-07-29,morning,2026-07-29,RGTI,bounce,Medium,control,NO-GO,1/6,0.075112,14.32,-0.076816,0.037709,0.043994,,0.102,1.213,1.106,1.11,2,False,True,False,True,3,False,RGTI_bounce_control_2026-07-09,15,bounce_control_2026-07-29,0,,,,,,,,0.031802,0.00551,0.966501,0.7081,0.0,,,
2026-07-29,morning,2026-07-29,RKLB,bounce,Medium,control,NO-GO,0/6,0.084679,63.505,-0.077238,0.018502,0.022754,,0.111,0.806,0.987,,,False,True,False,True,3,False,RKLB_bounce_control_2026-07-09,15,bounce_control_2026-07-29,0,,,,,,,,-0.005476,-0.005165,0.910407,0.680907,0.0,,,
2026-07-29,morning,2026-07-29,RVI,bounce,Small,control,NO-GO,0/6,0.071549,25.5,-0.042745,-0.023529,-0.027059,,0.0,0.0,0.767,,,False,False,False,False,3,False,RVI_bounce_control_2026-07-09,15,bounce_control_2026-07-29,0,,,,,,,,-0.009027,-0.009027,0.531381,0.857746,0.007605,,,
2026-07-29,morning,2026-07-29,RXT,bounce,Small,control,NO-GO,2/6,0.159957,3.81,-0.007874,0.104987,0.08399,,0.23,0.804,0.189,,,False,True,False,True,3,False,RXT_bounce_control_2026-07-13,13,bounce_control_2026-07-29,0,,,,,,,,-0.040609,-0.007874,0.520975,0.598431,0.0,,,
2026-07-29,morning,2026-07-29,SIMO,bounce,Medium,surfaced,CAUTION,4/6,0.111525,224.64,-0.066595,0.135595,0.128917,0.119658,0.197,2.409,0.809,0.81,1,False,True,False,True,4,True,SIMO_bounce_2026-07-28,2,bounce_2026-07-29,1,,,,,,,,-0.151237,0.038433,0.737414,,,-0.166921,-0.35231,-0.35231
2026-07-29,morning,2026-07-29,SMR,bounce,Medium,control,NO-GO,1/6,0.07698,8,-0.05125,0.075,0.0525,,0.544,1.64,0.747,0.75,1,False,True,False,True,3,False,SMR_bounce_control_2026-07-09,15,bounce_control_2026-07-29,0,,,,,,,,0.009889,-0.006083,0.985804,1.294806,0.0,,,
2026-07-29,morning,2026-07-29,SNDK,bounce,Large,surfaced,CAUTION,4/6,0.177017,1119.328,-0.092411,0.143508,0.085321,0.150717,0.028,1.442,0.611,0.61,2,False,True,False,True,4,True,SNDK_bounce_2026-07-28,2,bounce_2026-07-29,1,,,,,,,,-0.238699,-0.002231,0.709106,,,-0.302338,-0.535483,-0.535483
2026-07-29,morning,2026-07-29,SOXL,bounce,ETF,control,NO-GO,3/6,0.223136,107.62,-0.145233,0.065973,0.065973,,0.21,1.094,0.671,0.67,2,False,True,False,True,3,False,SOXL_bounce_control_2026-07-09,13,bounce_control_2026-07-29,0,,,,,,,,-0.194211,0.00639,0.545562,1.042133,0.0,,,
2026-07-28,evening,2026-07-29,SOXL,bounce,ETF,surfaced,GO,6/6,0.2169,107.62,-0.145233,0.065973,0.065973,0.084464,0.216,1.125,0.691,0.69,2,False,True,False,True,4,True,SOXL_bounce_2026-07-28,2,bounce_2026-07-29,1,,,,,,,,-0.298215,-0.11705,1.358543,,,-0.248573,-0.634003,-0.634003
2026-07-29,morning,2026-07-29,SPCE,bounce,Small,control,NO-GO,0/6,0.069238,2.48,-0.012097,0.032258,0.028226,,0.582,0.757,0.349,,,False,True,False,True,3,False,SPCE_bounce_control_2026-07-09,15,bounce_control_2026-07-29,0,,,,,,,,0.012048,0.012048,0.745077,0.511797,0.0,,,
2026-07-29,morning,2026-07-29,SPCX,bounce,Large,control,NO-GO,3/6,0.0677,114.395,-0.016128,-0.019188,-0.052668,,0.413,0.586,0.881,,,False,False,False,True,3,False,SPCX_bounce_control_2026-07-21,6,bounce_control_2026-07-29,0,,,,,,,,0.010689,-0.000945,1.412321,3.612663,0.0,,,
2026-07-29,morning,2026-07-29,STM,bounce,Medium,control,NO-GO,2/6,0.085273,49.36,-0.020259,0.074959,0.061386,,0.425,1.148,0.352,0.35,2,False,True,False,True,3,False,STM_bounce_control_2026-07-09,15,bounce_control_2026-07-29,0,,,,,,,,-0.02891,-0.002193,0.569367,1.732746,0.0,,,
2026-07-29,morning,2026-07-29,STX,bounce,Large,control,NO-GO,3/6,0.098111,786.85,-0.028493,0.082392,0.088047,,0.364,1.748,0.509,0.51,1,False,True,False,True,3,False,STX_bounce_control_2026-07-09,13,bounce_control_2026-07-29,0,,,,,,,,-0.072432,0.057139,1.007766,1.092142,0.0,,,
2026-07-28,evening,2026-07-29,STX,bounce,Large,surfaced,CAUTION,4/6,0.097156,786.85,-0.028493,0.082392,0.088047,0.056186,0.368,1.765,0.514,0.51,1,False,True,False,True,4,True,STX_bounce_2026-07-28,2,bounce_2026-07-29,1,,,,,,,,-0.180372,-0.051635,1.235118,,,-0.172801,-0.346188,-0.346188
2026-07-29,morning,2026-07-29,TEAM,bounce,Medium,control,NO-GO,0/6,0.073711,100,0.0428,-0.0188,0.01015,,0.912,0.912,0.654,,,True,True,True,True,3,False,TEAM_bounce_control_2026-07-09,15,bounce_control_2026-07-29,0,,,,,,,,0.145258,-0.004801,0.823529,1.446912,0.0,,,
2026-07-29,morning,2026-07-29,TSLA,bounce,Large,control,NO-GO,1/6,0.053117,307.14,-0.028717,0.005567,0.013251,,0.118,0.512,0.598,,,False,True,False,True,3,False,TSLA_bounce_control_2026-07-09,15,bounce_control_2026-07-29,0,,,,,,,,-0.021276,-0.00348,0.643385,0.45711,0.0,,,
2026-07-29,morning,2026-07-29,UMC,bounce,Medium,control,NO-GO,3/6,0.088358,17.05,0.003519,0.11085,0.116129,,0.717,2.011,0.06,0.06,1,True,True,True,True,3,False,UMC_bounce_control_2026-07-09,15,bounce_control_2026-07-29,0,,,,,,,,-0.136037,-0.03053,0.78006,1.449333,0.0,,,
2026-07-28,evening,2026-07-29,UMC,bounce,Medium,surfaced,GO,6/6,0.080443,17.05,0.003519,0.11085,0.116129,0.096188,0.787,2.209,0.066,0.07,1,True,True,True,True,4,True,UMC_bounce_2026-07-28,2,bounce_2026-07-29,1,,,,,,,,-0.170819,-0.114256,1.138597,,,-0.175952,-0.402452,-0.402452
2026-07-29,morning,2026-07-29,WDC,bounce,Large,control,NO-GO,3/6,0.104451,480.395,-0.038208,0.109587,0.13415,,0.375,1.985,0.472,0.47,1,False,True,False,True,3,False,WDC_bounce_control_2026-07-09,14,bounce_control_2026-07-29,0,,,,,,,,-0.086187,0.024789,0.91002,0.744305,0.0,,,
2026-07-28,evening,2026-07-29,WDC,bounce,Large,surfaced,CAUTION,4/6,0.102645,480.395,-0.038208,0.109587,0.13415,0.097472,0.381,2.02,0.48,0.48,1,False,True,False,True,4,True,WDC_bounce_2026-07-28,2,bounce_2026-07-29,1,,,,,,,,-0.182903,-0.063926,1.280726,,,-0.17911,-0.429676,-0.429676
2026-07-29,morning,2026-07-29,WOLF,bounce,Small,control,NO-GO,0/6,0.141013,21.76,-0.078125,0.09329,0.085478,,0.068,1.186,0.58,0.58,2,False,True,False,True,3,False,WOLF_bounce_control_2026-07-09,15,bounce_control_2026-07-29,0,,,,,,,,-0.042876,0.010055,0.728406,0.187937,0.0,,,
2026-07-30,morning,2026-07-30,AAOI,bounce,Medium,control,NO-GO,1/6,0.154636,83.35,0.081104,0.131614,,,0.569,1.54,0.043,0.04,1,True,True,True,True,2,False,AAOI_bounce_control_2026-07-09,15,bounce_control_2026-07-30,34,,,,,,,,-0.154058,0.081417,0.958883,1.246481,0.039365,,,
2026-07-30,morning,2026-07-30,AAON,bounce,Medium,control,NO-GO,1/6,0.076039,88.83,-0.013959,0.002589,,,0.293,0.674,0.37,,,False,True,False,True,2,False,AAON_bounce_control_2026-07-30,1,bounce_control_2026-07-30,34,,,,,,,,-0.138883,0.024979,1.183737,1.287804,0.000259,,,
2026-07-29,evening,2026-07-30,AAPL,bounce,Large,control,NO-GO,0/6,0.022998,333.1,0.000991,-0.072621,,,0.215,0.215,4.321,,,True,False,False,False,2,False,AAPL_bounce_control_2026-07-30,1,bounce_control_2026-07-30,34,,,,,,,,0.009172,0.005352,0.923347,,,,,
2026-07-30,morning,2026-07-30,AAUC,bounce,Medium,control,NO-GO,0/6,0.067045,17.22,0.036005,0.058653,,,0.537,1.109,0.052,0.05,1,True,True,True,True,2,False,AAUC_bounce_control_2026-07-30,1,bounce_control_2026-07-30,34,,,,,,,,-0.161252,0.026888,0.904073,1.779453,0.001032,,,
2026-07-30,morning,2026-07-30,AII,bounce,Small,control,NO-GO,1/6,0.034424,20.38,-0.005888,-0.004416,,,0.157,0.391,1.083,,,False,False,False,False,2,False,AII_bounce_control_2026-07-30,1,bounce_control_2026-07-30,34,,,,,,,,0.086342,0.022157,1.609211,0.459936,0.0,,,
2026-07-30,morning,2026-07-30,ALAB,bounce,Medium,control,NO-GO,2/6,0.116826,282.175,0.062071,0.102968,,,0.544,1.815,0.278,0.28,1,True,True,True,True,2,False,ALAB_bounce_control_2026-07-09,16,bounce_control_2026-07-30,34,,,,,,,,-0.042546,0.083126,0.923693,1.041642,0.00582,,,
2026-07-30,morning,2026-07-30,AMAT,bounce,Large,control,NO-GO,3/6,0.083038,482.48,0.039981,0.052209,,,0.65,1.349,0.159,0.16,1,True,True,True,True,2,False,AMAT_bounce_control_2026-07-09,15,bounce_control_2026-07-30,34,,,,,,,,-0.081352,0.08796,0.980728,1.053721,0.014101,,,
2026-07-30,morning,2026-07-30,AMBQ,bounce,Small,control,NO-GO,1/6,0.102854,61.03,0.036048,0.041947,,,0.486,1.0,0.183,0.18,1,True,True,False,True,2,False,AMBQ_bounce_control_2026-07-30,1,bounce_control_2026-07-30,34,,,,,,,,-0.123609,0.045058,0.885021,3.338007,0.000686,,,
2026-07-30,morning,2026-07-30,AMD,bounce,Large,control,NO-GO,1/6,0.083206,460,0.055196,0.035109,,,0.998,1.453,0.061,0.06,1,True,True,True,True,2,False,AMD_bounce_control_2026-07-28,3,bounce_control_2026-07-30,34,,,,,,,,-0.082736,0.056895,0.878568,1.303012,0.024683,,,
2026-07-30,morning,2026-07-30,AMKR,bounce,Medium,control,NO-GO,1/6,0.129544,47.145,0.02365,0.0578,,,0.278,0.844,0.13,,,True,True,False,True,2,False,AMKR_bounce_control_2026-07-30,1,bounce_control_2026-07-30,34,,,,,,,,-0.239335,0.08074,0.951136,4.544434,0.026457,,,
2026-07-30,morning,2026-07-30,APP,bounce,Large,control,NO-GO,0/6,0.06396,393.02,0.027607,0.007328,,,0.531,0.531,0.609,,,True,True,True,True,2,False,APP_bounce_control_2026-07-09,16,bounce_control_2026-07-30,34,,,,,,,,-0.04374,-0.011973,0.938854,0.993408,0.004512,,,
2026-07-30,morning,2026-07-30,ARM,bounce,Large,control,NO-GO,3/6,0.086305,258,-0.063798,-0.070969,,,0.471,0.471,1.138,,,False,False,False,False,2,False,ARM_bounce_control_2026-07-09,16,bounce_control_2026-07-30,34,,,,,,,,-0.063605,0.108942,0.961041,0.9857,0.102913,,,
2026-07-30,morning,2026-07-30,ARM,bounce,Large,surfaced,CAUTION,4/6,0.101862,258,-0.063798,-0.070969,-0.073411,0.087442,0.399,0.962,1.469,,,False,True,False,True,4,True,ARM_bounce_2026-07-30,1,bounce_2026-07-30,2,,,,,,,,-0.206623,-0.06043,0.961041,,,-0.246649,-0.533245,-0.533245
2026-07-30,morning,2026-07-30,ATEN,bounce,Medium,control,NO-GO,2/6,0.054317,29.63,0.0108,-0.002025,,,0.41,0.789,0.174,,,True,False,False,True,2,False,ATEN_bounce_control_2026-07-30,1,bounce_control_2026-07-30,34,,,,,,,,-0.132357,0.009034,1.819474,1.682398,0.000164,,,
2026-07-30,morning,2026-07-30,AVGO,bounce,Large,control,NO-GO,1/6,0.03885,380.35,0.019692,0.023478,,,0.564,1.324,0.19,0.19,1,True,True,True,True,2,False,AVGO_bounce_control_2026-07-09,16,bounce_control_2026-07-30,34,,,,,,,,-0.010073,0.024411,1.127005,0.955917,0.028776,,,
2026-07-30,morning,2026-07-30,AXTI,bounce,Medium,control,NO-GO,2/6,0.176822,41.235,0.138353,0.465503,,,1.02,3.797,0.022,0.02,0,True,True,True,True,2,False,AXTI_bounce_control_2026-07-09,15,bounce_control_2026-07-30,34,,,,,,,,-0.153617,0.096154,1.094104,1.058208,0.027991,,,
2026-07-30,morning,2026-07-30,BABA,bounce,Large,control,NO-GO,1/6,0.03197,114,0.020351,0.072368,,,0.639,2.356,0.291,0.29,1,True,True,True,True,2,False,BABA_bounce_control_2026-07-17,10,bounce_control_2026-07-30,34,,,,,,,,-0.004957,-0.005216,1.018231,0.53107,0.017461,,,
2026-07-30,morning,2026-07-30,BAI,bounce,ETF,control,NO-GO,2/6,0.057616,39.65,0.036066,0.042623,,,0.67,1.611,0.079,0.08,1,True,True,True,True,2,False,BAI_bounce_control_2026-07-30,1,bounce_control_2026-07-30,34,,,,,,,,-0.061263,0.050133,0.951991,1.563189,0.001645,,,
2026-07-30,morning,2026-07-30,BE,bounce,Medium,control,NO-GO,1/6,0.151221,186.25,0.112054,0.10502,,,1.047,1.748,0.049,0.05,0,True,True,True,True,2,False,BE_bounce_control_2026-07-09,15,bounce_control_2026-07-30,34,,,,,,,,-0.102561,0.031328,1.109164,2.777363,0.0,,,
2026-07-30,morning,2026-07-30,BOT,bounce,Small,control,NO-GO,1/6,0.120748,27.7,0.061733,-0.062094,,,0.683,0.683,0.583,,,True,False,True,True,2,False,BOT_bounce_control_2026-07-09,16,bounce_control_2026-07-30,34,,,,,,,,0.075087,0.025716,0.978855,1.596153,0.002156,,,
2026-07-30,morning,2026-07-30,BRUN,bounce,Small,control,NO-GO,0/6,0.14699,16.88,0.175948,0.187204,,,1.257,1.606,0.25,0.25,0,True,True,True,True,2,False,BRUN_bounce_control_2026-07-09,16,bounce_control_2026-07-30,34,,,,,,,,-0.124013,0.084341,0.637833,1.966036,0.009045,,,
2026-07-30,morning,2026-07-30,BTDR,bounce,Medium,control,NO-GO,1/6,0.120753,9.64,0.151452,0.091286,,,1.529,1.828,-0.0,-0.0,0,True,True,True,True,2,False,BTDR_bounce_control_2026-07-30,1,bounce_control_2026-07-30,34,,,,,,,,-0.170044,0.058427,1.397811,1.60855,0.015719,,,
2026-07-30,morning,2026-07-30,CBRS,bounce,Medium,control,NO-GO,2/6,0.131768,178.97,0.134659,0.110298,,,1.098,1.507,0.144,0.14,0,True,True,True,True,2,False,CBRS_bounce_control_2026-07-09,16,bounce_control_2026-07-30,34,,,,,,,,-0.053601,0.053783,0.92925,0.82873,0.014782,,,
2026-07-30,morning,2026-07-30,CECO,bounce,Medium,control,NO-GO,1/6,0.072543,64.28,0.019602,0.025047,,,0.433,1.287,0.373,0.37,1,True,True,False,True,2,False,CECO_bounce_control_2026-07-30,1,bounce_control_2026-07-30,34,,,,,,,,-0.131896,0.070545,1.808146,2.096768,0.032429,,,
2026-07-30,morning,2026-07-30,CEVA,bounce,Small,control,NO-GO,1/6,0.09708,31.3,0.050799,0.043131,,,0.711,0.971,-0.0,,,True,True,True,True,2,False,CEVA_bounce_control_2026-07-30,1,bounce_control_2026-07-30,34,,,,,,,,-0.118283,0.039209,0.82214,2.629922,0.000552,,,
2026-07-30,morning,2026-07-30,CORZ,bounce,Medium,control,NO-GO,3/6,0.089033,19.795,0.101793,0.046729,,,1.563,1.819,0.06,0.06,0,True,True,True,True,2,False,CORZ_bounce_control_2026-07-30,1,bounce_control_2026-07-30,34,,,,,,,,-0.040501,0.098234,1.758135,2.049234,0.014846,,,
2026-07-30,morning,2026-07-30,CRDO,bounce,Medium,control,NO-GO,3/6,0.109936,187.135,0.074518,0.1061,,,0.691,1.451,0.029,0.03,1,True,True,True,True,2,False,CRDO_bounce_control_2026-07-13,14,bounce_control_2026-07-30,34,,,,,,,,-0.114514,0.038631,0.818782,1.060622,0.021733,,,
2026-07-30,morning,2026-07-30,CRDO,bounce,Medium,surfaced,CAUTION,4/6,0.113353,187.135,0.074518,0.1061,0.166805,0.271382,0.67,2.61,0.029,0.03,1,True,True,True,True,4,True,CRDO_bounce_2026-07-28,3,bounce_2026-07-30,2,,,,,,,,-0.141203,0.007326,0.818782,,,-0.201759,-0.420902,-0.420902
2026-07-30,morning,2026-07-30,CRML,bounce,Small,control,NO-GO,0/6,0.105858,5.43,0.023941,0.01105,,,0.357,0.678,0.223,,,True,True,False,True,2,False,CRML_bounce_control_2026-07-09,16,bounce_control_2026-07-30,34,,,,,,,,-0.125828,0.02924,0.957188,1.18443,0.006753,,,
2026-07-30,morning,2026-07-30,CRWD,bounce,Large,control,NO-GO,1/6,0.056724,180.58,0.025695,0.056928,,,0.476,1.08,0.277,0.28,1,True,True,False,True,2,False,CRWD_bounce_control_2026-07-09,16,bounce_control_2026-07-30,34,,,,,,,,0.009161,0.013268,0.963134,0.948051,0.003693,,,
2026-07-30,morning,2026-07-30,CRWV,bounce,Medium,control,NO-GO,1/6,0.091205,68.3,0.081991,0.050805,,,1.215,1.637,0.12,0.12,0,True,True,True,True,2,False,CRWV_bounce_control_2026-07-09,16,bounce_control_2026-07-30,34,,,,,,,,-0.053194,0.102012,1.037135,1.143856,0.062267,,,
2026-07-30,morning,2026-07-30,DGXX,bounce,Small,control,NO-GO,0/6,0.110534,3.54,0.073446,0.039548,,,0.792,1.073,-0.0,-0.0,1,True,True,True,True,2,False,DGXX_bounce_control_2026-07-09,16,bounce_control_2026-07-30,34,,,,,,,,-0.080729,0.069697,0.961081,0.775904,0.023321,,,
2026-07-30,morning,2026-07-30,DRAM,bounce,ETF,control,NO-GO,3/6,0.102102,48.02,0.089963,0.048938,,,0.881,1.515,0.018,0.02,1,True,True,True,True,2,False,DRAM_bounce_control_2026-07-20,9,bounce_control_2026-07-30,34,,,,,,,,-0.0967,0.055964,0.889224,1.151085,0.076431,,,
2026-07-30,morning,2026-07-30,DRAM,bounce,ETF,surfaced,CAUTION,4/6,0.109278,48.02,0.089963,0.048938,0.064765,0.143065,0.823,1.416,0.065,0.02,1,True,True,True,True,4,True,DRAM_bounce_2026-07-28,3,bounce_2026-07-30,2,,,,,,,,-0.156018,-0.013378,0.889224,,,-0.214938,-0.455987,-0.455987
2026-07-30,morning,2026-07-30,DXYZ,bounce,Small,control,NO-GO,0/6,0.080376,21.25,0.105882,0.077176,,,1.371,1.371,0.199,0.2,0,True,True,True,True,2,False,DXYZ_bounce_control_2026-07-09,16,bounce_control_2026-07-30,34,,,,,,,,-0.077725,0.005206,0.749775,1.027438,0.054029,,,
2026-07-30,morning,2026-07-30,ETHE,bounce,Medium,control,NO-GO,0/6,0.033944,15.51,0.000645,-0.029658,,,0.19,0.19,1.178,,,True,False,False,False,2,False,ETHE_bounce_control_2026-07-09,16,bounce_control_2026-07-30,34,,,,,,,,-0.012723,0.019711,0.759281,1.120732,0.034403,,,
2026-07-30,morning,2026-07-30,EWY,bounce,ETF,control,NO-GO,3/6,0.066171,152.265,0.058746,0.031754,,,0.902,1.367,0.048,0.05,1,True,True,True,True,2,False,EWY_bounce_control_2026-07-09,16,bounce_control_2026-07-30,34,,,,,,,,-0.066632,0.043333,1.147039,2.671692,0.049427,,,
2026-07-30,morning,2026-07-30,EWY,bounce,ETF,surfaced,CAUTION,4/6,0.069,152.265,0.058746,0.031754,0.052376,0.123962,0.865,1.937,0.092,0.05,1,True,True,True,True,4,True,EWY_bounce_2026-07-28,3,bounce_2026-07-30,2,,,,,,,,-0.104901,0.000555,1.147039,,,-0.140619,-0.346779,-0.346779
2026-07-30,morning,2026-07-30,FCEL,bounce,Small,control,NO-GO,3/6,0.140437,19.58,0.206333,0.103677,,,1.521,2.226,-0.0,-0.0,0,True,True,True,True,2,False,FCEL_bounce_control_2026-07-09,15,bounce_control_2026-07-30,34,,,,,,,,-0.107027,0.061394,1.168837,0.722985,0.007624,,,
2026-07-30,morning,2026-07-30,FCEL,bounce,Small,surfaced,CAUTION,4/6,0.147832,19.58,0.206333,0.103677,0.089888,0.149132,1.445,2.114,0.024,-0.0,0,True,True,True,True,4,True,FCEL_bounce_2026-07-30,1,bounce_2026-07-30,2,,,,,,,,-0.151698,0.008296,1.168837,,,-0.214563,-0.518743,-0.979359
2026-07-30,morning,2026-07-30,FIG,bounce,Medium,control,NO-GO,1/6,0.080066,23.81,-0.0021,0.02142,,,0.294,0.65,0.43,,,False,True,False,True,2,False,FIG_bounce_control_2026-07-09,16,bounce_control_2026-07-30,34,,,,,,,,0.037489,-0.038772,0.705825,0.845102,0.00668,,,
2026-07-30,morning,2026-07-30,FJET,bounce,Micro,control,NO-GO,1/6,0.106554,3.52,0.008523,0.008523,,,0.4,0.585,0.16,,,True,True,False,True,2,False,FJET_bounce_control_2026-07-09,16,bounce_control_2026-07-30,34,,,,,,,,-0.033479,0.016657,0.824687,0.514512,0.003993,,,
2026-07-30,morning,2026-07-30,FLEX,bounce,Medium,control,NO-GO,3/6,0.081032,106.46,0.051193,0.068476,,,0.68,1.499,0.261,0.26,1,True,True,True,True,2,False,FLEX_bounce_control_2026-07-30,1,bounce_control_2026-07-30,34,,,,,,,,-0.078056,0.03873,1.040222,2.146912,0.000583,,,
2026-07-30,morning,2026-07-30,GLW,bounce,Large,control,NO-GO,1/6,0.097175,130.42,0.036804,0.060037,,,0.447,1.308,0.033,0.03,1,True,True,False,True,2,False,GLW_bounce_control_2026-07-09,16,bounce_control_2026-07-30,34,,,,,,,,-0.083408,0.059271,0.646091,3.161503,0.10072,,,
2026-07-30,morning,2026-07-30,GOOGL,bounce,Large,control,NO-GO,0/6,0.035552,334.195,-0.001601,0.065635,,,0.195,2.052,0.324,0.32,1,False,True,False,True,2,False,GOOGL_bounce_control_2026-07-09,15,bounce_control_2026-07-30,34,,,,,,,,0.025657,-0.005262,0.913683,1.013638,0.007757,,,
2026-07-30,morning,2026-07-30,HIMS,bounce,Medium,control,NO-GO,1/6,0.117078,25.07,0.07858,0.107698,,,0.859,1.319,0.283,0.28,1,True,True,True,True,2,False,HIMS_bounce_control_2026-07-30,1,bounce_control_2026-07-30,34,,,,,,,,-0.159722,0.0164,1.425227,0.492942,0.006725,,,
2026-07-30,morning,2026-07-30,HQ,bounce,Small,control,NO-GO,2/6,0.2416,12.44,0.009646,-0.028939,,,0.233,0.476,0.266,,,True,False,False,True,2,False,HQ_bounce_control_2026-07-09,15,bounce_control_2026-07-30,34,,,,,,,,-0.025765,0.047619,0.898795,0.532719,0.001554,,,
2026-07-30,morning,2026-07-30,HUT,bounce,Medium,control,NO-GO,2/6,0.11278,98.2,0.102546,0.096029,,,0.951,1.672,0.057,0.06,1,True,True,True,True,2,False,HUT_bounce_control_2026-07-30,1,bounce_control_2026-07-30,34,,,,,,,,-0.086815,0.083125,1.248652,0.812986,0.007525,,,
2026-07-30,morning,2026-07-30,HYLN,bounce,Small,control,NO-GO,2/6,0.114355,3.19,0.134796,0.115987,,,1.288,1.645,-0.0,-0.0,0,True,True,True,True,2,False,HYLN_bounce_control_2026-07-09,16,bounce_control_2026-07-30,34,,,,,,,,-0.136126,0.018519,0.900969,0.855127,0.007924,,,
2026-07-30,morning,2026-07-30,IBIT,bounce,ETF,control,NO-GO,1/6,0.024856,36.665,0.000955,-0.027956,,,0.252,0.252,1.509,,,True,False,False,False,2,False,IBIT_bounce_control_2026-07-09,16,bounce_control_2026-07-30,34,,,,,,,,-0.000816,0.020556,0.771998,0.767141,0.035171,,,
2026-07-30,morning,2026-07-30,INOD,bounce,Small,control,NO-GO,1/6,0.067312,56.425,0.064599,0.113514,,,1.073,1.958,0.265,0.26,0,True,True,True,True,2,False,INOD_bounce_control_2026-07-09,16,bounce_control_2026-07-30,34,,,,,,,,-0.045615,0.023466,1.084717,0.808264,0.002674,,,
2026-07-30,morning,2026-07-30,INTC,bounce,Large,control,NO-GO,3/6,0.086856,86.51,0.053404,0.042654,,,1.01,1.516,0.072,0.07,0,True,True,True,True,2,False,INTC_bounce_control_2026-07-09,15,bounce_control_2026-07-30,34,,,,,,,,-0.061852,0.050318,0.894286,1.32848,0.027454,,,
2026-07-30,morning,2026-07-30,IONQ,bounce,Medium,control,NO-GO,0/6,0.079214,33.165,0.078547,0.098749,,,1.148,1.705,0.063,0.06,0,True,True,True,True,2,False,IONQ_bounce_control_2026-07-09,16,bounce_control_2026-07-30,34,,,,,,,,-0.064557,0.050363,0.942971,1.089581,0.017889,,,
2026-07-30,morning,2026-07-30,IREN,bounce,Medium,control,NO-GO,1/6,0.115013,32.505,0.17705,0.132134,,,1.559,2.223,0.049,0.05,0,True,True,True,True,2,False,IREN_bounce_control_2026-07-09,16,bounce_control_2026-07-30,34,,,,,,,,-0.10857,0.103719,1.427165,1.319133,0.052,,,
2026-07-30,morning,2026-07-30,KEEL,bounce,Small,control,NO-GO,1/6,0.129915,3.55,0.140845,0.11831,,,1.583,1.702,0.022,0.02,0,True,True,True,True,2,False,KEEL_bounce_control_2026-07-09,16,bounce_control_2026-07-30,34,,,,,,,,-0.148173,0.084874,1.204838,1.010272,0.029349,,,
2026-07-30,morning,2026-07-30,KWEB,bounce,ETF,control,NO-GO,2/6,0.02211,27.92,0.005014,0.020415,,,0.275,0.923,0.47,,,True,True,False,True,2,False,KWEB_bounce_control_2026-07-09,16,bounce_control_2026-07-30,34,,,,,,,,0.035556,0.005755,1.018914,0.72402,0.003683,,,
2026-07-30,morning,2026-07-30,LGN,bounce,Medium,control,NO-GO,1/6,0.089348,57.39,0.042168,0.113957,,,0.686,1.66,0.317,0.32,1,True,True,True,True,2,False,LGN_bounce_control_2026-07-30,1,bounce_control_2026-07-30,34,,,,,,,,-0.182168,0.042012,1.323401,1.485178,0.000148,,,
2026-07-30,morning,2026-07-30,LII,bounce,Medium,control,NO-GO,1/6,0.054063,430.01,-0.029209,-0.03286,,,0.135,0.135,0.8,,,False,False,False,False,2,False,LII_bounce_control_2026-07-30,1,bounce_control_2026-07-30,34,,,,,,,,-0.203435,0.013906,2.710928,2.185136,0.000493,,,
2026-07-30,morning,2026-07-30,LITE,bounce,Medium,control,NO-GO,3/6,0.111444,661.91,0.047333,0.078606,,,0.493,1.501,0.161,0.16,1,True,True,False,True,2,False,LITE_bounce_control_2026-07-09,14,bounce_control_2026-07-30,34,,,,,,,,-0.084921,0.081597,0.831479,1.318785,0.016644,,,
2026-07-29,evening,2026-07-30,LITE,bounce,Medium,surfaced,GO,5/6,0.118256,661.91,0.047333,0.078606,0.178242,0.283362,0.465,2.637,0.152,0.15,1,True,True,False,True,4,True,LITE_bounce_2026-07-28,3,bounce_2026-07-30,2,,,,,,,,-0.165677,0.005031,1.019008,,,-0.214312,-0.362464,-0.413658
2026-07-30,morning,2026-07-30,LMND,bounce,Medium,control,NO-GO,2/6,0.095396,47.71,0.018026,0.012576,,,0.551,0.558,0.226,,,True,True,True,True,2,False,LMND_bounce_control_2026-07-30,1,bounce_control_2026-07-30,34,,,,,,,,-0.219229,0.021528,1.17172,0.614816,0.008923,,,
2026-07-30,morning,2026-07-30,LWLG,bounce,Small,control,NO-GO,0/6,0.10695,5.83,0.036021,0.108062,,,0.441,1.187,0.168,0.17,1,True,True,False,True,2,False,LWLG_bounce_control_2026-07-09,16,bounce_control_2026-07-30,34,,,,,,,,-0.094617,0.038354,0.909747,1.015465,0.003891,,,
2026-07-30,morning,2026-07-30,META,bounce,Large,control,NO-GO,2/6,0.044154,526,0.024772,0.058384,,,0.598,1.392,0.065,0.07,1,True,True,True,True,2,False,META_bounce_control_2026-07-22,7,bounce_control_2026-07-30,34,,,,,,,,-0.111927,-0.099401,0.762229,0.631847,0.073207,,,
2026-07-30,morning,2026-07-30,MIR,bounce,Medium,control,NO-GO,1/6,0.055847,14.56,0.019231,0.028846,,,0.578,1.008,0.381,0.38,1,True,True,True,True,2,False,MIR_bounce_control_2026-07-30,1,bounce_control_2026-07-30,34,,,,,,,,-0.129377,0.006863,4.320875,1.135047,6.5e-05,,,
2026-07-30,morning,2026-07-30,MNRO,bounce,Small,control,NO-GO,1/6,0.070384,13.46,-0.001114,-0.089896,,,0.327,0.327,1.372,,,False,False,False,False,2,False,MNRO_bounce_control_2026-07-30,1,bounce_control_2026-07-30,34,,,,,,,,-0.212515,0.006413,3.014074,1.033351,0.000295,,,
2026-07-30,morning,2026-07-30,MOD,bounce,Medium,control,NO-GO,1/6,0.090864,193.29,0.003208,0.040199,,,0.154,0.807,1.314,,,True,True,False,True,2,False,MOD_bounce_control_2026-07-30,1,bounce_control_2026-07-30,34,,,,,,,,-0.2057,0.027897,1.714512,1.369503,0.032464,,,
2026-07-30,morning,2026-07-30,MP,bounce,Medium,control,NO-GO,1/6,0.071618,39.26,0.061131,0.053744,,,0.893,1.152,0.181,0.18,1,True,True,True,True,2,False,MP_bounce_control_2026-07-09,16,bounce_control_2026-07-30,34,,,,,,,,-0.09112,0.028871,1.182615,1.372156,0.015263,,,
2026-07-30,morning,2026-07-30,MRVL,bounce,Large,control,NO-GO,3/6,0.094136,178.375,0.02761,0.051493,,,0.356,1.368,0.192,0.19,1,True,True,False,True,2,False,MRVL_bounce_control_2026-07-09,16,bounce_control_2026-07-30,34,,,,,,,,-0.076281,0.0694,0.905814,1.118685,0.037072,,,
2026-07-30,morning,2026-07-30,MSFT,bounce,Large,control,NO-GO,1/6,0.027513,437.9,0.030144,0.061247,,,1.726,2.402,0.453,0.45,0,True,True,True,True,2,False,MSFT_bounce_control_2026-07-09,16,bounce_control_2026-07-30,34,,,,,,,,0.097379,0.093332,1.064876,0.986895,0.069516,,,
2026-07-30,morning,2026-07-30,MSTR,bounce,Medium,control,NO-GO,2/6,0.060204,95.09,0.027868,-0.019035,,,0.547,0.547,1.027,,,True,False,True,True,2,False,MSTR_bounce_control_2026-07-09,16,bounce_control_2026-07-30,34,,,,,,,,-0.026863,0.028608,1.173092,0.713079,0.010694,,,
2026-07-29,evening,2026-07-30,MU,bounce,Large,control,NO-GO,3/6,0.097664,793.135,0.102788,0.037692,,,1.154,1.778,0.053,0.05,0,True,True,True,True,2,False,MU_bounce_control_2026-07-09,16,bounce_control_2026-07-30,34,,,,,,,,-0.13903,0.015197,0.765381,1.862569,0.086585,,,
2026-07-30,morning,2026-07-30,MU,bounce,Large,surfaced,CAUTION,4/6,0.107801,793.135,0.102788,0.037692,0.04585,0.125496,1.045,1.611,0.269,0.05,0,True,True,True,True,4,True,MU_bounce_2026-07-28,3,bounce_2026-07-30,2,,,,,,,,-0.189336,-0.012503,1.320985,,,-0.222212,-0.418518,-0.418518
2026-07-30,morning,2026-07-30,MXL,bounce,Medium,control,NO-GO,3/6,0.165626,63.3,0.057188,0.055608,,,0.372,0.828,0.252,,,True,True,True,True,2,False,MXL_bounce_control_2026-07-30,1,bounce_control_2026-07-30,34,,,,,,,,-0.034844,0.09345,0.534325,1.150449,0.017422,,,
2026-07-29,evening,2026-07-30,MXL,bounce,Medium,surfaced,CAUTION,4/6,0.179901,63.3,0.057188,0.055608,0.06019,0.148815,0.342,0.924,0.232,,,True,True,True,True,4,True,MXL_bounce_2026-07-27,4,bounce_2026-07-30,2,,,,,,,,-0.16357,0.02528,0.480854,,,-0.305095,-0.533281,-0.533281
2026-07-30,morning,2026-07-30,NBIS,bounce,Medium,surfaced,GO,5/6,0.148635,172.18,0.094378,0.105878,0.234638,0.31107,0.926,2.239,0.121,0.12,1,True,True,True,True,4,True,NBIS_bounce_2026-07-28,3,bounce_2026-07-30,2,,,,,,,,-0.172291,0.049184,1.133499,,,-0.286651,-0.481391,-0.481391
2026-07-30,morning,2026-07-30,NOK,bounce,Medium,control,NO-GO,0/6,0.07325,9.16,-0.007642,-0.002183,,,0.268,0.566,0.358,,,False,False,False,True,2,False,NOK_bounce_control_2026-07-09,16,bounce_control_2026-07-30,34,,,,,,,,-0.034483,0.065398,0.822768,1.160434,0.040315,,,
2026-07-30,morning,2026-07-30,NVDA,bounce,Large,control,NO-GO,0/6,0.040366,193.45,0.008219,0.037736,,,0.487,1.095,0.247,0.25,1,True,True,False,True,2,False,NVDA_bounce_control_2026-07-09,12,bounce_control_2026-07-30,34,,,,,,,,-0.01201,0.021788,0.901358,1.025426,0.011277,,,
2026-07-30,morning,2026-07-30,NVMI,bounce,Medium,control,NO-GO,1/6,0.074641,382.9,0.029172,0.020815,,,0.641,1.22,0.206,0.21,1,True,True,True,True,2,False,NVMI_bounce_control_2026-07-30,1,bounce_control_2026-07-30,34,,,,,,,,-0.108608,0.041945,1.573487,2.147253,0.101655,,,
2026-07-30,morning,2026-07-30,NVTS,bounce,Medium,control,NO-GO,2/6,0.113436,10.46,0.052581,0.038241,,,0.641,1.096,0.046,0.05,1,True,True,True,True,2,False,NVTS_bounce_control_2026-07-09,16,bounce_control_2026-07-30,34,,,,,,,,-0.095513,0.060113,1.127544,1.79862,0.011609,,,
2026-07-30,morning,2026-07-30,OI,bounce,Small,control,NO-GO,1/6,0.083194,7.61,-0.034166,-0.060447,,,0.434,0.434,0.956,,,False,False,False,False,2,False,OI_bounce_control_2026-07-30,1,bounce_control_2026-07-30,34,,,,,,,,-0.161957,0.001299,1.122494,2.123204,0.000589,,,
2026-07-30,morning,2026-07-30,OKLO,bounce,Medium,control,NO-GO,1/6,0.081829,38.15,0.077064,0.017824,,,1.096,1.387,0.176,0.18,0,True,True,True,True,2,False,OKLO_bounce_control_2026-07-09,16,bounce_control_2026-07-30,34,,,,,,,,-0.085755,0.037584,0.907902,1.0022,0.015841,,,
2026-07-30,morning,2026-07-30,ON,bounce,Medium,control,NO-GO,3/6,0.060797,82.925,0.009828,-0.015858,,,0.41,0.749,0.299,,,True,False,False,True,2,False,ON_bounce_control_2026-07-09,16,bounce_control_2026-07-30,34,,,,,,,,-0.072664,0.047045,1.153388,1.054688,0.001647,,,
2026-07-30,morning,2026-07-30,OPEN,bounce,Medium,control,NO-GO,1/6,0.086835,3.71,0.02965,0.016173,,,0.528,0.528,0.279,,,True,True,True,True,2,False,OPEN_bounce_control_2026-07-09,16,bounce_control_2026-07-30,34,,,,,,,,-0.031169,0.016349,1.219539,0.349529,0.004897,,,
2026-07-30,morning,2026-07-30,ORCL,bounce,Large,control,NO-GO,1/6,0.055449,122.87,0.03817,0.056971,,,0.803,1.399,0.189,0.19,1,True,True,True,True,2,False,ORCL_bounce_control_2026-07-09,16,bounce_control_2026-07-30,34,,,,,,,,0.014595,0.033209,0.847991,0.833484,0.015127,,,
2026-07-30,morning,2026-07-30,ORN,bounce,Small,control,NO-GO,1/6,0.100894,9.21,0.039088,0.061889,,,0.603,0.85,0.011,,,True,True,True,True,2,False,ORN_bounce_control_2026-07-30,1,bounce_control_2026-07-30,34,,,,,,,,-0.26409,0.006608,2.472425,2.330874,0.00311,,,
2026-07-30,morning,2026-07-30,PENG,bounce,Medium,control,NO-GO,3/6,0.15362,46.88,0.097056,0.122654,,,0.647,1.158,0.094,0.09,1,True,True,True,True,2,False,PENG_bounce_control_2026-07-22,7,bounce_control_2026-07-30,34,,,,,,,,-0.112212,0.066362,0.766898,0.812583,0.005317,,,
2026-07-30,morning,2026-07-30,PENG,bounce,Medium,surfaced,CAUTION,4/6,0.162403,46.88,0.097056,0.122654,0.122014,0.233788,0.612,1.554,0.089,0.09,1,True,True,True,True,4,True,PENG_bounce_2026-07-28,3,bounce_2026-07-30,2,,,,,,,,-0.160221,0.008696,0.766898,,,-0.21454,-0.509459,-0.509459
2026-07-30,morning,2026-07-30,PL,bounce,Medium,control,NO-GO,0/6,0.088327,20.265,-0.002221,0.010609,,,0.21,0.561,0.265,,,False,True,False,True,2,False,PL_bounce_control_2026-07-09,16,bounce_control_2026-07-30,34,,,,,,,,-0.051429,0.023112,0.819852,0.987339,0.008045,,,
2026-07-30,morning,2026-07-30,PLTR,bounce,Large,control,NO-GO,0/6,0.056269,121.14,0.009246,0.015849,,,0.371,0.371,0.223,,,True,True,False,False,2,False,PLTR_bounce_control_2026-07-09,16,bounce_control_2026-07-30,34,,,,,,,,-0.073595,-0.00935,0.704451,1.172201,0.006157,,,
2026-07-30,morning,2026-07-30,POET,bounce,Small,control,NO-GO,0/6,0.099421,6.76,0.076923,0.034024,,,0.803,1.458,0.119,0.12,1,True,True,True,True,2,False,POET_bounce_control_2026-07-09,16,bounce_control_2026-07-30,34,,,,,,,,-0.060649,0.045526,0.860841,0.860897,0.014327,,,
2026-07-30,morning,2026-07-30,PSN,bounce,Medium,control,NO-GO,3/6,0.098286,40.68,0.061209,0.086775,,,0.695,1.198,0.105,0.11,1,True,True,True,True,2,False,PSN_bounce_control_2026-07-30,1,bounce_control_2026-07-30,34,,,,,,,,-0.318155,0.005687,2.943202,0.957398,0.016456,,,
2026-07-30,morning,2026-07-30,PUMP,bounce,Small,control,NO-GO,1/6,0.079121,10.73,0.008388,0.034483,,,0.365,0.813,0.259,,,True,True,False,True,2,False,PUMP_bounce_control_2026-07-28,2,bounce_control_2026-07-30,34,,,,,,,,-0.04912,0.004897,1.724593,2.510649,8.3e-05,,,
2026-07-30,morning,2026-07-30,QCOM,bounce,Large,control,NO-GO,1/6,0.049349,146.55,0.034459,0.007233,,,1.052,1.052,0.076,0.08,0,True,True,True,True,2,False,QCOM_bounce_control_2026-07-09,16,bounce_control_2026-07-30,34,,,,,,,,-0.118207,-0.036871,1.292004,1.156988,0.028887,,,
2026-07-30,morning,2026-07-30,REPL,bounce,Small,control,NO-GO,2/6,0.196268,11.379,-0.015731,,,,0.502,0.502,0.873,,,False,False,False,True,1,False,REPL_bounce_control_2026-07-30,1,bounce_control_2026-07-30,34,,,,,,,,-0.362688,0.016636,0.745921,4.379404,8.9e-05,,,
2026-07-30,morning,2026-07-30,RGTI,bounce,Medium,control,NO-GO,2/6,0.083409,13.6,0.092647,0.099265,,,1.234,1.785,0.097,0.1,0,True,True,True,True,2,False,RGTI_bounce_control_2026-07-09,16,bounce_control_2026-07-30,34,,,,,,,,-0.117647,0.043873,1.129404,0.822428,0.014823,,,
2026-07-30,morning,2026-07-30,RKLB,bounce,Medium,control,NO-GO,1/6,0.090084,60.93,0.061546,0.065977,,,0.712,1.259,0.228,0.23,1,True,True,True,True,2,False,RKLB_bounce_control_2026-07-09,16,bounce_control_2026-07-30,34,,,,,,,,-0.083657,0.046758,1.067723,0.912762,0.024279,,,
2026-07-30,morning,2026-07-30,RVI,bounce,Small,control,NO-GO,0/6,0.07402,24.2,0.028926,0.025207,,,0.648,0.687,-0.0,,,True,True,True,True,2,False,RVI_bounce_control_2026-07-09,16,bounce_control_2026-07-30,34,,,,,,,,-0.015748,0.02417,0.756555,1.012716,0.012838,,,
2026-07-30,morning,2026-07-30,RXT,bounce,Small,control,NO-GO,2/6,0.120103,3.81,0.104987,0.08399,,,0.918,1.071,-0.0,-0.0,1,True,True,True,True,2,False,RXT_bounce_control_2026-07-13,14,bounce_control_2026-07-30,34,,,,,,,,-0.007772,0.013228,0.554356,0.429053,0.004872,,,
2026-07-30,morning,2026-07-30,SEI,bounce,Medium,control,NO-GO,1/6,0.110211,45.89,0.117455,0.120288,,,1.206,1.795,-0.0,-0.0,0,True,True,True,True,2,False,SEI_bounce_control_2026-07-30,1,bounce_control_2026-07-30,34,,,,,,,,-0.130371,0.053289,1.082265,2.387178,0.001894,,,
2026-07-30,morning,2026-07-30,SIMO,bounce,Medium,control,NO-GO,1/6,0.103058,259.99,-0.018808,-0.024578,,,0.933,0.933,0.929,,,False,False,False,True,2,False,SIMO_bounce_control_2026-07-14,11,bounce_control_2026-07-30,34,,,,,,,,0.022131,0.191625,0.978641,2.558449,0.02609,,,
2026-07-29,evening,2026-07-30,SIMO,bounce,Medium,surfaced,CAUTION,4/6,0.116558,259.99,-0.018808,-0.024578,-0.032578,0.032694,0.825,0.825,0.821,,,False,True,False,True,4,True,SIMO_bounce_2026-07-28,3,bounce_2026-07-30,2,,,,,,,,-0.187893,0.014542,0.737414,,,-0.202899,-0.380282,-0.380282
2026-07-29,evening,2026-07-30,SKHY,bounce,Large,control,NO-GO,3/6,0.1531,136.51,0.091495,0.05289,,,0.662,1.251,0.096,0.1,1,True,True,True,True,2,False,SKHY_bounce_control_2026-07-30,1,bounce_control_2026-07-30,34,,,,,,,,-0.120613,-0.008045,0.643452,,,,,
2026-07-30,morning,2026-07-30,SMR,bounce,Medium,control,NO-GO,2/6,0.082803,7.89,0.089987,0.067174,,,1.202,1.714,0.153,0.15,0,True,True,True,True,2,False,SMR_bounce_control_2026-07-09,16,bounce_control_2026-07-30,34,,,,,,,,-0.080796,0.034256,1.223077,0.970241,0.015542,,,
2026-07-30,morning,2026-07-30,SNDK,bounce,Large,control,NO-GO,3/6,0.17011,1135.01,0.127708,0.070325,,,0.779,1.398,0.057,0.06,1,True,True,True,True,2,False,SNDK_bounce_control_2026-07-09,13,bounce_control_2026-07-30,34,,,,,,,,-0.142111,0.079428,0.678732,2.469552,0.084823,,,
2026-07-29,evening,2026-07-30,SNDK,bounce,Large,surfaced,CAUTION,4/6,0.173267,1135.01,0.127708,0.070325,0.134818,0.257804,0.765,1.585,0.07,0.06,1,True,True,True,True,4,True,SNDK_bounce_2026-07-28,3,bounce_2026-07-30,2,,,,,,,,-0.222218,0.021191,0.709106,,,-0.287235,-0.525427,-0.525427
2026-07-30,morning,2026-07-30,SOXL,bounce,ETF,control,NO-GO,3/6,0.228681,107.38,0.068355,0.068355,,,0.432,1.079,0.092,0.09,1,True,True,True,True,2,False,SOXL_bounce_control_2026-07-09,14,bounce_control_2026-07-30,34,,,,,,,,-0.181486,0.140261,0.8825,1.440886,0.112093,,,
2026-07-30,morning,2026-07-30,SOXL,bounce,ETF,surfaced,CAUTION,4/6,0.253401,107.38,0.068355,0.068355,0.086888,0.30285,0.39,1.288,0.194,0.19,3,True,True,True,True,4,True,SOXL_bounce_2026-07-28,3,bounce_2026-07-30,2,,,,,,,,-0.261334,0.029025,0.8825,,,-0.35647,-0.686556,-0.686556
2026-07-30,morning,2026-07-30,SOXX,bounce,ETF,control,NO-GO,1/6,0.058077,491.57,0.026365,0.027097,,,0.645,1.44,0.125,0.12,1,True,True,True,True,2,False,SOXX_bounce_control_2026-07-30,1,bounce_control_2026-07-30,34,,,,,,,,-0.057378,0.046473,1.131598,1.875928,0.056695,,,
2026-07-30,morning,2026-07-30,SPCE,bounce,Small,control,NO-GO,0/6,0.069942,2.49,0.028112,0.024096,,,0.689,0.689,0.287,,,True,True,True,True,2,False,SPCE_bounce_control_2026-07-09,16,bounce_control_2026-07-30,34,,,,,,,,-0.016008,0.016122,0.918899,0.683804,0.004669,,,
2026-07-30,morning,2026-07-30,SPCX,bounce,Large,control,NO-GO,1/6,0.068797,115.14,-0.025534,-0.058798,,,0.478,0.478,0.956,,,False,False,False,False,2,False,SPCX_bounce_control_2026-07-21,7,bounce_control_2026-07-30,34,,,,,,,,0.020511,0.029125,0.90857,1.100344,0.015446,,,
2026-07-30,morning,2026-07-30,STM,bounce,Medium,control,NO-GO,2/6,0.082209,51.83,0.023731,0.010805,,,0.319,0.554,0.101,,,True,True,False,True,2,False,STM_bounce_control_2026-07-09,16,bounce_control_2026-07-30,34,,,,,,,,-0.041721,0.05914,0.776582,1.264058,0.014213,,,
2026-07-30,morning,2026-07-30,STX,bounce,Large,control,NO-GO,0/6,0.093096,878.91,-0.030982,-0.025918,,,0.272,0.524,0.586,,,False,False,False,True,2,False,STX_bounce_control_2026-07-09,14,bounce_control_2026-07-30,34,,,,,,,,0.009804,0.079236,0.877813,1.708736,0.018442,,,
2026-07-30,morning,2026-07-30,TEAM,bounce,Medium,control,NO-GO,2/6,0.071432,97.735,0.003939,0.03356,,,0.207,0.556,0.366,,,True,True,False,True,2,False,TEAM_bounce_control_2026-07-09,16,bounce_control_2026-07-30,34,,,,,,,,0.046104,-0.038262,1.090882,1.609516,0.012777,,,
2026-07-30,morning,2026-07-30,TSLA,bounce,Large,control,NO-GO,1/6,0.052228,302.7,0.020317,0.028114,,,0.517,0.81,0.087,,,True,True,True,True,2,False,TSLA_bounce_control_2026-07-09,16,bounce_control_2026-07-30,34,,,,,,,,-0.015879,0.020079,0.73489,0.925359,0.016704,,,
2026-07-30,morning,2026-07-30,TTI,bounce,Small,control,NO-GO,1/6,0.065372,7.53,0.011952,0.022576,,,0.284,0.683,0.866,,,True,True,False,True,2,False,TTI_bounce_control_2026-07-30,1,bounce_control_2026-07-30,34,,,,,,,,-0.03381,0.016416,1.358824,1.764854,0.000547,,,
2026-07-30,morning,2026-07-30,TTMI,bounce,Medium,control,NO-GO,1/6,0.109028,111.02,0.040443,0.039813,,,0.598,1.257,0.122,0.12,1,True,True,True,True,2,False,TTMI_bounce_control_2026-07-30,1,bounce_control_2026-07-30,34,,,,,,,,-0.119256,0.070618,1.183151,2.402013,0.011482,,,
2026-07-29,evening,2026-07-30,U,bounce,Medium,control,NO-GO,2/6,0.053091,32.28,0.032838,-0.017658,,,0.7,0.7,1.068,,,True,False,True,True,2,False,U_bounce_control_2026-07-09,15,bounce_control_2026-07-30,34,,,,,,,,0.054534,0.001873,1.009263,,,,,
2026-07-30,morning,2026-07-30,UMC,bounce,Medium,control,NO-GO,3/6,0.086244,17.53,0.080434,0.085568,,,0.986,1.687,-0.0,-0.0,1,True,True,True,True,2,False,UMC_bounce_control_2026-07-09,16,bounce_control_2026-07-30,34,,,,,,,,-0.081761,0.023963,0.774325,1.578731,0.01974,,,
2026-07-30,morning,2026-07-30,VPG,bounce,Small,control,NO-GO,2/6,0.107682,86.9,0.011738,0.059264,,,0.195,0.758,0.327,,,True,True,False,True,2,False,VPG_bounce_control_2026-07-30,1,bounce_control_2026-07-30,34,,,,,,,,-0.164305,0.052178,1.455442,2.348642,0.006886,,,
2026-07-30,morning,2026-07-30,VRT,bounce,Medium,control,NO-GO,1/6,0.082446,237.2,-0.040894,0.018423,,,0.211,0.742,0.644,,,False,True,False,True,2,False,VRT_bounce_control_2026-07-30,1,bounce_control_2026-07-30,34,,,,,,,,-0.182823,0.053712,1.438861,1.169117,0.018704,,,
2026-07-30,morning,2026-07-30,WDC,bounce,Large,control,NO-GO,3/6,0.098268,511.65,0.041806,0.064869,,,0.704,1.359,0.092,0.09,1,True,True,True,True,2,False,WDC_bounce_control_2026-07-09,15,bounce_control_2026-07-30,34,,,,,,,,0.001245,0.078997,0.866899,1.421548,0.022357,,,
2026-07-30,morning,2026-07-30,WOLF,bounce,Small,control,NO-GO,0/6,0.142081,21.17,0.12376,0.11573,,,0.941,1.406,0.055,0.05,1,True,True,True,True,2,False,WOLF_bounce_control_2026-07-09,16,bounce_control_2026-07-30,34,,,,,,,,-0.109244,0.05683,0.660667,1.289126,0.015866,,,
2026-07-31,morning,2026-07-31,AAOI,bounce,Medium,control,NO-GO,2/6,0.133677,100.1,-0.057742,,,,0.232,0.232,0.678,,,False,False,False,False,1,False,AAOI_bounce_control_2026-07-09,16,bounce_control_2026-07-31,5,,,,,,,,0.101089,0.077017,0.607401,1.601478,0.0,,,
2026-07-31,morning,2026-07-31,AAPL,bounce,Large,control,NO-GO,0/6,0.02614,304.81,0.013451,,,,0.738,0.738,0.604,,,True,True,True,True,1,False,AAPL_bounce_control_2026-07-30,2,bounce_control_2026-07-31,5,,,,,,,,-0.08942,-0.071259,0.63744,1.043002,0.0,,,
2026-07-31,morning,2026-07-31,AAUC,bounce,Medium,control,NO-GO,0/6,0.066979,17.73,0.028201,,,,0.648,0.648,0.48,,,True,True,True,True,1,False,AAUC_bounce_control_2026-07-30,2,bounce_control_2026-07-31,5,,,,,,,,-0.15643,-0.014574,0.526546,4.570195,0.000684,,,
2026-07-31,morning,2026-07-31,AII,bounce,Small,control,NO-GO,1/6,0.037054,20.06,0.011466,,,,0.799,0.799,0.081,,,True,True,True,True,1,False,AII_bounce_control_2026-07-30,2,bounce_control_2026-07-31,5,,,,,,,,0.033146,,1.158907,1.248984,0.0,,,
2026-07-31,morning,2026-07-31,ALAB,bounce,Medium,control,NO-GO,2/6,0.103064,328.32,-0.052053,,,,0.404,0.404,0.689,,,False,False,False,False,1,False,ALAB_bounce_control_2026-07-09,17,bounce_control_2026-07-31,5,,,,,,,,0.259655,0.093797,0.801852,0.936426,0.0,,,
2026-07-31,morning,2026-07-31,ALNY,bounce,Medium,control,NO-GO,2/6,0.080362,205.46,0.000292,,,,0.153,0.153,0.324,,,True,True,False,False,1,False,ALNY_bounce_control_2026-07-31,1,bounce_control_2026-07-31,5,,,,,,,,-0.286095,0.002031,1.945436,0.985295,0.010321,,,
2026-07-31,morning,2026-07-31,AMAT,bounce,Large,control,NO-GO,0/6,0.080419,531.69,-0.045177,,,,0.113,0.113,0.673,,,False,False,False,False,1,False,AMAT_bounce_control_2026-07-09,16,bounce_control_2026-07-31,5,,,,,,,,0.09665,0.041334,0.771539,1.270225,0.0,,,
2026-07-31,morning,2026-07-31,AMD,bounce,Large,control,NO-GO,0/6,0.081729,510.275,-0.066876,,,,0.128,0.128,0.828,,,False,False,False,False,1,False,AMD_bounce_control_2026-07-28,4,bounce_control_2026-07-31,5,,,,,,,,0.109806,0.039453,0.982647,0.516918,0.0,,,
2026-07-31,morning,2026-07-31,APP,bounce,Large,control,NO-GO,0/6,0.059579,397.9,-0.005026,,,,0.011,0.011,0.852,,,False,False,False,False,1,False,APP_bounce_control_2026-07-09,17,bounce_control_2026-07-31,5,,,,,,,,-0.025632,0.008988,0.672587,0.966568,0.0,,,
2026-07-31,morning,2026-07-31,ARM,bounce,Large,control,NO-GO,3/6,0.093318,258.95,-0.074377,,,,0.122,0.122,0.815,,,False,False,False,False,1,False,ARM_bounce_control_2026-07-09,17,bounce_control_2026-07-31,5,,,,,,,,0.046212,0.060073,1.49869,1.177803,0.0,,,
2026-07-31,morning,2026-07-31,AVGO,bounce,Large,control,NO-GO,0/6,0.039765,394.83,-0.014057,,,,0.324,0.324,0.963,,,False,False,False,False,1,False,AVGO_bounce_control_2026-07-09,17,bounce_control_2026-07-31,5,,,,,,,,0.027802,0.009437,0.715566,0.79668,0.0,,,
2026-07-31,morning,2026-07-31,AXTI,bounce,Medium,control,NO-GO,3/6,0.124,66.705,-0.094071,,,,0.268,0.268,1.341,,,False,False,False,False,1,False,AXTI_bounce_control_2026-07-09,16,bounce_control_2026-07-31,5,,,,,,,,0.396165,0.271836,1.02596,1.385113,0.0,,,
2026-07-31,morning,2026-07-31,BABA,bounce,Large,control,NO-GO,0/6,0.029938,120.11,0.017817,,,,0.688,0.688,0.248,,,True,True,True,True,1,False,BABA_bounce_control_2026-07-17,11,bounce_control_2026-07-31,5,,,,,,,,0.039066,0.028972,0.946053,0.663021,0.0,,,
2026-07-31,morning,2026-07-31,BE,bounce,Medium,control,NO-GO,3/6,0.123444,230.775,-0.108179,,,,0.166,0.166,0.89,,,False,False,False,False,1,False,BE_bounce_control_2026-07-09,16,bounce_control_2026-07-31,5,,,,,,,,0.325042,0.067352,1.13083,4.159294,0.0,,,
2026-07-31,morning,2026-07-31,BOT,bounce,Small,control,NO-GO,1/6,0.116741,26.23,-0.009531,,,,0.578,0.578,0.157,,,False,False,False,True,1,False,BOT_bounce_control_2026-07-09,17,bounce_control_2026-07-31,5,,,,,,,,-0.02108,0.010541,0.990217,0.988225,0.0,,,
2026-07-31,morning,2026-07-31,BRUN,bounce,Small,control,NO-GO,1/6,0.128569,20.605,-0.027421,,,,0.098,0.098,0.761,,,False,False,False,False,1,False,BRUN_bounce_control_2026-07-09,17,bounce_control_2026-07-31,5,,,,,,,,0.222289,0.027708,1.425949,1.453096,0.0,,,
2026-07-31,morning,2026-07-31,CBRS,bounce,Medium,control,NO-GO,2/6,0.116439,208.07,-0.044985,,,,0.265,0.265,0.517,,,False,False,False,False,1,False,CBRS_bounce_control_2026-07-09,17,bounce_control_2026-07-31,5,,,,,,,,0.080739,0.025656,1.207941,0.84446,0.0,,,
2026-07-31,morning,2026-07-31,CHRW,bounce,Medium,control,NO-GO,2/6,0.060644,145,0.018828,,,,0.708,0.708,0.175,,,True,True,True,True,1,False,CHRW_bounce_control_2026-07-31,1,bounce_control_2026-07-31,5,,,,,,,,-0.133459,-0.001225,2.371634,2.149551,0.001003,,,
2026-07-31,morning,2026-07-31,CRDO,bounce,Medium,control,NO-GO,1/6,0.096934,215.89,-0.041225,,,,0.053,0.053,0.788,,,False,False,False,False,1,False,CRDO_bounce_control_2026-07-13,15,bounce_control_2026-07-31,5,,,,,,,,0.120553,0.071514,0.709587,1.091504,0.0,,,
2026-07-31,morning,2026-07-31,CRML,bounce,Small,control,NO-GO,0/6,0.095444,5.71,-0.038529,,,,0.202,0.202,0.596,,,False,False,False,False,1,False,CRML_bounce_control_2026-07-09,17,bounce_control_2026-07-31,5,,,,,,,,0.019435,0.03777,0.604669,0.474838,0.0,,,
2026-07-31,morning,2026-07-31,CRWD,bounce,Large,control,NO-GO,2/6,0.053387,187.22,0.019442,,,,0.443,0.443,0.306,,,True,True,False,False,1,False,CRWD_bounce_control_2026-07-09,17,bounce_control_2026-07-31,5,,,,,,,,0.031298,0.012256,0.77058,1.932376,0.0,,,
2026-07-31,morning,2026-07-31,CRWV,bounce,Medium,control,NO-GO,1/6,0.088536,77.035,-0.068346,,,,0.215,0.215,1.036,,,False,False,False,False,1,False,CRWV_bounce_control_2026-07-09,17,bounce_control_2026-07-31,5,,,,,,,,0.165825,0.061705,1.197714,1.389653,0.0,,,
2026-07-31,morning,2026-07-31,DGXX,bounce,Small,control,NO-GO,0/6,0.104993,3.88,-0.051546,,,,0.196,0.196,0.589,,,False,False,False,False,1,False,DGXX_bounce_control_2026-07-09,17,bounce_control_2026-07-31,5,,,,,,,,0.06267,0.026316,0.757074,0.810173,0.0,,,
2026-07-31,morning,2026-07-31,DRAM,bounce,ETF,control,NO-GO,2/6,0.094904,54.7,-0.079159,,,,0.144,0.144,0.855,,,False,False,False,False,1,False,DRAM_bounce_control_2026-07-20,10,bounce_control_2026-07-31,5,,,,,,,,0.13565,0.036492,0.856549,2.729881,0.0,,,
2026-07-31,morning,2026-07-31,DXYZ,bounce,Small,control,NO-GO,1/6,0.074581,23.09,-0.008662,,,,0.18,0.18,0.488,,,False,False,False,False,1,False,DXYZ_bounce_control_2026-07-09,17,bounce_control_2026-07-31,5,,,,,,,,0.035872,-0.004681,1.537384,0.795842,0.0,,,
2026-07-31,morning,2026-07-31,ETHE,bounce,Medium,control,NO-GO,0/6,0.034117,15.222,-0.011299,,,,0.015,0.015,0.639,,,False,False,False,False,1,False,ETHE_bounce_control_2026-07-09,17,bounce_control_2026-07-31,5,,,,,,,,-0.018734,-0.021263,0.347328,0.424415,0.0,,,
2026-07-31,morning,2026-07-31,EWY,bounce,ETF,control,NO-GO,0/6,0.065072,164.61,-0.045623,,,,0.134,0.134,0.765,,,False,False,False,False,1,False,EWY_bounce_control_2026-07-09,17,bounce_control_2026-07-31,5,,,,,,,,0.093298,0.027107,0.888196,4.040006,0.0,,,
2026-07-30,evening,2026-07-31,FCEL,bounce,Small,control,NO-GO,1/6,0.122901,25.435,-0.150383,,,,0.085,0.085,1.241,,,False,False,False,False,1,False,FCEL_bounce_control_2026-07-09,16,bounce_control_2026-07-31,5,,,,,,,,0.20295,0.00127,1.439032,,,,,
2026-07-31,morning,2026-07-31,FIG,bounce,Medium,control,NO-GO,1/6,0.08065,23.49,0.035334,,,,0.823,0.823,0.206,,,True,True,True,True,1,False,FIG_bounce_control_2026-07-09,17,bounce_control_2026-07-31,5,,,,,,,,-0.044299,-0.01936,0.734375,1.532096,0.0,,,
2026-07-31,morning,2026-07-31,FJET,bounce,Micro,control,NO-GO,1/6,0.104583,3.52,0.008523,,,,0.596,0.596,0.136,,,True,True,True,True,1,False,FJET_bounce_control_2026-07-09,17,bounce_control_2026-07-31,5,,,,,,,,-0.048886,-0.014056,0.573419,0.732776,0.011913,,,
2026-07-31,morning,2026-07-31,GLW,bounce,Large,control,NO-GO,2/6,0.093433,143.785,-0.038495,,,,0.239,0.239,0.414,,,False,False,False,False,1,False,GLW_bounce_control_2026-07-09,17,bounce_control_2026-07-31,5,,,,,,,,0.118959,0.042745,0.462271,2.743021,0.0,,,
2026-07-31,morning,2026-07-31,GOOGL,bounce,Large,control,NO-GO,0/6,0.034929,340.83,0.04489,,,,1.491,1.491,0.07,0.07,0,True,True,True,True,1,False,GOOGL_bounce_control_2026-07-09,16,bounce_control_2026-07-31,5,,,,,,,,0.023014,0.023167,0.517432,0.780212,0.0,,,
2026-07-31,morning,2026-07-31,HQ,bounce,Small,control,NO-GO,1/6,0.218795,13.87,-0.129056,,,,0.0,0.0,0.735,,,False,False,False,False,1,False,HQ_bounce_control_2026-07-09,16,bounce_control_2026-07-31,5,,,,,,,,0.120616,0.042994,0.362848,0.916276,0.000475,,,
2026-07-31,morning,2026-07-31,HYLN,bounce,Small,control,NO-GO,3/6,0.10919,3.71,-0.040431,,,,0.197,0.197,0.494,,,False,False,False,False,1,False,HYLN_bounce_control_2026-07-09,17,bounce_control_2026-07-31,5,,,,,,,,0.016949,-0.005525,1.195668,1.400705,0.0,,,
2026-07-31,morning,2026-07-31,IBIT,bounce,ETF,control,NO-GO,1/6,0.025428,36.11,-0.013016,,,,0.005,0.005,0.893,,,False,False,False,False,1,False,IBIT_bounce_control_2026-07-09,17,bounce_control_2026-07-31,5,,,,,,,,-0.002767,-0.017984,0.376461,0.702592,0.0,,,
2026-07-31,morning,2026-07-31,INOD,bounce,Small,control,NO-GO,2/6,0.060364,62.12,0.011429,,,,0.464,0.464,0.472,,,True,True,False,False,1,False,INOD_bounce_control_2026-07-09,17,bounce_control_2026-07-31,5,,,,,,,,0.099722,0.053771,1.32947,0.789122,0.0,,,
2026-07-31,morning,2026-07-31,INTC,bounce,Large,control,NO-GO,2/6,0.082683,96.72,-0.067411,,,,0.148,0.148,0.824,,,False,False,False,False,1,False,INTC_bounce_control_2026-07-09,16,bounce_control_2026-07-31,5,,,,,,,,0.118192,0.058927,1.018934,1.403869,0.0,,,
2026-07-31,morning,2026-07-31,IONQ,bounce,Medium,control,NO-GO,1/6,0.073463,36.49,-0.00137,,,,0.431,0.431,0.338,,,False,False,False,False,1,False,IONQ_bounce_control_2026-07-09,17,bounce_control_2026-07-31,5,,,,,,,,0.102125,0.043892,1.15923,0.896851,0.0,,,
2026-07-31,morning,2026-07-31,IREN,bounce,Medium,control,NO-GO,1/6,0.103146,40.815,-0.098371,,,,0.0,0.0,1.343,,,False,False,False,False,1,False,IREN_bounce_control_2026-07-09,17,bounce_control_2026-07-31,5,,,,,,,,0.193339,0.058285,1.440243,1.961719,0.0,,,
2026-07-31,morning,2026-07-31,KEEL,bounce,Medium,control,NO-GO,1/6,0.115102,4.305,-0.077816,,,,0.061,0.061,0.848,,,False,False,False,False,1,False,KEEL_bounce_control_2026-07-09,17,bounce_control_2026-07-31,5,,,,,,,,0.164659,0.074074,1.477952,1.028543,0.0,,,
2026-07-31,morning,2026-07-31,KWEB,bounce,ETF,control,NO-GO,1/6,0.022082,28.22,0.009568,,,,0.433,0.433,0.289,,,True,True,False,False,1,False,KWEB_bounce_control_2026-07-09,17,bounce_control_2026-07-31,5,,,,,,,,0.034577,0.006924,0.737272,1.084042,0.0,,,
2026-07-31,morning,2026-07-31,LII,bounce,Medium,control,NO-GO,1/6,0.056558,421.97,-0.014432,,,,0.239,0.239,0.281,,,False,False,False,False,1,False,LII_bounce_control_2026-07-30,2,bounce_control_2026-07-31,5,,,,,,,,-0.22637,0.00836,0.912954,4.044367,0.0,,,
2026-07-31,morning,2026-07-31,LITE,bounce,Medium,control,NO-GO,1/6,0.104559,748,-0.045535,,,,0.315,0.315,0.728,,,False,False,False,False,1,False,LITE_bounce_control_2026-07-09,15,bounce_control_2026-07-31,5,,,,,,,,0.118571,0.051916,0.633202,1.451556,0.0,,,
2026-07-31,morning,2026-07-31,LMND,bounce,Medium,control,NO-GO,0/6,0.094118,49.52,-0.024435,,,,0.157,0.157,0.358,,,False,False,False,False,1,False,LMND_bounce_control_2026-07-30,2,bounce_control_2026-07-31,5,,,,,,,,-0.202222,0.020177,0.759075,3.153917,0.009898,,,
2026-07-31,morning,2026-07-31,LWLG,bounce,Small,control,NO-GO,0/6,0.099097,6.3,0.025397,,,,0.432,0.432,0.304,,,True,True,False,False,1,False,LWLG_bounce_control_2026-07-09,17,bounce_control_2026-07-31,5,,,,,,,,0.071181,0.021523,0.621495,0.734888,0.0,,,
2026-07-31,morning,2026-07-31,META,bounce,Large,control,NO-GO,0/6,0.044257,543.6,0.024117,,,,0.612,0.612,0.14,,,True,True,True,True,1,False,META_bounce_control_2026-07-22,8,bounce_control_2026-07-31,5,,,,,,,,-0.073204,0.020296,0.632297,1.442212,0.0,,,
2026-07-31,morning,2026-07-31,MIR,bounce,Medium,control,NO-GO,0/6,0.055386,15.08,-0.006631,,,,0.359,0.359,0.407,,,False,False,False,False,1,False,MIR_bounce_control_2026-07-30,2,bounce_control_2026-07-31,5,,,,,,,,-0.103633,0.014151,0.935741,2.723654,0.0,,,
2026-07-31,morning,2026-07-31,MNRO,bounce,Small,control,NO-GO,0/6,0.068422,13.41,-0.086503,,,,0.082,0.082,1.362,,,False,False,False,False,1,False,MNRO_bounce_control_2026-07-30,2,bounce_control_2026-07-31,5,,,,,,,,-0.19186,0.033842,0.799099,3.137403,0.0,,,
2026-07-31,morning,2026-07-31,MOD,bounce,Medium,control,NO-GO,1/6,0.089148,200.92,0.000697,,,,0.365,0.365,0.309,,,True,True,False,False,1,False,MOD_bounce_control_2026-07-30,2,bounce_control_2026-07-31,5,,,,,,,,-0.053158,0.015935,1.467924,3.716069,0.000825,,,
2026-07-31,morning,2026-07-31,MP,bounce,Medium,control,NO-GO,1/6,0.06778,42.24,-0.020597,,,,0.091,0.091,0.534,,,False,False,False,False,1,False,MP_bounce_control_2026-07-09,17,bounce_control_2026-07-31,5,,,,,,,,0.036822,0.027364,1.041023,0.875395,0.0,,,
2026-07-31,morning,2026-07-31,MRVL,bounce,Large,control,NO-GO,2/6,0.086411,199.375,-0.05926,,,,0.115,0.115,0.711,,,False,False,False,False,1,False,MRVL_bounce_control_2026-07-09,17,bounce_control_2026-07-31,5,,,,,,,,0.137044,0.08227,0.536683,1.045181,0.0,,,
2026-07-30,evening,2026-07-31,MSFT,bounce,Large,control,NO-GO,1/6,0.035571,450,0.032711,,,,1.052,1.052,0.042,0.04,0,True,True,True,True,1,False,MSFT_bounce_control_2026-07-09,17,bounce_control_2026-07-31,5,,,,,,,,0.134384,-0.01084,1.653842,,,,,
2026-07-31,morning,2026-07-31,MSTR,bounce,Medium,control,NO-GO,1/6,0.059362,94.86,-0.016656,,,,0.06,0.06,1.003,,,False,False,False,False,1,False,MSTR_bounce_control_2026-07-09,17,bounce_control_2026-07-31,5,,,,,,,,-0.011023,-0.02701,0.689067,1.132162,0.0,,,
2026-07-31,morning,2026-07-31,MU,bounce,Large,control,NO-GO,1/6,0.094374,919.65,-0.105062,,,,0.129,0.129,1.171,,,False,False,False,False,1,False,MU_bounce_control_2026-07-09,17,bounce_control_2026-07-31,5,,,,,,,,0.107808,0.03925,1.089934,2.722374,0.0,,,
2026-07-31,morning,2026-07-31,MXL,bounce,Medium,control,NO-GO,2/6,0.14938,71.24,-0.062044,,,,0.07,0.07,0.535,,,False,False,False,False,1,False,MXL_bounce_control_2026-07-30,2,bounce_control_2026-07-31,5,,,,,,,,0.201222,0.05798,0.618377,1.361203,0.0,,,
2026-07-31,morning,2026-07-31,NBIS,bounce,Medium,control,NO-GO,2/6,0.1234,200.935,-0.05238,,,,0.146,0.146,0.743,,,False,False,False,False,1,False,NBIS_bounce_control_2026-07-09,15,bounce_control_2026-07-31,5,,,,,,,,0.208321,0.088149,1.059529,2.442242,0.0,,,
2026-07-31,morning,2026-07-31,NOK,bounce,Medium,control,NO-GO,2/6,0.071568,9.42,-0.029724,,,,0.178,0.178,0.549,,,False,False,False,False,1,False,NOK_bounce_control_2026-07-09,17,bounce_control_2026-07-31,5,,,,,,,,0.059351,0.040704,0.620351,1.719508,0.0,,,
2026-07-31,morning,2026-07-31,NVDA,bounce,Large,control,NO-GO,0/6,0.038866,198.4405,0.011638,,,,0.462,0.462,0.453,,,True,True,False,False,1,False,NVDA_bounce_control_2026-07-09,13,bounce_control_2026-07-31,5,,,,,,,,0.006345,0.016509,0.743612,0.458709,0.0,,,
2026-07-31,morning,2026-07-31,NVTS,bounce,Medium,control,NO-GO,0/6,0.103047,11.62,-0.065404,,,,0.117,0.117,0.856,,,False,False,False,False,1,False,NVTS_bounce_control_2026-07-09,17,bounce_control_2026-07-31,5,,,,,,,,0.167832,0.061762,0.676565,0.67756,0.0,,,
2026-07-31,morning,2026-07-31,OKLO,bounce,Medium,control,NO-GO,2/6,0.076669,42.04,-0.076356,,,,0.137,0.137,0.996,,,False,False,False,False,1,False,OKLO_bounce_control_2026-07-09,17,bounce_control_2026-07-31,5,,,,,,,,0.070995,0.031638,1.221533,0.561924,0.0,,,
2026-07-31,morning,2026-07-31,ON,bounce,Medium,control,NO-GO,2/6,0.06005,86.54,-0.056968,,,,0.031,0.031,0.985,,,False,False,False,False,1,False,ON_bounce_control_2026-07-09,17,bounce_control_2026-07-31,5,,,,,,,,0.026543,0.034512,0.638199,1.247059,0.0,,,
2026-07-31,morning,2026-07-31,OPEN,bounce,Medium,control,NO-GO,0/6,0.07361,3.88,-0.028351,,,,0.0,0.0,0.7,,,False,False,False,False,1,False,OPEN_bounce_control_2026-07-09,17,bounce_control_2026-07-31,5,,,,,,,,-0.000203,0.031204,0.896662,0.251666,0.0,,,
2026-07-31,morning,2026-07-31,ORCL,bounce,Large,control,NO-GO,1/6,0.053321,130.07,-0.001538,,,,0.336,0.336,0.63,,,False,False,False,False,1,False,ORCL_bounce_control_2026-07-09,17,bounce_control_2026-07-31,5,,,,,,,,0.101227,0.035616,0.959692,1.166934,0.0,,,
2026-07-31,morning,2026-07-31,PACK,bounce,Small,control,NO-GO,1/6,0.080511,5.23,-0.021033,,,,0.499,0.499,1.045,,,False,False,False,False,1,False,PACK_bounce_control_2026-07-31,1,bounce_control_2026-07-31,5,,,,,,,,-0.195956,0.0,2.11415,0.882696,0.0,,,
2026-07-31,morning,2026-07-31,PENG,bounce,Medium,control,NO-GO,2/6,0.129944,54.86,-0.040649,,,,0.05,0.05,0.533,,,False,False,False,False,1,False,PENG_bounce_control_2026-07-22,8,bounce_control_2026-07-31,5,,,,,,,,0.146894,0.073304,0.744288,1.686076,0.0,,,
2026-07-31,morning,2026-07-31,PL,bounce,Medium,control,NO-GO,0/6,0.080902,21.02,-0.02569,,,,0.147,0.147,0.723,,,False,False,False,False,1,False,PL_bounce_control_2026-07-09,17,bounce_control_2026-07-31,5,,,,,,,,0.027424,0.037587,0.47516,0.591826,0.0,,,
2026-07-31,morning,2026-07-31,PLTR,bounce,Large,control,NO-GO,0/6,0.053636,122.29,0.006297,,,,0.168,0.168,0.407,,,True,True,False,False,1,False,PLTR_bounce_control_2026-07-09,17,bounce_control_2026-07-31,5,,,,,,,,0.001295,0.011696,0.512476,0.4673,0.0,,,
2026-07-31,morning,2026-07-31,POET,bounce,Small,control,NO-GO,0/6,0.091181,7.67,-0.088657,,,,0.1,0.1,1.001,,,False,False,False,False,1,False,POET_bounce_control_2026-07-09,17,bounce_control_2026-07-31,5,,,,,,,,0.128698,0.048077,0.89117,0.664697,0.0,,,
2026-07-31,morning,2026-07-31,QCOM,bounce,Large,control,NO-GO,1/6,0.049715,152.96,-0.034976,,,,0.101,0.101,0.896,,,False,False,False,False,1,False,QCOM_bounce_control_2026-07-09,17,bounce_control_2026-07-31,5,,,,,,,,-0.048379,0.022427,1.05888,1.549101,0.0,,,
2026-07-31,morning,2026-07-31,REPL,bounce,Small,control,NO-GO,0/6,0.086984,11.379,-0.015731,,,,1.133,1.133,1.969,1.97,0,False,False,False,True,1,False,REPL_bounce_control_2026-07-30,2,bounce_control_2026-07-31,5,,,,,,,,0.438007,1.2939,0.745921,4.379404,0.708332,,,
2026-07-31,morning,2026-07-31,RGTI,bounce,Medium,control,NO-GO,2/6,0.078999,15.195,-0.016124,,,,0.358,0.358,0.358,,,False,False,False,False,1,False,RGTI_bounce_control_2026-07-09,17,bounce_control_2026-07-31,5,,,,,,,,0.055785,0.031629,1.246852,0.471686,0.0,,,
2026-07-31,morning,2026-07-31,RKLB,bounce,Medium,control,NO-GO,0/6,0.084773,66.13,-0.017844,,,,0.305,0.305,0.619,,,False,False,False,False,1,False,RKLB_bounce_control_2026-07-09,17,bounce_control_2026-07-31,5,,,,,,,,0.056503,0.043599,0.90175,0.844363,0.0,,,
2026-07-31,morning,2026-07-31,RVI,bounce,Small,control,NO-GO,0/6,0.073149,25.31,-0.019755,,,,0.065,0.065,0.567,,,False,False,False,False,1,False,RVI_bounce_control_2026-07-09,17,bounce_control_2026-07-31,5,,,,,,,,-0.010989,0.012048,0.629289,0.814118,0.021252,,,
2026-07-31,morning,2026-07-31,RXO,bounce,Medium,control,NO-GO,3/6,0.088041,21.05,-0.038005,,,,0.046,0.046,0.518,,,False,False,False,False,1,False,RXO_bounce_control_2026-07-31,1,bounce_control_2026-07-31,5,,,,,,,,-0.074205,0.01896,1.799124,0.721211,0.0,,,
2026-07-31,morning,2026-07-31,RXT,bounce,Small,control,NO-GO,3/6,0.096544,4.22,-0.021327,,,,0.196,0.196,0.295,,,False,False,False,False,1,False,RXT_bounce_control_2026-07-13,15,bounce_control_2026-07-31,5,,,,,,,,0.111706,0.006081,1.027092,0.45769,0.0,,,
2026-07-31,morning,2026-07-31,SIMO,bounce,Medium,control,NO-GO,1/6,0.112091,270,-0.060741,,,,0.13,0.13,0.661,,,False,False,False,False,1,False,SIMO_bounce_control_2026-07-14,12,bounce_control_2026-07-31,5,,,,,,,,0.204769,0.045708,1.668482,2.744284,0.0,,,
2026-07-30,evening,2026-07-31,SKHY,bounce,Large,control,NO-GO,0/6,0.128909,159.875,-0.100985,,,,0.135,0.135,0.794,,,False,False,False,False,1,False,SKHY_bounce_control_2026-07-30,2,bounce_control_2026-07-31,5,,,,,,,,0.16586,0.018523,0.810499,,,,,
2026-07-31,morning,2026-07-31,SMR,bounce,Medium,control,NO-GO,2/6,0.079085,8.875,-0.051268,,,,0.192,0.192,0.698,,,False,False,False,False,1,False,SMR_bounce_control_2026-07-09,17,bounce_control_2026-07-31,5,,,,,,,,0.06691,0.019767,1.276004,1.343394,0.0,,,
2026-07-31,morning,2026-07-31,SNDK,bounce,Large,control,NO-GO,3/6,0.143562,1383.685,-0.122033,,,,0.107,0.107,0.989,,,False,False,False,False,1,False,SNDK_bounce_control_2026-07-09,14,bounce_control_2026-07-31,5,,,,,,,,0.228902,0.052377,0.835046,2.262502,0.0,,,
2026-07-31,morning,2026-07-31,SOXL,bounce,ETF,control,NO-GO,3/6,0.191696,129.9,-0.116859,,,,0.16,0.16,0.702,,,False,False,False,False,1,False,SOXL_bounce_control_2026-07-09,15,bounce_control_2026-07-31,5,,,,,,,,0.165693,0.113058,0.526194,1.722322,0.0,,,
2026-07-31,morning,2026-07-31,SPCE,bounce,Small,control,NO-GO,0/6,0.069427,2.56,-0.003906,,,,0.113,0.113,0.675,,,False,False,False,False,1,False,SPCE_bounce_control_2026-07-09,17,bounce_control_2026-07-31,5,,,,,,,,0.036145,0.007813,0.781593,0.790054,0.0,,,
2026-07-31,morning,2026-07-31,SPCX,bounce,Large,control,NO-GO,2/6,0.06973,113.096,-0.041788,,,,0.068,0.068,0.701,,,False,False,False,False,1,False,SPCX_bounce_control_2026-07-21,8,bounce_control_2026-07-31,5,,,,,,,,-0.014002,0.022995,0.947066,2.964142,0.0,,,
2026-07-31,morning,2026-07-31,STM,bounce,Medium,control,NO-GO,2/6,0.081194,53.935,-0.028646,,,,0.058,0.058,0.424,,,False,False,False,False,1,False,STM_bounce_control_2026-07-09,17,bounce_control_2026-07-31,5,,,,,,,,0.078349,0.019412,0.407579,1.582008,0.0,,,
2026-07-30,evening,2026-07-31,STX,bounce,Large,control,NO-GO,0/6,0.094716,901.68,-0.050517,,,,0.235,0.235,0.749,,,False,False,False,False,1,False,STX_bounce_control_2026-07-09,15,bounce_control_2026-07-31,5,,,,,,,,0.156845,0.015064,0.857076,,,,,
2026-07-31,morning,2026-07-31,TDOC,bounce,Small,control,NO-GO,2/6,0.096752,6.54,0.025994,,,,0.474,0.474,0.3,,,True,True,False,False,1,False,TDOC_bounce_control_2026-07-31,1,bounce_control_2026-07-31,5,,,,,,,,-0.30234,-0.007584,1.946819,1.362541,0.013349,,,
2026-07-31,morning,2026-07-31,TEAM,bounce,Medium,control,NO-GO,0/6,0.076048,95.68,0.055759,,,,0.816,0.816,0.045,,,True,True,True,True,1,False,TEAM_bounce_control_2026-07-09,17,bounce_control_2026-07-31,5,,,,,,,,-0.035807,-0.01753,0.545186,1.292215,0.0,,,
2026-07-31,morning,2026-07-31,TSLA,bounce,Large,control,NO-GO,0/6,0.051036,309.69,0.004908,,,,0.368,0.368,0.488,,,True,True,False,False,1,False,TSLA_bounce_control_2026-07-09,17,bounce_control_2026-07-31,5,,,,,,,,0.022964,0.018294,0.594367,0.402163,0.0,,,
2026-07-30,evening,2026-07-31,U,bounce,Medium,control,NO-GO,2/6,0.050114,32.68,-0.029682,,,,0.098,0.098,1.362,,,False,False,False,False,1,False,U_bounce_control_2026-07-09,16,bounce_control_2026-07-31,5,,,,,,,,0.043984,-0.003299,1.065883,,,,,
2026-07-31,morning,2026-07-31,UMC,bounce,Medium,control,NO-GO,1/6,0.078914,19.78,-0.037917,,,,0.192,0.192,0.615,,,False,False,False,False,1,False,UMC_bounce_control_2026-07-09,17,bounce_control_2026-07-31,5,,,,,,,,0.145737,0.050158,0.949282,2.290573,0.0,,,
2026-07-31,morning,2026-07-31,VRT,bounce,Medium,control,NO-GO,0/6,0.083327,246.87,-0.021469,,,,0.235,0.235,0.666,,,False,False,False,False,1,False,VRT_bounce_control_2026-07-30,2,bounce_control_2026-07-31,5,,,,,,,,-0.105431,0.059956,0.832107,3.032473,0.016493,,,
2026-07-30,evening,2026-07-31,WDC,bounce,Large,control,NO-GO,2/6,0.092645,569.105,-0.042637,,,,0.207,0.207,0.731,,,False,False,False,False,1,False,WDC_bounce_control_2026-07-09,16,bounce_control_2026-07-31,5,,,,,,,,0.062018,0.107372,0.866899,1.258073,0.055768,,,
2026-07-31,morning,2026-07-31,WOLF,bounce,Small,control,NO-GO,0/6,0.11992,25.25,-0.064554,,,,0.05,0.05,0.634,,,False,False,False,False,1,False,WOLF_bounce_control_2026-07-09,17,bounce_control_2026-07-31,5,,,,,,,,0.158592,0.065574,0.985209,0.246067,0.0,,,
2026-08-03,morning,2026-08-03,MU,bounce,Large,surfaced,CAUTION,4/6,0.10876,786.355,0.054867,0.1352,0.135861,0.120957,0.588,1.668,0.19,0.19,1,True,True,True,True,4,True,MU_bounce_2026-07-28,4,bounce_2026-08-03,0,,,,,,,,0.099486,-0.01277,1.277367,,,-0.152769,-0.352574,-0.352574
2026-08-03,morning,2026-08-03,SNDK,bounce,Large,surfaced,CAUTION,4/6,0.155384,1159.84,0.110524,0.230877,0.164385,0.085132,0.869,1.591,0.214,0.21,1,True,True,True,True,4,True,SNDK_bounce_2026-07-28,4,bounce_2026-08-03,0,,,,,,,,0.201518,0.004758,1.147985,,,-0.213101,-0.48156,-0.48156
2026-08-03,evening,2026-08-04,ALAB,bounce,Medium,surfaced,CAUTION,4/6,0.099276,346.02,0.045229,-0.079735,-0.041963,-0.034247,0.635,0.635,1.107,,,True,False,True,True,4,True,ALAB_bounce_2026-08-04,1,bounce_2026-08-04,2,,,,,,,,0.303396,-0.044115,1.144967,,,-0.008559,-0.348297,-0.348297
2026-08-03,evening,2026-08-04,AXTI,bounce,Medium,surfaced,CAUTION,4/6,0.119003,64.8,0.007253,0.058796,0.160031,0.366975,0.512,3.202,0.619,0.62,1,True,True,True,True,4,True,AXTI_bounce_2026-08-04,1,bounce_2026-08-04,2,,,,,,,,0.888829,-0.05858,1.601681,,,0.046848,-0.287594,-0.512224
2026-08-03,evening,2026-08-04,MU,bounce,Large,surfaced,CAUTION,4/6,0.10702,866.82,0.029822,0.030422,0.016901,0.012402,0.384,0.67,0.429,,,True,True,False,True,4,True,MU_bounce_2026-07-28,5,bounce_2026-08-04,2,,,,,,,,0.117355,-0.044561,1.277367,,,-0.139,-0.342052,-0.342052
2026-08-03,evening,2026-08-04,MXL,bounce,Medium,surfaced,CAUTION,4/6,0.151753,71.85,0.012109,-0.0611,-0.022965,0.043563,0.181,0.483,0.67,,,True,True,False,True,4,True,MXL_bounce_2026-07-27,5,bounce_2026-08-04,2,,,,,,,,0.177467,-0.068842,0.628565,,,-0.187831,-0.474591,-0.474591
2026-08-03,evening,2026-08-04,SNDK,bounce,Large,surfaced,CAUTION,4/6,0.146092,1358.21,0.051104,-0.005677,-0.073354,-0.107494,0.446,0.446,0.983,,,True,False,True,True,4,True,SNDK_bounce_2026-07-28,5,bounce_2026-08-04,2,,,,,,,,0.277939,-0.045266,1.147985,,,-0.163052,-0.448585,-0.448585
2026-08-04,evening,2026-08-05,ALAB,reversal,Medium,surfaced,GO,5/5,0.091799,348.365,-0.08593,-0.048412,-0.040747,-0.089375,1.04,1.262,0.239,0.24,0,True,True,True,True,4,True,ALAB_reversal_2026-08-05,1,reversal_2026-08-05,4,,,,,,,0.192461,0.285537,0.128703,1.346747,0.934704,0.087738,,,
2026-08-04,evening,2026-08-05,AMD,reversal,Large,surfaced,GO,5/5,0.078652,484.495,-0.005046,0.009876,-0.002343,-0.030826,0.165,0.399,0.459,,,True,True,False,False,4,True,AMD_reversal_2026-08-05,1,reversal_2026-08-05,4,,,,,,,0.083537,0.128224,0.090651,0.857438,0.877809,0.064635,,,
2026-08-04,evening,2026-08-05,NBIS,reversal,Medium,surfaced,GO,5/5,0.118468,219.95,-0.004365,-0.136713,-0.145397,-0.162946,0.2,1.509,0.31,0.31,1,True,True,False,True,4,True,NBIS_reversal_2026-08-05,1,reversal_2026-08-05,4,,,,,,,0.185217,0.434219,0.069315,1.686622,1.34971,0.110532,,,
2026-08-05,morning,2026-08-05,PLTR,reversal,Large,surfaced,GO,4/5,0.052984,162,-0.022037,-0.037531,0.06179,0.081667,0.437,1.083,2.05,0.48,1,True,False,False,True,4,True,PLTR_reversal_2026-08-05,1,reversal_2026-08-05,4,,,,,,,0.195366,0.330443,-0.024099,2.525357,4.842755,0.0,,,
2026-08-05,morning,2026-08-05,SPCX,bounce,Large,surfaced,CAUTION,4/6,0.074471,112.37,-0.036487,0.022693,0.184569,0.234671,0.613,3.213,0.868,0.87,2,False,True,False,True,4,True,SPCX_bounce_2026-08-05,1,bounce_2026-08-05,1,,,,,,,,0.034327,-0.105641,1.316564,,,-0.04466,-0.349826,-0.503235
2026-08-06,morning,2026-08-06,PLTR,reversal,Large,surfaced,GO,4/5,0.053793,155.87,0.000321,0.103548,0.124206,0.122346,0.378,0.378,2.83,,,False,False,False,False,4,True,PLTR_reversal_2026-08-05,2,reversal_2026-08-06,0,,,,,,,0.136505,0.287421,-0.010604,0.928592,1.508742,0.0,,,
2026-08-05,evening,2026-08-06,SPCX,bounce,Large,surfaced,CAUTION,4/6,0.077088,107.085,0.073166,0.243031,0.295606,0.244712,1.05,3.985,0.239,0.24,0,True,True,True,True,4,True,SPCX_bounce_2026-08-05,2,bounce_2026-08-06,1,,,,,,,,-0.000784,-0.103407,1.316564,,,-0.07709,-0.371897,-0.520098
2026-08-06,morning,2026-08-06,WDC,bounce,Large,surfaced,CAUTION,4/6,0.114271,428.885,0.052776,0.012626,0.022046,0.02109,0.995,0.995,0.437,,,True,True,True,True,4,True,WDC_bounce_2026-08-06,1,bounce_2026-08-06,1,,,,,,,,-0.166268,-0.153341,0.923373,,,-0.161713,-0.397037,-0.450461
2026-08-06,evening,2026-08-07,APP,bounce,Large,surfaced,GO,5/6,0.060332,337.54,0.027434,0.004325,-0.055875,-0.100077,0.658,0.658,1.688,,,True,False,True,True,4,True,APP_bounce_2026-08-07,1,bounce_2026-08-07,1,,,,,,,,-0.166301,-0.189923,1.062204,,,-0.190555,-0.412596,-0.545855
2026-08-06,evening,2026-08-07,AXTI,reversal,Medium,surfaced,GO,4/5,0.124233,79.14,0.119282,-0.067349,-0.067728,-0.008466,0.065,0.766,1.144,,,False,True,False,False,4,True,AXTI_reversal_2026-08-07,1,reversal_2026-08-07,2,,,,,,,0.306373,0.135363,0.112447,1.514431,1.281687,0.046638,,,
2026-08-06,evening,2026-08-07,PLTR,reversal,Large,surfaced,GO,4/5,0.054296,160.07,0.074592,0.094709,0.092897,0.068533,0.013,0.013,2.247,,,False,False,False,False,4,True,PLTR_reversal_2026-08-05,3,reversal_2026-08-07,2,,,,,,,0.125991,0.287421,-0.019756,0.928592,1.508742,0.080466,,,
2026-08-07,morning,2026-08-07,U,reversal,Medium,surfaced,GO,4/5,0.053278,42.54,0.010813,0.013164,0.031265,0.04678,0.34,0.34,0.896,,,False,False,False,False,4,True,U_reversal_2026-08-07,1,reversal_2026-08-07,2,,,,,,,0.201575,0.222588,0.016908,3.102618,4.703874,0.0,,,
2026-08-07,morning,2026-08-07,WDC,bounce,Large,surfaced,CAUTION,4/6,0.116479,457.445,-0.050596,-0.041765,-0.042661,-0.007312,0.002,0.194,0.656,,,False,False,False,False,4,True,WDC_bounce_2026-08-06,2,bounce_2026-08-07,1,,,,,,,,-0.158798,0.021992,1.305225,,,-0.119966,-0.36701,-0.423094
2026-08-07,evening,2026-08-10,NBIS,bounce,Medium,surfaced,CAUTION,4/6,0.140041,186.08,-0.010587,0.038424,0.392949,0.370593,0.386,3.449,0.114,0.11,2,False,True,False,True,4,True,NBIS_bounce_2026-08-10,1,bounce_2026-08-10,1,,,,,,,,-0.167937,0.03942,1.001372,,,-0.132064,-0.353648,-0.373608
2026-08-07,evening,2026-08-10,U,reversal,Medium,surfaced,GO,4/5,0.052061,42.74,0.008423,0.026439,0.041881,0.071362,0.301,0.301,1.393,,,False,False,False,False,4,True,U_reversal_2026-08-07,2,reversal_2026-08-10,0,,,,,,,0.22966,0.222588,0.040676,3.102618,4.703874,0.10361,,,
2026-08-07,evening,2026-08-10,WDC,bounce,Large,surfaced,GO,5/6,0.123812,434.625,0.008548,0.007604,0.044809,0.121173,0.336,1.264,0.19,0.19,3,True,True,False,True,4,True,WDC_bounce_2026-08-06,3,bounce_2026-08-10,1,,,,,,,,-0.208619,0.013122,1.305225,,,-0.172088,-0.404499,-0.457262
2026-08-11,morning,2026-08-11,SPCX,reversal,Large,surfaced,GO,4/5,0.074041,138.655,-0.038693,0.054055,0.019004,0.0097,0.794,0.794,1.066,,,True,False,False,False,4,True,SPCX_reversal_2026-08-11,1,reversal_2026-08-11,1,,,,,,,0.114658,0.281426,-0.011532,0.895221,1.775178,0.0,,,
2026-08-13,morning,2026-08-13,NBIS,reversal,Medium,surfaced,GO,4/5,0.112513,255.47,-0.001683,0.086938,0.052374,-0.027557,0.281,0.372,0.882,,,True,True,False,False,4,True,NBIS_reversal_2026-08-13,1,reversal_2026-08-13,1,,,,,,,0.189681,0.378943,-0.047454,1.559782,2.651819,0.0,,,
2026-08-12,evening,2026-08-13,SPCX,reversal,Large,surfaced,GO,5/5,0.068589,143.75,-0.017113,-0.026087,0.017252,-0.002852,0.405,0.837,0.614,,,True,True,False,False,4,True,SPCX_reversal_2026-08-11,2,reversal_2026-08-13,1,,,,,,,0.18268,0.15985,0.109873,0.934287,1.081882,0.062272,,,
2026-08-14,morning,2026-08-14,MU,reversal,Large,surfaced,GO,4/5,0.081039,979.32,-0.007822,0.033115,-0.039374,-0.043106,0.291,0.808,0.716,,,True,True,False,False,4,True,MU_reversal_2026-08-14,1,reversal_2026-08-14,2,,,,,,,0.082518,0.103171,0.017708,0.912731,0.82894,0.0,,,
2026-08-13,evening,2026-08-14,NBIS,reversal,Medium,surfaced,GO,4/5,0.111208,258.09,0.075904,0.041691,-0.037429,-0.132473,0.041,1.545,0.792,0.79,3,False,True,False,True,4,True,NBIS_reversal_2026-08-13,2,reversal_2026-08-14,2,,,,,,,0.203642,0.378943,-0.036275,1.559782,2.651819,0.079738,,,
2026-08-14,morning,2026-08-14,STX,reversal,Large,surfaced,GO,4/5,0.084249,941.26,0.034188,0.056871,-0.039925,-0.115484,0.268,1.414,0.917,0.92,3,False,True,False,True,4,True,STX_reversal_2026-08-14,1,reversal_2026-08-14,2,,,,,,,0.092306,0.150289,0.011537,0.932538,0.807418,0.0,,,
2026-08-14,evening,2026-08-17,MU,reversal,Large,surfaced,GO,4/5,0.08121,999.55,0.012205,-0.058816,-0.062473,-0.025231,0.053,1.039,0.451,0.45,2,False,True,False,True,4,True,MU_reversal_2026-08-14,2,reversal_2026-08-17,1,,,,,,,0.080233,0.103171,0.015561,0.912731,0.82894,0.048669,,,
2026-08-14,evening,2026-08-17,SNDK,reversal,Large,surfaced,GO,5/5,0.102651,1700.745,0.050628,-0.044078,-0.07754,-0.058871,0.016,0.909,0.729,,,False,True,False,False,4,True,SNDK_reversal_2026-08-17,1,reversal_2026-08-17,1,,,,,,,0.217612,0.234417,0.068689,1.48714,1.336042,0.114496,,,
2026-08-17,morning,2026-08-17,STX,reversal,Large,surfaced,GO,4/5,0.077457,990.33,0.004504,-0.087496,-0.159311,-0.141458,0.153,2.121,0.308,0.31,1,False,True,False,True,4,True,STX_reversal_2026-08-14,2,reversal_2026-08-17,1,,,,,,,0.135326,0.18637,0.023176,0.915268,0.936378,0.0,,,
2026-08-17,evening,2026-08-18,AAOI,reversal,Medium,surfaced,GO,5/5,0.108296,135.85,-0.100552,-0.049687,-0.081192,,0.975,1.173,0.184,0.18,1,True,True,False,True,3,True,AAOI_reversal_2026-08-18,1,reversal_2026-08-18,2,,,,,,,0.198457,0.118737,0.050106,1.348724,1.607541,0.055479,,,
2026-08-18,morning,2026-08-18,ALAB,bounce,Medium,surfaced,CAUTION,4/6,0.10833,304.03,-0.04937,-0.044436,-0.062691,,0.132,0.132,0.812,,,False,False,False,False,3,True,ALAB_bounce_2026-08-18,1,bounce_2026-08-18,1,,,,,,,,-0.059948,-0.052285,1.056561,,,-0.03073,-0.304809,-0.392504
2026-08-17,evening,2026-08-18,MXL,reversal,Medium,surfaced,GO,4/5,0.079833,74.45,-0.107723,-0.12317,-0.105306,,1.396,1.896,0.261,0.26,0,True,True,True,True,3,True,MXL_reversal_2026-08-18,1,reversal_2026-08-18,2,,,,,,,0.163624,0.229209,0.023102,1.209322,0.830434,0.054118,,,
2026-08-17,evening,2026-08-18,STX,reversal,Large,surfaced,GO,4/5,0.077245,911.4,-0.086504,-0.067106,-0.067369,,1.169,1.19,0.053,0.05,0,True,True,True,True,3,True,STX_reversal_2026-08-14,3,reversal_2026-08-18,2,,,,,,,0.138438,0.18637,0.02598,0.915268,0.936378,0.026302,,,
2026-08-18,evening,2026-08-19,ALAB,bounce,Medium,surfaced,CAUTION,4/6,0.110075,289.99,0.001828,-0.017311,,,0.094,0.216,0.398,,,True,False,False,False,2,True,ALAB_bounce_2026-08-18,2,bounce_2026-08-19,0,,,,,,,,-0.07485,-0.050504,1.056561,,,-0.046095,-0.315829,-0.402134
2026-08-18,evening,2026-08-19,SNDK,reversal,Large,surfaced,GO,4/5,0.097842,1569,0.020153,0.017259,,,0.098,0.098,0.406,,,False,False,False,False,2,True,SNDK_reversal_2026-08-17,2,reversal_2026-08-19,0,,,,,,,0.088597,0.329215,-0.099366,0.825561,1.071233,0.072293,,,
2026-08-20,morning,2026-08-20,MXL,bounce,Medium,surfaced,CAUTION,4/6,0.107183,67.28,-0.009958,-0.013674,,,0.044,0.044,0.569,,,False,False,False,False,2,True,MXL_bounce_2026-08-20,1,bounce_2026-08-20,3,,,,,,,,-0.2021,0.018064,1.358848,,,-0.11762,-0.313331,-0.472876
2026-08-20,morning,2026-08-20,PENG,bounce,Medium,surfaced,CAUTION,4/6,0.086366,51.81,0.015634,-0.027601,,,0.198,0.199,0.507,,,True,False,False,False,2,True,PENG_bounce_2026-08-20,1,bounce_2026-08-20,3,,,,,,,,-0.159797,0.000944,1.226881,,,-0.128863,-0.410194,-0.410194
2026-08-20,morning,2026-08-20,SOXL,bounce,ETF,surfaced,CAUTION,4/6,0.130374,126.59,-0.047318,-0.086263,,,0.012,0.012,0.816,,,False,False,False,False,2,True,SOXL_bounce_2026-08-20,1,bounce_2026-08-20,3,,,,,,,,-0.194813,0.010518,1.062428,,,-0.151471,-0.40352,-0.595993
2026-08-21,morning,2026-08-21,ETHE,reversal,Medium,surfaced,GO,4/5,0.026922,19.78,0.003539,0.006572,,,0.244,0.366,0.451,,,False,False,False,False,2,True,ETHE_reversal_2026-08-21,1,reversal_2026-08-21,1,,,,,,,0.186325,0.219401,0.027763,1.592067,2.871724,0.0,,,
2026-08-20,evening,2026-08-21,MXL,bounce,Medium,surfaced,CAUTION,4/6,0.111203,66.62,-0.003903,-0.054338,,,0.084,0.084,0.537,,,False,False,False,False,2,True,MXL_bounce_2026-08-20,2,bounce_2026-08-21,0,,,,,,,,-0.230946,0.011742,1.358848,,,-0.149521,-0.338156,-0.491933
2026-08-20,evening,2026-08-21,PENG,bounce,Medium,surfaced,GO,5/6,0.090319,52.42,-0.038916,-0.010683,,,0.059,0.059,0.608,,,False,False,False,False,2,True,PENG_bounce_2026-08-20,2,bounce_2026-08-21,0,,,,,,,,-0.196576,-0.005288,1.226881,,,-0.166995,-0.436012,-0.436012
2026-08-20,evening,2026-08-21,SOXL,bounce,ETF,surfaced,GO,5/6,0.131834,117.37,-0.014484,-0.00656,,,0.162,0.162,0.313,,,False,False,False,False,2,True,SOXL_bounce_2026-08-20,2,bounce_2026-08-21,0,,,,,,,,-0.203729,-0.006212,1.062428,,,-0.160867,-0.410125,-0.600467
2026-08-21,evening,2026-08-24,AXTI,bounce,Medium,surfaced,CAUTION,4/6,0.166024,68.2,-0.010997,-0.044282,-0.018768,,0.272,0.272,0.398,,,False,False,False,False,3,True,AXTI_bounce_2026-08-24,1,bounce_2026-08-24,1,,,,,,,,-0.158182,0.031455,0.468531,,,-0.193317,-0.291441,-0.515996
2026-08-21,evening,2026-08-24,ETHE,reversal,Medium,surfaced,GO,4/5,0.026577,19.78,0.003539,0.006572,0.016684,,0.247,0.371,1.208,,,False,False,False,False,3,True,ETHE_reversal_2026-08-21,2,reversal_2026-08-24,0,,,,,,,0.201732,0.219401,0.041111,1.592067,2.871724,0.306352,,,
2026-10-02,evening,2026-10-05,CBRS,bounce,Medium,surfaced,CAUTION,4/6,0.074026,175.025,0.03728,0.011855,0.000143,-0.040594,0.792,0.792,1.043,,,True,False,True,True,4,True,CBRS_bounce_2026-10-05,1,bounce_2026-10-05,1,,,,,,,,-0.146294,0.01693,1.320592,,,-0.214249,-0.252,-0.569214
2026-10-06,morning,2026-10-06,SPCX,reversal,Large,surfaced,GO,5/5,0.039233,172.005,-0.000494,-0.02561,-0.066481,,0.092,1.779,0.654,0.65,2,True,True,False,True,3,False,SPCX_reversal_2026-10-06,1,reversal_2026-10-06,1,,,,,,,0.114689,0.134098,0.010306,2.04233,1.437289,0.0,,,
2026-10-07,morning,2026-10-07,PENG,reversal,Medium,surfaced,GO,5/5,0.051723,67.33,0.07842,0.062973,,,0.468,0.468,2.518,,,False,False,False,False,2,False,PENG_reversal_2026-10-07,1,reversal_2026-10-07,1,,,,,,,0.167236,0.167879,0.059237,2.268413,10.017942,0.0,,,
2026-10-06,evening,2026-10-07,SPCX,reversal,Large,surfaced,GO,4/5,0.039347,168.125,-0.003123,-0.044937,,,0.374,1.228,0.481,0.48,1,True,True,False,True,2,False,SPCX_reversal_2026-10-06,2,reversal_2026-10-07,1,,,,,,,0.111444,0.134098,0.007365,2.04233,1.437289,0.07572,,,
2026-10-08,morning,2026-10-08,PENG,reversal,Medium,surfaced,GO,4/5,0.056564,72.53,-0.013236,,,,0.6,0.6,0.756,,,True,True,False,False,1,False,PENG_reversal_2026-10-07,2,reversal_2026-10-08,0,,,,,,,0.16165,0.183344,-0.021898,2.588871,9.210132,0.0,,,
